fact	theory	serial	serial_max	component_count	source_file	source_line	concealed	has_skip_proof	depends_on_article_sorry
pss_paper.p_5_1_parent_exists_1	pss_paper	465592	465592	1	isabelle/pss_paper.thy	26	false	true	true
pss_paper.p_5_1_parent_exists_2	pss_paper	465600	465600	1	isabelle/pss_paper.thy	32	false	true	true
pss_paper.p_5_1_parent_exists_3	pss_paper	465608	465608	1	isabelle/pss_paper.thy	38	false	true	true
pss_paper.p_5_1_parent_exists_4	pss_paper	465616	465616	1	isabelle/pss_paper.thy	44	false	true	true
pss_paper.p_5_1_parent_basic_1	pss_paper	465622	465622	1	isabelle/pss_paper.thy	53	false	true	true
pss_paper.p_5_1_parent_basic_2	pss_paper	465632	465632	1	isabelle/pss_paper.thy	59	false	true	true
pss_paper.p_5_1_ancestor_basic_1	pss_paper	465640	465640	1	isabelle/pss_paper.thy	67	false	true	true
pss_paper.p_5_1_ancestor_basic_2	pss_paper	465648	465648	1	isabelle/pss_paper.thy	73	false	true	true
pss_paper.p_5_1_ancestor_tree_1	pss_paper	465656	465656	1	isabelle/pss_paper.thy	81	false	true	true
pss_paper.p_5_1_ancestor_tree_2	pss_paper	465664	465664	1	isabelle/pss_paper.thy	86	false	true	true
pss_paper.p_5_3_pred_is_oper1	pss_paper	465672	465672	1	isabelle/pss_paper.thy	96	false	true	true
pss_paper.p_5_4_F_oper_dom	pss_paper	465680	465680	1	isabelle/pss_paper.thy	115	false	true	true
pss_paper.p_5_4_F_oper_val	pss_paper	465688	465688	1	isabelle/pss_paper.thy	120	false	true	true
pss_paper.p_6_1_le_IncrFirst_inv	pss_paper	465696	465696	1	isabelle/pss_paper.thy	132	false	true	true
pss_paper.p_6_2_multi_crit_12	pss_paper	465704	465704	1	isabelle/pss_paper.thy	142	false	true	true
pss_paper.p_6_2_multi_crit_23	pss_paper	465712	465712	1	isabelle/pss_paper.thy	147	false	true	true
pss_paper.p_6_2_mono_prefix	pss_paper	465720	465720	1	isabelle/pss_paper.thy	155	false	true	true
pss_paper.p_6_2_mono_ancestor_slice	pss_paper	465728	465728	1	isabelle/pss_paper.thy	162	false	true	true
pss_paper.p_6_2_P_IncrFirst	pss_paper	465736	465736	1	isabelle/pss_paper.thy	169	false	true	true
pss_paper.p_6_2_P_components_1	pss_paper	465744	465744	1	isabelle/pss_paper.thy	176	false	true	true
pss_paper.p_6_2_P_components_2	pss_paper	465752	465752	1	isabelle/pss_paper.thy	181	false	true	true
pss_paper.p_6_2_P_additive	pss_paper	465760	465760	1	isabelle/pss_paper.thy	188	false	true	true
pss_paper.p_6_2_P_oper_1	pss_paper	465768	465768	1	isabelle/pss_paper.thy	197	false	true	true
pss_paper.p_6_2_P_oper_2	pss_paper	465776	465776	1	isabelle/pss_paper.thy	203	false	true	true
pss_paper.p_6_2_nonmulti_oper_1	pss_paper	465784	465784	1	isabelle/pss_paper.thy	212	false	true	true
pss_paper.p_6_2_nonmulti_oper_2	pss_paper	465792	465792	1	isabelle/pss_paper.thy	218	false	true	true
pss_paper.p_6_3_adm_slice	pss_paper	465800	465800	1	isabelle/pss_paper.thy	229	false	true	true
pss_paper.p_6_3_admof_slice	pss_paper	465808	465808	1	isabelle/pss_paper.thy	236	false	true	true
pss_paper.p_6_3_marked_slice	pss_paper	465816	465816	1	isabelle/pss_paper.thy	243	false	true	true
pss_paper.p_6_4_P_IdxSum	pss_paper	465824	465824	1	isabelle/pss_paper.thy	254	false	true	true
pss_paper.p_6_4_P_IdxSum_char_1	pss_paper	465832	465832	1	isabelle/pss_paper.thy	261	false	true	true
pss_paper.p_6_4_P_IdxSum_char_2	pss_paper	465840	465840	1	isabelle/pss_paper.thy	266	false	true	true
pss_paper.p_6_4_P_leftend_mono	pss_paper	465848	465848	1	isabelle/pss_paper.thy	273	false	true	true
pss_paper.p_6_4_mono_slice_next	pss_paper	465856	465856	1	isabelle/pss_paper.thy	280	false	true	true
pss_paper.p_6_4_FirstNodes_TrMax_Joints	pss_paper	465864	465864	1	isabelle/pss_paper.thy	292	false	true	true
pss_paper.p_6_4_FirstNodes_Joints_mono	pss_paper	465872	465872	1	isabelle/pss_paper.thy	307	false	true	true
pss_paper.p_6_4_mono_slice	pss_paper	465880	465880	1	isabelle/pss_paper.thy	316	false	true	true
pss_paper.p_6_5_Red_welldef	pss_paper	465888	465888	1	isabelle/pss_paper.thy	345	false	true	true
pss_paper.p_6_5_Red_IncrFirst	pss_paper	465896	465896	1	isabelle/pss_paper.thy	352	false	true	true
pss_paper.p_6_5_Lng_Red	pss_paper	465904	465904	1	isabelle/pss_paper.thy	359	false	true	true
pss_paper.p_6_5_Red_zeroT	pss_paper	465912	465912	1	isabelle/pss_paper.thy	366	false	true	true
pss_paper.p_6_5_Red_le	pss_paper	465920	465920	1	isabelle/pss_paper.thy	373	false	true	true
pss_paper.p_6_5_Red_monoT	pss_paper	465928	465928	1	isabelle/pss_paper.thy	380	false	true	true
pss_paper.p_6_5_P_Red	pss_paper	465936	465936	1	isabelle/pss_paper.thy	387	false	true	true
pss_paper.p_6_5_monoT_Red	pss_paper	465944	465944	1	isabelle/pss_paper.thy	404	false	true	true
pss_paper.p_6_5_Red_idem	pss_paper	465952	465952	1	isabelle/pss_paper.thy	412	false	true	true
pss_paper.p_6_5_Red_Pred	pss_paper	465960	465960	1	isabelle/pss_paper.thy	419	false	true	true
pss_paper.p_6_5_Red_oper	pss_paper	465968	465968	1	isabelle/pss_paper.thy	426	false	true	true
pss_paper.p_6_5_Red_adm	pss_paper	465976	465976	1	isabelle/pss_paper.thy	433	false	true	true
pss_paper.p_6_5_admof_Red	pss_paper	465984	465984	1	isabelle/pss_paper.thy	440	false	true	true
pss_paper.p_6_5_Red_marked	pss_paper	465992	465992	1	isabelle/pss_paper.thy	449	false	true	true
pss_paper.p_6_6_reduced_slice	pss_paper	466000	466000	1	isabelle/pss_paper.thy	463	false	true	true
pss_paper.p_6_6_P_reduced	pss_paper	466008	466008	1	isabelle/pss_paper.thy	470	false	true	true
pss_paper.p_6_6_reduced_oper	pss_paper	466016	466016	1	isabelle/pss_paper.thy	477	false	true	true
pss_paper.p_6_6_reduced_iff_cond	pss_paper	466024	466024	1	isabelle/pss_paper.thy	484	false	true	true
pss_paper.p_6_6_Red_leftend_1	pss_paper	466032	466032	1	isabelle/pss_paper.thy	491	false	true	true
pss_paper.p_6_6_Red_leftend_2	pss_paper	466040	466040	1	isabelle/pss_paper.thy	498	false	true	true
pss_paper.p_6_6_reduced_coeff	pss_paper	466048	466048	1	isabelle/pss_paper.thy	506	false	true	true
pss_paper.p_6_6_reduced_leftend	pss_paper	466056	466056	1	isabelle/pss_paper.thy	514	false	true	true
pss_paper.p_6_6_condAB_coeff	pss_paper	466064	466064	1	isabelle/pss_paper.thy	522	false	true	true
pss_paper.p_6_6_ancestor_slice_Red_IncrFirst	pss_paper	466072	466072	1	isabelle/pss_paper.thy	535	false	true	true
pss_paper.p_6_6_oneColumn	pss_paper	466080	466080	1	isabelle/pss_paper.thy	545	false	true	true
pss_paper.p_6_7_standard_reduced	pss_paper	466088	466088	1	isabelle/pss_paper.thy	555	false	true	true
pss_paper.p_6_7_ST_eq_Union_SkT	pss_paper	466094	466094	1	isabelle/pss_paper.thy	561	false	true	true
pss_paper.p_6_7_standard_P_components	pss_paper	466104	466104	1	isabelle/pss_paper.thy	567	false	true	true
pss_paper.p_6_7_standard_prefix	pss_paper	466112	466112	1	isabelle/pss_paper.thy	574	false	true	true
pss_paper.p_6_8_standard_slice_Br_descending	pss_paper	466120	466120	1	isabelle/pss_paper.thy	584	false	true	true
pss_paper.p_6_8_standard_P_descending	pss_paper	466128	466128	1	isabelle/pss_paper.thy	591	false	true	true
pss_paper.p_7_1_lessBT_linord	pss_paper	467642	467646	3	isabelle/pss_paper.thy	642	false	true	true
pss_paper.p_7_1_term_components	pss_paper	468840	468840	1	isabelle/pss_paper.thy	802	false	true	true
pss_paper.buc1_2_2_OT_B_wf	pss_paper	468848	468848	1	isabelle/pss_paper.thy	817	false	true	false
pss_paper.buc1_3_2a_fseq_lt	pss_paper	468856	468856	1	isabelle/pss_paper.thy	822	false	true	false
pss_paper.buc1_3_2_OT_B_closed	pss_paper	468862	468862	1	isabelle/pss_paper.thy	828	false	true	false
pss_paper.p_7_1_paren_balance	pss_paper	470154	470154	1	isabelle/pss_paper.thy	861	false	true	true
pss_paper.p_7_2_scb_replaceable	pss_paper	470288	470288	1	isabelle/pss_paper.thy	933	false	true	true
pss_paper.p_7_2_scb_compose	pss_paper	470296	470298	2	isabelle/pss_paper.thy	949	false	true	true
pss_paper.p_7_2_scb_triviality	pss_paper	470306	470308	2	isabelle/pss_paper.thy	965	false	true	true
pss_paper.p_7_2_scb_unique	pss_paper	470316	470324	5	isabelle/pss_paper.thy	989	false	true	true
pss_paper.p_7_2_add_scb	pss_paper	470332	470336	3	isabelle/pss_paper.thy	1012	false	true	true
pss_paper.p_7_2_scb_fseq	pss_paper	470344	470348	3	isabelle/pss_paper.thy	1038	false	true	true
pss_paper.p_7_2_RightNodes_subexpr	pss_paper	470356	470356	1	isabelle/pss_paper.thy	1071	false	true	true
pss_paper.p_7_3_twoColumn	pss_paper	476000	476008	5	isabelle/pss_paper.thy	1263	false	true	true
pss_paper.p_7_3_Trans_IncrFirst_Red	pss_paper	476014	476018	2	isabelle/pss_paper.thy	1273	false	true	true
pss_paper.p_7_3_Mark_IncrFirst_Red	pss_paper	476026	476028	2	isabelle/pss_paper.thy	1280	false	true	true
pss_paper.p_7_3_Trans_zeroT	pss_paper	476036	476036	1	isabelle/pss_paper.thy	1287	false	true	true
pss_paper.p_7_3_c1_c2	pss_paper	476044	476048	3	isabelle/pss_paper.thy	1298	false	true	true
pss_paper.p_7_3_Pred_Trans_descend	pss_paper	476056	476056	1	isabelle/pss_paper.thy	1306	false	true	true
pss_paper.p_7_3_Mark_rightmost1	pss_paper	476064	476064	1	isabelle/pss_paper.thy	1313	false	true	true
pss_paper.p_7_3_Trans_monoT	pss_paper	476072	476072	1	isabelle/pss_paper.thy	1330	false	true	true
pss_paper.p_7_4_Adm_nextAdm	pss_paper	476080	476080	1	isabelle/pss_paper.thy	1343	false	true	true
pss_paper.p_7_4_Trans_nextAdm	pss_paper	476088	476088	1	isabelle/pss_paper.thy	1356	false	true	true
pss_paper.p_7_4_Mark_nextAdm	pss_paper	476096	476096	1	isabelle/pss_paper.thy	1371	false	true	true
pss_paper.p_7_4_Trans_Mark_Pred	pss_paper	476104	476104	1	isabelle/pss_paper.thy	1387	false	true	true
pss_paper.p_7_4_Mark_Trans_repr	pss_paper	476112	476112	1	isabelle/pss_paper.thy	1403	false	true	true
pss_paper.p_7_4_Trans_Mark_seg	pss_paper	476118	476118	1	isabelle/pss_paper.thy	1416	false	true	true
pss_paper.p_7_4_RightNodes_Mark	pss_paper	476128	476128	1	isabelle/pss_paper.thy	1432	false	true	true
pss_paper.p_7_4_RightAnces_RightNodes	pss_paper	476508	476508	1	isabelle/pss_paper.thy	1464	false	true	true
pss_paper.p_7_4_RightAnces_zeroT	pss_paper	476514	476514	1	isabelle/pss_paper.thy	1471	false	true	true
pss_paper.p_8_2_standard_slice_Red_strongmono	pss_paper	476524	476524	1	isabelle/pss_paper.thy	1499	false	true	true
pss_paper.p_8_2_strongmono_slice	pss_paper	476532	476532	1	isabelle/pss_paper.thy	1509	false	true	true
pss_paper.p_8_2_subexpr_component_Pred	pss_paper	476540	476540	1	isabelle/pss_paper.thy	1523	false	true	true
pss_paper.p_8_2_subexpr_component_strongmono	pss_paper	476548	476548	1	isabelle/pss_paper.thy	1563	false	true	true
pss_paper.p_8_2_condV_rightmost_parent	pss_paper	476556	476556	1	isabelle/pss_paper.thy	1588	false	true	true
pss_paper.p_8_2_condV_terminal_slice_Trans	pss_paper	476564	476564	1	isabelle/pss_paper.thy	1607	false	true	true
pss_paper.p_8_2_condIIIV_terminal_slice_Trans	pss_paper	476572	476572	1	isabelle/pss_paper.thy	1627	false	true	true
pss_paper.p_8_1_diagSeq_Trans	pss_paper	476580	476580	1	isabelle/pss_paper.thy	1658	false	true	true
pss_paper.p_8_1_Pred_diagSeq_Trans	pss_paper	476588	476588	1	isabelle/pss_paper.thy	1670	false	true	true
pss_paper.p_8_1_condI_III_c1_around	pss_paper	476596	476596	1	isabelle/pss_paper.thy	1710	false	true	true
pss_paper.p_8_1_Trans_fseq_condI	pss_paper	476604	476606	2	isabelle/pss_paper.thy	1769	false	true	true
pss_paper.p_8_3_kind0_base_ineq	pss_paper	476614	476614	1	isabelle/pss_paper.thy	1795	false	true	true
pss_paper.p_8_3_kind0_branch_rule	pss_paper	476622	476622	1	isabelle/pss_paper.thy	1813	false	true	true
pss_paper.p_8_3_kind0_base_basepoint	pss_paper	476630	476632	2	isabelle/pss_paper.thy	1832	false	true	true
pss_paper.p_8_3_TransCondII_oper_descend	pss_paper	476640	476640	1	isabelle/pss_paper.thy	1863	false	true	true
pss_paper.p_8_4_Trans_oper_exchange	pss_paper	476648	476652	3	isabelle/pss_paper.thy	1909	false	true	true
pss_paper.p_8_4_rightmost_nonadm_ancestor	pss_paper	476660	476666	4	isabelle/pss_paper.thy	1931	false	true	true
pss_paper.p_8_4_oper_basic	pss_paper	476674	476678	3	isabelle/pss_paper.thy	2017	false	true	true
pss_paper.p_8_5_Trans_oper_exchange	pss_paper	476686	476690	3	isabelle/pss_paper.thy	2070	false	true	true
pss_paper.p_8_5_Joints_FirstNodes_basic	pss_paper	476698	476704	4	isabelle/pss_paper.thy	2098	false	true	true
pss_paper.p_8_6_const2nd_Trans	pss_paper	476712	476712	1	isabelle/pss_paper.thy	2162	false	true	true
pss_paper.p_8_6_diagSeq_Trans_oper	pss_paper	476720	476720	1	isabelle/pss_paper.thy	2176	false	true	true
pss_paper.p_8_6_trailing_principal_annihilable	pss_paper	476728	476728	1	isabelle/pss_paper.thy	2191	false	true	true
pss_paper.p_8_6_Trans_fseq_condVI	pss_paper	476736	476736	1	isabelle/pss_paper.thy	2218	false	true	true
pss_paper.p_8_7_const00_Trans	pss_paper	476744	476744	1	isabelle/pss_paper.thy	2243	false	true	true
pss_paper.p_8_7_fseq_descend	pss_paper	476752	476752	1	isabelle/pss_paper.thy	2253	false	true	true
pss_paper.p_8_7_OT_scb_recursive	pss_paper	476760	476760	1	isabelle/pss_paper.thy	2263	false	true	true
pss_paper.p_8_7_OT_dom_hereditary	pss_paper	476768	476768	1	isabelle/pss_paper.thy	2273	false	true	true
pss_paper.p_8_7_OT_tail_annihilable	pss_paper	476776	476776	1	isabelle/pss_paper.thy	2284	false	true	true
pss_paper.p_8_7_Pred_oper0	pss_paper	476784	476784	1	isabelle/pss_paper.thy	2298	false	true	true
pss_paper.p_8_7_OT_examples	pss_paper	476792	476798	4	isabelle/pss_paper.thy	2307	false	true	true
pss_paper.p_8_7_Trans_preserves_OT	pss_paper	476806	476806	1	isabelle/pss_paper.thy	2317	false	true	true
pss_paper.p_8_7_termination	pss_paper	476814	476814	1	isabelle/pss_paper.thy	2329	false	true	true
pss_mechanized.Pred_preserves_T_PS	pss_mechanized	476820	476820	1	isabelle/pss_mechanized.thy	19	false	false	false
pss_mechanized.Lng_Pred_lt	pss_mechanized	476828	476828	1	isabelle/pss_mechanized.thy	31	false	false	false
pss_mechanized.le0_refl	pss_mechanized	476850	476850	1	isabelle/pss_mechanized.thy	38	false	false	false
pss_mechanized.leR_refl	pss_mechanized	476884	476884	1	isabelle/pss_mechanized.thy	43	false	false	false
pss_mechanized.nextrel0_rtrancl_mono	pss_mechanized	476900	476900	1	isabelle/pss_mechanized.thy	53	false	false	false
pss_mechanized.m_5_1_parent_exists_1	pss_mechanized	476928	476928	1	isabelle/pss_mechanized.thy	60	false	false	false
pss_mechanized.m_5_1_parent_basic_1	pss_mechanized	476936	476936	1	isabelle/pss_mechanized.thy	89	false	false	false
pss_mechanized.m_5_1_parent_basic_2	pss_mechanized	476962	476962	1	isabelle/pss_mechanized.thy	102	false	false	false
pss_mechanized.le0_ances_aux	pss_mechanized	476986	476986	1	isabelle/pss_mechanized.thy	118	false	false	false
pss_mechanized.m_5_1_ancestor_basic_1	pss_mechanized	477034	477034	1	isabelle/pss_mechanized.thy	166	false	false	false
pss_mechanized.m_5_1_parent_exists_2	pss_mechanized	477058	477058	1	isabelle/pss_mechanized.thy	176	false	false	false
pss_mechanized.le0_build	pss_mechanized	477112	477112	1	isabelle/pss_mechanized.thy	214	false	false	false
pss_mechanized.m_5_1_parent_exists_3	pss_mechanized	477138	477138	1	isabelle/pss_mechanized.thy	247	false	false	false
pss_mechanized.m_5_1_ancestor_tree_1	pss_mechanized	477158	477158	1	isabelle/pss_mechanized.thy	259	false	false	false
pss_mechanized.nextrel1_rtrancl_mono	pss_mechanized	477174	477174	1	isabelle/pss_mechanized.thy	282	false	false	false
pss_mechanized.le1_ances_aux	pss_mechanized	477250	477250	1	isabelle/pss_mechanized.thy	289	false	false	false
pss_mechanized.m_5_1_ancestor_basic_2	pss_mechanized	477352	477352	1	isabelle/pss_mechanized.thy	336	false	false	false
pss_mechanized.le0_trans	pss_mechanized	477422	477422	1	isabelle/pss_mechanized.thy	347	false	false	false
pss_mechanized.nextrel1_imp_nextrel0_rtrancl	pss_mechanized	477490	477490	1	isabelle/pss_mechanized.thy	352	false	false	false
pss_mechanized.m_le1_imp_le0	pss_mechanized	477540	477540	1	isabelle/pss_mechanized.thy	365	false	false	false
pss_mechanized.le1_build	pss_mechanized	477620	477620	1	isabelle/pss_mechanized.thy	372	false	false	false
pss_mechanized.m_5_1_parent_exists_4	pss_mechanized	477662	477662	1	isabelle/pss_mechanized.thy	420	false	false	false
pss_mechanized.m_5_1_ancestor_tree_2	pss_mechanized	477686	477686	1	isabelle/pss_mechanized.thy	438	false	false	false
pss_mechanized.take_append_map_nth	pss_mechanized	477722	477722	1	isabelle/pss_mechanized.thy	480	false	false	false
pss_mechanized.entry_pair	pss_mechanized	477764	477764	1	isabelle/pss_mechanized.thy	493	false	false	false
pss_mechanized.oper1_eq	pss_mechanized	478186	478186	1	isabelle/pss_mechanized.thy	501	false	false	false
pss_mechanized.m_5_3_pred_is_oper1	pss_mechanized	478242	478242	1	isabelle/pss_mechanized.thy	513	false	false	false
pss_mechanized.m_5_4_F_oper_dom	pss_mechanized	478312	478312	1	isabelle/pss_mechanized.thy	560	false	true	false
pss_mechanized.m_5_4_F_oper_val	pss_mechanized	478408	478408	1	isabelle/pss_mechanized.thy	580	false	false	false
pss_mechanized.Lng_IncrFirst	pss_mechanized	478456	478456	1	isabelle/pss_mechanized.thy	588	false	false	false
pss_mechanized.entry_IncrFirst	pss_mechanized	478520	478520	1	isabelle/pss_mechanized.thy	591	false	false	false
pss_mechanized.nextrel0_IncrFirst_eq	pss_mechanized	478572	478572	1	isabelle/pss_mechanized.thy	596	false	false	false
pss_mechanized.le0_IncrFirst_eq	pss_mechanized	478622	478622	1	isabelle/pss_mechanized.thy	603	false	false	false
pss_mechanized.nextrel1_IncrFirst_eq	pss_mechanized	478644	478644	1	isabelle/pss_mechanized.thy	606	false	false	false
pss_mechanized.le1_IncrFirst_eq	pss_mechanized	478658	478658	1	isabelle/pss_mechanized.thy	614	false	false	false
pss_mechanized.m_6_1_le_IncrFirst_inv	pss_mechanized	478678	478678	1	isabelle/pss_mechanized.thy	619	false	false	false
pss_mechanized.T_PS_Lng_gt1	pss_mechanized	478702	478702	1	isabelle/pss_mechanized.thy	627	false	true	false
pss_mechanized.m_6_2_not_multi_iff_le	pss_mechanized	478754	478754	1	isabelle/pss_mechanized.thy	634	false	false	false
pss_mechanized.m_6_2_multi_crit_23	pss_mechanized	478868	478868	1	isabelle/pss_mechanized.thy	663	false	true	false
pss_mechanized.m_6_2_multi_crit_12	pss_mechanized	478940	478940	1	isabelle/pss_mechanized.thy	696	false	true	false
pss_mechanized.Lng_seg	pss_mechanized	478982	478982	1	isabelle/pss_mechanized.thy	703	false	false	false
pss_mechanized.entry_seg	pss_mechanized	479150	479150	1	isabelle/pss_mechanized.thy	706	false	false	false
pss_mechanized.m_6_2_mono_ancestor_slice	pss_mechanized	479374	479374	1	isabelle/pss_mechanized.thy	720	false	false	false
pss_mechanized.m_6_2_mono_prefix	pss_mechanized	479504	479504	1	isabelle/pss_mechanized.thy	749	false	true	false
pss_mechanized.multiT_imp_Lng_gt1	pss_mechanized	479528	479528	1	isabelle/pss_mechanized.thy	766	false	true	false
pss_mechanized.P_nonempty	pss_mechanized	479566	479566	1	isabelle/pss_mechanized.thy	779	false	true	false
pss_mechanized.m_6_2_P_components_2	pss_mechanized	479644	479644	1	isabelle/pss_mechanized.thy	784	false	true	false
pss_mechanized.IncrFirst_zeroT_eq	pss_mechanized	479724	479724	1	isabelle/pss_mechanized.thy	809	false	false	false
pss_mechanized.IncrFirst_monoT_eq	pss_mechanized	479812	479812	1	isabelle/pss_mechanized.thy	818	false	false	false
pss_mechanized.IncrFirst_multiT_eq	pss_mechanized	479882	479882	1	isabelle/pss_mechanized.thy	821	false	false	false
pss_mechanized.IncrFirst_Pcut_eq	pss_mechanized	479968	479968	1	isabelle/pss_mechanized.thy	824	false	false	false
pss_mechanized.IncrFirst_take	pss_mechanized	480022	480022	1	isabelle/pss_mechanized.thy	827	false	false	false
pss_mechanized.IncrFirst_drop	pss_mechanized	480044	480044	1	isabelle/pss_mechanized.thy	830	false	false	false
pss_mechanized.m_6_2_P_IncrFirst	pss_mechanized	480108	480108	1	isabelle/pss_mechanized.thy	833	false	true	false
pss_mechanized.P_funpow_IncrFirst	pss_mechanized	480144	480144	1	isabelle/pss_mechanized.thy	865	false	true	false
pss_mechanized.drop_eq_map_nth	pss_mechanized	480246	480246	1	isabelle/pss_mechanized.thy	887	false	false	false
pss_mechanized.seg_0_eq_take	pss_mechanized	480300	480300	1	isabelle/pss_mechanized.thy	890	false	false	false
pss_mechanized.seg_to_last_eq_drop	pss_mechanized	480370	480370	1	isabelle/pss_mechanized.thy	896	false	false	false
pss_mechanized.P_add_drop_eq_map_nth	pss_mechanized	480422	480422	1	isabelle/pss_mechanized.thy	907	false	false	false
pss_mechanized.P_add_seg_0_eq_take	pss_mechanized	480462	480462	1	isabelle/pss_mechanized.thy	911	false	false	false
pss_mechanized.P_add_seg_to_last_eq_drop	pss_mechanized	480500	480500	1	isabelle/pss_mechanized.thy	917	false	false	false
pss_mechanized.P_add_Pcut_props	pss_mechanized	480548	480548	1	isabelle/pss_mechanized.thy	932	false	false	false
pss_mechanized.P_add_Pcut_left_min	pss_mechanized	480642	480642	1	isabelle/pss_mechanized.thy	949	false	false	false
pss_mechanized.P_add_drop_ancestor	pss_mechanized	480730	480730	1	isabelle/pss_mechanized.thy	994	false	true	false
pss_mechanized.m_6_2_P_additive	pss_mechanized	480978	480978	1	isabelle/pss_mechanized.thy	1033	false	true	false
pss_mechanized.Pcut_le	pss_mechanized	481020	481020	1	isabelle/pss_mechanized.thy	1163	false	false	false
pss_mechanized.drop_eq_seg	pss_mechanized	481098	481098	1	isabelle/pss_mechanized.thy	1177	false	false	false
pss_mechanized.m_6_2_P_components_1	pss_mechanized	481216	481216	1	isabelle/pss_mechanized.thy	1191	false	true	false
pss_mechanized.adm_nextrel0_seg	pss_mechanized	481310	481310	1	isabelle/pss_mechanized.thy	1280	false	false	false
pss_mechanized.adm_le0_seg_M_to_N	pss_mechanized	481416	481416	1	isabelle/pss_mechanized.thy	1333	false	false	false
pss_mechanized.adm_le0_seg_N_to_M	pss_mechanized	481544	481544	1	isabelle/pss_mechanized.thy	1357	false	false	false
pss_mechanized.adm_le0_seg	pss_mechanized	481600	481600	1	isabelle/pss_mechanized.thy	1379	false	false	false
pss_mechanized.adm_nextrel1_seg	pss_mechanized	481698	481698	1	isabelle/pss_mechanized.thy	1411	false	false	false
pss_mechanized.adm_nextR1_seg	pss_mechanized	481770	481770	1	isabelle/pss_mechanized.thy	1485	false	false	false
pss_mechanized.m_6_3_adm_slice	pss_mechanized	481882	481882	1	isabelle/pss_mechanized.thy	1492	false	true	false
pss_mechanized.adm_zero	pss_mechanized	481896	481896	1	isabelle/pss_mechanized.thy	1560	false	true	false
pss_mechanized.adm_below_set_finite	pss_mechanized	481920	481920	1	isabelle/pss_mechanized.thy	1569	false	false	false
pss_mechanized.adm_below_set_nonempty	pss_mechanized	481956	481956	1	isabelle/pss_mechanized.thy	1572	false	true	false
pss_mechanized.adm_Adm_adm	pss_mechanized	481974	481974	1	isabelle/pss_mechanized.thy	1587	false	true	false
pss_mechanized.adm_Adm_le	pss_mechanized	481992	481992	1	isabelle/pss_mechanized.thy	1601	false	true	false
pss_mechanized.adm_Adm_max	pss_mechanized	482052	482052	1	isabelle/pss_mechanized.thy	1615	false	false	false
pss_mechanized.m_6_3_admof_slice	pss_mechanized	482116	482116	1	isabelle/pss_mechanized.thy	1631	false	true	false
pss_mechanized.m_6_3_marked_slice	pss_mechanized	482200	482200	1	isabelle/pss_mechanized.thy	1691	false	true	false
pss_mechanized.poper_P_multi	pss_mechanized	482312	482312	1	isabelle/pss_mechanized.thy	1735	false	true	false
pss_mechanized.poper_P_nonmulti	pss_mechanized	482394	482394	1	isabelle/pss_mechanized.thy	1740	false	true	false
pss_mechanized.poper_concat_P	pss_mechanized	482450	482450	1	isabelle/pss_mechanized.thy	1745	false	true	false
pss_mechanized.poper_last_P_multi	pss_mechanized	482506	482506	1	isabelle/pss_mechanized.thy	1768	false	true	false
pss_mechanized.poper_entry_drop	pss_mechanized	482564	482564	1	isabelle/pss_mechanized.thy	1779	false	false	false
pss_mechanized.poper_nextrel0_drop	pss_mechanized	482700	482700	1	isabelle/pss_mechanized.thy	1786	false	false	false
pss_mechanized.poper_le0_drop_fwd	pss_mechanized	482740	482740	1	isabelle/pss_mechanized.thy	1841	false	false	false
pss_mechanized.poper_le0_drop_bwd	pss_mechanized	482802	482802	1	isabelle/pss_mechanized.thy	1856	false	false	false
pss_mechanized.poper_le0_drop	pss_mechanized	482904	482904	1	isabelle/pss_mechanized.thy	1878	false	true	false
pss_mechanized.poper_nextrel1_drop	pss_mechanized	482958	482958	1	isabelle/pss_mechanized.thy	1900	false	true	false
pss_mechanized.poper_le1_drop_fwd	pss_mechanized	483016	483016	1	isabelle/pss_mechanized.thy	1964	false	true	false
pss_mechanized.poper_le1_drop_bwd	pss_mechanized	483182	483182	1	isabelle/pss_mechanized.thy	1979	false	true	false
pss_mechanized.poper_le1_drop	pss_mechanized	483376	483376	1	isabelle/pss_mechanized.thy	2001	false	true	false
pss_mechanized.poper_nextR_drop	pss_mechanized	483542	483542	1	isabelle/pss_mechanized.thy	2023	false	true	false
pss_mechanized.poper_leR_drop	pss_mechanized	483700	483700	1	isabelle/pss_mechanized.thy	2029	false	true	false
pss_mechanized.poper_nextR_imp_le0	pss_mechanized	483834	483834	1	isabelle/pss_mechanized.thy	2037	false	false	false
pss_mechanized.poper_parent_ge_c	pss_mechanized	483978	483978	1	isabelle/pss_mechanized.thy	2058	false	false	false
pss_mechanized.poper_parent_set_drop	pss_mechanized	484142	484142	1	isabelle/pss_mechanized.thy	2091	false	true	false
pss_mechanized.poper_hasParent_drop	pss_mechanized	484288	484288	1	isabelle/pss_mechanized.thy	2130	false	true	false
pss_mechanized.poper_parent_drop	pss_mechanized	484436	484436	1	isabelle/pss_mechanized.thy	2171	false	true	false
pss_mechanized.poper_oper_expand	pss_mechanized	484954	484954	1	isabelle/pss_mechanized.thy	2203	false	false	false
pss_mechanized.poper_oper_nth0	pss_mechanized	485304	485304	1	isabelle/pss_mechanized.thy	2227	false	true	false
pss_mechanized.poper_take_append_take_drop	pss_mechanized	485378	485378	1	isabelle/pss_mechanized.thy	2297	false	false	false
pss_mechanized.poper_Pred_split	pss_mechanized	485486	485486	1	isabelle/pss_mechanized.thy	2302	false	false	false
pss_mechanized.poper_oper_drop	pss_mechanized	485896	485896	1	isabelle/pss_mechanized.thy	2324	false	true	false
pss_mechanized.m_6_2_P_oper_1	pss_mechanized	486548	486548	1	isabelle/pss_mechanized.thy	2470	false	true	false
pss_mechanized.m_6_2_P_oper_2	pss_mechanized	487142	487142	1	isabelle/pss_mechanized.thy	2539	false	true	false
pss_mechanized.idxsum_concat_P	pss_mechanized	487196	487196	1	isabelle/pss_mechanized.thy	2658	false	true	false
pss_mechanized.idxsum_nth	pss_mechanized	487242	487242	1	isabelle/pss_mechanized.thy	2682	false	true	false
pss_mechanized.idxsum_sum_take_mono	pss_mechanized	487348	487348	1	isabelle/pss_mechanized.thy	2695	false	true	false
pss_mechanized.idxsum_diff	pss_mechanized	487440	487440	1	isabelle/pss_mechanized.thy	2709	false	true	false
pss_mechanized.idxsum_concat_block	pss_mechanized	487566	487566	1	isabelle/pss_mechanized.thy	2727	false	false	false
pss_mechanized.map_nth_range_eq_take_drop	pss_mechanized	487644	487644	1	isabelle/pss_mechanized.thy	2748	false	false	false
pss_mechanized.idxsum_P_component_nonempty	pss_mechanized	487716	487716	1	isabelle/pss_mechanized.thy	2755	false	true	false
pss_mechanized.m_6_4_P_IdxSum	pss_mechanized	487918	487918	1	isabelle/pss_mechanized.thy	2776	false	true	false
pss_mechanized.idxsum_parent0_unique	pss_mechanized	488004	488004	1	isabelle/pss_mechanized.thy	2823	false	false	false
pss_mechanized.idxsum_ex1_parent0_iff	pss_mechanized	488038	488038	1	isabelle/pss_mechanized.thy	2854	false	false	false
pss_mechanized.idxsum_no_parent0_iff	pss_mechanized	488114	488114	1	isabelle/pss_mechanized.thy	2860	false	false	false
pss_mechanized.idxsum_leftend_lmin	pss_mechanized	488282	488282	1	isabelle/pss_mechanized.thy	2888	false	true	false
pss_mechanized.idxsum_lmin_leftend	pss_mechanized	488506	488506	1	isabelle/pss_mechanized.thy	2983	false	true	false
pss_mechanized.m_6_4_P_IdxSum_char_1	pss_mechanized	488542	488542	1	isabelle/pss_mechanized.thy	3097	false	true	false
pss_mechanized.m_6_4_P_IdxSum_char_2	pss_mechanized	488682	488682	1	isabelle/pss_mechanized.thy	3117	false	true	false
pss_mechanized.idxsum_mono	pss_mechanized	488728	488728	1	isabelle/pss_mechanized.thy	3133	false	true	false
pss_mechanized.m_6_4_P_leftend_mono	pss_mechanized	488762	488762	1	isabelle/pss_mechanized.thy	3149	false	true	false
pss_mechanized.nonmulti_Pred	pss_mechanized	488798	488798	1	isabelle/pss_mechanized.thy	3217	false	true	false
pss_mechanized.entry_concat_replicate_lt	pss_mechanized	488848	488848	1	isabelle/pss_mechanized.thy	3243	false	false	false
pss_mechanized.P_concat_replicate_nonmulti	pss_mechanized	488904	488904	1	isabelle/pss_mechanized.thy	3254	false	true	false
pss_mechanized.m_6_2_nonmulti_oper_1	pss_mechanized	489002	489002	1	isabelle/pss_mechanized.thy	3329	false	true	false
pss_mechanized.m_6_2_nonmulti_oper_2	pss_mechanized	489204	489204	1	isabelle/pss_mechanized.thy	3399	false	true	false
pss_mechanized.m_6_4_mono_slice_next	pss_mechanized	489440	489440	1	isabelle/pss_mechanized.thy	3633	false	true	false
pss_mechanized.TrMax_bound	pss_mechanized	489582	489582	1	isabelle/pss_mechanized.thy	3706	false	true	false
pss_mechanized.m_6_4_FirstNodes_TrMax_Joints	pss_mechanized	489672	489672	1	isabelle/pss_mechanized.thy	3744	false	true	false
pss_mechanized.FirstNodes_nth	pss_mechanized	489774	489774	1	isabelle/pss_mechanized.thy	3786	false	true	false
pss_mechanized.Joints_nth	pss_mechanized	489868	489868	1	isabelle/pss_mechanized.thy	3794	false	false	false
pss_mechanized.nextR0_largest_below	pss_mechanized	489878	489878	1	isabelle/pss_mechanized.thy	3802	false	false	false
pss_mechanized.entry_FirstNodes_eq_component	pss_mechanized	490000	490000	1	isabelle/pss_mechanized.thy	3817	false	true	false
pss_mechanized.m_6_4_FirstNodes_Joints_mono_aux	pss_mechanized	490146	490146	1	isabelle/pss_mechanized.thy	3871	false	true	false
pss_mechanized.m_6_4_FirstNodes_Joints_mono	pss_mechanized	490306	490306	1	isabelle/pss_mechanized.thy	3977	false	true	false
pss_mechanized.TrMax_trunk_step	pss_mechanized	490364	490364	1	isabelle/pss_mechanized.thy	3987	false	false	false
pss_mechanized.trunk_le1	pss_mechanized	490452	490452	1	isabelle/pss_mechanized.thy	4016	false	true	false
pss_mechanized.trunk_le0	pss_mechanized	490496	490496	1	isabelle/pss_mechanized.thy	4047	false	true	false
pss_mechanized.idxsum_locate	pss_mechanized	490538	490538	1	isabelle/pss_mechanized.thy	4055	false	true	false
pss_mechanized.branch_component_le0	pss_mechanized	490672	490672	1	isabelle/pss_mechanized.thy	4090	false	true	false
pss_mechanized.le0_monoT_seg_into_list	pss_mechanized	490796	490796	1	isabelle/pss_mechanized.thy	4206	false	true	false
pss_mechanized.slice_le0_to_index	pss_mechanized	490996	490996	1	isabelle/pss_mechanized.thy	4240	false	true	false
pss_mechanized.m_6_4_mono_slice	pss_mechanized	491096	491096	1	isabelle/pss_mechanized.thy	4321	false	true	false
pss_mechanized.nextR1_unique	pss_mechanized	491128	491128	1	isabelle/pss_mechanized.thy	4370	false	false	false
pss_mechanized.condAB_row1_noparent_zero	pss_mechanized	491238	491238	1	isabelle/pss_mechanized.thy	4407	false	true	false
pss_mechanized.m_6_6_condAB_coeff	pss_mechanized	491404	491404	1	isabelle/pss_mechanized.thy	4551	false	true	false
pss_mechanized.le1_trans	pss_mechanized	491488	491488	1	isabelle/pss_mechanized.thy	4870	false	false	false
pss_mechanized.leR_trans	pss_mechanized	491536	491536	1	isabelle/pss_mechanized.thy	4875	false	false	false
pss_mechanized.nextR_imp_leR	pss_mechanized	491614	491614	1	isabelle/pss_mechanized.thy	4882	false	false	false
pss_mechanized.nextrel1_chain	pss_mechanized	491672	491672	1	isabelle/pss_mechanized.thy	4902	false	false	false
pss_mechanized.adm_row1_ancestry	pss_mechanized	491746	491746	1	isabelle/pss_mechanized.thy	4935	false	true	false
pss_mechanized.parent_max	pss_mechanized	491786	491786	1	isabelle/pss_mechanized.thy	4969	false	false	false
pss_mechanized.m_7_4_Adm_nextAdm	pss_mechanized	491846	491846	1	isabelle/pss_mechanized.thy	4998	false	true	false
pss_mechanized.chain_imp_rtranclp	pss_mechanized	491896	491896	1	isabelle/pss_mechanized.thy	5068	false	true	false
pss_mechanized.rtranclp_imp_chain	pss_mechanized	491976	491976	1	isabelle/pss_mechanized.thy	5100	false	true	false
pss_mechanized.rtranclp_iff_chain	pss_mechanized	492070	492070	1	isabelle/pss_mechanized.thy	5134	false	true	false
pss_mechanized.leR_eq_chain	pss_mechanized	492212	492212	1	isabelle/pss_mechanized.thy	5144	false	true	false
pss_mechanized.oper_degenerate_eq_Pred	pss_mechanized	492408	492408	1	isabelle/pss_mechanized.thy	5169	false	false	false
pss_mechanized.Lng_diagSeq	pss_mechanized	492486	492486	1	isabelle/pss_mechanized.thy	5200	false	false	false
pss_mechanized.diagSeq_nth	pss_mechanized	492498	492498	1	isabelle/pss_mechanized.thy	5203	false	false	false
pss_mechanized.entry_diagSeq	pss_mechanized	492512	492512	1	isabelle/pss_mechanized.thy	5212	false	false	false
pss_mechanized.length_nth_le_concat	pss_mechanized	492522	492522	1	isabelle/pss_mechanized.thy	5221	false	true	false
pss_mechanized.Lng_Br_le	pss_mechanized	492528	492528	1	isabelle/pss_mechanized.thy	5237	false	true	false
pss_mechanized.nextR1_diagSeq	pss_mechanized	492554	492554	1	isabelle/pss_mechanized.thy	5264	false	false	false
pss_mechanized.TrMax_diagSeq	pss_mechanized	492598	492598	1	isabelle/pss_mechanized.thy	5296	false	false	false
pss_mechanized.nextrel0_diagSeq_step	pss_mechanized	492646	492646	1	isabelle/pss_mechanized.thy	5348	false	false	false
pss_mechanized.nextrel0_diagSeq_rtrancl	pss_mechanized	492714	492714	1	isabelle/pss_mechanized.thy	5362	false	false	false
pss_mechanized.nextrel1_diagSeq_rtrancl	pss_mechanized	492740	492740	1	isabelle/pss_mechanized.thy	5386	false	false	false
pss_mechanized.le0_diagSeq	pss_mechanized	492780	492780	1	isabelle/pss_mechanized.thy	5408	false	false	false
pss_mechanized.le1_diagSeq	pss_mechanized	492884	492884	1	isabelle/pss_mechanized.thy	5424	false	false	false
pss_mechanized.leR_diagSeq	pss_mechanized	492922	492922	1	isabelle/pss_mechanized.thy	5443	false	false	false
pss_mechanized.TrMax_IncrFirst	pss_mechanized	492960	492960	1	isabelle/pss_mechanized.thy	5455	false	false	false
pss_mechanized.Lng_funpow_IncrFirst	pss_mechanized	493008	493008	1	isabelle/pss_mechanized.thy	5458	false	false	false
pss_mechanized.TrMax_funpow_IncrFirst	pss_mechanized	493034	493034	1	isabelle/pss_mechanized.thy	5461	false	false	false
pss_mechanized.nextR1_consecutive	pss_mechanized	493102	493102	1	isabelle/pss_mechanized.thy	5471	false	false	false
pss_mechanized.entry_diagSeq_append_lo	pss_mechanized	493132	493132	1	isabelle/pss_mechanized.thy	5496	false	false	false
pss_mechanized.entry_diagSeq_append_junction	pss_mechanized	493160	493160	1	isabelle/pss_mechanized.thy	5507	false	false	false
pss_mechanized.nextrel0_diagSeq_append_step	pss_mechanized	493174	493174	1	isabelle/pss_mechanized.thy	5520	false	false	false
pss_mechanized.nextrel0_diagSeq_append_rtrancl	pss_mechanized	493200	493200	1	isabelle/pss_mechanized.thy	5533	false	false	false
pss_mechanized.le0_diagSeq_append_prefix	pss_mechanized	493246	493246	1	isabelle/pss_mechanized.thy	5554	false	false	false
pss_mechanized.nextR1_diagSeq_append	pss_mechanized	493296	493296	1	isabelle/pss_mechanized.thy	5573	false	false	false
pss_mechanized.le_TrMax_intro	pss_mechanized	493308	493308	1	isabelle/pss_mechanized.thy	5600	false	false	false
pss_mechanized.TrMax_diagSeq_append_ge	pss_mechanized	493322	493322	1	isabelle/pss_mechanized.thy	5625	false	false	false
pss_mechanized.entry_funpow_IncrFirst0	pss_mechanized	493348	493348	1	isabelle/pss_mechanized.thy	5644	false	false	false
pss_mechanized.entry_funpow_IncrFirst1	pss_mechanized	493368	493368	1	isabelle/pss_mechanized.thy	5658	false	false	false
pss_mechanized.coreReduce_core	pss_mechanized	493534	493534	1	isabelle/pss_mechanized.thy	5690	false	true	false
pss_mechanized.betaM_coreReduce_le	pss_mechanized	493572	493572	1	isabelle/pss_mechanized.thy	5713	false	false	false
pss_mechanized.P_blocks_nonempty	pss_mechanized	493628	493628	1	isabelle/pss_mechanized.thy	5750	false	true	false
pss_mechanized.monoT_row0_min	pss_mechanized	493652	493652	1	isabelle/pss_mechanized.thy	5787	false	false	false
pss_mechanized.Lng_shiftRow0	pss_mechanized	493668	493668	1	isabelle/pss_mechanized.thy	5804	false	false	false
pss_mechanized.entry_shiftRow0_0	pss_mechanized	493674	493674	1	isabelle/pss_mechanized.thy	5807	false	false	false
pss_mechanized.entry_shiftRow0_1	pss_mechanized	493682	493682	1	isabelle/pss_mechanized.thy	5811	false	false	false
pss_mechanized.entry0_ge_min	pss_mechanized	493692	493692	1	isabelle/pss_mechanized.thy	5815	false	false	false
pss_mechanized.nextrel0_shiftRow0_eq	pss_mechanized	493704	493704	1	isabelle/pss_mechanized.thy	5826	false	false	false
pss_mechanized.le0_shiftRow0_eq	pss_mechanized	493734	493734	1	isabelle/pss_mechanized.thy	5859	false	false	false
pss_mechanized.nextrel1_shiftRow0_eq	pss_mechanized	493750	493750	1	isabelle/pss_mechanized.thy	5871	false	false	false
pss_mechanized.le1_shiftRow0_eq	pss_mechanized	493790	493790	1	isabelle/pss_mechanized.thy	5923	false	false	false
pss_mechanized.leR_shiftRow0_eq	pss_mechanized	493914	493914	1	isabelle/pss_mechanized.thy	5935	false	false	false
pss_mechanized.monoT_shiftRow0	pss_mechanized	493976	493976	1	isabelle/pss_mechanized.thy	5940	false	false	false
pss_mechanized.coreReduce_monoT_m10_0	pss_mechanized	494046	494046	1	isabelle/pss_mechanized.thy	5967	false	false	false
pss_mechanized.entry_diagSeq_append_hi	pss_mechanized	494112	494112	1	isabelle/pss_mechanized.thy	5977	false	true	false
pss_mechanized.monoT_funpow_IncrFirst	pss_mechanized	494124	494124	1	isabelle/pss_mechanized.thy	5985	false	false	false
pss_mechanized.monoT_diagSeq_append	pss_mechanized	494152	494152	1	isabelle/pss_mechanized.thy	5994	false	true	false
pss_mechanized.coreReduce_monoT_m10_pos	pss_mechanized	494214	494214	1	isabelle/pss_mechanized.thy	6038	false	true	false
pss_mechanized.coreReduce_nonmulti	pss_mechanized	494308	494308	1	isabelle/pss_mechanized.thy	6058	false	true	false
pss_mechanized.TrMax_in_S	pss_mechanized	494368	494368	1	isabelle/pss_mechanized.thy	6074	false	true	false
pss_mechanized.trunk_row0_inc	pss_mechanized	494434	494434	1	isabelle/pss_mechanized.thy	6104	false	true	false
pss_mechanized.trunk_step_lt	pss_mechanized	494510	494510	1	isabelle/pss_mechanized.thy	6125	false	true	false
pss_mechanized.trunk_lt	pss_mechanized	494526	494526	1	isabelle/pss_mechanized.thy	6144	false	true	false
pss_mechanized.Joints_parent_nextR	pss_mechanized	494574	494574	1	isabelle/pss_mechanized.thy	6170	false	true	false
pss_mechanized.joints_lt_branch_first	pss_mechanized	494632	494632	1	isabelle/pss_mechanized.thy	6205	false	true	false
pss_mechanized.Br_component_nonempty	pss_mechanized	494732	494732	1	isabelle/pss_mechanized.thy	6228	false	true	false
pss_mechanized.Br_component_nonmulti	pss_mechanized	494794	494794	1	isabelle/pss_mechanized.thy	6250	false	true	false
pss_mechanized.nth_Cons_tl	pss_mechanized	494890	494890	1	isabelle/pss_mechanized.thy	6275	false	false	false
pss_mechanized.Lng_NJ	pss_mechanized	495134	495134	1	isabelle/pss_mechanized.thy	6295	false	false	false
pss_mechanized.entry_NJ_0_0	pss_mechanized	495148	495148	1	isabelle/pss_mechanized.thy	6298	false	false	false
pss_mechanized.entry_NJ_1_0	pss_mechanized	495158	495158	1	isabelle/pss_mechanized.thy	6301	false	false	false
pss_mechanized.entry_NJ_hi	pss_mechanized	495176	495176	1	isabelle/pss_mechanized.thy	6304	false	false	false
pss_mechanized.NJ_nonmulti	pss_mechanized	495214	495214	1	isabelle/pss_mechanized.thy	6319	false	true	false
pss_mechanized.betaM_pos	pss_mechanized	495254	495254	1	isabelle/pss_mechanized.thy	6398	false	true	false
pss_mechanized.nu_Pblock_lt	pss_mechanized	495294	495294	1	isabelle/pss_mechanized.thy	6409	false	true	false
pss_mechanized.nu_coreReduce_lt	pss_mechanized	495384	495384	1	isabelle/pss_mechanized.thy	6421	false	true	false
pss_mechanized.nu_NJ_lt	pss_mechanized	495502	495502	1	isabelle/pss_mechanized.thy	6438	false	true	false
pss_mechanized.m_6_5_Red_welldef	pss_mechanized	495596	495596	1	isabelle/pss_mechanized.thy	6471	false	true	false
pss_mechanized.m_6_5_Lng_Red	pss_mechanized	495636	495636	1	isabelle/pss_mechanized.thy	6570	false	true	false
pss_mechanized.m_6_5_monoT_Red_fact1_Lng	pss_mechanized	495658	495658	1	isabelle/pss_mechanized.thy	6867	false	true	false
pss_mechanized.le0_funpow_IncrFirst_eq	pss_mechanized	495674	495674	1	isabelle/pss_mechanized.thy	6888	false	false	false
pss_mechanized.le1_funpow_IncrFirst_eq	pss_mechanized	495696	495696	1	isabelle/pss_mechanized.thy	6891	false	false	false
pss_mechanized.adm_le1_seg_M_to_N	pss_mechanized	495708	495708	1	isabelle/pss_mechanized.thy	6898	false	false	false
pss_mechanized.adm_le1_seg_N_to_M	pss_mechanized	495720	495720	1	isabelle/pss_mechanized.thy	6920	false	false	false
pss_mechanized.adm_le1_seg	pss_mechanized	495738	495738	1	isabelle/pss_mechanized.thy	6937	false	false	false
pss_mechanized.m_6_5_monoT_Red_fact2a_leR_shift	pss_mechanized	495856	495856	1	isabelle/pss_mechanized.thy	6972	false	false	false
pss_mechanized.Lng_rebaseRow0	pss_mechanized	495998	495998	1	isabelle/pss_mechanized.thy	7047	false	false	false
pss_mechanized.entry_rebaseRow0_0	pss_mechanized	496064	496064	1	isabelle/pss_mechanized.thy	7050	false	false	false
pss_mechanized.entry_rebaseRow0_1	pss_mechanized	496146	496146	1	isabelle/pss_mechanized.thy	7054	false	false	false
pss_mechanized.nextrel0_rebaseRow0_eq	pss_mechanized	496232	496232	1	isabelle/pss_mechanized.thy	7061	false	false	false
pss_mechanized.le0_rebaseRow0_eq	pss_mechanized	496280	496280	1	isabelle/pss_mechanized.thy	7096	false	false	false
pss_mechanized.nextrel1_rebaseRow0_eq	pss_mechanized	496336	496336	1	isabelle/pss_mechanized.thy	7108	false	false	false
pss_mechanized.le1_rebaseRow0_eq	pss_mechanized	496424	496424	1	isabelle/pss_mechanized.thy	7148	false	false	false
pss_mechanized.leR_rebaseRow0_eq	pss_mechanized	496480	496480	1	isabelle/pss_mechanized.thy	7157	false	false	false
pss_mechanized.redle_branch5_rebase	pss_mechanized	496598	496598	1	isabelle/pss_mechanized.thy	7168	false	false	false
pss_mechanized.anchored_slice_imp_T_PS	pss_mechanized	496630	496630	1	isabelle/pss_mechanized.thy	7236	false	false	false
pss_mechanized.rz_Red_entry1_nz	pss_mechanized	496742	496742	1	isabelle/pss_mechanized.thy	7250	false	true	false
pss_mechanized.m_6_5_Red_zeroT	pss_mechanized	496810	496810	1	isabelle/pss_mechanized.thy	7324	false	true	false
pss_mechanized.SkT_PS_subset_ST_PS	pss_mechanized	496836	496836	1	isabelle/pss_mechanized.thy	7358	false	true	false
pss_mechanized.ST_PS_in_some_SkT	pss_mechanized	497006	497006	1	isabelle/pss_mechanized.thy	7395	false	true	false
pss_mechanized.ST_PS_subset_Union_SkT	pss_mechanized	497042	497042	1	isabelle/pss_mechanized.thy	7412	false	true	false
pss_mechanized.m_6_7_ST_eq_Union_SkT	pss_mechanized	497064	497064	1	isabelle/pss_mechanized.thy	7416	false	true	false
pss_mechanized.m_6_6_Red_leftend_1	pss_mechanized	497148	497148	1	isabelle/pss_mechanized.thy	7435	false	true	false
pss_mechanized.m_6_5_Red_leftend_row0_min	pss_mechanized	497280	497280	1	isabelle/pss_mechanized.thy	7776	false	true	false
pss_mechanized.ST_PS_T_PS	pss_mechanized	497364	497364	1	isabelle/pss_mechanized.thy	7967	false	true	false
pss_mechanized.seg_0_diagSeq	pss_mechanized	497464	497464	1	isabelle/pss_mechanized.thy	7999	false	false	false
pss_mechanized.ST_PS_seg_0_inner	pss_mechanized	497530	497530	1	isabelle/pss_mechanized.thy	8041	false	true	false
pss_mechanized.ST_PS_seg_0_aux	pss_mechanized	497594	497594	1	isabelle/pss_mechanized.thy	8115	false	true	false
pss_mechanized.m_6_7_standard_prefix	pss_mechanized	497648	497648	1	isabelle/pss_mechanized.thy	8126	false	true	false
pss_mechanized.Row1Zero_iff_entry	pss_mechanized	497796	497796	1	isabelle/pss_mechanized.thy	8152	false	false	false
pss_mechanized.row1z_P_component	pss_mechanized	497808	497808	1	isabelle/pss_mechanized.thy	8168	false	true	false
pss_mechanized.diagSeq_Suc_snoc	pss_mechanized	497860	497860	1	isabelle/pss_mechanized.thy	8190	false	false	false
pss_mechanized.Pred_diagSeq_Suc	pss_mechanized	497916	497916	1	isabelle/pss_mechanized.thy	8195	false	false	false
pss_mechanized.not_multiT_diagSeq	pss_mechanized	497976	497976	1	isabelle/pss_mechanized.thy	8210	false	true	false
pss_mechanized.SkT_PS_mono	pss_mechanized	498044	498044	1	isabelle/pss_mechanized.thy	8241	false	true	false
pss_mechanized.SkT_P_comp	pss_mechanized	498100	498100	1	isabelle/pss_mechanized.thy	8281	false	true	false
pss_mechanized.m_6_7_standard_P_components	pss_mechanized	498172	498172	1	isabelle/pss_mechanized.thy	8400	false	true	false
pss_mechanized.oper_entry_0	pss_mechanized	498290	498290	1	isabelle/pss_mechanized.thy	8416	false	true	false
pss_mechanized.nonmulti_oper_components_leftcol	pss_mechanized	498360	498360	1	isabelle/pss_mechanized.thy	8430	false	true	false
pss_mechanized.SkT_P_descending	pss_mechanized	498574	498574	1	isabelle/pss_mechanized.thy	8466	false	true	false
pss_mechanized.m_6_8_standard_P_descending	pss_mechanized	498610	498610	1	isabelle/pss_mechanized.thy	8641	false	true	false
pss_mechanized.descending_P_of_ST	pss_mechanized	498646	498646	1	isabelle/pss_mechanized.thy	8658	false	true	false
pss_mechanized.entry_FirstNodes_eq_component_gen	pss_mechanized	498706	498706	1	isabelle/pss_mechanized.thy	8683	false	true	false
pss_mechanized.descending_Br_of_FN_tiebreak	pss_mechanized	498870	498870	1	isabelle/pss_mechanized.thy	8735	false	true	false
pss_mechanized.seg_nth_eq	pss_mechanized	498948	498948	1	isabelle/pss_mechanized.thy	8799	false	false	false
pss_mechanized.seg_of_seg	pss_mechanized	499018	499018	1	isabelle/pss_mechanized.thy	8804	false	false	false
pss_mechanized.descendingD	pss_mechanized	499126	499126	1	isabelle/pss_mechanized.thy	8827	false	false	false
pss_mechanized.descending_snoc	pss_mechanized	499256	499256	1	isabelle/pss_mechanized.thy	8839	false	false	false
pss_mechanized.slice_P_descending_of_drop	pss_mechanized	499382	499382	1	isabelle/pss_mechanized.thy	8908	false	true	false
pss_mechanized.m_6_8_standard_slice_Br_descending_of_drop	pss_mechanized	499468	499468	1	isabelle/pss_mechanized.thy	8932	false	true	false
pss_mechanized.take_seg	pss_mechanized	499516	499516	1	isabelle/pss_mechanized.thy	8981	false	false	false
pss_mechanized.P_seg_butlast_bridge	pss_mechanized	499598	499598	1	isabelle/pss_mechanized.thy	9005	false	true	false
pss_mechanized.drop_seg	pss_mechanized	499634	499634	1	isabelle/pss_mechanized.thy	9023	false	false	false
pss_mechanized.seg_diagSeq	pss_mechanized	499700	499700	1	isabelle/pss_mechanized.thy	9036	false	false	false
pss_mechanized.not_multiT_seg_diagSeq	pss_mechanized	499776	499776	1	isabelle/pss_mechanized.thy	9055	false	true	false
pss_mechanized.oper_nth_lt	pss_mechanized	499924	499924	1	isabelle/pss_mechanized.thy	9070	false	true	false
pss_mechanized.Br_diagSeq	pss_mechanized	499992	499992	1	isabelle/pss_mechanized.thy	9144	false	false	false
pss_mechanized.cdom_refl	pss_mechanized	500166	500166	1	isabelle/pss_mechanized.thy	9164	false	false	false
pss_mechanized.cdom_trans	pss_mechanized	500218	500218	1	isabelle/pss_mechanized.thy	9166	false	false	false
pss_mechanized.descending_via_cdom	pss_mechanized	500316	500316	1	isabelle/pss_mechanized.thy	9186	false	true	false
pss_mechanized.descendingI_cdom	pss_mechanized	500342	500342	1	isabelle/pss_mechanized.thy	9199	false	true	false
pss_mechanized.descending_cdomD	pss_mechanized	500386	500386	1	isabelle/pss_mechanized.thy	9204	false	true	false
pss_mechanized.descending_append	pss_mechanized	500474	500474	1	isabelle/pss_mechanized.thy	9213	false	true	false
pss_mechanized.descending_take	pss_mechanized	500486	500486	1	isabelle/pss_mechanized.thy	9259	false	true	false
pss_mechanized.descending_const_head	pss_mechanized	500528	500528	1	isabelle/pss_mechanized.thy	9274	false	true	false
pss_mechanized.descending_replicate	pss_mechanized	500548	500548	1	isabelle/pss_mechanized.thy	9289	false	true	false
pss_mechanized.descending_map_IncrFirst	pss_mechanized	500620	500620	1	isabelle/pss_mechanized.thy	9305	false	true	false
pss_mechanized.descending_shift_append	pss_mechanized	500806	500806	1	isabelle/pss_mechanized.thy	9346	false	true	false
pss_mechanized.nth_concat_replicate	pss_mechanized	500864	500864	1	isabelle/pss_mechanized.thy	9423	false	true	false
pss_mechanized.oper_d0zero_expand	pss_mechanized	500894	500894	1	isabelle/pss_mechanized.thy	9444	false	true	false
pss_mechanized.oper_d1pos_expand	pss_mechanized	500990	500990	1	isabelle/pss_mechanized.thy	9478	false	false	false
pss_mechanized.oper_d1pos_LngM	pss_mechanized	501078	501078	1	isabelle/pss_mechanized.thy	9514	false	true	false
pss_mechanized.nth_concat_map_const_len	pss_mechanized	501120	501120	1	isabelle/pss_mechanized.thy	9545	false	true	false
pss_mechanized.oper_d1pos_nth	pss_mechanized	501310	501310	1	isabelle/pss_mechanized.thy	9595	false	true	false
pss_mechanized.oper_d1pos_entry0	pss_mechanized	501554	501554	1	isabelle/pss_mechanized.thy	9630	false	true	false
pss_mechanized.oper_d1pos_entry1	pss_mechanized	501806	501806	1	isabelle/pss_mechanized.thy	9656	false	true	false
pss_mechanized.oper_d1pos_nth_prefix	pss_mechanized	501900	501900	1	isabelle/pss_mechanized.thy	9681	false	false	false
pss_mechanized.oper_d1pos_seg_period_reduce	pss_mechanized	502006	502006	1	isabelle/pss_mechanized.thy	9712	false	true	false
pss_mechanized.oper_d1pos_LOW_source_eq	pss_mechanized	502180	502180	1	isabelle/pss_mechanized.thy	9780	false	true	false
pss_mechanized.oper_d0zero_nth	pss_mechanized	502360	502360	1	isabelle/pss_mechanized.thy	9855	false	true	false
pss_mechanized.oper_d0zero_entry0	pss_mechanized	502504	502504	1	isabelle/pss_mechanized.thy	9887	false	true	false
pss_mechanized.parent_block_entry0_min	pss_mechanized	502572	502576	2	isabelle/pss_mechanized.thy	9917	false	true	false
pss_mechanized.parent_block_le0	pss_mechanized	502650	502650	1	isabelle/pss_mechanized.thy	9944	false	true	false
pss_mechanized.nextrel0_above_parent_trivial	pss_mechanized	502712	502712	1	isabelle/pss_mechanized.thy	10034	false	false	false
pss_mechanized.oper_d0zero_le0_confined	pss_mechanized	502942	502942	1	isabelle/pss_mechanized.thy	10068	false	true	false
pss_mechanized.nextrel0_rtrancl_entry0_mono	pss_mechanized	502984	502984	1	isabelle/pss_mechanized.thy	10203	false	false	false
pss_mechanized.oper_d1pos_le0_confined	pss_mechanized	503210	503210	1	isabelle/pss_mechanized.thy	10234	false	false	false
pss_mechanized.oper_d1pos_entry0_boundary	pss_mechanized	503450	503450	1	isabelle/pss_mechanized.thy	10266	false	true	false
pss_mechanized.oper_d1pos_nextrel0_transfer	pss_mechanized	503668	503668	1	isabelle/pss_mechanized.thy	10313	false	true	false
pss_mechanized.oper_d1pos_block_chain	pss_mechanized	503986	503986	1	isabelle/pss_mechanized.thy	10443	false	true	false
pss_mechanized.oper_d1pos_le0_blockstarts	pss_mechanized	504096	504096	1	isabelle/pss_mechanized.thy	10538	false	true	false
pss_mechanized.oper_d1pos_seg_mono	pss_mechanized	504188	504188	1	isabelle/pss_mechanized.thy	10593	false	true	false
pss_mechanized.oper_gen_block_nth	pss_mechanized	504310	504310	1	isabelle/pss_mechanized.thy	10658	false	true	false
pss_mechanized.oper_gen_block_entry0	pss_mechanized	504632	504632	1	isabelle/pss_mechanized.thy	10697	false	true	false
pss_mechanized.oper_gen_block_entry1	pss_mechanized	504874	504874	1	isabelle/pss_mechanized.thy	10713	false	true	false
pss_mechanized.oper_gen_nth_prefix	pss_mechanized	504992	504992	1	isabelle/pss_mechanized.thy	10728	false	false	false
pss_mechanized.nlocal_adj_tie	pss_mechanized	505194	505194	1	isabelle/pss_mechanized.thy	10761	false	true	false
pss_mechanized.oper_d1pos_Br_comp_mono	pss_mechanized	505328	505328	1	isabelle/pss_mechanized.thy	11066	false	true	false
pss_mechanized.oper_d0zero_nth_prefix	pss_mechanized	505416	505416	1	isabelle/pss_mechanized.thy	11087	false	true	false
pss_mechanized.oper_d0zero_nth_le_parent	pss_mechanized	505520	505520	1	isabelle/pss_mechanized.thy	11110	false	true	false
pss_mechanized.oper_d0zero_seg_period_reduce	pss_mechanized	505608	505608	1	isabelle/pss_mechanized.thy	11137	false	true	false
pss_mechanized.nextrel0_prefix_imp	pss_mechanized	505732	505732	1	isabelle/pss_mechanized.thy	11192	false	false	false
pss_mechanized.le0_prefix_agree	pss_mechanized	505794	505794	1	isabelle/pss_mechanized.thy	11218	false	false	false
pss_mechanized.nextrel1_prefix_imp	pss_mechanized	505852	505852	1	isabelle/pss_mechanized.thy	11255	false	false	false
pss_mechanized.TrMax_eqI	pss_mechanized	505860	505860	1	isabelle/pss_mechanized.thy	11295	false	false	false
pss_mechanized.TrMax_eq_of_prefix_agree	pss_mechanized	505956	505956	1	isabelle/pss_mechanized.thy	11347	false	false	false
pss_mechanized.TrMax_eq_of_prefix_agree_sym	pss_mechanized	506132	506132	1	isabelle/pss_mechanized.thy	11378	false	false	false
pss_mechanized.TrMax_stop	pss_mechanized	506174	506174	1	isabelle/pss_mechanized.thy	11421	false	true	false
pss_mechanized.TrMax_lt_last_of_row1_zero	pss_mechanized	506226	506226	1	isabelle/pss_mechanized.thy	11460	false	true	false
pss_mechanized.le1_imp_entry1_le	pss_mechanized	506268	506268	1	isabelle/pss_mechanized.thy	11486	false	false	false
pss_mechanized.nextR1_boundary_stop_of_prefix	pss_mechanized	506332	506332	1	isabelle/pss_mechanized.thy	11525	false	true	false
pss_mechanized.nextR1_boundary_stop_d0zero_caseA	pss_mechanized	506608	506608	1	isabelle/pss_mechanized.thy	11568	false	true	false
pss_mechanized.nextR1_boundary_stop_d1pos	pss_mechanized	506704	506704	1	isabelle/pss_mechanized.thy	11771	false	true	false
pss_mechanized.TrMax_seg_oper_d0zero_eq	pss_mechanized	506800	506800	1	isabelle/pss_mechanized.thy	12005	false	true	false
pss_mechanized.TrMax_seg_oper_d0zero_eq_caseA	pss_mechanized	507030	507030	1	isabelle/pss_mechanized.thy	12073	false	true	false
pss_mechanized.TrMax_seg_oper_d1pos_eq	pss_mechanized	507164	507164	1	isabelle/pss_mechanized.thy	12118	false	true	false
pss_mechanized.TrMax_seg_oper_d1pos_eq_span	pss_mechanized	507564	507564	1	isabelle/pss_mechanized.thy	12253	false	true	false
pss_mechanized.TrMax_seg_oper_d1pos_eq_notbrle_uncapped	pss_mechanized	508024	508024	1	isabelle/pss_mechanized.thy	12385	false	true	false
pss_mechanized.TrMax_seg_oper_d1pos_brle_uncapped	pss_mechanized	508922	508922	1	isabelle/pss_mechanized.thy	12522	false	true	false
pss_mechanized.oper_d1pos_nextrel0_within	pss_mechanized	509478	509478	1	isabelle/pss_mechanized.thy	12605	false	true	false
pss_mechanized.oper_d1pos_le0_within	pss_mechanized	509790	509790	1	isabelle/pss_mechanized.thy	12702	false	true	false
pss_mechanized.oper_d1pos_le0_start_to_start	pss_mechanized	510044	510044	1	isabelle/pss_mechanized.thy	12809	false	true	false
pss_mechanized.oper_d1pos_le0_start_to_any	pss_mechanized	510524	510524	1	isabelle/pss_mechanized.thy	12869	false	true	false
pss_mechanized.oper_d1pos_seg_le0_boundary	pss_mechanized	510962	510962	1	isabelle/pss_mechanized.thy	12927	false	true	false
pss_mechanized.oper_d1pos_b3n_boundary	pss_mechanized	511058	511058	1	isabelle/pss_mechanized.thy	13051	false	true	false
pss_mechanized.oper_d1pos_ctx_b3n	pss_mechanized	511198	511198	1	isabelle/pss_mechanized.thy	13155	false	false	false
pss_mechanized.oper_d1pos_ctx_tnc	pss_mechanized	511246	511246	1	isabelle/pss_mechanized.thy	13206	false	false	false
pss_mechanized.TrMax_seg_oper_d1pos_brle_capped	pss_mechanized	511572	511572	1	isabelle/pss_mechanized.thy	13278	false	true	false
pss_mechanized.oper_d1pos_ctx_tnc_capped	pss_mechanized	511922	511922	1	isabelle/pss_mechanized.thy	13593	false	true	false
pss_mechanized.oper_d0zero_entry0_min	pss_mechanized	512218	512218	1	isabelle/pss_mechanized.thy	13652	false	true	false
pss_mechanized.oper_d0zero_seg_P_split	pss_mechanized	512564	512564	1	isabelle/pss_mechanized.thy	13686	false	true	false
pss_mechanized.oper_d0zero_seg_P_hfold	pss_mechanized	512730	512730	1	isabelle/pss_mechanized.thy	13830	false	true	false
pss_mechanized.oper_d0zero_seg_P_blk1fold	pss_mechanized	513126	513126	1	isabelle/pss_mechanized.thy	13928	false	true	false
pss_mechanized.oper_d0zero_seg_P_blk0fold	pss_mechanized	513456	513456	1	isabelle/pss_mechanized.thy	14079	false	true	false
pss_mechanized.monoT_seg_of_le0	pss_mechanized	513506	513506	1	isabelle/pss_mechanized.thy	14337	false	true	false
pss_mechanized.oper_d1pos_notbrle_P_split	pss_mechanized	513532	513532	1	isabelle/pss_mechanized.thy	14393	false	true	false
pss_mechanized.oper_d1pos_notbrle_LOW_eq	pss_mechanized	513622	513622	1	isabelle/pss_mechanized.thy	14428	false	true	false
pss_mechanized.oper_d1pos_notbrle_take_map	pss_mechanized	513638	513638	1	isabelle/pss_mechanized.thy	14466	false	true	false
pss_mechanized.oper_d1pos_collapse	pss_mechanized	513760	513760	1	isabelle/pss_mechanized.thy	14510	false	true	false
pss_mechanized.oper_d1pos_branch_anchor	pss_mechanized	513900	513910	6	isabelle/pss_mechanized.thy	14553	false	true	false
pss_mechanized.oper_d1pos_branch_collapse_concrete	pss_mechanized	513962	513962	1	isabelle/pss_mechanized.thy	14656	false	true	false
pss_mechanized.oper_d1pos_branch_butl	pss_mechanized	513988	513988	1	isabelle/pss_mechanized.thy	14688	false	true	false
pss_mechanized.oper_d1pos_branch_lowshift_regB	pss_mechanized	514228	514228	1	isabelle/pss_mechanized.thy	14724	false	true	false
pss_mechanized.oper_d1pos_anchor_tail_entry	pss_mechanized	514250	514250	1	isabelle/pss_mechanized.thy	14790	false	true	false
pss_mechanized.oper_d1pos_tail_junction	pss_mechanized	514354	514358	2	isabelle/pss_mechanized.thy	14825	false	true	false
pss_mechanized.Br_seg_reshape	pss_mechanized	514410	514410	1	isabelle/pss_mechanized.thy	14861	false	false	false
pss_mechanized.oper_d1pos_notbrle_Br_align	pss_mechanized	514976	514976	1	isabelle/pss_mechanized.thy	14900	false	true	false
pss_mechanized.oper_d1pos_nth_low_verbatim	pss_mechanized	515126	515126	1	isabelle/pss_mechanized.thy	14977	false	true	false
pss_mechanized.oper_d1pos_ctx_tnc_prefix	pss_mechanized	515384	515384	1	isabelle/pss_mechanized.thy	15041	false	true	false
pss_mechanized.TrMax_seg_oper_d1pos_eq_regA	pss_mechanized	515512	515512	1	isabelle/pss_mechanized.thy	15332	false	true	false
pss_mechanized.oper_d1pos_notbrle_Br_align_regA	pss_mechanized	516208	516208	1	isabelle/pss_mechanized.thy	15399	false	true	false
pss_mechanized.oper_d1pos_seg_low_verbatim	pss_mechanized	516336	516336	1	isabelle/pss_mechanized.thy	15460	false	true	false
pss_mechanized.notmulti_seg_prefix	pss_mechanized	516374	516374	1	isabelle/pss_mechanized.thy	15500	false	true	false
pss_mechanized.P_butlast_take_at_anchor	pss_mechanized	516466	516466	1	isabelle/pss_mechanized.thy	15535	false	true	false
pss_mechanized.oper_d1pos_branch_lowshift_regA	pss_mechanized	516562	516562	1	isabelle/pss_mechanized.thy	15654	false	true	false
pss_mechanized.oper_d1pos_anchor_coincide_regA	pss_mechanized	516662	516666	3	isabelle/pss_mechanized.thy	15714	false	true	false
pss_mechanized.anchor_lt_of_uniform_witness	pss_mechanized	516764	516764	1	isabelle/pss_mechanized.thy	15865	false	true	false
pss_mechanized.oper_d1pos_cNlt_of_Ajm2	pss_mechanized	516814	516814	1	isabelle/pss_mechanized.thy	15902	false	true	false
pss_mechanized.oper_d1pos_period_row0_floor	pss_mechanized	516856	516856	1	isabelle/pss_mechanized.thy	15971	false	true	false
pss_mechanized.oper_d1pos_strict_period_floor	pss_mechanized	516886	516886	1	isabelle/pss_mechanized.thy	16017	false	true	false
pss_mechanized.oper_d1pos_clt_regA	pss_mechanized	517158	517158	1	isabelle/pss_mechanized.thy	16068	false	true	false
pss_mechanized.oper_d1pos_clt_regB	pss_mechanized	517588	517588	1	isabelle/pss_mechanized.thy	16200	false	true	false
pss_mechanized.oper_d1pos_anchor_coincide_regA2	pss_mechanized	518088	518102	3	isabelle/pss_mechanized.thy	16390	false	true	false
pss_mechanized.oper_d1pos_anchor_coincide_regB	pss_mechanized	518286	518290	3	isabelle/pss_mechanized.thy	16463	false	true	false
pss_mechanized.anchor_ge_of_leftmin	pss_mechanized	518342	518342	1	isabelle/pss_mechanized.thy	16580	false	true	false
pss_mechanized.oper_d1pos_anchor_coincide_regB2	pss_mechanized	518684	518696	3	isabelle/pss_mechanized.thy	16617	false	true	false
pss_mechanized.oper_d1pos_branch_lowshift_regB_plug	pss_mechanized	519146	519146	1	isabelle/pss_mechanized.thy	16760	false	true	false
pss_mechanized.descending_Br_of_branch_le0	pss_mechanized	519238	519238	1	isabelle/pss_mechanized.thy	16788	false	true	false
pss_mechanized.oper_d1pos_ctx_dpos	pss_mechanized	519370	519370	1	isabelle/pss_mechanized.thy	16864	false	false	false
pss_mechanized.oper_d1pos_ctx_r1le	pss_mechanized	519448	519448	1	isabelle/pss_mechanized.thy	16879	false	false	false
pss_mechanized.oper_d1pos_ctx_j0lt	pss_mechanized	519540	519540	1	isabelle/pss_mechanized.thy	16904	false	false	false
pss_mechanized.oper_d1pos_ctx_multiM	pss_mechanized	519752	519752	1	isabelle/pss_mechanized.thy	16927	false	true	false
pss_mechanized.oper_d1pos_row0_agree	pss_mechanized	520018	520018	1	isabelle/pss_mechanized.thy	17021	false	true	false
pss_mechanized.nextrel0_prefix_row0	pss_mechanized	520128	520128	1	isabelle/pss_mechanized.thy	17090	false	false	false
pss_mechanized.le0_prefix_row0	pss_mechanized	520236	520236	1	isabelle/pss_mechanized.thy	17117	false	false	false
pss_mechanized.oper_d1pos_ctx_le0Np	pss_mechanized	520540	520540	1	isabelle/pss_mechanized.thy	17159	false	true	false
pss_mechanized.oper_d1pos_nth_below	pss_mechanized	520760	520760	1	isabelle/pss_mechanized.thy	17207	false	true	false
pss_mechanized.oper_d1pos_ctx_stop_of_tnc	pss_mechanized	520942	520942	1	isabelle/pss_mechanized.thy	17277	false	true	false
pss_mechanized.oper_d1pos_anchor_coincide_period_unified	pss_mechanized	521186	521192	3	isabelle/pss_mechanized.thy	17364	false	true	false
pss_mechanized.idxsum_lastcut_lmin_at	pss_mechanized	521246	521246	1	isabelle/pss_mechanized.thy	17563	false	true	false
pss_mechanized.oper_d1pos_lenPSeq_unified	pss_mechanized	521422	521422	1	isabelle/pss_mechanized.thy	17601	false	true	false
pss_mechanized.oper_d1pos_notbrle_LOW_take_eq_regA	pss_mechanized	522036	522036	1	isabelle/pss_mechanized.thy	17737	false	true	false
pss_mechanized.oper_d1pos_notbrle_LOW_take_eq_regB	pss_mechanized	523244	523244	1	isabelle/pss_mechanized.thy	18008	false	true	false
pss_mechanized.oper_d1pos_notbrle_LOW_take_eq_boundary	pss_mechanized	524326	524326	1	isabelle/pss_mechanized.thy	18323	false	true	false
pss_mechanized.seg_IncrFirst0	pss_mechanized	524446	524446	1	isabelle/pss_mechanized.thy	18619	false	false	false
pss_mechanized.seg_funpow_IncrFirst0	pss_mechanized	524484	524484	1	isabelle/pss_mechanized.thy	18644	false	false	false
pss_mechanized.oper_d1pos_anchor_coincide_period_interior	pss_mechanized	524622	524632	3	isabelle/pss_mechanized.thy	18671	false	true	false
pss_mechanized.oper_d1pos_anchor_coincide_period_boundary	pss_mechanized	524740	524746	3	isabelle/pss_mechanized.thy	18732	false	true	false
pss_mechanized.oper_d1pos_notbrle_period_fullShift	pss_mechanized	525070	525070	1	isabelle/pss_mechanized.thy	18791	false	true	false
pss_mechanized.oper_d1pos_notbrle_period_boundary_geom	pss_mechanized	525948	525948	1	isabelle/pss_mechanized.thy	18956	false	true	false
pss_mechanized.oper_d1pos_period_row0_unif	pss_mechanized	526188	526188	1	isabelle/pss_mechanized.thy	19267	false	true	false
pss_mechanized.nextrel0_prefix_row0_shift	pss_mechanized	526266	526266	1	isabelle/pss_mechanized.thy	19378	false	false	false
pss_mechanized.le0_prefix_row0_shift	pss_mechanized	526282	526282	1	isabelle/pss_mechanized.thy	19402	false	false	false
pss_mechanized.oper_d1pos_ctx_period_le0Np	pss_mechanized	526316	526316	1	isabelle/pss_mechanized.thy	19442	false	true	false
pss_mechanized.oper_d1pos_ctx_stop_direct	pss_mechanized	526704	526704	1	isabelle/pss_mechanized.thy	19581	false	true	false
pss_mechanized.oper_d1pos_ctx_stop_direct_strict	pss_mechanized	526890	526890	1	isabelle/pss_mechanized.thy	19891	false	true	false
pss_mechanized.oper_d1pos_ctx_period_tncstrict_uncapped	pss_mechanized	527116	527116	1	isabelle/pss_mechanized.thy	20019	false	true	false
pss_mechanized.nextrel0_prefix_row0_shift_rev	pss_mechanized	527138	527138	1	isabelle/pss_mechanized.thy	20093	false	false	false
pss_mechanized.le0_prefix_row0_shift_rev	pss_mechanized	527154	527154	1	isabelle/pss_mechanized.thy	20117	false	false	false
pss_mechanized.oper_d1pos_ctx_notbrleNp	pss_mechanized	527348	527348	1	isabelle/pss_mechanized.thy	20172	false	true	false
pss_mechanized.oper_d1pos_ctx_notbrleNp_verbatim	pss_mechanized	527752	527752	1	isabelle/pss_mechanized.thy	20322	false	true	false
pss_mechanized.oper_d1pos_ctx_period_multiNp	pss_mechanized	527908	527908	1	isabelle/pss_mechanized.thy	20469	false	true	false
pss_mechanized.oper_d1pos_period_boundary_undercut	pss_mechanized	528058	528058	1	isabelle/pss_mechanized.thy	20488	false	false	false
pss_mechanized.oper_d1pos_period_boundary_mLmin	pss_mechanized	528262	528262	1	isabelle/pss_mechanized.thy	20513	false	true	false
pss_mechanized.oper_d1pos_period_boundary_cle	pss_mechanized	528514	528514	1	isabelle/pss_mechanized.thy	20557	false	true	false
pss_mechanized.oper_d1pos_notbrle_LOW_take_eq_periodic	pss_mechanized	529576	529576	1	isabelle/pss_mechanized.thy	20584	false	true	false
pss_mechanized.oper_d1pos_low_anchor_shamt0	pss_mechanized	530034	530034	1	isabelle/pss_mechanized.thy	20904	false	true	false
pss_mechanized.oper_d1pos_period_boundary_cleMB	pss_mechanized	530332	530332	1	isabelle/pss_mechanized.thy	21135	false	true	false
pss_mechanized.oper_d1pos_notbrle_LOW_take_eq	pss_mechanized	530620	530620	1	isabelle/pss_mechanized.thy	21497	false	true	false
pss_mechanized.m_6_8_slice_Br_descending_monoT	pss_mechanized	530980	530980	1	isabelle/pss_mechanized.thy	21961	false	true	false
pss_mechanized.m_6_8_standard_slice_Br_descending	pss_mechanized	531020	531020	1	isabelle/pss_mechanized.thy	24002	false	true	false
pss_mechanized.m_7_1_term_components	pss_mechanized	531050	531050	1	isabelle/pss_mechanized.thy	24124	false	true	false
pss_mechanized.filter_concat_bal	pss_mechanized	531100	531100	1	isabelle/pss_mechanized.thy	24142	false	false	false
pss_mechanized.flatBT_paren_balance	pss_mechanized	531134	531134	1	isabelle/pss_mechanized.thy	24148	false	true	false
pss_mechanized.m_7_1_paren_balance	pss_mechanized	531146	531146	1	isabelle/pss_mechanized.thy	24198	false	true	false
pss_mechanized.lessBT_list_irrefl	pss_mechanized	531192	531192	1	isabelle/pss_mechanized.thy	24221	false	true	false
pss_mechanized.lessBT_lessBP_irrefl	pss_mechanized	531200	531200	1	isabelle/pss_mechanized.thy	24232	false	true	false
pss_mechanized.lessBT_irrefl	pss_mechanized	531210	531210	1	isabelle/pss_mechanized.thy	24248	false	true	false
pss_mechanized.lessBP_irrefl	pss_mechanized	531216	531216	1	isabelle/pss_mechanized.thy	24251	false	true	false
pss_mechanized.lessBT_trans	pss_mechanized	531278	531278	1	isabelle/pss_mechanized.thy	24260	false	true	false
pss_mechanized.lessBT_list_total	pss_mechanized	531330	531330	1	isabelle/pss_mechanized.thy	24365	false	true	false
pss_mechanized.lessBT_lessBP_total	pss_mechanized	531380	531380	1	isabelle/pss_mechanized.thy	24394	false	true	false
pss_mechanized.lessBT_total	pss_mechanized	531398	531398	1	isabelle/pss_mechanized.thy	24424	false	true	false
pss_mechanized.m_7_1_lessBT_linord	pss_mechanized	531422	531426	3	isabelle/pss_mechanized.thy	24429	false	true	false
pss_mechanized.otb_Dpt_0	pss_mechanized	531460	531460	1	isabelle/pss_mechanized.thy	24442	false	true	false
pss_mechanized.otb_tower_Suc	pss_mechanized	531500	531500	1	isabelle/pss_mechanized.thy	24446	false	false	false
pss_mechanized.otb_tower_dfree	pss_mechanized	531516	531516	1	isabelle/pss_mechanized.thy	24451	false	true	false
pss_mechanized.otb_tower_lessBT	pss_mechanized	531582	531582	1	isabelle/pss_mechanized.thy	24456	false	true	false
pss_mechanized.otb_tower_G_and_OT	pss_mechanized	531606	531606	1	isabelle/pss_mechanized.thy	24481	false	true	false
pss_mechanized.otb_descP_replicate	pss_mechanized	531624	531624	1	isabelle/pss_mechanized.thy	24516	false	true	false
pss_mechanized.otb_mult_eq_replicate	pss_mechanized	531672	531672	1	isabelle/pss_mechanized.thy	24532	false	true	false
pss_mechanized.m_6_6_rebase_row0_ge_row1	pss_mechanized	531922	531922	1	isabelle/pss_mechanized.thy	24603	false	true	false
pss_mechanized.le0_diagSeq_junction_into_block	pss_mechanized	532016	532016	1	isabelle/pss_mechanized.thy	24658	false	true	false
pss_mechanized.nth_concat_block	pss_mechanized	532064	532064	1	isabelle/pss_mechanized.thy	24701	false	true	false
pss_mechanized.Red_leftend_ge_row1	pss_mechanized	532158	532158	1	isabelle/pss_mechanized.thy	24736	false	true	false
pss_mechanized.joints_coreReduce_ge_m10	pss_mechanized	532346	532346	1	isabelle/pss_mechanized.thy	24956	false	true	false
pss_mechanized.npJ_le_Joints_Suc	pss_mechanized	532410	532410	1	isabelle/pss_mechanized.thy	25040	false	true	false
pss_mechanized.redB_tail_row0_above_anchor	pss_mechanized	532520	532520	1	isabelle/pss_mechanized.thy	25114	false	true	false
pss_mechanized.coreReduce_m10_le_TrMax	pss_mechanized	532576	532576	1	isabelle/pss_mechanized.thy	25335	false	false	false
pss_mechanized.redB_prefix_diag	pss_mechanized	532682	532682	1	isabelle/pss_mechanized.thy	25366	false	true	false
pss_mechanized.redB_row0_strict_above_anchor	pss_mechanized	532846	532846	1	isabelle/pss_mechanized.thy	25460	false	true	false
pss_mechanized.redB_row0_strict_suffix_min	pss_mechanized	532920	532920	1	isabelle/pss_mechanized.thy	25533	false	true	false
pss_mechanized.redB_row1_anchor	pss_mechanized	533002	533002	1	isabelle/pss_mechanized.thy	25550	false	true	false
pss_mechanized.redB_le0_anchor_jN	pss_mechanized	533138	533138	1	isabelle/pss_mechanized.thy	25560	false	true	false
pss_mechanized.m_6_5_monoT_Red_m10pos	pss_mechanized	533262	533262	1	isabelle/pss_mechanized.thy	25615	false	true	false
pss_mechanized.bumpv_strict_mono	pss_mechanized	533386	533386	1	isabelle/pss_mechanized.thy	25708	false	false	false
pss_mechanized.bumpv_le	pss_mechanized	533420	533420	1	isabelle/pss_mechanized.thy	25711	false	false	false
pss_mechanized.tail_bump.row0_lt	pss_mechanized	533566	533566	1	isabelle/pss_mechanized.thy	25725	false	false	false
pss_mechanized.tail_bump.row0_ge	pss_mechanized	533636	533636	1	isabelle/pss_mechanized.thy	25728	false	false	false
pss_mechanized.diag_tail_bump	pss_mechanized	533952	533952	1	isabelle/pss_mechanized.thy	25846	false	false	false
pss_mechanized.coreReduce_m10pos_form	pss_mechanized	534024	534024	1	isabelle/pss_mechanized.thy	25918	false	false	false
pss_mechanized.coreReduce_IncrFirst_m10pos_form	pss_mechanized	534110	534110	1	isabelle/pss_mechanized.thy	25923	false	false	false
pss_mechanized.tail_bump_coreReduce	pss_mechanized	534170	534170	1	isabelle/pss_mechanized.thy	25941	false	true	false
pss_mechanized.njA_TrMax_eq	pss_mechanized	534232	534232	1	isabelle/pss_mechanized.thy	25972	false	true	false
pss_mechanized.njA_TrMax_ge_m10	pss_mechanized	534304	534304	1	isabelle/pss_mechanized.thy	25981	false	false	false
pss_mechanized.njA_seg_IncrFirst	pss_mechanized	534376	534376	1	isabelle/pss_mechanized.thy	26003	false	false	false
pss_mechanized.njA_Br_eq	pss_mechanized	534448	534448	1	isabelle/pss_mechanized.thy	26057	false	true	false
pss_mechanized.njA_length_Br_eq	pss_mechanized	534500	534500	1	isabelle/pss_mechanized.thy	26096	false	true	false
pss_mechanized.length_o_IncrFirst	pss_mechanized	534528	534528	1	isabelle/pss_mechanized.thy	26104	false	false	false
pss_mechanized.IdxSum_map_IncrFirst	pss_mechanized	534556	534556	1	isabelle/pss_mechanized.thy	26107	false	true	false
pss_mechanized.njA_FirstNodes_eq	pss_mechanized	534602	534602	1	isabelle/pss_mechanized.thy	26112	false	true	false
pss_mechanized.njA_Joints_eq	pss_mechanized	534648	534648	1	isabelle/pss_mechanized.thy	26127	false	true	false
pss_mechanized.njA_npJ_eq	pss_mechanized	534694	534694	1	isabelle/pss_mechanized.thy	26145	false	true	false
pss_mechanized.njA_eJ_eq	pss_mechanized	534752	534752	1	isabelle/pss_mechanized.thy	26180	false	true	false
pss_mechanized.m_6_6_Red_leftend_2	pss_mechanized	535024	535024	1	isabelle/pss_mechanized.thy	26208	false	true	false
pss_mechanized.pred_P_decomp	pss_mechanized	535190	535190	1	isabelle/pss_mechanized.thy	26539	false	true	false
pss_mechanized.butlast_diagSeq	pss_mechanized	535254	535254	1	isabelle/pss_mechanized.thy	26699	false	false	false
pss_mechanized.diagSeq_in_T_PS	pss_mechanized	535286	535286	1	isabelle/pss_mechanized.thy	26716	false	false	false
pss_mechanized.Red_core_diagSeq	pss_mechanized	535316	535316	1	isabelle/pss_mechanized.thy	26727	false	true	false
pss_mechanized.Red_Pred_core_diagSeq	pss_mechanized	535340	535340	1	isabelle/pss_mechanized.thy	26767	false	true	false
pss_mechanized.TrMax_Pred	pss_mechanized	535372	535372	1	isabelle/pss_mechanized.thy	26800	false	true	false
pss_mechanized.IncrFirst_butlast	pss_mechanized	535384	535384	1	isabelle/pss_mechanized.thy	26856	false	false	false
pss_mechanized.funpow_IncrFirst_butlast	pss_mechanized	535406	535406	1	isabelle/pss_mechanized.thy	26859	false	false	false
pss_mechanized.entry_Pred_0	pss_mechanized	535436	535436	1	isabelle/pss_mechanized.thy	26867	false	false	false
pss_mechanized.m_6_5_T4_coreArg_Pred	pss_mechanized	535486	535486	1	isabelle/pss_mechanized.thy	26885	false	true	false
pss_mechanized.m_6_6_P_Pred_decomp	pss_mechanized	535514	535514	1	isabelle/pss_mechanized.thy	26928	false	true	false
pss_mechanized.m_6_6_Br_Pred	pss_mechanized	535530	535530	1	isabelle/pss_mechanized.thy	27017	false	true	false
pss_mechanized.nextrel0_leftmin_no_cross	pss_mechanized	535542	535542	1	isabelle/pss_mechanized.thy	27111	false	false	false
pss_mechanized.le0_leftmin_ancestor_ge	pss_mechanized	535586	535586	1	isabelle/pss_mechanized.thy	27144	false	false	false
pss_mechanized.m_6_4_parent_in_block	pss_mechanized	535688	535688	1	isabelle/pss_mechanized.thy	27179	false	true	false
pss_mechanized.concat_eq_of_map_length_eq	pss_mechanized	535738	535738	1	isabelle/pss_mechanized.thy	27216	false	false	false
pss_mechanized.m_6_6_Red_P_stable	pss_mechanized	535768	535768	1	isabelle/pss_mechanized.thy	27250	false	true	false
pss_mechanized.m_6_6_RedCondA_core_diag	pss_mechanized	535808	535808	1	isabelle/pss_mechanized.thy	27307	false	true	false
pss_mechanized.rcpb_block_eq	pss_mechanized	535826	535826	1	isabelle/pss_mechanized.thy	27515	false	true	false
pss_mechanized.rcpb_nextR_seg	pss_mechanized	535888	535888	1	isabelle/pss_mechanized.thy	27555	false	false	false
pss_mechanized.rcpb_parent_iff	pss_mechanized	536032	536032	1	isabelle/pss_mechanized.thy	27575	false	true	false
pss_mechanized.rcpb_hasParent_iff	pss_mechanized	536108	536110	2	isabelle/pss_mechanized.thy	27616	false	true	false
pss_mechanized.m_6_6_RedCond_P_block	pss_mechanized	536136	536136	1	isabelle/pss_mechanized.thy	27723	false	true	false
pss_mechanized.clift_block_bounds	pss_mechanized	536182	536182	1	isabelle/pss_mechanized.thy	27822	false	true	false
pss_mechanized.clift_nextR_lift	pss_mechanized	536238	536238	1	isabelle/pss_mechanized.thy	27862	false	true	false
pss_mechanized.clift_local_imp_global_parent	pss_mechanized	536270	536270	1	isabelle/pss_mechanized.thy	27897	false	true	false
pss_mechanized.clift_global_imp_local_parent	pss_mechanized	536342	536342	1	isabelle/pss_mechanized.thy	27911	false	true	false
pss_mechanized.m_6_6_RedCond_concat_lift	pss_mechanized	536520	536520	1	isabelle/pss_mechanized.thy	27942	false	true	false
pss_mechanized.m_6_6_P_reduced	pss_mechanized	536598	536598	1	isabelle/pss_mechanized.thy	28120	false	true	false
pss_mechanized.idem_anchored_not_multi	pss_mechanized	536644	536644	1	isabelle/pss_mechanized.thy	28185	false	true	false
pss_mechanized.eng_Red_IncrFirst_zeroT	pss_mechanized	536660	536660	1	isabelle/pss_mechanized.thy	28224	false	true	false
pss_mechanized.eng_Red_IncrFirst_core	pss_mechanized	536730	536730	1	isabelle/pss_mechanized.thy	28242	false	true	false
pss_mechanized.eng_Red_IncrFirst_shift	pss_mechanized	536744	536744	1	isabelle/pss_mechanized.thy	28291	false	true	false
pss_mechanized.eng_Red_IncrFirst_multi_reduce	pss_mechanized	536774	536774	1	isabelle/pss_mechanized.thy	28339	false	true	false
pss_mechanized.eng_Red_IncrFirst_m10pos_reduce	pss_mechanized	536818	536818	1	isabelle/pss_mechanized.thy	28380	false	true	false
pss_mechanized.eng_Red_IncrFirst_modB2	pss_mechanized	536872	536872	1	isabelle/pss_mechanized.thy	28451	false	true	false
pss_mechanized.Lng_bumpAt	pss_mechanized	536900	536900	1	isabelle/pss_mechanized.thy	28529	false	false	false
pss_mechanized.entry_bumpAt0	pss_mechanized	536908	536908	1	isabelle/pss_mechanized.thy	28532	false	false	false
pss_mechanized.entry_bumpAt1	pss_mechanized	536918	536918	1	isabelle/pss_mechanized.thy	28536	false	false	false
pss_mechanized.tail_bump_bumpAt	pss_mechanized	536942	536942	1	isabelle/pss_mechanized.thy	28544	false	false	false
pss_mechanized.cut_bump.cb_branch_entry0	pss_mechanized	537024	537024	1	isabelle/pss_mechanized.thy	28569	false	false	false
pss_mechanized.cut_bump.cb_seg_IncrFirst	pss_mechanized	537060	537060	1	isabelle/pss_mechanized.thy	28579	false	false	false
pss_mechanized.cut_bump.cb_Br_eq	pss_mechanized	537112	537112	1	isabelle/pss_mechanized.thy	28616	false	true	false
pss_mechanized.cut_bump.cb_length_Br_eq	pss_mechanized	537120	537120	1	isabelle/pss_mechanized.thy	28666	false	true	false
pss_mechanized.cut_bump.cb_FirstNodes_eq	pss_mechanized	537126	537126	1	isabelle/pss_mechanized.thy	28669	false	true	false
pss_mechanized.cut_bump.cb_Joints_eq	pss_mechanized	537136	537136	1	isabelle/pss_mechanized.thy	28676	false	true	false
pss_mechanized.cut_bump.cb_npJ_eq	pss_mechanized	537150	537150	1	isabelle/pss_mechanized.thy	28679	false	true	false
pss_mechanized.cut_bump.cb_NJ_bumpAt	pss_mechanized	537196	537196	1	isabelle/pss_mechanized.thy	28707	false	true	false
pss_mechanized.bumpAt_take	pss_mechanized	537202	537202	1	isabelle/pss_mechanized.thy	28822	false	false	false
pss_mechanized.bumpAt_drop	pss_mechanized	537208	537208	1	isabelle/pss_mechanized.thy	28825	false	false	false
pss_mechanized.bumpAt_multiT_eq	pss_mechanized	537216	537216	1	isabelle/pss_mechanized.thy	28828	false	false	false
pss_mechanized.bumpAt_Pcut_eq	pss_mechanized	537224	537224	1	isabelle/pss_mechanized.thy	28831	false	false	false
pss_mechanized.P_bumpAt	pss_mechanized	537230	537230	1	isabelle/pss_mechanized.thy	28834	false	true	false
pss_mechanized.bumpv_shift	pss_mechanized	537236	537236	1	isabelle/pss_mechanized.thy	28868	false	false	false
pss_mechanized.entry_diag_funpow_bumpAt0	pss_mechanized	537242	537242	1	isabelle/pss_mechanized.thy	28871	false	false	false
pss_mechanized.bumpAt_diag_funpow	pss_mechanized	537250	537250	1	isabelle/pss_mechanized.thy	28909	false	false	false
pss_mechanized.cut_bump_bumpAt	pss_mechanized	537268	537268	1	isabelle/pss_mechanized.thy	28965	false	false	false
pss_mechanized.cut_bump_coreReduce	pss_mechanized	537294	537294	1	isabelle/pss_mechanized.thy	28974	false	true	false
pss_mechanized.fin_shift_bumpv	pss_mechanized	537310	537310	1	isabelle/pss_mechanized.thy	29007	false	false	false
pss_mechanized.fin_TrMax_shiftRow0	pss_mechanized	537448	537448	1	isabelle/pss_mechanized.thy	29023	false	false	false
pss_mechanized.fin_cut_block_tail	pss_mechanized	537504	537504	1	isabelle/pss_mechanized.thy	29042	false	true	false
pss_mechanized.fin_TrMax_argX_ge	pss_mechanized	537600	537600	1	isabelle/pss_mechanized.thy	29145	false	true	false
pss_mechanized.fin_cut_bump_Red	pss_mechanized	537722	537722	1	isabelle/pss_mechanized.thy	29214	false	true	false
pss_mechanized.fin_cutOK_coreReduce	pss_mechanized	537784	537784	1	isabelle/pss_mechanized.thy	29710	false	true	false
pss_mechanized.fin_coreReduce_IncrFirst_bumpAt	pss_mechanized	537842	537842	1	isabelle/pss_mechanized.thy	29728	false	true	false
pss_mechanized.m_6_5_Red_IncrFirst_B2	pss_mechanized	537904	537904	1	isabelle/pss_mechanized.thy	29763	false	true	false
pss_mechanized.m_6_5_Red_IncrFirst	pss_mechanized	537922	537922	1	isabelle/pss_mechanized.thy	29786	false	true	false
pss_mechanized.idem2_zeroT	pss_mechanized	537958	537958	1	isabelle/pss_mechanized.thy	29801	false	true	false
pss_mechanized.idem2_core_trunk	pss_mechanized	538028	538028	1	isabelle/pss_mechanized.thy	29818	false	true	false
pss_mechanized.idem2_shift_reduce	pss_mechanized	538158	538158	1	isabelle/pss_mechanized.thy	29840	false	true	false
pss_mechanized.cong_struct.nextrel0_eq	pss_mechanized	538274	538274	1	isabelle/pss_mechanized.thy	29887	false	false	false
pss_mechanized.cong_struct.le0_eq	pss_mechanized	538288	538288	1	isabelle/pss_mechanized.thy	29889	false	false	false
pss_mechanized.cong_struct.nextrel1_eq	pss_mechanized	538308	538308	1	isabelle/pss_mechanized.thy	29892	false	false	false
pss_mechanized.cong_struct.le1_eq	pss_mechanized	538328	538328	1	isabelle/pss_mechanized.thy	29935	false	false	false
pss_mechanized.cong_struct.nextR_eq	pss_mechanized	538350	538350	1	isabelle/pss_mechanized.thy	29938	false	false	false
pss_mechanized.cong_struct.leR_eq	pss_mechanized	538360	538360	1	isabelle/pss_mechanized.thy	29941	false	false	false
pss_mechanized.cong_struct.TrMax_eq	pss_mechanized	538386	538386	1	isabelle/pss_mechanized.thy	29944	false	false	false
pss_mechanized.cong_struct.zeroT_eq	pss_mechanized	538404	538404	1	isabelle/pss_mechanized.thy	29947	false	false	false
pss_mechanized.cong_struct.monoT_eq	pss_mechanized	538434	538434	1	isabelle/pss_mechanized.thy	29951	false	false	false
pss_mechanized.cong_struct.multiT_eq	pss_mechanized	538458	538458	1	isabelle/pss_mechanized.thy	29954	false	false	false
pss_mechanized.cong_struct.Pcut_eq	pss_mechanized	538464	538464	1	isabelle/pss_mechanized.thy	29957	false	false	false
pss_mechanized.congR_cong_struct	pss_mechanized	538570	538570	1	isabelle/pss_mechanized.thy	29977	false	false	false
pss_mechanized.cong_struct_congR	pss_mechanized	538598	538598	1	isabelle/pss_mechanized.thy	29980	false	false	false
pss_mechanized.congR_refl	pss_mechanized	538616	538616	1	isabelle/pss_mechanized.thy	29992	false	false	false
pss_mechanized.congR_trans	pss_mechanized	538654	538654	1	isabelle/pss_mechanized.thy	29994	false	false	false
pss_mechanized.congR_Lng	pss_mechanized	538688	538688	1	isabelle/pss_mechanized.thy	29998	false	false	false
pss_mechanized.congR_nextR	pss_mechanized	538754	538754	1	isabelle/pss_mechanized.thy	29999	false	false	false
pss_mechanized.congR_leR	pss_mechanized	538790	538790	1	isabelle/pss_mechanized.thy	30001	false	false	false
pss_mechanized.congR_TrMax	pss_mechanized	538828	538828	1	isabelle/pss_mechanized.thy	30003	false	false	false
pss_mechanized.congR_zeroT	pss_mechanized	538870	538870	1	isabelle/pss_mechanized.thy	30005	false	false	false
pss_mechanized.congR_monoT	pss_mechanized	538902	538902	1	isabelle/pss_mechanized.thy	30007	false	false	false
pss_mechanized.congR_multiT	pss_mechanized	538918	538918	1	isabelle/pss_mechanized.thy	30009	false	false	false
pss_mechanized.congR_Pcut	pss_mechanized	538954	538954	1	isabelle/pss_mechanized.thy	30011	false	false	false
pss_mechanized.congR_seg	pss_mechanized	539010	539010	1	isabelle/pss_mechanized.thy	30018	false	false	false
pss_mechanized.congR_take	pss_mechanized	539070	539070	1	isabelle/pss_mechanized.thy	30065	false	true	false
pss_mechanized.congR_drop	pss_mechanized	539122	539122	1	isabelle/pss_mechanized.thy	30081	false	false	false
pss_mechanized.congR_P_maplen	pss_mechanized	539154	539154	1	isabelle/pss_mechanized.thy	30101	false	true	false
pss_mechanized.congR_P_length	pss_mechanized	539170	539170	1	isabelle/pss_mechanized.thy	30138	false	true	false
pss_mechanized.congR_P_IdxSum	pss_mechanized	539204	539204	1	isabelle/pss_mechanized.thy	30141	false	true	false
pss_mechanized.congR_P_block	pss_mechanized	539296	539296	1	isabelle/pss_mechanized.thy	30154	false	true	false
pss_mechanized.congR_IncrFirst	pss_mechanized	539350	539350	1	isabelle/pss_mechanized.thy	30196	false	false	false
pss_mechanized.congR_funpow_IncrFirst	pss_mechanized	539384	539384	1	isabelle/pss_mechanized.thy	30216	false	false	false
pss_mechanized.congR_shiftRow0	pss_mechanized	539456	539456	1	isabelle/pss_mechanized.thy	30223	false	false	false
pss_mechanized.congR_brseg	pss_mechanized	539562	539562	1	isabelle/pss_mechanized.thy	30257	false	false	false
pss_mechanized.congR_Br_length	pss_mechanized	539600	539600	1	isabelle/pss_mechanized.thy	30265	false	true	false
pss_mechanized.congR_Br_block	pss_mechanized	539642	539642	1	isabelle/pss_mechanized.thy	30288	false	true	false
pss_mechanized.congR_Br_maplen	pss_mechanized	539710	539710	1	isabelle/pss_mechanized.thy	30366	false	true	false
pss_mechanized.congR_IdxSum_Br	pss_mechanized	539736	539736	1	isabelle/pss_mechanized.thy	30380	false	true	false
pss_mechanized.congR_FirstNodes	pss_mechanized	539770	539770	1	isabelle/pss_mechanized.thy	30391	false	true	false
pss_mechanized.congR_Joints	pss_mechanized	539782	539782	1	isabelle/pss_mechanized.thy	30399	false	true	false
pss_mechanized.congR_npJ	pss_mechanized	539796	539796	1	isabelle/pss_mechanized.thy	30405	false	true	false
pss_mechanized.cdn_nextrel0_suc_cong	pss_mechanized	539918	539918	1	isabelle/pss_mechanized.thy	30435	false	false	false
pss_mechanized.cdn_minhead_runmin_char	pss_mechanized	540016	540016	1	isabelle/pss_mechanized.thy	30466	false	true	false
pss_mechanized.cdn_nextrel0_minhead_cong	pss_mechanized	540138	540138	1	isabelle/pss_mechanized.thy	30515	false	true	false
pss_mechanized.congR_NJ	pss_mechanized	540236	540236	1	isabelle/pss_mechanized.thy	30575	false	true	false
pss_mechanized.cdn_entry0_diagfun	pss_mechanized	540292	540292	1	isabelle/pss_mechanized.thy	30698	false	true	false
pss_mechanized.cdn_Lng_diagfun	pss_mechanized	540306	540306	1	isabelle/pss_mechanized.thy	30721	false	false	false
pss_mechanized.cdn_runmin_char	pss_mechanized	540326	540326	1	isabelle/pss_mechanized.thy	30732	false	false	false
pss_mechanized.cdn_nextrel0_diagfun_cong	pss_mechanized	540358	540358	1	isabelle/pss_mechanized.thy	30779	false	true	false
pss_mechanized.congR_diag_funpow	pss_mechanized	540408	540408	1	isabelle/pss_mechanized.thy	31028	false	true	false
pss_mechanized.cdn_shiftRow0_id	pss_mechanized	540416	540416	1	isabelle/pss_mechanized.thy	31078	false	false	false
pss_mechanized.cdn_Red_shiftRow0_m10z	pss_mechanized	540432	540432	1	isabelle/pss_mechanized.thy	31098	false	true	false
pss_mechanized.congR_self_shiftRow0	pss_mechanized	540450	540450	1	isabelle/pss_mechanized.thy	31127	false	false	false
pss_mechanized.cdn_red_cong	pss_mechanized	540618	540618	1	isabelle/pss_mechanized.thy	31150	false	true	false
pss_mechanized.b2_entry0_diag_app	pss_mechanized	540696	540696	1	isabelle/pss_mechanized.thy	31393	false	true	false
pss_mechanized.b2_Lng_diag_app	pss_mechanized	540746	540746	1	isabelle/pss_mechanized.thy	31409	false	false	false
pss_mechanized.b2_nextrel0_tailbump	pss_mechanized	540808	540808	1	isabelle/pss_mechanized.thy	31424	false	true	false
pss_mechanized.b2_congR_tailbump	pss_mechanized	540840	540840	1	isabelle/pss_mechanized.thy	31645	false	true	false
pss_mechanized.b2_RedM_eq_segN	pss_mechanized	540858	540858	1	isabelle/pss_mechanized.thy	31685	false	true	false
pss_mechanized.b2_N_eq_diag_RedM	pss_mechanized	540866	540866	1	isabelle/pss_mechanized.thy	31766	false	true	false
pss_mechanized.b2_idem_m10pos	pss_mechanized	540888	540888	1	isabelle/pss_mechanized.thy	31821	false	true	false
pss_mechanized.s_FirstNode0_eq_TrMax_Suc	pss_mechanized	540918	540918	1	isabelle/pss_mechanized.thy	31898	false	true	false
pss_mechanized.s_npJ0_le_TrMax	pss_mechanized	540940	540940	1	isabelle/pss_mechanized.thy	31907	false	true	false
pss_mechanized.fl_s_TrMax_Red	pss_mechanized	540966	540966	1	isabelle/pss_mechanized.thy	31977	false	true	false
pss_mechanized.d_Red_core_nontrunk_unfold	pss_mechanized	540992	540992	1	isabelle/pss_mechanized.thy	32118	false	true	false
pss_mechanized.fin_Red_leftend_row0_eq_m10	pss_mechanized	541012	541012	1	isabelle/pss_mechanized.thy	32179	false	true	false
pss_mechanized.fin_Red_NJ_leftend	pss_mechanized	541044	541044	1	isabelle/pss_mechanized.thy	32309	false	true	false
pss_mechanized.fin_block_head	pss_mechanized	541122	541122	1	isabelle/pss_mechanized.thy	32341	false	true	false
pss_mechanized.rmt_core_nontrunk_tail_pos	pss_mechanized	541186	541186	1	isabelle/pss_mechanized.thy	32372	false	true	false
pss_mechanized.rmt_core_nontrunk_strict_suffix_min	pss_mechanized	541246	541246	1	isabelle/pss_mechanized.thy	32502	false	true	false
pss_mechanized.m_6_5_Red_preserves_monoT	pss_mechanized	541258	541258	1	isabelle/pss_mechanized.thy	32543	false	true	false
pss_mechanized.if2_P_concat_blocks	pss_mechanized	541352	541352	1	isabelle/pss_mechanized.thy	32787	false	true	false
pss_mechanized.if2_multiT_funpow_IncrFirst	pss_mechanized	541374	541374	1	isabelle/pss_mechanized.thy	32920	false	false	false
pss_mechanized.if2_block_props	pss_mechanized	541388	541388	1	isabelle/pss_mechanized.thy	32929	false	true	false
pss_mechanized.if2_block_row0_min	pss_mechanized	541474	541474	1	isabelle/pss_mechanized.thy	32972	false	true	false
pss_mechanized.if2_Br_Red	pss_mechanized	541528	541528	1	isabelle/pss_mechanized.thy	33025	false	true	false
pss_mechanized.a1_Red_trunk_row0	pss_mechanized	541538	541538	1	isabelle/pss_mechanized.thy	33132	false	true	false
pss_mechanized.a1_FN_hasParent	pss_mechanized	541544	541544	1	isabelle/pss_mechanized.thy	33161	false	true	false
pss_mechanized.a1_FN_lt	pss_mechanized	541552	541552	1	isabelle/pss_mechanized.thy	33186	false	true	false
pss_mechanized.a1_concat_locate_raw	pss_mechanized	541560	541560	1	isabelle/pss_mechanized.thy	33198	false	true	false
pss_mechanized.a1_concat_locate	pss_mechanized	541624	541624	1	isabelle/pss_mechanized.thy	33225	false	true	false
pss_mechanized.a1_sumlen_take_mono	pss_mechanized	541694	541694	1	isabelle/pss_mechanized.thy	33240	false	true	false
pss_mechanized.a1_if_Joints_Red	pss_mechanized	541764	541764	1	isabelle/pss_mechanized.thy	33254	false	true	false
pss_mechanized.a1_BrRed_row1_head	pss_mechanized	541786	541786	1	isabelle/pss_mechanized.thy	33432	false	true	false
pss_mechanized.a1_if_npJ_Red_zero	pss_mechanized	541808	541808	1	isabelle/pss_mechanized.thy	33467	false	true	false
pss_mechanized.a1_Red_trunk_row1	pss_mechanized	541836	541836	1	isabelle/pss_mechanized.thy	33483	false	true	false
pss_mechanized.a1_Red_trunk_nextrel0_step	pss_mechanized	541846	541846	1	isabelle/pss_mechanized.thy	33512	false	true	false
pss_mechanized.a1_Red_trunk_le0	pss_mechanized	541930	541930	1	isabelle/pss_mechanized.thy	33531	false	true	false
pss_mechanized.a1_le0_ancestor_le_parent	pss_mechanized	541978	541978	1	isabelle/pss_mechanized.thy	33570	false	false	false
pss_mechanized.a1_if_npJ_Red_pos	pss_mechanized	542110	542110	1	isabelle/pss_mechanized.thy	33595	false	true	false
pss_mechanized.a1_if_npJ_Red	pss_mechanized	542150	542150	1	isabelle/pss_mechanized.thy	33729	false	true	false
pss_mechanized.a1_Red_funpow_IncrFirst	pss_mechanized	542190	542190	1	isabelle/pss_mechanized.thy	33745	false	true	false
pss_mechanized.a1_NJ_Red_eq	pss_mechanized	542358	542358	1	isabelle/pss_mechanized.thy	33771	false	true	false
pss_mechanized.a1_Red_NJ_Red_residual	pss_mechanized	542408	542408	1	isabelle/pss_mechanized.thy	33832	false	true	false
pss_mechanized.a1_idem_core_nontrunk	pss_mechanized	542510	542510	1	isabelle/pss_mechanized.thy	33857	false	true	false
pss_mechanized.a1_idem_m10pos	pss_mechanized	542618	542618	1	isabelle/pss_mechanized.thy	33945	false	true	false
pss_mechanized.idem_nonmulti	pss_mechanized	542658	542658	1	isabelle/pss_mechanized.thy	34021	false	true	false
pss_mechanized.m_6_5_Red_idem	pss_mechanized	542676	542676	1	isabelle/pss_mechanized.thy	34141	false	true	false
pss_mechanized.a3_butlast_concat	pss_mechanized	542726	542726	1	isabelle/pss_mechanized.thy	34162	false	false	false
pss_mechanized.a3_map_butlast	pss_mechanized	542770	542770	1	isabelle/pss_mechanized.thy	34179	false	false	false
pss_mechanized.a3_butlast_Red_len1	pss_mechanized	542800	542800	1	isabelle/pss_mechanized.thy	34186	false	true	false
pss_mechanized.a3_shiftRow0_Pred	pss_mechanized	542834	542834	1	isabelle/pss_mechanized.thy	34198	false	false	false
pss_mechanized.a3_Red_shiftRow0_Pred_m10z	pss_mechanized	542876	542876	1	isabelle/pss_mechanized.thy	34249	false	true	false
pss_mechanized.a3_TrMax_Pred_trunk	pss_mechanized	542930	542930	1	isabelle/pss_mechanized.thy	34295	false	false	false
pss_mechanized.a3_Red_Pred_cond	pss_mechanized	543208	543208	1	isabelle/pss_mechanized.thy	34351	false	true	false
pss_mechanized.rpred_Br_Pred_prefix	pss_mechanized	543340	543340	1	isabelle/pss_mechanized.thy	34737	false	true	false
pss_mechanized.rpred_IdxSum_prefix_append	pss_mechanized	543408	543408	1	isabelle/pss_mechanized.thy	34753	false	true	false
pss_mechanized.rpred_IdxSum_butlast	pss_mechanized	543456	543456	1	isabelle/pss_mechanized.thy	34770	false	true	false
pss_mechanized.rpred_FirstNodes_Pred	pss_mechanized	543654	543654	1	isabelle/pss_mechanized.thy	34790	false	true	false
pss_mechanized.rpred_JBr_Pred_imp	pss_mechanized	543802	543802	1	isabelle/pss_mechanized.thy	34863	false	true	false
pss_mechanized.rpred_hasParent_FirstNodes	pss_mechanized	543862	543862	1	isabelle/pss_mechanized.thy	34900	false	true	false
pss_mechanized.rpred_Joints_Pred	pss_mechanized	544088	544088	1	isabelle/pss_mechanized.thy	34930	false	true	false
pss_mechanized.rpred_branch_e1_Pred	pss_mechanized	544336	544336	1	isabelle/pss_mechanized.thy	35025	false	true	false
pss_mechanized.rpred_npJ_Pred	pss_mechanized	544654	544654	1	isabelle/pss_mechanized.thy	35084	false	true	false
pss_mechanized.rpred_block_eq_interior	pss_mechanized	544842	544842	1	isabelle/pss_mechanized.thy	35190	false	true	false
pss_mechanized.rpred_NJ_interior	pss_mechanized	544938	544938	1	isabelle/pss_mechanized.thy	35220	false	true	false
pss_mechanized.rpred_lastblock_Pred	pss_mechanized	545028	545028	1	isabelle/pss_mechanized.thy	35244	false	true	false
pss_mechanized.rpred_NJ_lastblock	pss_mechanized	545102	545102	1	isabelle/pss_mechanized.thy	35281	false	true	false
pss_mechanized.rpred_BL_nonempty	pss_mechanized	545156	545156	1	isabelle/pss_mechanized.thy	35346	false	true	false
pss_mechanized.rpred_BL_lastlen1	pss_mechanized	545182	545182	1	isabelle/pss_mechanized.thy	35369	false	true	false
pss_mechanized.rpred_core_nontrunk_step	pss_mechanized	545314	545314	1	isabelle/pss_mechanized.thy	35392	false	true	false
pss_mechanized.m_6_5_Red_Pred	pss_mechanized	545546	545546	1	isabelle/pss_mechanized.thy	35727	false	true	false
pss_mechanized.rnsub_size_arg_lt	pss_mechanized	545616	545616	1	isabelle/pss_mechanized.thy	36143	false	true	false
pss_mechanized.rnsub_size_arg_lt'	pss_mechanized	545670	545670	1	isabelle/pss_mechanized.thy	36155	false	true	false
pss_mechanized.rnsub_RightNodes_cons	pss_mechanized	545840	545840	1	isabelle/pss_mechanized.thy	36169	false	true	false
pss_mechanized.rnsub_RightNodes_zero	pss_mechanized	545856	545856	1	isabelle/pss_mechanized.thy	36174	false	true	false
pss_mechanized.rnsub_RightNodes_Dpt	pss_mechanized	545886	545886	1	isabelle/pss_mechanized.thy	36177	false	true	false
pss_mechanized.rnsub_RightNodes_last	pss_mechanized	545920	545920	1	isabelle/pss_mechanized.thy	36182	false	true	false
pss_mechanized.rnsub_flat_single	pss_mechanized	545982	545982	1	isabelle/pss_mechanized.thy	36187	false	true	false
pss_mechanized.rnsub_flat_Dpt0	pss_mechanized	546018	546018	1	isabelle/pss_mechanized.thy	36191	false	true	false
pss_mechanized.rnsub_flat_hd	pss_mechanized	546068	546068	1	isabelle/pss_mechanized.thy	36195	false	true	false
pss_mechanized.rnsub_flat_nonempty	pss_mechanized	546088	546088	1	isabelle/pss_mechanized.thy	36199	false	true	false
pss_mechanized.rnsub_Lng_PB	pss_mechanized	546120	546120	1	isabelle/pss_mechanized.thy	36203	false	false	false
pss_mechanized.rnsub_align_lastZ	pss_mechanized	546210	546210	1	isabelle/pss_mechanized.thy	36217	false	false	false
pss_mechanized.rnsub_flat_multi	pss_mechanized	546324	546324	1	isabelle/pss_mechanized.thy	36256	false	true	false
pss_mechanized.rnsub_flat_pre_post	pss_mechanized	546452	546452	1	isabelle/pss_mechanized.thy	36262	false	true	false
pss_mechanized.rnsub_Zsym_in_flat	pss_mechanized	546488	546488	1	isabelle/pss_mechanized.thy	36321	false	true	false
pss_mechanized.rnsub_allRP_no_Zsym	pss_mechanized	546498	546498	1	isabelle/pss_mechanized.thy	36327	false	true	false
pss_mechanized.rnsub_TB_last	pss_mechanized	546522	546522	1	isabelle/pss_mechanized.thy	36332	false	true	false
pss_mechanized.rnsub_TB_replace_last	pss_mechanized	546538	546538	1	isabelle/pss_mechanized.thy	36343	false	true	false
pss_mechanized.rnsub_spineSub_len	pss_mechanized	546988	546988	1	isabelle/pss_mechanized.thy	36376	false	true	false
pss_mechanized.rnsub_RightNodes_spineSub	pss_mechanized	547010	547010	1	isabelle/pss_mechanized.thy	36381	false	true	false
pss_mechanized.rnsub_flat_main	pss_mechanized	547030	547030	1	isabelle/pss_mechanized.thy	36426	false	true	false
pss_mechanized.rnsub_Lng_spineSub	pss_mechanized	547090	547090	1	isabelle/pss_mechanized.thy	36546	false	true	false
pss_mechanized.rnsub_RightNodes_t0_lastv	pss_mechanized	547160	547160	1	isabelle/pss_mechanized.thy	36560	false	true	false
pss_mechanized.m_7_2_RightNodes_subexpr	pss_mechanized	547302	547302	1	isabelle/pss_mechanized.thy	36647	false	true	false
pss_mechanized.key_reduced_iff_cond_multi	pss_mechanized	547398	547398	1	isabelle/pss_mechanized.thy	36733	false	true	false
pss_mechanized.elead_Lng_diag_append	pss_mechanized	547436	547436	1	isabelle/pss_mechanized.thy	36779	false	false	false
pss_mechanized.elead_entry_diag_append_lo	pss_mechanized	547464	547464	1	isabelle/pss_mechanized.thy	36783	false	false	false
pss_mechanized.elead_entry_diag_append_hi	pss_mechanized	547482	547482	1	isabelle/pss_mechanized.thy	36793	false	true	false
pss_mechanized.elead_monoT_N	pss_mechanized	547504	547504	1	isabelle/pss_mechanized.thy	36809	false	true	false
pss_mechanized.scbuniq_isPTB_has_nonRP	pss_mechanized	547528	547528	1	isabelle/pss_mechanized.thy	36905	false	true	false
pss_mechanized.scbuniq_trailRP_append_RP	pss_mechanized	547546	547546	1	isabelle/pss_mechanized.thy	36916	false	false	false
pss_mechanized.scbuniq_trailRP_prefix_indep	pss_mechanized	547580	547580	1	isabelle/pss_mechanized.thy	36929	false	false	false
pss_mechanized.scbuniq_all_RP_eq	pss_mechanized	547636	547636	1	isabelle/pss_mechanized.thy	36942	false	false	false
pss_mechanized.m_7_2_scb_unique_sb	pss_mechanized	547650	547650	1	isabelle/pss_mechanized.thy	36954	false	true	false
pss_mechanized.scbtriv_depth_append	pss_mechanized	547750	547750	1	isabelle/pss_mechanized.thy	37013	false	false	false
pss_mechanized.scbtriv_depth_Nil	pss_mechanized	547756	547756	1	isabelle/pss_mechanized.thy	37017	false	false	false
pss_mechanized.scbtriv_depth_Cons	pss_mechanized	547766	547766	1	isabelle/pss_mechanized.thy	37020	false	false	false
pss_mechanized.scbtriv_dlt_simps	pss_mechanized	547792	547802	5	isabelle/pss_mechanized.thy	37024	false	true	false
pss_mechanized.scbtriv_depth_concat_CM	pss_mechanized	547846	547846	1	isabelle/pss_mechanized.thy	37029	false	true	false
pss_mechanized.scbtriv_sum_list_zero	pss_mechanized	547890	547890	1	isabelle/pss_mechanized.thy	37034	false	false	false
pss_mechanized.scbtriv_flat_nonempty	pss_mechanized	547930	547932	2	isabelle/pss_mechanized.thy	37040	false	true	false
pss_mechanized.scbtriv_depth_flat	pss_mechanized	547974	547976	2	isabelle/pss_mechanized.thy	37046	false	true	false
pss_mechanized.scbtriv_eq_imp_trivial_decomp	pss_mechanized	548042	548042	1	isabelle/pss_mechanized.thy	37072	false	false	false
pss_mechanized.roper_oper_Lng1	pss_mechanized	548080	548080	1	isabelle/pss_mechanized.thy	37092	false	false	false
pss_mechanized.roper_base_Lng1	pss_mechanized	548124	548124	1	isabelle/pss_mechanized.thy	37097	false	true	false
pss_mechanized.ecrux_diagSeq_split	pss_mechanized	548154	548154	1	isabelle/pss_mechanized.thy	37121	false	false	false
pss_mechanized.herd_Pred_pow_T_PS	pss_mechanized	548184	548184	1	isabelle/pss_mechanized.thy	37145	false	false	false
pss_mechanized.herd_Pred_pow_take	pss_mechanized	548194	548194	1	isabelle/pss_mechanized.thy	37164	false	false	false
pss_mechanized.herd_Red_Pred_pow	pss_mechanized	548236	548236	1	isabelle/pss_mechanized.thy	37194	false	true	false
pss_mechanized.herd_6_6_reduced_slice	pss_mechanized	548274	548274	1	isabelle/pss_mechanized.thy	37227	false	true	false
pss_mechanized.flatinj_dsum_Nil	pss_mechanized	548738	548738	1	isabelle/pss_mechanized.thy	37284	false	false	false
pss_mechanized.flatinj_dsum_Cons	pss_mechanized	548756	548756	1	isabelle/pss_mechanized.thy	37287	false	false	false
pss_mechanized.flatinj_dsum_append	pss_mechanized	548772	548772	1	isabelle/pss_mechanized.thy	37291	false	false	false
pss_mechanized.flatinj_dsum_concat_CM	pss_mechanized	548800	548800	1	isabelle/pss_mechanized.thy	37297	false	true	false
pss_mechanized.flatinj_dsum_flatBT	pss_mechanized	548862	548862	1	isabelle/pss_mechanized.thy	37303	false	true	false
pss_mechanized.flatinj_prefix_concat	pss_mechanized	549004	549004	1	isabelle/pss_mechanized.thy	37333	false	true	false
pss_mechanized.flatinj_prefix_nonneg_BT	pss_mechanized	549128	549128	1	isabelle/pss_mechanized.thy	37391	false	true	false
pss_mechanized.flatinj_flatBP_cancel	pss_mechanized	549228	549228	1	isabelle/pss_mechanized.thy	37492	false	true	false
pss_mechanized.flatinj_concat_inj	pss_mechanized	549416	549416	1	isabelle/pss_mechanized.thy	37541	false	true	false
pss_mechanized.list_321_cases	pss_mechanized	549530	549530	1	isabelle/pss_mechanized.thy	37574	false	false	false
pss_mechanized.flatinj_flat_inj	pss_mechanized	549596	549596	1	isabelle/pss_mechanized.thy	37588	false	true	false
pss_mechanized.m_7_flatBT_inj	pss_mechanized	549620	549620	1	isabelle/pss_mechanized.thy	37678	false	true	false
pss_mechanized.scbcomp_compose1	pss_mechanized	549670	549670	1	isabelle/pss_mechanized.thy	37699	false	true	false
pss_mechanized.scbcomp_compose2_PT	pss_mechanized	549726	549726	1	isabelle/pss_mechanized.thy	37735	false	true	false
pss_mechanized.scbcomp_isPTB_Zsym_False	pss_mechanized	549772	549772	1	isabelle/pss_mechanized.thy	37760	false	true	false
pss_mechanized.scbcomp_compose2_counterexample	pss_mechanized	549822	549822	1	isabelle/pss_mechanized.thy	37770	false	true	false
pss_mechanized.m_7_2_scb_compose	pss_mechanized	549886	549886	1	isabelle/pss_mechanized.thy	37788	false	true	false
pss_mechanized.ecrux_drop_tail	pss_mechanized	549918	549918	1	isabelle/pss_mechanized.thy	37814	false	false	false
pss_mechanized.ecrux_Lng	pss_mechanized	549972	549972	1	isabelle/pss_mechanized.thy	37820	false	false	false
pss_mechanized.ecrux_TrMax_diag_prefix	pss_mechanized	550058	550058	1	isabelle/pss_mechanized.thy	37828	false	true	false
pss_mechanized.ecrux_branch_seg_eq	pss_mechanized	550236	550236	1	isabelle/pss_mechanized.thy	37915	false	true	false
pss_mechanized.ecrux_Br_diag_prefix	pss_mechanized	550326	550326	1	isabelle/pss_mechanized.thy	37949	false	true	false
pss_mechanized.ecrux_FirstNodes_diag_prefix	pss_mechanized	550412	550412	1	isabelle/pss_mechanized.thy	37986	false	true	false
pss_mechanized.scbtriv_flat_append_RP_nil	pss_mechanized	550476	550476	1	isabelle/pss_mechanized.thy	38033	false	true	false
pss_mechanized.m_7_2_scb_triviality	pss_mechanized	550530	550534	2	isabelle/pss_mechanized.thy	38043	false	true	false
pss_mechanized.m_7_2_scb_unique_decomp	pss_mechanized	550646	550646	1	isabelle/pss_mechanized.thy	38117	false	true	false
pss_mechanized.ecrux_bumpAt_diag_IncrFirst	pss_mechanized	550718	550718	1	isabelle/pss_mechanized.thy	38171	false	true	false
pss_mechanized.ecrux_cutOK_diag	pss_mechanized	550748	550748	1	isabelle/pss_mechanized.thy	38248	false	true	false
pss_mechanized.ecrux_Red_diag_IncrFirst_step	pss_mechanized	550796	550796	1	isabelle/pss_mechanized.thy	38278	false	true	false
pss_mechanized.ecrux_Red_diag_IncrFirst_pow	pss_mechanized	550814	550814	1	isabelle/pss_mechanized.thy	38297	false	true	false
pss_mechanized.ecrux_Red_diag_eq_Red_coreReduce	pss_mechanized	550832	550832	1	isabelle/pss_mechanized.thy	38333	false	true	false
pss_mechanized.m_6_6_Red_diag_prefix	pss_mechanized	550896	550896	1	isabelle/pss_mechanized.thy	38358	false	true	false
pss_mechanized.scbrepl_multi_not_PTB	pss_mechanized	550936	550936	1	isabelle/pss_mechanized.thy	38423	false	true	false
pss_mechanized.m_7_2_scb_replaceable_counterexample	pss_mechanized	551250	551250	1	isabelle/pss_mechanized.thy	38441	false	true	false
pss_mechanized.scbrepl_t0_zero_forces_trivial	pss_mechanized	551266	551266	1	isabelle/pss_mechanized.thy	38486	false	true	false
pss_mechanized.m_7_2_scb_replaceable_t0zero	pss_mechanized	551300	551300	1	isabelle/pss_mechanized.thy	38517	false	true	false
pss_mechanized.scbrepl_concl_from_image	pss_mechanized	551340	551340	1	isabelle/pss_mechanized.thy	38566	false	true	false
pss_mechanized.m_7_2_scb_replaceable_corr_mod_image	pss_mechanized	551394	551394	1	isabelle/pss_mechanized.thy	38596	false	true	false
pss_mechanized.kst_reduced_row1_le_row0	pss_mechanized	551438	551438	1	isabelle/pss_mechanized.thy	38628	false	true	false
pss_mechanized.m_6_6_reduced_leftend	pss_mechanized	551516	551516	1	isabelle/pss_mechanized.thy	38721	false	true	false
pss_mechanized.kst_no_parent_Lng1	pss_mechanized	551530	551530	1	isabelle/pss_mechanized.thy	38847	false	false	false
pss_mechanized.kst_reduced_iff_cond_zeroT	pss_mechanized	551584	551584	1	isabelle/pss_mechanized.thy	38868	false	true	false
pss_mechanized.addscb_princ_isPTB	pss_mechanized	551614	551614	1	isabelle/pss_mechanized.thy	38937	false	true	false
pss_mechanized.addscb_addBT_snoc	pss_mechanized	551622	551622	1	isabelle/pss_mechanized.thy	38948	false	true	false
pss_mechanized.m_7_2_add_scb_conj1	pss_mechanized	551632	551632	1	isabelle/pss_mechanized.thy	38955	false	true	false
pss_mechanized.m_7_2_add_scb_conj3_counterexample	pss_mechanized	551680	551680	1	isabelle/pss_mechanized.thy	38997	false	true	false
pss_mechanized.kfwd_nextR_diagSeq_parent	pss_mechanized	551694	551694	1	isabelle/pss_mechanized.thy	39104	false	false	false
pss_mechanized.kfwd_condAB_diagSeq	pss_mechanized	551700	551700	1	isabelle/pss_mechanized.thy	39163	false	true	false
pss_mechanized.kfwd_reduced_core_trunk_diag	pss_mechanized	551716	551716	1	isabelle/pss_mechanized.thy	39231	false	true	false
pss_mechanized.kfwd_reduced_core_trunk_condAB	pss_mechanized	551722	551722	1	isabelle/pss_mechanized.thy	39249	false	true	false
pss_mechanized.kfwd_Red_core_leftend00	pss_mechanized	551728	551728	1	isabelle/pss_mechanized.thy	39268	false	true	false
pss_mechanized.kfwd_reduced_monoT_shift_vacuous	pss_mechanized	551736	551736	1	isabelle/pss_mechanized.thy	39315	false	true	false
pss_mechanized.addscb_flat_pre_post2	pss_mechanized	551750	551750	1	isabelle/pss_mechanized.thy	39357	false	true	false
pss_mechanized.m_7_2_add_scb_conj2	pss_mechanized	551758	551758	1	isabelle/pss_mechanized.thy	39402	false	true	false
pss_mechanized.kfwd_reduced_core_nontrunk_initslice	pss_mechanized	551808	551808	1	isabelle/pss_mechanized.thy	39467	false	true	false
pss_mechanized.m_7_2_scb_kind_unique_of_ceq	pss_mechanized	551848	551848	1	isabelle/pss_mechanized.thy	39530	false	true	false
pss_mechanized.kfwd_pred_agree	pss_mechanized	551862	551862	1	isabelle/pss_mechanized.thy	39567	false	false	false
pss_mechanized.kfwd_nextR_Pred_imp	pss_mechanized	551892	551892	1	isabelle/pss_mechanized.thy	39577	false	false	false
pss_mechanized.kfwd_nextR_Pred_rev	pss_mechanized	551974	551974	1	isabelle/pss_mechanized.thy	39607	false	false	false
pss_mechanized.kfwd_hasParent_Pred_iff	pss_mechanized	552002	552002	1	isabelle/pss_mechanized.thy	39644	false	false	false
pss_mechanized.kfwd_parent_Pred_eq	pss_mechanized	552042	552042	1	isabelle/pss_mechanized.thy	39688	false	false	false
pss_mechanized.kfwd_entry_Pred_eq	pss_mechanized	552050	552050	1	isabelle/pss_mechanized.thy	39716	false	false	false
pss_mechanized.kfwd_monoT_hasParent_top	pss_mechanized	552076	552076	1	isabelle/pss_mechanized.thy	39731	false	false	false
pss_mechanized.scbc_principal_cancel	pss_mechanized	552104	552104	1	isabelle/pss_mechanized.thy	39809	false	true	false
pss_mechanized.m_7_2_scb_c_unique	pss_mechanized	552152	552152	1	isabelle/pss_mechanized.thy	39820	false	true	false
pss_mechanized.m_7_2_scb_kind0_unique	pss_mechanized	552204	552204	1	isabelle/pss_mechanized.thy	39855	false	true	false
pss_mechanized.m_7_2_scb_kind1_unique	pss_mechanized	552260	552260	1	isabelle/pss_mechanized.thy	39868	false	true	false
pss_mechanized.flatinj_dsum_allRP	pss_mechanized	552278	552278	1	isabelle/pss_mechanized.thy	39885	false	true	false
pss_mechanized.rnsub_flatBP_lastZ_split	pss_mechanized	552312	552312	1	isabelle/pss_mechanized.thy	39893	false	true	false
pss_mechanized.rnsub_RN_single	pss_mechanized	552340	552340	1	isabelle/pss_mechanized.thy	39927	false	true	false
pss_mechanized.rnsub_dsum_pre_eq_post	pss_mechanized	552400	552400	1	isabelle/pss_mechanized.thy	39937	false	true	false
pss_mechanized.rnsub_straddle_excluded	pss_mechanized	552444	552444	1	isabelle/pss_mechanized.thy	39959	false	true	false
pss_mechanized.rnsub_cut_ge_pre_dichotomy	pss_mechanized	552582	552582	1	isabelle/pss_mechanized.thy	40028	false	true	false
pss_mechanized.incf_pow_Lng	pss_mechanized	552678	552678	1	isabelle/pss_mechanized.thy	40141	false	false	false
pss_mechanized.incf_pow_entry0	pss_mechanized	552758	552758	1	isabelle/pss_mechanized.thy	40146	false	false	false
pss_mechanized.incf_pow_entry1	pss_mechanized	552816	552816	1	isabelle/pss_mechanized.thy	40162	false	false	false
pss_mechanized.nextrel0_incf_pow_eq	pss_mechanized	552866	552866	1	isabelle/pss_mechanized.thy	40181	false	false	false
pss_mechanized.nextrel1_incf_pow_eq	pss_mechanized	552902	552902	1	isabelle/pss_mechanized.thy	40192	false	false	false
pss_mechanized.incf_pow_nextR	pss_mechanized	552938	552938	1	isabelle/pss_mechanized.thy	40203	false	false	false
pss_mechanized.incf_pow_hasParent	pss_mechanized	552970	552970	1	isabelle/pss_mechanized.thy	40218	false	false	false
pss_mechanized.incf_pow_parent	pss_mechanized	553006	553006	1	isabelle/pss_mechanized.thy	40223	false	false	false
pss_mechanized.concat_map_last_block_drop	pss_mechanized	553132	553132	1	isabelle/pss_mechanized.thy	40249	false	true	false
pss_mechanized.kfwd_lastblock_locate	pss_mechanized	553286	553286	1	isabelle/pss_mechanized.thy	40261	false	true	false
pss_mechanized.wf12_allRP_prefix	pss_mechanized	553354	553354	1	isabelle/pss_mechanized.thy	40382	false	false	false
pss_mechanized.rnsub_marked_canon_lastZ	pss_mechanized	553520	553520	1	isabelle/pss_mechanized.thy	40394	false	true	false
pss_mechanized.ncons_diag_prefix_entry	pss_mechanized	553614	553614	1	isabelle/pss_mechanized.thy	40443	false	true	false
pss_mechanized.ncons_Pred_core	pss_mechanized	553888	553888	1	isabelle/pss_mechanized.thy	40474	false	true	false
pss_mechanized.kst_reduced_imp_condAB_monoT_core_cond	pss_mechanized	554092	554092	1	isabelle/pss_mechanized.thy	40529	false	true	false
pss_mechanized.flatBT_last_not_CM	pss_mechanized	554182	554182	1	isabelle/pss_mechanized.thy	40674	false	true	false
pss_mechanized.flatBP_last_not_CM'	pss_mechanized	554222	554222	1	isabelle/pss_mechanized.thy	40688	false	true	false
pss_mechanized.flatinj_dsum_suffix	pss_mechanized	554282	554282	1	isabelle/pss_mechanized.thy	40692	false	false	false
pss_mechanized.rnsub_peel_components	pss_mechanized	554470	554470	1	isabelle/pss_mechanized.thy	40703	false	true	false
pss_mechanized.flat_CM_shift	pss_mechanized	554566	554566	1	isabelle/pss_mechanized.thy	40855	false	false	false
pss_mechanized.flatBP_len_ge2	pss_mechanized	554592	554592	1	isabelle/pss_mechanized.thy	40865	false	true	false
pss_mechanized.rnsub_RN_of_maximal	pss_mechanized	554686	554686	1	isabelle/pss_mechanized.thy	40873	false	true	false
pss_mechanized.rnsub_cut_ge_pre	pss_mechanized	554876	554876	1	isabelle/pss_mechanized.thy	40887	false	true	false
pss_mechanized.rnsub_RN_occ_len_le	pss_mechanized	555050	555050	1	isabelle/pss_mechanized.thy	40985	false	true	false
pss_mechanized.rnsub_RN_pins_len	pss_mechanized	555350	555350	1	isabelle/pss_mechanized.thy	41053	false	true	false
pss_mechanized.m_7_2_scb_kind0_unique_uncond	pss_mechanized	555488	555488	1	isabelle/pss_mechanized.thy	41178	false	true	false
pss_mechanized.m_7_2_scb_kind1_unique_uncond	pss_mechanized	555654	555654	1	isabelle/pss_mechanized.thy	41223	false	true	false
pss_mechanized.wf15_lastblock_entry_transfer	pss_mechanized	556136	556136	1	isabelle/pss_mechanized.thy	41274	false	true	false
pss_mechanized.wf15_inblock_N_core	pss_mechanized	556408	556408	1	isabelle/pss_mechanized.thy	41358	false	true	false
pss_mechanized.rnsub_RN_occ_suffix	pss_mechanized	556590	556590	1	isabelle/pss_mechanized.thy	41452	false	true	false
pss_mechanized.rnsub_kind1_drop_index_pin	pss_mechanized	556828	556828	1	isabelle/pss_mechanized.thy	41525	false	false	false
pss_mechanized.rnsub_kind1_len_pin	pss_mechanized	557036	557036	1	isabelle/pss_mechanized.thy	41602	false	true	false
pss_mechanized.m_7_2_scb_kind1_unique_uncond'	pss_mechanized	557106	557106	1	isabelle/pss_mechanized.thy	41681	false	true	false
pss_mechanized.wf16_inblock_parent_corr	pss_mechanized	557552	557552	1	isabelle/pss_mechanized.thy	41733	false	true	false
pss_mechanized.rnsub_drop_last_eq	pss_mechanized	557696	557696	1	isabelle/pss_mechanized.thy	41889	false	true	false
pss_mechanized.rnsub_kind0_last0	pss_mechanized	557752	557752	1	isabelle/pss_mechanized.thy	41906	false	true	false
pss_mechanized.rnsub_kind1_lastpos	pss_mechanized	557828	557828	1	isabelle/pss_mechanized.thy	41948	false	true	false
pss_mechanized.m_7_2_scb_kinds_exclusive	pss_mechanized	557888	557888	1	isabelle/pss_mechanized.thy	41994	false	true	false
pss_mechanized.rnsub_kind0_able_shape	pss_mechanized	557962	557962	1	isabelle/pss_mechanized.thy	42049	false	true	false
pss_mechanized.rnsub_kind1_able_shape	pss_mechanized	558004	558004	1	isabelle/pss_mechanized.thy	42077	false	true	false
pss_mechanized.rnsub_kindable_imp_natshape	pss_mechanized	558082	558082	1	isabelle/pss_mechanized.thy	42133	false	true	false
pss_mechanized.wf17_entry_diag_tail	pss_mechanized	558130	558130	1	isabelle/pss_mechanized.thy	42181	false	true	false
pss_mechanized.wf17_nextR_unique	pss_mechanized	558172	558172	1	isabelle/pss_mechanized.thy	42191	false	false	false
pss_mechanized.wf17_RedCondA_diag_tail	pss_mechanized	558284	558284	1	isabelle/pss_mechanized.thy	42203	false	true	false
pss_mechanized.wf17_blk_len	pss_mechanized	558422	558422	1	isabelle/pss_mechanized.thy	42267	false	true	false
pss_mechanized.wf17_off_eq_firstnode	pss_mechanized	558772	558772	1	isabelle/pss_mechanized.thy	42282	false	true	false
pss_mechanized.wf17_crossblock_row0	pss_mechanized	558962	558962	1	isabelle/pss_mechanized.thy	42363	false	true	false
pss_mechanized.wf17_crossblock_row1	pss_mechanized	559074	559074	1	isabelle/pss_mechanized.thy	42446	false	true	false
pss_mechanized.wf18_crossblock_row1_kkpos	pss_mechanized	559220	559220	1	isabelle/pss_mechanized.thy	42585	false	true	false
pss_mechanized.wf19_valpin	pss_mechanized	559522	559522	1	isabelle/pss_mechanized.thy	42678	false	true	false
pss_mechanized.wf19_IdxSum_pos	pss_mechanized	559574	559574	1	isabelle/pss_mechanized.thy	42792	false	true	false
pss_mechanized.wf19_Lng_N_lt	pss_mechanized	559814	559814	1	isabelle/pss_mechanized.thy	42816	false	true	false
pss_mechanized.wf19_inblock_entry	pss_mechanized	560030	560030	1	isabelle/pss_mechanized.thy	42898	false	true	false
pss_mechanized.wf19_inblock_condA	pss_mechanized	560322	560322	1	isabelle/pss_mechanized.thy	42965	false	true	false
pss_mechanized.wf19_r0_kkpos_inblock	pss_mechanized	560540	560540	1	isabelle/pss_mechanized.thy	43072	false	true	false
pss_mechanized.wf19_brnz_of_r1_kk0	pss_mechanized	560896	560896	1	isabelle/pss_mechanized.thy	43151	false	true	false
pss_mechanized.wf19_RedCondA_Rs	pss_mechanized	561136	561136	1	isabelle/pss_mechanized.thy	43199	false	true	false
pss_mechanized.condAB_all_cond	pss_mechanized	561700	561700	1	isabelle/pss_mechanized.thy	43227	false	true	false
pss_mechanized.kst_reduced_imp_condAB_monoT_core_via_wf19	pss_mechanized	562324	562324	1	isabelle/pss_mechanized.thy	43485	false	true	false
pss_mechanized.condA_top_all_cond	pss_mechanized	562812	562812	1	isabelle/pss_mechanized.thy	43505	false	true	false
pss_mechanized.wf20_parpin	pss_mechanized	563460	563460	1	isabelle/pss_mechanized.thy	43588	false	true	false
pss_mechanized.wf21_rawN_core	pss_mechanized	563880	563880	1	isabelle/pss_mechanized.thy	43766	false	true	false
pss_mechanized.wf21_Red_row1zero_leftend	pss_mechanized	563986	563986	1	isabelle/pss_mechanized.thy	43846	false	true	false
pss_mechanized.wf21_Br_eq_seg	pss_mechanized	564034	564034	1	isabelle/pss_mechanized.thy	43941	false	true	false
pss_mechanized.wf21_rawN_props	pss_mechanized	564506	564506	1	isabelle/pss_mechanized.thy	44015	false	true	false
pss_mechanized.wf22_le0_off_last	pss_mechanized	564662	564662	1	isabelle/pss_mechanized.thy	44158	false	true	false
pss_mechanized.wf22_off_row1val	pss_mechanized	564934	564934	1	isabelle/pss_mechanized.thy	44210	false	true	false
pss_mechanized.wf22_r1cross_factA	pss_mechanized	565278	565278	1	isabelle/pss_mechanized.thy	44298	false	true	false
pss_mechanized.wf22_row1parent_le_joint	pss_mechanized	565540	565540	1	isabelle/pss_mechanized.thy	44393	false	true	false
pss_mechanized.wf22_r1cross	pss_mechanized	565814	565814	1	isabelle/pss_mechanized.thy	44475	false	true	false
pss_mechanized.kst_reduced_imp_condAB_monoT_core	pss_mechanized	565904	565904	1	isabelle/pss_mechanized.thy	44493	false	true	false
pss_mechanized.kfwd_P_block_shorter	pss_mechanized	565976	565976	1	isabelle/pss_mechanized.thy	44527	false	true	false
pss_mechanized.kfwd_reduced_monoT_diag00	pss_mechanized	566078	566078	1	isabelle/pss_mechanized.thy	44577	false	true	false
pss_mechanized.kfwd_monoT_hasParent_col	pss_mechanized	566136	566136	1	isabelle/pss_mechanized.thy	44659	false	true	false
pss_mechanized.kfwd_reduced_monoT_condB	pss_mechanized	566168	566168	1	isabelle/pss_mechanized.thy	44679	false	true	false
pss_mechanized.kst_reduced_imp_condAB_cond	pss_mechanized	566230	566230	1	isabelle/pss_mechanized.thy	44709	false	true	false
pss_mechanized.kst_reduced_imp_condAB	pss_mechanized	566336	566336	1	isabelle/pss_mechanized.thy	44801	false	true	false
pss_mechanized.m_6_6_no_parent_0	pss_mechanized	566386	566386	1	isabelle/pss_mechanized.thy	44818	false	true	false
pss_mechanized.m_6_6_RedCondB_row0_eq_row1_at0	pss_mechanized	566434	566434	1	isabelle/pss_mechanized.thy	44836	false	true	false
pss_mechanized.m_6_6_bwd_e00_from_e10	pss_mechanized	566504	566504	1	isabelle/pss_mechanized.thy	44846	false	true	false
pss_mechanized.Lng_rebaseNp	pss_mechanized	566790	566790	1	isabelle/pss_mechanized.thy	44861	false	true	false
pss_mechanized.rebaseNp_nth	pss_mechanized	566890	566890	1	isabelle/pss_mechanized.thy	44864	false	true	false
pss_mechanized.entry_rebaseNp	pss_mechanized	567018	567020	2	isabelle/pss_mechanized.thy	44878	false	true	false
pss_mechanized.Lng_diagPre	pss_mechanized	567192	567192	1	isabelle/pss_mechanized.thy	44906	false	false	false
pss_mechanized.diagPre_nth	pss_mechanized	567226	567226	1	isabelle/pss_mechanized.thy	44909	false	false	false
pss_mechanized.entry_diagPre	pss_mechanized	567244	567244	1	isabelle/pss_mechanized.thy	44912	false	false	false
pss_mechanized.Lng_bwdN	pss_mechanized	567336	567336	1	isabelle/pss_mechanized.thy	44922	false	true	false
pss_mechanized.Lng_bwdN_zero	pss_mechanized	567392	567392	1	isabelle/pss_mechanized.thy	44925	false	false	false
pss_mechanized.Lng_bwdN_minus1	pss_mechanized	567438	567438	1	isabelle/pss_mechanized.thy	44936	false	true	false
pss_mechanized.entry_bwdN_diag	pss_mechanized	567474	567474	1	isabelle/pss_mechanized.thy	44944	false	false	false
pss_mechanized.entry_bwdN_rebase	pss_mechanized	567530	567530	1	isabelle/pss_mechanized.thy	44954	false	false	false
pss_mechanized.bwdN_left_end	pss_mechanized	567576	567576	1	isabelle/pss_mechanized.thy	44965	false	true	false
pss_mechanized.m_6_6_monoT_hasParent0	pss_mechanized	567600	567600	1	isabelle/pss_mechanized.thy	44993	false	true	false
pss_mechanized.m_6_6_monoT_RedCondB	pss_mechanized	567654	567654	1	isabelle/pss_mechanized.thy	45020	false	true	false
pss_mechanized.bwdN_Lng_lt	pss_mechanized	567668	567668	1	isabelle/pss_mechanized.thy	45048	false	true	false
pss_mechanized.seg_eq_IncrFirst_rebaseNp	pss_mechanized	567692	567692	1	isabelle/pss_mechanized.thy	45065	false	true	false
pss_mechanized.cAm10_entry_transfer	pss_mechanized	567700	567700	1	isabelle/pss_mechanized.thy	45129	false	true	false
pss_mechanized.cAm10_entry_prefix	pss_mechanized	567706	567706	1	isabelle/pss_mechanized.thy	45142	false	false	false
pss_mechanized.cAm10_entry_junction	pss_mechanized	567712	567712	1	isabelle/pss_mechanized.thy	45147	false	false	false
pss_mechanized.cAm10_nextrel0_shift	pss_mechanized	567718	567718	1	isabelle/pss_mechanized.thy	45162	false	true	false
pss_mechanized.cAm10_nextrel0_rtrancl_M_to_N	pss_mechanized	567726	567726	1	isabelle/pss_mechanized.thy	45217	false	true	false
pss_mechanized.cAm10_nextrel0_rtrancl_N_to_M	pss_mechanized	567764	567764	1	isabelle/pss_mechanized.thy	45239	false	true	false
pss_mechanized.cAm10_le0_shift	pss_mechanized	567794	567794	1	isabelle/pss_mechanized.thy	45268	false	true	false
pss_mechanized.cAm10_nextrel1_shift	pss_mechanized	567828	567828	1	isabelle/pss_mechanized.thy	45301	false	true	false
pss_mechanized.cAm10_nextR_shift	pss_mechanized	567914	567914	1	isabelle/pss_mechanized.thy	45366	false	true	false
pss_mechanized.cAm10_monoT_row0_strict	pss_mechanized	568028	568028	1	isabelle/pss_mechanized.thy	45386	false	true	false
pss_mechanized.cAm10_junction_parent	pss_mechanized	568250	568250	1	isabelle/pss_mechanized.thy	45410	false	true	false
pss_mechanized.cAm10_no_parent_col0	pss_mechanized	568292	568292	1	isabelle/pss_mechanized.thy	45505	false	true	false
pss_mechanized.condA_m10pos	pss_mechanized	568412	568412	1	isabelle/pss_mechanized.thy	45524	false	true	false
pss_mechanized.kst_reduced_imp_condAB_uncond	pss_mechanized	568470	568470	1	isabelle/pss_mechanized.thy	45594	false	true	false
pss_mechanized.entry_rebaseNp00	pss_mechanized	568512	568512	1	isabelle/pss_mechanized.thy	45608	false	true	false
pss_mechanized.bwdN_in_T_PS	pss_mechanized	568542	568542	1	isabelle/pss_mechanized.thy	45620	false	true	false
pss_mechanized.rebaseNp_in_T_PS	pss_mechanized	568582	568582	1	isabelle/pss_mechanized.thy	45627	false	true	false
pss_mechanized.monoT_rebaseNp	pss_mechanized	568736	568736	1	isabelle/pss_mechanized.thy	45634	false	true	false
pss_mechanized.diagPre_eq_diagSeq	pss_mechanized	568802	568802	1	isabelle/pss_mechanized.thy	45652	false	false	false
pss_mechanized.monoT_bwdN	pss_mechanized	568892	568892	1	isabelle/pss_mechanized.thy	45657	false	true	false
pss_mechanized.RedCondB_bwdN	pss_mechanized	568974	568974	1	isabelle/pss_mechanized.thy	45687	false	true	false
pss_mechanized.entry_bwdN_diag_le	pss_mechanized	569068	569068	1	isabelle/pss_mechanized.thy	45708	false	true	false
pss_mechanized.RedCondA_bwdN_diag_case	pss_mechanized	569196	569196	1	isabelle/pss_mechanized.thy	45742	false	true	false
pss_mechanized.entry_bwdN_rebase_M	pss_mechanized	569322	569324	2	isabelle/pss_mechanized.thy	45836	false	true	false
pss_mechanized.nextrel0_bwdN_rebase_to_M	pss_mechanized	569712	569712	1	isabelle/pss_mechanized.thy	45869	false	true	false
pss_mechanized.nextrel0_M_to_bwdN_rebase	pss_mechanized	570040	570040	1	isabelle/pss_mechanized.thy	45934	false	true	false
pss_mechanized.le0_bwdN_rebase_to_M	pss_mechanized	570274	570274	1	isabelle/pss_mechanized.thy	45987	false	true	false
pss_mechanized.le0_M_to_bwdN_rebase	pss_mechanized	570410	570410	1	isabelle/pss_mechanized.thy	46041	false	true	false
pss_mechanized.nextrel1_bwdN_rebase_to_M	pss_mechanized	570564	570564	1	isabelle/pss_mechanized.thy	46094	false	true	false
pss_mechanized.RedCondA_bwdN_case1_and_diag	pss_mechanized	570744	570744	1	isabelle/pss_mechanized.thy	46157	false	true	false
pss_mechanized.seg_row0_strict	pss_mechanized	570750	570750	1	isabelle/pss_mechanized.thy	46273	false	true	false
pss_mechanized.le0_bwdN_junction_to_rebase	pss_mechanized	570806	570806	1	isabelle/pss_mechanized.thy	46298	false	true	false
pss_mechanized.RedCondA_bwdN_cross_case	pss_mechanized	570890	570890	1	isabelle/pss_mechanized.thy	46339	false	true	false
pss_mechanized.seg_rmono_of_monoT	pss_mechanized	570930	570930	1	isabelle/pss_mechanized.thy	46435	false	true	false
pss_mechanized.RedCondA_bwdN	pss_mechanized	570936	570936	1	isabelle/pss_mechanized.thy	46457	false	true	false
pss_mechanized.kst_condAB_imp_reduced_cond	pss_mechanized	571034	571034	1	isabelle/pss_mechanized.thy	46509	false	true	false
pss_mechanized.m_6_6_reduced_iff_cond_cond	pss_mechanized	571214	571214	1	isabelle/pss_mechanized.thy	46583	false	true	false
pss_mechanized.m_6_6_reduced_coeff	pss_mechanized	571308	571308	1	isabelle/pss_mechanized.thy	46630	false	true	false
pss_mechanized.kst_bwdcore_trunk	pss_mechanized	571402	571402	1	isabelle/pss_mechanized.thy	46732	false	true	false
pss_mechanized.kst_bwdcore_nontrunk_of_blocks	pss_mechanized	571584	571584	1	isabelle/pss_mechanized.thy	46767	false	true	false
pss_mechanized.kst_bwdcore_trunkdiag	pss_mechanized	571736	571736	1	isabelle/pss_mechanized.thy	46837	false	true	false
pss_mechanized.frontb_rebaseNp_whole	pss_mechanized	571824	571824	1	isabelle/pss_mechanized.thy	46992	false	true	false
pss_mechanized.frontb_bwdN_whole_eq_Q	pss_mechanized	571900	571900	1	isabelle/pss_mechanized.thy	47014	false	true	false
pss_mechanized.kst_condAB_imp_reduced_monoT_m10pos	pss_mechanized	571996	571996	1	isabelle/pss_mechanized.thy	47029	false	true	false
pss_mechanized.kst_condAB_imp_reduced_core_only	pss_mechanized	572002	572002	1	isabelle/pss_mechanized.thy	47195	false	true	false
pss_mechanized.kst_bwdcore_branch_head_row0	pss_mechanized	572096	572096	1	isabelle/pss_mechanized.thy	47226	false	true	false
pss_mechanized.kst_bwdcore_branch_head_row1	pss_mechanized	572170	572170	1	isabelle/pss_mechanized.thy	47286	false	true	false
pss_mechanized.kst_bwdcore_NJ_eq_Br	pss_mechanized	572212	572212	1	isabelle/pss_mechanized.thy	47372	false	true	false
pss_mechanized.kst_bwdcore_master	pss_mechanized	572282	572282	1	isabelle/pss_mechanized.thy	47431	false	true	false
pss_mechanized.kst_bwdcore_master_NJReform	pss_mechanized	572352	572352	1	isabelle/pss_mechanized.thy	47461	false	true	false
pss_mechanized.kst_bwdcore_master_via_G	pss_mechanized	572474	572474	1	isabelle/pss_mechanized.thy	47511	false	true	false
pss_mechanized.kst_bwdcore_master_of_Gstmt	pss_mechanized	572716	572716	1	isabelle/pss_mechanized.thy	47566	false	true	false
pss_mechanized.bwd_IncrFirst_m00_shiftRow0_monoT	pss_mechanized	572830	572830	1	isabelle/pss_mechanized.thy	47608	false	false	false
pss_mechanized.bwd_IncrFirst_e_rebaseRow0	pss_mechanized	572924	572924	1	isabelle/pss_mechanized.thy	47656	false	false	false
pss_mechanized.bwd_invshift_from_uniform_Red	pss_mechanized	573040	573040	1	isabelle/pss_mechanized.thy	47704	false	false	false
pss_mechanized.bwd_invshift_zeroT	pss_mechanized	573184	573184	1	isabelle/pss_mechanized.thy	47723	false	true	false
pss_mechanized.bwd_invshift_m10z_monoT	pss_mechanized	573320	573320	1	isabelle/pss_mechanized.thy	47770	false	true	false
pss_mechanized.bwd_invshift_via_rebase	pss_mechanized	573568	573568	1	isabelle/pss_mechanized.thy	47829	false	true	false
pss_mechanized.nextR_rebaseRow0_eq	pss_mechanized	573634	573634	1	isabelle/pss_mechanized.thy	47872	false	false	false
pss_mechanized.hasParent_rebaseRow0_eq	pss_mechanized	573728	573728	1	isabelle/pss_mechanized.thy	47884	false	false	false
pss_mechanized.parent_rebaseRow0_eq	pss_mechanized	573830	573830	1	isabelle/pss_mechanized.thy	47889	false	false	false
pss_mechanized.RedCondA_rebaseRow0	pss_mechanized	573934	573934	1	isabelle/pss_mechanized.thy	47898	false	false	false
pss_mechanized.monoT_rebaseRow0	pss_mechanized	574046	574046	1	isabelle/pss_mechanized.thy	47938	false	false	false
pss_mechanized.nu_diagSeq_m10pos_lt	pss_mechanized	574290	574290	1	isabelle/pss_mechanized.thy	47973	false	true	false
pss_mechanized.kst_condAB_imp_reduced_monoT_m10pos_nu	pss_mechanized	574718	574718	1	isabelle/pss_mechanized.thy	48028	false	true	false
pss_mechanized.kst_condAB_imp_reduced_monoT_core_of_Ybundle	pss_mechanized	575234	575234	1	isabelle/pss_mechanized.thy	48217	false	true	false
pss_mechanized.fa_RedCondA_seg	pss_mechanized	575404	575404	1	isabelle/pss_mechanized.thy	48316	false	false	false
pss_mechanized.fa_nonmulti_par0_pos	pss_mechanized	575480	575480	1	isabelle/pss_mechanized.thy	48380	false	false	false
pss_mechanized.fa_RedCondA_P_block	pss_mechanized	575570	575570	1	isabelle/pss_mechanized.thy	48412	false	true	false
pss_mechanized.fa_NJ_Y_facts	pss_mechanized	576046	576046	1	isabelle/pss_mechanized.thy	48490	false	true	false
pss_mechanized.fa_kst_condAB_imp_reduced_monoT_core	pss_mechanized	576330	576330	1	isabelle/pss_mechanized.thy	48654	false	true	false
pss_mechanized.fa_kst_condAB_imp_reduced_monoT_m10pos	pss_mechanized	576472	576472	1	isabelle/pss_mechanized.thy	48768	false	true	false
pss_mechanized.fa_kst_condAB_imp_reduced	pss_mechanized	576564	576564	1	isabelle/pss_mechanized.thy	48785	false	true	false
pss_mechanized.m_6_6_reduced_iff_cond	pss_mechanized	576644	576644	1	isabelle/pss_mechanized.thy	48808	false	true	false
pss_mechanized.m_6_5_congR_imp_le0_inv	pss_mechanized	576748	576748	1	isabelle/pss_mechanized.thy	48855	false	false	false
pss_mechanized.m_6_5_congR_imp_nextrel0_inv	pss_mechanized	576842	576842	1	isabelle/pss_mechanized.thy	48866	false	false	false
pss_mechanized.m_6_5_congR_imp_leR_inv	pss_mechanized	576938	576938	1	isabelle/pss_mechanized.thy	48876	false	false	false
pss_mechanized.m_6_5_congR_imp_le1_inv	pss_mechanized	577030	577030	1	isabelle/pss_mechanized.thy	48887	false	false	false
pss_mechanized.row1_le0_imp_nextrel1_eq	pss_mechanized	577158	577158	1	isabelle/pss_mechanized.thy	48914	false	false	false
pss_mechanized.row1_le0_imp_le1_eq	pss_mechanized	577296	577296	1	isabelle/pss_mechanized.thy	48963	false	false	false
pss_mechanized.row1_le0_imp_leR_eq	pss_mechanized	577504	577504	1	isabelle/pss_mechanized.thy	48979	false	false	false
pss_mechanized.m_6_5_anchored_not_multiT	pss_mechanized	577628	577628	1	isabelle/pss_mechanized.thy	49014	false	true	false
pss_mechanized.m_6_5_anchored_zeroT_or_monoT	pss_mechanized	577708	577708	1	isabelle/pss_mechanized.thy	49039	false	true	false
pss_mechanized.m_6_5_RedCondA_shiftRow0	pss_mechanized	577824	577824	1	isabelle/pss_mechanized.thy	49051	false	true	false
pss_mechanized.m_6_5_trunk_core_diag_row	pss_mechanized	578050	578050	1	isabelle/pss_mechanized.thy	49092	false	true	false
pss_mechanized.m_6_5_congR_self_Red_trunk_core	pss_mechanized	578290	578290	1	isabelle/pss_mechanized.thy	49168	false	true	false
pss_mechanized.m_6_5_anchored_reduced_imp_RedCondA	pss_mechanized	578514	578514	1	isabelle/pss_mechanized.thy	49220	false	true	false
pss_mechanized.m_6_5_anchored_imp_RedCondA	pss_mechanized	578744	578744	1	isabelle/pss_mechanized.thy	49245	false	true	false
pss_mechanized.leR_Lng1_eq	pss_mechanized	578860	578860	1	isabelle/pss_mechanized.thy	49277	false	false	false
pss_mechanized.m_6_5_Red_le_zeroT	pss_mechanized	578980	578980	1	isabelle/pss_mechanized.thy	49294	false	true	false
pss_mechanized.m_6_5_Red_le	pss_mechanized	579192	579192	1	isabelle/pss_mechanized.thy	49317	false	true	false
pss_mechanized.RedCondA_Pred	pss_mechanized	579282	579282	1	isabelle/pss_mechanized.thy	49343	false	false	false
pss_mechanized.RedCondA_oper_nontiling	pss_mechanized	579540	579540	1	isabelle/pss_mechanized.thy	49369	false	true	false
pss_mechanized.RedCondB_Pred	pss_mechanized	579630	579630	1	isabelle/pss_mechanized.thy	49397	false	true	false
pss_mechanized.RedCondB_oper_nontiling	pss_mechanized	579774	579774	1	isabelle/pss_mechanized.thy	49429	false	true	false
pss_mechanized.m_6_7_standard_RedCondAB	pss_mechanized	580384	580384	1	isabelle/pss_mechanized.thy	49457	false	true	false
pss_mechanized.m_6_7_standard_reduced	pss_mechanized	580634	580634	1	isabelle/pss_mechanized.thy	49507	false	true	false
pss_mechanized.m_6_5_ST_PS_imp_RedCondA	pss_mechanized	580880	580880	1	isabelle/pss_mechanized.thy	49531	false	true	false
pss_mechanized.operB_gen_LngM	pss_mechanized	581146	581146	1	isabelle/pss_mechanized.thy	49552	false	true	false
pss_mechanized.operB_gen_entry_prefix	pss_mechanized	581274	581274	1	isabelle/pss_mechanized.thy	49581	false	false	false
pss_mechanized.operCB_tiling_T	pss_mechanized	581416	581416	1	isabelle/pss_mechanized.thy	49609	false	true	false
pss_mechanized.operCB_tiling	pss_mechanized	581532	581532	1	isabelle/pss_mechanized.thy	49755	false	true	false
pss_mechanized.oper_gen_nextrel0_within	pss_mechanized	581970	581970	1	isabelle/pss_mechanized.thy	49775	false	true	false
pss_mechanized.oper_tiling_row0_prefix	pss_mechanized	582278	582278	1	isabelle/pss_mechanized.thy	49879	false	true	false
pss_mechanized.operCA_tiling_entry1_base	pss_mechanized	582680	582680	1	isabelle/pss_mechanized.thy	49977	false	true	false
pss_mechanized.operCA_tiling_row1_plus1_transfer	pss_mechanized	583582	583582	1	isabelle/pss_mechanized.thy	50025	false	false	false
pss_mechanized.oper_gen_strict_period_floor	pss_mechanized	583972	583972	1	isabelle/pss_mechanized.thy	50052	false	true	false
pss_mechanized.oper_gen_tiling_row0_interior	pss_mechanized	585272	585272	1	isabelle/pss_mechanized.thy	50099	false	true	false
pss_mechanized.operCA_tiling_row1_prefix	pss_mechanized	585982	585982	1	isabelle/pss_mechanized.thy	50298	false	false	false
pss_mechanized.operCA_tiling_assemble	pss_mechanized	586898	586898	1	isabelle/pss_mechanized.thy	50387	false	false	false
pss_mechanized.oper_last_row0_haspar	pss_mechanized	587042	587042	1	isabelle/pss_mechanized.thy	50427	false	true	false
pss_mechanized.parent0_eqI	pss_mechanized	587136	587136	1	isabelle/pss_mechanized.thy	50474	false	false	false
pss_mechanized.oper_gen_tiling_row0_boundary	pss_mechanized	588182	588182	1	isabelle/pss_mechanized.thy	50499	false	true	false
pss_mechanized.operCA_tiling_row1	pss_mechanized	589452	589452	1	isabelle/pss_mechanized.thy	50761	false	false	false
pss_mechanized.operCA_tiling_cond	pss_mechanized	590030	590030	1	isabelle/pss_mechanized.thy	50793	false	false	false
pss_mechanized.oper_gen_tiling_row0_boundary_i0	pss_mechanized	590286	590286	1	isabelle/pss_mechanized.thy	50840	false	true	false
pss_mechanized.oper_gen_blockfloor_min	pss_mechanized	590310	590310	1	isabelle/pss_mechanized.thy	51006	false	true	false
pss_mechanized.oper_gen_tiling_row0_blockstart0	pss_mechanized	590336	590336	1	isabelle/pss_mechanized.thy	51053	false	true	false
pss_mechanized.operCA_tiling_row0	pss_mechanized	590404	590404	1	isabelle/pss_mechanized.thy	51167	false	true	false
pss_mechanized.operCA_tiling_within1_via_reflect	pss_mechanized	590540	590540	1	isabelle/pss_mechanized.thy	51262	false	false	false
pss_mechanized.operCA_tiling_within1_ex	pss_mechanized	590686	590686	1	isabelle/pss_mechanized.thy	51281	false	true	false
pss_mechanized.operCA_tiling_entry1_base'	pss_mechanized	590856	590856	1	isabelle/pss_mechanized.thy	51311	false	true	false
pss_mechanized.operCA_tiling_within1_via_pbase	pss_mechanized	591804	591804	1	isabelle/pss_mechanized.thy	51344	false	true	false
pss_mechanized.oper_gen_le0_within_forward	pss_mechanized	592522	592522	1	isabelle/pss_mechanized.thy	51400	false	true	false
pss_mechanized.oper_d0zero_entryi_base	pss_mechanized	592966	592966	1	isabelle/pss_mechanized.thy	51477	false	true	false
pss_mechanized.oper_d0zero_nextrel0_inblock_back	pss_mechanized	593604	593604	1	isabelle/pss_mechanized.thy	51532	false	true	false
pss_mechanized.oper_d0zero_le0_inblock_back	pss_mechanized	594406	594406	1	isabelle/pss_mechanized.thy	51601	false	true	false
pss_mechanized.oper_d0zero_le0_slice_lift	pss_mechanized	595528	595528	1	isabelle/pss_mechanized.thy	51723	false	true	false
pss_mechanized.oper_d0zero_nextrel0_base	pss_mechanized	596648	596648	1	isabelle/pss_mechanized.thy	51788	false	true	false
pss_mechanized.oper_d0zero_le0_base_fwd	pss_mechanized	597466	597466	1	isabelle/pss_mechanized.thy	52032	false	true	false
pss_mechanized.oper_d0zero_nextrel0_lift	pss_mechanized	598454	598454	1	isabelle/pss_mechanized.thy	52117	false	true	false
pss_mechanized.oper_d0zero_le0_lift	pss_mechanized	599118	599118	1	isabelle/pss_mechanized.thy	52265	false	true	false
pss_mechanized.operCA_tiling_row1_charac_i0	pss_mechanized	599706	599706	1	isabelle/pss_mechanized.thy	52351	false	true	false
pss_mechanized.operCA_tiling_fb_d1pos_le0_j0_to_x	pss_mechanized	600174	600174	1	isabelle/pss_mechanized.thy	52595	false	true	false
pss_mechanized.oper_d1pos_le0_base_back	pss_mechanized	600776	600776	1	isabelle/pss_mechanized.thy	52624	false	true	false
pss_mechanized.oper_d1pos_le0_cross_back	pss_mechanized	601334	601334	1	isabelle/pss_mechanized.thy	52681	false	true	false
pss_mechanized.operCA_tiling_row1_charac_i1_cond	pss_mechanized	602972	602972	1	isabelle/pss_mechanized.thy	52766	false	true	false
pss_mechanized.operCA_tiling_within1_cond	pss_mechanized	604700	604700	1	isabelle/pss_mechanized.thy	52817	false	true	false
pss_mechanized.operCA_tiling_via_bcorr	pss_mechanized	607800	607800	1	isabelle/pss_mechanized.thy	52884	false	true	false
pss_mechanized.oper_d1pos_le0_block_lift_fwd	pss_mechanized	608634	608634	1	isabelle/pss_mechanized.thy	52928	false	true	false
pss_mechanized.oper_d1pos_le0_prefix_lift_fwd	pss_mechanized	609102	609102	1	isabelle/pss_mechanized.thy	52989	false	true	false
pss_mechanized.operCA_tiling_bcorr_reduced	pss_mechanized	614006	614006	1	isabelle/pss_mechanized.thy	53072	false	true	false
pss_mechanized.operCA_tiling_bcorr_le0pstar_slice	pss_mechanized	615200	615200	1	isabelle/pss_mechanized.thy	53291	false	true	false
pss_mechanized.operCA_tiling_bcorr_valley_reduced	pss_mechanized	615912	615912	1	isabelle/pss_mechanized.thy	53376	false	true	false
pss_mechanized.operCA_tiling_bcorr_le0pstar	pss_mechanized	616598	616598	1	isabelle/pss_mechanized.thy	53488	false	true	false
pss_mechanized.operCA_tiling_cond_hpN_valley	pss_mechanized	619898	619898	1	isabelle/pss_mechanized.thy	53589	false	true	false
pss_mechanized.operCA_tiling_hpN_valley	pss_mechanized	626048	626048	1	isabelle/pss_mechanized.thy	53696	false	true	false
pss_mechanized.m_6_7_standard_reduced_hpN_valley	pss_mechanized	629378	629378	1	isabelle/pss_mechanized.thy	53789	false	true	false
pss_mechanized.m_6_5_ST_PS_imp_RedCondA_hpN_valley	pss_mechanized	633444	633444	1	isabelle/pss_mechanized.thy	53846	false	true	false
pss_mechanized.operCA_tiling_valley_comp_reduced	pss_mechanized	635490	635490	1	isabelle/pss_mechanized.thy	53923	false	true	false
pss_mechanized.operCA_tiling_hpN_via_le0baseN	pss_mechanized	637138	637138	1	isabelle/pss_mechanized.thy	54081	false	true	false
pss_mechanized.operCA_tiling_hpN_le0baseN_sameblock	pss_mechanized	639802	639802	1	isabelle/pss_mechanized.thy	54171	false	true	false
pss_mechanized.operCA_tiling_le0_prefix_proj	pss_mechanized	640702	640702	1	isabelle/pss_mechanized.thy	54273	false	true	false
pss_mechanized.operCA_tiling_hpN_prefix	pss_mechanized	641506	641506	1	isabelle/pss_mechanized.thy	54354	false	true	false
pss_mechanized.operCA_tiling_hpN_via_sblk	pss_mechanized	642262	642262	1	isabelle/pss_mechanized.thy	54402	false	true	false
pss_mechanized.operCA_tiling_hpN_le0baseN_prefix	pss_mechanized	643176	643176	1	isabelle/pss_mechanized.thy	54458	false	true	false
pss_mechanized.operCA_tiling_hpN_le0baseN_full	pss_mechanized	644388	644388	1	isabelle/pss_mechanized.thy	54596	false	true	false
pss_mechanized.operCA_tiling_hpN_reduced_sblk	pss_mechanized	645290	645290	1	isabelle/pss_mechanized.thy	54641	false	true	false
pss_mechanized.oper_d1pos_le0_offset_within	pss_mechanized	646088	646088	1	isabelle/pss_mechanized.thy	54679	false	true	false
pss_mechanized.operCA_tiling_sblk_via_owithin	pss_mechanized	647488	647488	1	isabelle/pss_mechanized.thy	54781	false	true	false
pss_mechanized.operCA_tiling_hpN_via_owithin	pss_mechanized	648854	648854	1	isabelle/pss_mechanized.thy	54913	false	true	false
pss_mechanized.m_6_7_standard_reduced_via_owithin_valleyA	pss_mechanized	651488	651488	1	isabelle/pss_mechanized.thy	54967	false	true	false
pss_mechanized.m_6_5_ST_PS_imp_RedCondA_via_owithin_valleyA	pss_mechanized	655652	655652	1	isabelle/pss_mechanized.thy	55077	false	true	false
pss_mechanized.operCA_tiling_sblk_via_spsy	pss_mechanized	656084	656084	1	isabelle/pss_mechanized.thy	55194	false	true	false
pss_mechanized.operCA_tiling_hpN_via_spsy	pss_mechanized	656752	656752	1	isabelle/pss_mechanized.thy	55363	false	true	false
pss_mechanized.m_6_7_standard_reduced_via_spsy_valley	pss_mechanized	660836	660836	1	isabelle/pss_mechanized.thy	55405	false	true	false
pss_mechanized.m_6_5_ST_PS_imp_RedCondA_via_spsy_valley	pss_mechanized	666114	666114	1	isabelle/pss_mechanized.thy	55500	false	true	false
pss_mechanized.spsy_keystone_strict_blockstart	pss_mechanized	666898	666898	1	isabelle/pss_mechanized.thy	55603	false	true	false
pss_mechanized.spsy_keystone_via_Q	pss_mechanized	667378	667378	1	isabelle/pss_mechanized.thy	55727	false	true	false
pss_mechanized.Qprime_diag	pss_mechanized	667592	667592	1	isabelle/pss_mechanized.thy	55829	false	false	false
pss_mechanized.Qprime_via_tree	pss_mechanized	667764	667764	1	isabelle/pss_mechanized.thy	55896	false	false	false
pss_mechanized.spsy_keystone_via_tree_bridge	pss_mechanized	669010	669010	1	isabelle/pss_mechanized.thy	55974	false	true	false
pss_mechanized.tree_wellformed_diag	pss_mechanized	669352	669352	1	isabelle/pss_mechanized.thy	56062	false	false	false
pss_mechanized.m_6_7_tree_wellformed	pss_mechanized	669590	669590	1	isabelle/pss_mechanized.thy	56115	false	true	false
pss_mechanized.brick_from_tail_affine	pss_mechanized	669854	669854	1	isabelle/pss_mechanized.thy	56206	false	false	false
pss_mechanized.tail_affine_diag	pss_mechanized	670088	670088	1	isabelle/pss_mechanized.thy	56248	false	false	false
pss_mechanized.m_6_7_tree_wellformed_via_affine	pss_mechanized	670504	670504	1	isabelle/pss_mechanized.thy	56279	false	true	false
pss_mechanized.brick_from_subramp	pss_mechanized	670756	670756	1	isabelle/pss_mechanized.thy	56324	false	true	false
pss_mechanized.m_6_7_tree_wellformed_via_subramp	pss_mechanized	671070	671070	1	isabelle/pss_mechanized.thy	56375	false	true	false
pss_mechanized.subramp_diag_base	pss_mechanized	671152	671152	1	isabelle/pss_mechanized.thy	56408	false	false	false
pss_mechanized.subramp_oper_core	pss_mechanized	671422	671422	1	isabelle/pss_mechanized.thy	56439	false	true	false
pss_mechanized.SkT_row0_step_le	pss_mechanized	671534	671534	1	isabelle/pss_mechanized.thy	56563	false	true	false
pss_mechanized.ST_row0_step_le	pss_mechanized	671600	671600	1	isabelle/pss_mechanized.thy	56812	false	true	false
pss_mechanized.subramp_from_Ep	pss_mechanized	671874	671874	1	isabelle/pss_mechanized.thy	56836	false	true	false
pss_mechanized.m_6_7_tree_wellformed_via_Ep	pss_mechanized	672102	672102	1	isabelle/pss_mechanized.thy	56912	false	true	false
pss_mechanized.Ep_from_le0_tail	pss_mechanized	672284	672284	1	isabelle/pss_mechanized.thy	56963	false	true	false
pss_mechanized.le0_step_consec	pss_mechanized	672368	672368	1	isabelle/pss_mechanized.thy	57035	false	false	false
pss_mechanized.tailReach_from_row0_strict	pss_mechanized	672512	672512	1	isabelle/pss_mechanized.thy	57048	false	false	false
pss_mechanized.le0_strict_entry0	pss_mechanized	672636	672636	1	isabelle/pss_mechanized.thy	57098	false	false	false
pss_mechanized.d0_pos_row1_parent	pss_mechanized	672726	672726	1	isabelle/pss_mechanized.thy	57110	false	false	false
pss_mechanized.oper_within_block_strict	pss_mechanized	673356	673356	1	isabelle/pss_mechanized.thy	57131	false	true	false
pss_mechanized.reach_from_z_tail	pss_mechanized	673446	673446	1	isabelle/pss_mechanized.thy	57163	false	false	false
pss_mechanized.m_6_7_tree_wellformed_via_z	pss_mechanized	673680	673680	1	isabelle/pss_mechanized.thy	57188	false	true	false
pss_mechanized.le0_z_j1_from_Ez	pss_mechanized	673918	673918	1	isabelle/pss_mechanized.thy	57222	false	true	false
pss_mechanized.m_6_7_tree_wellformed_via_Ez	pss_mechanized	674146	674146	1	isabelle/pss_mechanized.thy	57257	false	true	false
pss_mechanized.oper_parent1_readback_interior	pss_mechanized	674966	674966	1	isabelle/pss_mechanized.thy	57279	false	true	false
pss_mechanized.oper_parent1_readback	pss_mechanized	675540	675540	1	isabelle/pss_mechanized.thy	57444	false	true	false
pss_mechanized.oper_parent1_readback_boundary	pss_mechanized	676578	676578	1	isabelle/pss_mechanized.thy	57584	false	true	false
pss_mechanized.Ez_diag_base	pss_mechanized	676740	676740	1	isabelle/pss_mechanized.thy	57744	false	false	false
pss_mechanized.ez_inblock_lift	pss_mechanized	677578	677578	1	isabelle/pss_mechanized.thy	57766	false	true	false
pss_mechanized.Mtail_ramp_from_Ez	pss_mechanized	677676	677676	1	isabelle/pss_mechanized.thy	57854	false	true	false
pss_mechanized.ez_inblock_oper_step	pss_mechanized	678162	678162	1	isabelle/pss_mechanized.thy	57951	false	true	false
pss_mechanized.ez_prefix_lift	pss_mechanized	678342	678342	1	isabelle/pss_mechanized.thy	57986	false	true	false
pss_mechanized.segReach_from_row0_strict	pss_mechanized	678430	678430	1	isabelle/pss_mechanized.thy	58105	false	false	false
pss_mechanized.ez_inblock_oper_step_via_strict	pss_mechanized	678754	678754	1	isabelle/pss_mechanized.thy	58155	false	true	false
pss_mechanized.ez_prefix_oper_step_via_Ez	pss_mechanized	678914	678914	1	isabelle/pss_mechanized.thy	58209	false	true	false
pss_mechanized.ez_inblock_oper_step_via_fullramp	pss_mechanized	679224	679224	1	isabelle/pss_mechanized.thy	58264	false	true	false
pss_mechanized.ez_prefix_oper_step_via_ramp	pss_mechanized	679234	679234	1	isabelle/pss_mechanized.thy	58341	false	true	false
pss_mechanized.fullramp_diag	pss_mechanized	679242	679242	1	isabelle/pss_mechanized.thy	58389	false	false	false
pss_mechanized.Ez_from_fullramp	pss_mechanized	679256	679256	1	isabelle/pss_mechanized.thy	58409	false	false	false
pss_mechanized.tree_from_fullramp	pss_mechanized	679300	679300	1	isabelle/pss_mechanized.thy	58449	false	true	false
pss_mechanized.fr_width1_step	pss_mechanized	679312	679312	1	isabelle/pss_mechanized.thy	58486	false	false	false
pss_mechanized.fr_block_step	pss_mechanized	679378	679378	1	isabelle/pss_mechanized.thy	58511	false	true	false
pss_mechanized.fr_prefix_step	pss_mechanized	679514	679514	1	isabelle/pss_mechanized.thy	58650	false	true	false
pss_mechanized.fr_oper_step	pss_mechanized	680280	680280	1	isabelle/pss_mechanized.thy	58700	false	true	false
pss_mechanized.fr_global_oper	pss_mechanized	680596	680596	1	isabelle/pss_mechanized.thy	58741	false	true	false
pss_mechanized.fr_wid1_trivial	pss_mechanized	680732	680732	1	isabelle/pss_mechanized.thy	58795	false	false	false
pss_mechanized.fr_ramp_from_Ep_at_j0	pss_mechanized	680924	680924	1	isabelle/pss_mechanized.thy	58822	false	true	false
pss_mechanized.gs_tree_from_gstrict	pss_mechanized	681080	681080	1	isabelle/pss_mechanized.thy	58841	false	true	false
pss_mechanized.gs_tree_from_Ep	pss_mechanized	681490	681490	1	isabelle/pss_mechanized.thy	58871	false	true	false
pss_mechanized.gs_diag_gstrict	pss_mechanized	681582	681582	1	isabelle/pss_mechanized.thy	58900	false	false	false
pss_mechanized.gs_oper_gstrict_from_M	pss_mechanized	681866	681866	1	isabelle/pss_mechanized.thy	58916	false	true	false
pss_mechanized.gs_oper_gstrict_reduction	pss_mechanized	685920	685920	1	isabelle/pss_mechanized.thy	58953	false	true	false
pss_mechanized.f2_gstrict_from_D	pss_mechanized	685988	685988	1	isabelle/pss_mechanized.thy	58995	false	true	false
pss_mechanized.f2_D_diag	pss_mechanized	686070	686070	1	isabelle/pss_mechanized.thy	59013	false	false	false
pss_mechanized.f2_gstrict_oper_from_D_M	pss_mechanized	686100	686100	1	isabelle/pss_mechanized.thy	59038	false	true	false
pss_mechanized.cd_D_from_consec_strict	pss_mechanized	686132	686132	1	isabelle/pss_mechanized.thy	59066	false	true	false
pss_mechanized.cd_le0_first_step	pss_mechanized	686182	686182	1	isabelle/pss_mechanized.thy	59110	false	false	false
pss_mechanized.cd_D_from_reachend	pss_mechanized	686192	686192	1	isabelle/pss_mechanized.thy	59149	false	true	false
pss_mechanized.cd_oper_gstrict_via_reachend	pss_mechanized	686200	686200	1	isabelle/pss_mechanized.thy	59171	false	true	false
pss_mechanized.cd_tree_via_reachend	pss_mechanized	686206	686206	1	isabelle/pss_mechanized.thy	59194	false	true	false
pss_mechanized.cd_D_from_strictmono	pss_mechanized	686216	686216	1	isabelle/pss_mechanized.thy	59234	false	true	false
pss_mechanized.cd_tree_from_D	pss_mechanized	686284	686284	1	isabelle/pss_mechanized.thy	59273	false	true	false
pss_mechanized.fc_D_diag	pss_mechanized	686302	686302	1	isabelle/pss_mechanized.thy	59301	false	false	false
pss_mechanized.fc_flat_step_from_notD	pss_mechanized	686310	686310	1	isabelle/pss_mechanized.thy	59318	false	true	false
pss_mechanized.fc_D_oper	pss_mechanized	686414	686414	1	isabelle/pss_mechanized.thy	59350	false	true	false
pss_mechanized.fc_notD_M_from_notD_oper	pss_mechanized	686552	686552	1	isabelle/pss_mechanized.thy	59456	false	true	false
pss_mechanized.bf_roper_nonshift	pss_mechanized	686604	686604	1	isabelle/pss_mechanized.thy	59513	false	true	false
pss_mechanized.m_6_5_Red_oper	pss_mechanized	686800	686800	1	isabelle/pss_mechanized.thy	59547	false	true	false
pss_mechanized.m_6_6_red_preserved_by_oper	pss_mechanized	686988	686988	1	isabelle/pss_mechanized.thy	59582	false	true	false
pss_mechanized.m_6_7_standard_reduced_faithful	pss_mechanized	687168	687168	1	isabelle/pss_mechanized.thy	59616	false	true	false
pss_mechanized.bf_stdCA_faithful	pss_mechanized	687452	687452	1	isabelle/pss_mechanized.thy	59653	false	true	false
pss_mechanized.bf_diagSeq_reduced	pss_mechanized	687594	687594	1	isabelle/pss_mechanized.thy	59709	false	true	false
pss_mechanized.bf_predRdegen_reduced	pss_mechanized	687762	687762	1	isabelle/pss_mechanized.thy	59726	false	false	false
pss_mechanized.bf_red_preserved_by_oper_ST	pss_mechanized	688004	688004	1	isabelle/pss_mechanized.thy	59751	false	true	false
pss_mechanized.bf_m_6_7_standard_reduced_modulo_shift	pss_mechanized	688160	688160	1	isabelle/pss_mechanized.thy	59788	false	true	false
pss_mechanized.bf_stdCA_modulo_shift	pss_mechanized	688360	688360	1	isabelle/pss_mechanized.thy	59815	false	true	false
pss_mechanized.oper_nontile_eq_Pred	pss_mechanized	688476	688476	1	isabelle/pss_mechanized.thy	59859	false	false	false
pss_mechanized.bf_shift_resid_via_operCAB	pss_mechanized	689070	689070	1	isabelle/pss_mechanized.thy	59892	false	true	false
pss_mechanized.bf_m_6_7_standard_reduced_via_operCAB	pss_mechanized	689286	689286	1	isabelle/pss_mechanized.thy	59938	false	true	false
pss_mechanized.bf_stdCA_via_operCAB	pss_mechanized	689572	689572	1	isabelle/pss_mechanized.thy	59955	false	true	false
pss_mechanized.m_6_7_oper_gstrict	pss_mechanized	696400	696400	1	isabelle/pss_mechanized.thy	60006	false	true	false
pss_mechanized.wg_reflect_core	pss_mechanized	696564	696564	1	isabelle/pss_mechanized.thy	60098	false	true	false
pss_mechanized.oper_parent1_prefix_agree	pss_mechanized	696656	696656	1	isabelle/pss_mechanized.thy	60165	false	false	false
pss_mechanized.treewf_diag	pss_mechanized	696738	696738	1	isabelle/pss_mechanized.thy	60247	false	false	false
pss_mechanized.m_6_7_treewf	pss_mechanized	696818	696818	1	isabelle/pss_mechanized.thy	60269	false	true	false
pss_mechanized.treewf_oper_step	pss_mechanized	696960	696960	1	isabelle/pss_mechanized.thy	60295	false	false	false
pss_mechanized.gtw_diag	pss_mechanized	696970	696970	1	isabelle/pss_mechanized.thy	60354	false	false	false
pss_mechanized.m_6_7_globaltreewf	pss_mechanized	697024	697024	1	isabelle/pss_mechanized.thy	60370	false	true	false
pss_mechanized.treewf_of_gtw	pss_mechanized	697040	697040	1	isabelle/pss_mechanized.thy	60389	false	false	false
pss_mechanized.nextR1_pred_agree	pss_mechanized	697050	697050	1	isabelle/pss_mechanized.thy	60398	false	false	false
pss_mechanized.gtw_pred	pss_mechanized	697064	697064	1	isabelle/pss_mechanized.thy	60436	false	false	false
pss_mechanized.gtw_oper_step	pss_mechanized	697138	697138	1	isabelle/pss_mechanized.thy	60493	false	false	false
pss_mechanized.oper_d1pos_le0_prefix_back	pss_mechanized	697354	697354	1	isabelle/pss_mechanized.thy	60546	false	true	false
pss_mechanized.oper_boundary_valley	pss_mechanized	697742	697742	1	isabelle/pss_mechanized.thy	60629	false	true	false
pss_mechanized.oper_parent1_readback_boundary_uncond	pss_mechanized	698046	698046	1	isabelle/pss_mechanized.thy	60744	false	true	false
pss_mechanized.operCA_block_start_row1	pss_mechanized	698832	698832	1	isabelle/pss_mechanized.thy	60767	false	true	false
pss_mechanized.operCA_interior_row1	pss_mechanized	699394	699394	1	isabelle/pss_mechanized.thy	60805	false	true	false
pss_mechanized.oper_interior_parent_inblock	pss_mechanized	700032	700032	1	isabelle/pss_mechanized.thy	60869	false	true	false
pss_mechanized.oper_d1pos_parent1_readback_escape	pss_mechanized	700678	700678	1	isabelle/pss_mechanized.thy	61025	false	true	false
pss_mechanized.oper_interior_hasParent_base	pss_mechanized	701144	701144	1	isabelle/pss_mechanized.thy	61217	false	true	false
pss_mechanized.oper_blockstart_hasParent_j0	pss_mechanized	701394	701394	1	isabelle/pss_mechanized.thy	61336	false	true	false
pss_mechanized.oper_d0zero_interior_hasParent_base	pss_mechanized	701626	701626	1	isabelle/pss_mechanized.thy	61433	false	true	false
pss_mechanized.oper_d0zero_parent1_readback	pss_mechanized	702672	702672	1	isabelle/pss_mechanized.thy	61501	false	true	false
pss_mechanized.operCA_escape_row1	pss_mechanized	703546	703546	1	isabelle/pss_mechanized.thy	61668	false	true	false
pss_mechanized.operCA_d1pos	pss_mechanized	703728	703728	1	isabelle/pss_mechanized.thy	61714	false	true	false
pss_mechanized.operCA_d0zero	pss_mechanized	704098	704098	1	isabelle/pss_mechanized.thy	61809	false	true	false
pss_mechanized.operCA_tiling_full	pss_mechanized	704212	704212	1	isabelle/pss_mechanized.thy	61914	false	true	false
pss_mechanized.m_6_7_ST_PS_subseteq_RT_PS	pss_mechanized	704246	704246	1	isabelle/pss_mechanized.thy	61955	false	true	false
pss_mechanized.stdCA_ST_PS	pss_mechanized	704292	704292	1	isabelle/pss_mechanized.thy	61961	false	true	false
pss_mechanized.RedCondAB_ST_PS	pss_mechanized	704310	704310	1	isabelle/pss_mechanized.thy	61966	false	true	false
pss_mechanized.le0_adjacent_step	pss_mechanized	704334	704334	1	isabelle/pss_mechanized.thy	61983	false	false	false
pss_mechanized.RedCondA_shiftRow0	pss_mechanized	704372	704372	1	isabelle/pss_mechanized.thy	62006	false	false	false
pss_mechanized.trunk_entries_offset	pss_mechanized	704412	704412	1	isabelle/pss_mechanized.thy	62061	false	false	false
pss_mechanized.trunk_entries_diag	pss_mechanized	704468	704468	1	isabelle/pss_mechanized.thy	62148	false	false	false
pss_mechanized.monoT_condA_trunkwhole_eq_diagSeq	pss_mechanized	704526	704526	1	isabelle/pss_mechanized.thy	62156	false	true	false
pss_mechanized.NJ_eq_BrJ	pss_mechanized	704670	704670	1	isabelle/pss_mechanized.thy	62195	false	true	false
pss_mechanized.RedCondA_seg	pss_mechanized	704732	704732	1	isabelle/pss_mechanized.thy	62286	false	false	false
pss_mechanized.RedCondA_BrJ	pss_mechanized	704792	704792	1	isabelle/pss_mechanized.thy	62347	false	true	false
pss_mechanized.BrJ_head0	pss_mechanized	704926	704926	1	isabelle/pss_mechanized.thy	62397	false	true	false
pss_mechanized.BrJ_head1	pss_mechanized	705090	705090	1	isabelle/pss_mechanized.thy	62405	false	true	false
pss_mechanized.BrJ_block_identity	pss_mechanized	705232	705232	1	isabelle/pss_mechanized.thy	62420	false	true	false
pss_mechanized.map_entry_id	pss_mechanized	705304	705304	1	isabelle/pss_mechanized.thy	62498	false	false	false
pss_mechanized.trunk_take_eq_diagSeq	pss_mechanized	705448	705448	1	isabelle/pss_mechanized.thy	62510	false	true	false
pss_mechanized.Red_rebase_core	pss_mechanized	705686	705686	1	isabelle/pss_mechanized.thy	62543	false	true	false
pss_mechanized.nextrel0_funpow_IncrFirst_eq	pss_mechanized	705738	705738	1	isabelle/pss_mechanized.thy	62630	false	false	false
pss_mechanized.nextrel1_funpow_IncrFirst_eq	pss_mechanized	705766	705766	1	isabelle/pss_mechanized.thy	62633	false	false	false
pss_mechanized.nextR_funpow_IncrFirst_eq	pss_mechanized	705782	705782	1	isabelle/pss_mechanized.thy	62636	false	false	false
pss_mechanized.RedCondA_funpow_IncrFirst	pss_mechanized	705842	705842	1	isabelle/pss_mechanized.thy	62643	false	false	false
pss_mechanized.TrMax_bound_set	pss_mechanized	705872	705872	1	isabelle/pss_mechanized.thy	62699	false	false	false
pss_mechanized.TrMax_eqI_endpoint	pss_mechanized	705956	705956	1	isabelle/pss_mechanized.thy	62716	false	false	false
pss_mechanized.TrMax_stop_uncond	pss_mechanized	706036	706036	1	isabelle/pss_mechanized.thy	62749	false	false	false
pss_mechanized.TrMax_coreReduce	pss_mechanized	706260	706260	1	isabelle/pss_mechanized.thy	62775	false	true	false
pss_mechanized.funpow_IncrFirst_drop	pss_mechanized	706340	706340	1	isabelle/pss_mechanized.thy	62933	false	false	false
pss_mechanized.length_funpow_IncrFirst	pss_mechanized	706382	706382	1	isabelle/pss_mechanized.thy	62937	false	false	false
pss_mechanized.IdxSum_map_funpow_IncrFirst	pss_mechanized	706460	706460	1	isabelle/pss_mechanized.thy	62940	false	true	false
pss_mechanized.Br_coreReduce	pss_mechanized	706594	706594	1	isabelle/pss_mechanized.thy	62967	false	true	false
pss_mechanized.FirstNodes_coreReduce	pss_mechanized	706650	706650	1	isabelle/pss_mechanized.thy	63014	false	true	false
pss_mechanized.coreReduce_nextrel0_transfer	pss_mechanized	706806	706806	1	isabelle/pss_mechanized.thy	63040	false	false	false
pss_mechanized.Joints_coreReduce	pss_mechanized	706990	706990	1	isabelle/pss_mechanized.thy	63067	false	true	false
pss_mechanized.coreReduce_le0_back	pss_mechanized	707268	707268	1	isabelle/pss_mechanized.thy	63115	false	true	false
pss_mechanized.coreReduce_le0_fwd	pss_mechanized	707412	707412	1	isabelle/pss_mechanized.thy	63173	false	false	false
pss_mechanized.coreReduce_trunk_e1	pss_mechanized	707492	707492	1	isabelle/pss_mechanized.thy	63207	false	true	false
pss_mechanized.coreReduce_nextrel1_transfer	pss_mechanized	707572	707572	1	isabelle/pss_mechanized.thy	63251	false	false	false
pss_mechanized.npJ_coreReduce	pss_mechanized	707750	707750	1	isabelle/pss_mechanized.thy	63278	false	true	false
pss_mechanized.mono_tail_row0_strict	pss_mechanized	707784	707784	1	isabelle/pss_mechanized.thy	63534	false	false	false
pss_mechanized.congR_head0_lower	pss_mechanized	707874	707874	1	isabelle/pss_mechanized.thy	63585	false	true	false
pss_mechanized.BrJ_head0_gen	pss_mechanized	707964	707964	1	isabelle/pss_mechanized.thy	63673	false	true	false
pss_mechanized.funpow_IncrFirst_as_map	pss_mechanized	708016	708016	1	isabelle/pss_mechanized.thy	63708	false	false	false
pss_mechanized.multiT_funpow_IncrFirst	pss_mechanized	708078	708078	1	isabelle/pss_mechanized.thy	63717	false	false	false
pss_mechanized.rebase_as_pair_map	pss_mechanized	708140	708140	1	isabelle/pss_mechanized.thy	63720	false	false	false
pss_mechanized.coreReduce_block_value	pss_mechanized	708568	708568	1	isabelle/pss_mechanized.thy	63734	false	true	false
pss_mechanized.drop_diagSeq	pss_mechanized	708688	708688	1	isabelle/pss_mechanized.thy	63920	false	true	false
pss_mechanized.Red_coreReduce_eq	pss_mechanized	709118	709118	1	isabelle/pss_mechanized.thy	63929	false	true	false
pss_mechanized.m_6_5_Red_rebase	pss_mechanized	709262	709262	1	isabelle/pss_mechanized.thy	64037	false	true	false
pss_mechanized.congR_self_funpow_IncrFirst	pss_mechanized	709282	709282	1	isabelle/pss_mechanized.thy	64298	false	false	false
pss_mechanized.m_6_5_congR_self_Red_monoT	pss_mechanized	709300	709300	1	isabelle/pss_mechanized.thy	64312	false	true	false
pss_mechanized.m_6_5_Red_le_final	pss_mechanized	709314	709314	1	isabelle/pss_mechanized.thy	64339	false	true	false
pss_mechanized.m_6_5_Red_monoT_final	pss_mechanized	709334	709334	1	isabelle/pss_mechanized.thy	64361	false	true	false
pss_mechanized.m_6_5_Red_not_multiT	pss_mechanized	709344	709344	1	isabelle/pss_mechanized.thy	64383	false	true	false
pss_mechanized.m_6_5_P_Red_final	pss_mechanized	709400	709400	1	isabelle/pss_mechanized.thy	64401	false	true	false
pss_mechanized.m_6_5_congR_self_Red_anchored	pss_mechanized	709446	709446	1	isabelle/pss_mechanized.thy	64422	false	true	false
pss_mechanized.m_6_5_adm_Red_eq	pss_mechanized	709516	709516	1	isabelle/pss_mechanized.thy	64446	false	true	false
pss_mechanized.m_6_5_Red_adm_final	pss_mechanized	709548	709548	1	isabelle/pss_mechanized.thy	64456	false	true	false
pss_mechanized.m_6_5_admof_Red_final	pss_mechanized	709580	709580	1	isabelle/pss_mechanized.thy	64461	false	true	false
pss_mechanized.m_6_5_Red_marked_final	pss_mechanized	709672	709672	1	isabelle/pss_mechanized.thy	64466	false	true	false
pss_mechanized.Red_singleton	pss_mechanized	709824	709824	1	isabelle/pss_mechanized.thy	64495	false	true	false
pss_mechanized.m_6_6_oneColumn	pss_mechanized	709954	709954	1	isabelle/pss_mechanized.thy	64530	false	true	false
pss_mechanized.reduced_mono_head_diag	pss_mechanized	710044	710044	1	isabelle/pss_mechanized.thy	64551	false	true	false
pss_mechanized.reduced_nonmulti_coeff_set	pss_mechanized	710184	710184	1	isabelle/pss_mechanized.thy	64577	false	true	false
pss_mechanized.m_6_6_reduced_coeff_set	pss_mechanized	710254	710254	1	isabelle/pss_mechanized.thy	64651	false	true	false
pss_mechanized.m_6_6_ancestor_slice_Red_IncrFirst	pss_mechanized	710538	710538	1	isabelle/pss_mechanized.thy	64688	false	true	false
pss_mechanized.oper_T_PS	pss_mechanized	710704	710704	1	isabelle/pss_mechanized.thy	64783	false	true	false
pss_mechanized.operCA_tiling_T	pss_mechanized	710828	710828	1	isabelle/pss_mechanized.thy	64826	false	true	false
pss_mechanized.m_6_6_reduced_oper	pss_mechanized	710870	710870	1	isabelle/pss_mechanized.thy	64868	false	true	false
pss_mechanized.congR_rebaseRow0	pss_mechanized	710968	710968	1	isabelle/pss_mechanized.thy	64910	false	false	false
pss_mechanized.oper_row0_floor	pss_mechanized	711084	711084	1	isabelle/pss_mechanized.thy	64930	false	true	false
pss_mechanized.oper_rebase_commute	pss_mechanized	711206	711206	1	isabelle/pss_mechanized.thy	65002	false	true	false
pss_mechanized.m_6_5_Red_oper_final	pss_mechanized	711224	711224	1	isabelle/pss_mechanized.thy	65153	false	true	false
pss_mechanized.flatBP_nonempty	pss_mechanized	711240	711240	1	isabelle/pss_mechanized.thy	65229	false	true	false
pss_mechanized.flatBP_hd	pss_mechanized	711252	711252	1	isabelle/pss_mechanized.thy	65231	false	true	false
pss_mechanized.gs_pwsum_Nil	pss_mechanized	712016	712016	1	isabelle/pss_mechanized.thy	65249	false	false	false
pss_mechanized.gs_pwsum_Cons	pss_mechanized	712084	712084	1	isabelle/pss_mechanized.thy	65251	false	false	false
pss_mechanized.gs_pwsum_append	pss_mechanized	712102	712102	1	isabelle/pss_mechanized.thy	65253	false	false	false
pss_mechanized.gs_pwsum_concat_CM	pss_mechanized	712138	712138	1	isabelle/pss_mechanized.thy	65256	false	true	false
pss_mechanized.gs_pwsum_flatBT	pss_mechanized	712160	712160	1	isabelle/pss_mechanized.thy	65261	false	true	false
pss_mechanized.gs_pwsum_prefix_concat	pss_mechanized	712200	712200	1	isabelle/pss_mechanized.thy	65281	false	true	false
pss_mechanized.gs_pwsum_prefix_nonneg_BT	pss_mechanized	712320	712320	1	isabelle/pss_mechanized.thy	65335	false	true	false
pss_mechanized.gs_pwsum_prefix_body	pss_mechanized	712444	712444	1	isabelle/pss_mechanized.thy	65426	false	true	false
pss_mechanized.gensurg_concat	pss_mechanized	712682	712682	1	isabelle/pss_mechanized.thy	65464	false	true	false
pss_mechanized.gensurg_pbody	pss_mechanized	712904	712904	1	isabelle/pss_mechanized.thy	65612	false	true	false
pss_mechanized.gensurg_main	pss_mechanized	713098	713102	2	isabelle/pss_mechanized.thy	65706	false	true	false
pss_mechanized.gensurg_image_BT	pss_mechanized	713146	713146	1	isabelle/pss_mechanized.thy	65835	false	true	false
pss_mechanized.gensurg_addBT_TB	pss_mechanized	713172	713172	1	isabelle/pss_mechanized.thy	65848	false	true	false
pss_mechanized.m_7_2_add_scb_conj3_image	pss_mechanized	713234	713234	1	isabelle/pss_mechanized.thy	65864	false	true	false
pss_mechanized.scbrepl_image_principal	pss_mechanized	713280	713280	1	isabelle/pss_mechanized.thy	65896	false	true	false
pss_wip.Pred_RT_PS	pss_wip	1507868	1507868	1	isabelle/layerB/pss_wip.thy	19	false	true	false
pss_wip.trans_multiT_prefix_RT_PS	pss_wip	1507876	1507876	1	isabelle/layerB/pss_wip.thy	47	false	true	false
pss_wip.trans_multiT_last_component	pss_wip	1507898	1507900	2	isabelle/layerB/pss_wip.thy	84	false	true	false
pss_wip.Trans_Mark_dom_RT_PS_aux	pss_wip	1507932	1507932	1	isabelle/layerB/pss_wip.thy	117	false	true	false
pss_wip.m_7_3_Trans_welldef	pss_wip	1507942	1507942	1	isabelle/layerB/pss_wip.thy	258	false	true	false
pss_wip.m_7_3_Mark_welldef	pss_wip	1507958	1507958	1	isabelle/layerB/pss_wip.thy	263	false	true	false
pss_wip.Trans_singleton	pss_wip	1507986	1507986	1	isabelle/layerB/pss_wip.thy	273	false	true	false
pss_wip.Mark_singleton	pss_wip	1508006	1508006	1	isabelle/layerB/pss_wip.thy	286	false	true	false
pss_wip.unflatBT_flat	pss_wip	1508022	1508022	1	isabelle/layerB/pss_wip.thy	303	false	true	false
pss_wip.isPTB_str_Dpt	pss_wip	1508068	1508068	1	isabelle/layerB/pss_wip.thy	312	false	true	false
pss_wip.scb_decomp_self	pss_wip	1508078	1508078	1	isabelle/layerB/pss_wip.thy	321	false	false	false
pss_wip.scb_SOME_self	pss_wip	1508106	1508106	1	isabelle/layerB/pss_wip.thy	326	false	true	false
pss_wip.m_7_3_twoColumn_Trans	pss_wip	1508176	1508176	1	isabelle/layerB/pss_wip.thy	348	false	true	false
pss_wip.m_7_3_twoColumn_Marked	pss_wip	1508264	1508268	2	isabelle/layerB/pss_wip.thy	484	false	true	false
pss_wip.m_7_3_twoColumn_Mark	pss_wip	1508410	1508418	2	isabelle/layerB/pss_wip.thy	500	false	true	false
pss_wip.m_7_3_Trans_Red	pss_wip	1508486	1508486	1	isabelle/layerB/pss_wip.thy	656	false	true	false
pss_wip.m_7_3_Mark_Red	pss_wip	1508544	1508544	1	isabelle/layerB/pss_wip.thy	671	false	true	false
pss_wip.m_7_3_Trans_IncrFirst	pss_wip	1508608	1508608	1	isabelle/layerB/pss_wip.thy	686	false	true	false
pss_wip.m_7_3_Mark_IncrFirst	pss_wip	1508690	1508690	1	isabelle/layerB/pss_wip.thy	699	false	true	false
pss_wip.scbimg_prefix_whole	pss_wip	1508816	1508816	1	isabelle/layerB/pss_wip.thy	721	false	true	false
pss_wip.scbimg_principal_descend	pss_wip	1509008	1509008	1	isabelle/layerB/pss_wip.thy	744	false	true	false
pss_wip.scbimg_join	pss_wip	1509318	1509318	1	isabelle/layerB/pss_wip.thy	761	false	true	false
pss_wip.scbimg_image_BT	pss_wip	1509572	1509572	1	isabelle/layerB/pss_wip.thy	913	false	true	false
pss_wip.scb_replace_principal	pss_wip	1509796	1509796	1	isabelle/layerB/pss_wip.thy	1066	false	true	false
pss_wip.dfree_flat_BT	pss_wip	1509964	1509964	1	isabelle/layerB/pss_wip.thy	1085	false	true	false
pss_wip.adm_Pred_transfer	pss_wip	1510082	1510082	1	isabelle/layerB/pss_wip.thy	1118	false	false	false
pss_wip.Marked_Pred	pss_wip	1510150	1510150	1	isabelle/layerB/pss_wip.thy	1152	false	false	false
pss_wip.Marked_Pred_Adm	pss_wip	1510276	1510276	1	isabelle/layerB/pss_wip.thy	1183	false	true	false
pss_wip.multi_Marked_last_component	pss_wip	1510350	1510352	2	isabelle/layerB/pss_wip.thy	1220	false	true	false
pss_wip.scbext_join	pss_wip	1510438	1510438	1	isabelle/layerB/pss_wip.thy	1317	false	true	false
pss_wip.scb_to_last_component	pss_wip	1510542	1510542	1	isabelle/layerB/pss_wip.thy	1429	false	true	false
pss_wip.scb_from_last_component	pss_wip	1510654	1510654	1	isabelle/layerB/pss_wip.thy	1548	false	true	false
pss_wip.MarkedB_last_component_transfer	pss_wip	1510782	1510782	1	isabelle/layerB/pss_wip.thy	1610	false	true	false
pss_wip.monoT_hasParent0_last	pss_wip	1510832	1510832	1	isabelle/layerB/pss_wip.thy	1642	false	false	false
pss_wip.scb_Dpt_lift	pss_wip	1510882	1510882	1	isabelle/layerB/pss_wip.thy	1663	false	true	false
pss_wip.MarkedB_addBT_right	pss_wip	1510892	1510892	1	isabelle/layerB/pss_wip.thy	1673	false	true	false
pss_wip.scb_replace_principal_BP	pss_wip	1510964	1510964	1	isabelle/layerB/pss_wip.thy	1688	false	true	false
pss_wip.MarkedB_Dpt_lift	pss_wip	1511026	1511026	1	isabelle/layerB/pss_wip.thy	1707	false	true	false
pss_wip.trans_inv_B_hard	pss_wip	1511080	1511080	1	isabelle/layerB/pss_wip.thy	1722	false	true	false
pss_wip.trans_inv_C	pss_wip	1511204	1511204	1	isabelle/layerB/pss_wip.thy	2051	false	true	false
pss_wip.Trans_Mark_invariant_aux	pss_wip	1511226	1511226	1	isabelle/layerB/pss_wip.thy	2226	false	true	false
pss_wip.m_7_3_Trans_in_T_B	pss_wip	1511242	1511242	1	isabelle/layerB/pss_wip.thy	2374	false	true	false
pss_wip.m_7_3_Mark_in_T_B	pss_wip	1511256	1511256	1	isabelle/layerB/pss_wip.thy	2379	false	true	false
pss_wip.m_7_3_Trans_Mark_MarkedB	pss_wip	1511264	1511264	1	isabelle/layerB/pss_wip.thy	2384	false	true	false
pss_wip.m_7_3_Trans_zeroT	pss_wip	1511278	1511278	1	isabelle/layerB/pss_wip.thy	2400	false	true	false
pss_wip.lessBT_addBT_self	pss_wip	1511288	1511288	1	isabelle/layerB/pss_wip.thy	2431	false	true	false
pss_wip.lessBT_addBT_mono_right	pss_wip	1511300	1511300	1	isabelle/layerB/pss_wip.thy	2443	false	true	false
pss_wip.scbjoin_lessBT	pss_wip	1511326	1511326	1	isabelle/layerB/pss_wip.thy	2467	false	true	false
pss_wip.scbext_lessBT	pss_wip	1511348	1511348	1	isabelle/layerB/pss_wip.thy	2616	false	true	false
pss_wip.Lng_PB_Dpt	pss_wip	1511370	1511370	1	isabelle/layerB/pss_wip.thy	2830	false	true	false
pss_wip.transC2_single_principal	pss_wip	1511390	1511390	1	isabelle/layerB/pss_wip.thy	2833	false	true	false
pss_wip.isPTB_str_imp_Lng_PB_1	pss_wip	1511400	1511400	1	isabelle/layerB/pss_wip.thy	2842	false	true	false
pss_wip.transC1_single_principal	pss_wip	1511420	1511420	1	isabelle/layerB/pss_wip.thy	2861	false	true	false
pss_wip.Mark_rightmost1_forward	pss_wip	1511454	1511454	1	isabelle/layerB/pss_wip.thy	2897	false	true	false
pss_wip.lessBT_Dpt_same	pss_wip	1511466	1511466	1	isabelle/layerB/pss_wip.thy	3054	false	true	false
pss_wip.principal_reconstruct	pss_wip	1511476	1511476	1	isabelle/layerB/pss_wip.thy	3057	false	true	false
pss_wip.SigmaB_snoc	pss_wip	1511490	1511490	1	isabelle/layerB/pss_wip.thy	3067	false	true	false
pss_wip.transC1_lessBT_transC2	pss_wip	1511502	1511502	1	isabelle/layerB/pss_wip.thy	3070	false	true	false
pss_wip.lessBT_bpHeadV_lt	pss_wip	1511508	1511508	1	isabelle/layerB/pss_wip.thy	3228	false	true	false
pss_wip.transC1_lessBT_transC2_modNA	pss_wip	1511540	1511540	1	isabelle/layerB/pss_wip.thy	3247	false	true	false
pss_wip.flatIdx_zero	pss_wip	1511580	1511580	1	isabelle/layerB/pss_wip.thy	3339	false	true	false
pss_wip.flatIdx_Trm	pss_wip	1511590	1511590	1	isabelle/layerB/pss_wip.thy	3344	false	true	false
pss_wip.flatIdx_Dpt	pss_wip	1511596	1511596	1	isabelle/layerB/pss_wip.thy	3363	false	true	false
pss_wip.flatIdx_addBT	pss_wip	1511610	1511610	1	isabelle/layerB/pss_wip.thy	3366	false	true	false
pss_wip.flatIdx_SigmaB	pss_wip	1511628	1511628	1	isabelle/layerB/pss_wip.thy	3374	false	true	false
pss_wip.bpHeadV_in_flatIdx	pss_wip	1511638	1511638	1	isabelle/layerB/pss_wip.thy	3391	false	true	false
pss_wip.flatIdx_scb_sub	pss_wip	1511648	1511648	1	isabelle/layerB/pss_wip.thy	3408	false	true	false
pss_wip.flatIdx_bpHeadT_sub	pss_wip	1511658	1511658	1	isabelle/layerB/pss_wip.thy	3425	false	true	false
pss_wip.surg_parent_ge	pss_wip	1511666	1511666	1	isabelle/layerB/pss_wip.thy	3440	false	false	false
pss_wip.surg_adm_ge	pss_wip	1511684	1511684	1	isabelle/layerB/pss_wip.thy	3453	false	true	false
pss_wip.flatIdx_transC2_sub	pss_wip	1511696	1511696	1	isabelle/layerB/pss_wip.thy	3474	false	true	false
pss_wip.dfree_transC2	pss_wip	1511702	1511702	1	isabelle/layerB/pss_wip.thy	3583	false	true	false
pss_wip.Mark_flatIdx_bound	pss_wip	1511716	1511716	1	isabelle/layerB/pss_wip.thy	3678	false	true	false
pss_wip.viB_suffix_max	pss_wip	1511728	1511728	1	isabelle/layerB/pss_wip.thy	4177	false	true	false
pss_wip.NAbound_holds	pss_wip	1511740	1511740	1	isabelle/layerB/pss_wip.thy	4258	false	true	false
pss_wip.transC1_lessBT_transC2_full	pss_wip	1511754	1511754	1	isabelle/layerB/pss_wip.thy	4340	false	true	false
pss_wip.Trans_Pred_multi_last	pss_wip	1511768	1511768	1	isabelle/layerB/pss_wip.thy	4357	false	true	false
pss_wip.m_7_3_Pred_Trans_descend	pss_wip	1511824	1511824	1	isabelle/layerB/pss_wip.thy	4474	false	true	false
pss_wip.flatBT_principal_head	pss_wip	1511836	1511836	1	isabelle/layerB/pss_wip.thy	4803	false	true	false
pss_wip.Mark_MarkedB_nest_surgery	pss_wip	1511878	1511878	1	isabelle/layerB/pss_wip.thy	4815	false	true	false
pss_wip.Mark_MarkedB_nest	pss_wip	1511912	1511912	1	isabelle/layerB/pss_wip.thy	5194	false	true	false
pss_wip.Mark_leftend_form	pss_wip	1511922	1511922	1	isabelle/layerB/pss_wip.thy	5368	false	true	false
pss_wip.transC2_inner_nonzero	pss_wip	1512030	1512030	1	isabelle/layerB/pss_wip.thy	5786	false	true	false
pss_wip.flatBT_nonempty	pss_wip	1512064	1512064	1	isabelle/layerB/pss_wip.thy	5842	false	true	false
pss_wip.flatBT_len_ge2	pss_wip	1512076	1512076	1	isabelle/layerB/pss_wip.thy	5865	false	true	false
pss_wip.Mark_tail_nonzero	pss_wip	1512154	1512154	1	isabelle/layerB/pss_wip.thy	5896	false	true	false
pss_wip.m_7_3_Mark_rightmost1	pss_wip	1512228	1512228	1	isabelle/layerB/pss_wip.thy	6192	false	true	false
pss_wip.m_7_3_Mark_rightmost2	pss_wip	1512242	1512242	1	isabelle/layerB/pss_wip.thy	6229	false	true	false
pss_wip.find_append_local	pss_wip	1512252	1512252	1	isabelle/layerB/pss_wip.thy	6343	false	false	false
pss_wip.bpHeadV_find_Dsym	pss_wip	1512290	1512290	1	isabelle/layerB/pss_wip.thy	6351	false	true	false
pss_wip.reduced_e10_zero	pss_wip	1512298	1512298	1	isabelle/layerB/pss_wip.thy	6384	false	true	false
pss_wip.m_7_3_Trans_leftend	pss_wip	1512348	1512348	1	isabelle/layerB/pss_wip.thy	6444	false	true	false
pss_wip.Mark_Pred_multi_last	pss_wip	1512436	1512436	1	isabelle/layerB/pss_wip.thy	6847	false	true	false
pss_wip.scb_addBT_left	pss_wip	1512478	1512478	1	isabelle/layerB/pss_wip.thy	6941	false	true	false
pss_wip.Trans_PT_single	pss_wip	1512566	1512566	1	isabelle/layerB/pss_wip.thy	6984	false	true	false
pss_wip.addBT_zero_left	pss_wip	1512590	1512590	1	isabelle/layerB/pss_wip.thy	7154	false	true	false
pss_wip.m_7_4_Trans_Mark_Pred	pss_wip	1512768	1512768	1	isabelle/layerB/pss_wip.thy	7156	false	true	false
pss_wip.m_7_4_Trans_Mark_seg	pss_wip	1512910	1512910	1	isabelle/layerB/pss_wip.thy	7761	false	true	false
pss_wip.Pred_pow_RT_PS	pss_wip	1512924	1512924	1	isabelle/layerB/pss_wip.thy	7918	false	true	false
pss_wip.seg_0_RT_PS	pss_wip	1512938	1512938	1	isabelle/layerB/pss_wip.thy	7937	false	true	false
pss_wip.m_7_4_RightNodes_subexpr_gen	pss_wip	1512982	1512982	1	isabelle/layerB/pss_wip.thy	7966	false	true	false
pss_wip.m_7_4_RightNodes_Mark	pss_wip	1513020	1513020	1	isabelle/layerB/pss_wip.thy	8022	false	true	false
pss_wip.RightAnces_dom_RT	pss_wip	1513060	1513060	1	isabelle/layerB/pss_wip.thy	8142	false	true	false
pss_wip.RA_probe	pss_wip	1513078	1513078	1	isabelle/layerB/pss_wip.thy	8240	false	false	false
pss_wip.ra_Mark0_eq_Trans	pss_wip	1513134	1513134	1	isabelle/layerB/pss_wip.thy	8257	false	true	false
pss_wip.ra_RightNodes_addBT_right	pss_wip	1513192	1513192	1	isabelle/layerB/pss_wip.thy	8386	false	true	false
pss_wip.ra_RightNodes_Dpt_gen	pss_wip	1513240	1513240	1	isabelle/layerB/pss_wip.thy	8406	false	true	false
pss_wip.ra_RightNodes_transC2_tail	pss_wip	1513290	1513290	1	isabelle/layerB/pss_wip.thy	8416	false	true	false
pss_wip.ra_RightAnces_RightNodes_RT	pss_wip	1513444	1513444	1	isabelle/layerB/pss_wip.thy	8501	false	true	false
pss_wip.ra_Red_block_within_min	pss_wip	1513502	1513502	1	isabelle/layerB/pss_wip.thy	8893	false	true	false
pss_wip.ra_P_Red_blocks_row0_min	pss_wip	1513642	1513642	1	isabelle/layerB/pss_wip.thy	8914	false	true	false
pss_wip.m_7_4_RightAnces_RightNodes	pss_wip	1513720	1513720	1	isabelle/layerB/pss_wip.thy	8951	false	true	false
pss_wip.rnsub_RightNodes_empty_iff	pss_wip	1513760	1513760	1	isabelle/layerB/pss_wip.thy	8960	false	true	false
pss_wip.m_7_4_RightAnces_zeroT	pss_wip	1513788	1513788	1	isabelle/layerB/pss_wip.thy	8988	false	true	false
pss_wip.Trans_mono_RN_ge2	pss_wip	1513822	1513822	1	isabelle/layerB/pss_wip.thy	9011	false	true	false
pss_wip.m_7_4_Trans_nextAdm	pss_wip	1513872	1513872	1	isabelle/layerB/pss_wip.thy	9186	false	true	false
pss_wip.mark_marked_principal	pss_wip	1513964	1513968	3	isabelle/layerB/pss_wip.thy	9212	false	true	false
pss_wip.Mark_nest_common_marked	pss_wip	1513994	1513994	1	isabelle/layerB/pss_wip.thy	9245	false	true	false
pss_wip.m_7_4_Mark_nextAdm	pss_wip	1514032	1514032	1	isabelle/layerB/pss_wip.thy	9434	false	true	false
pss_wip.MarkedB_antisym	pss_wip	1514072	1514072	1	isabelle/layerB/pss_wip.thy	9465	false	true	false
pss_wip.RightNodes_seg_len_strict_mono	pss_wip	1514096	1514096	1	isabelle/layerB/pss_wip.thy	9491	false	true	false
pss_wip.Mark_interior_RN_ge2	pss_wip	1514172	1514172	1	isabelle/layerB/pss_wip.thy	9556	false	true	false
pss_wip.Mark_distinct	pss_wip	1514290	1514290	1	isabelle/layerB/pss_wip.thy	9586	false	true	false
pss_wip.Mark0_ne_Mark	pss_wip	1514406	1514406	1	isabelle/layerB/pss_wip.thy	9636	false	true	false
pss_wip.m_7_4_Mark_order	pss_wip	1514528	1514528	1	isabelle/layerB/pss_wip.thy	9708	false	true	false
pss_wip.monoT_diagSeq_lt	pss_wip	1514582	1514582	1	isabelle/layerB/pss_wip.thy	9760	false	true	false
pss_wip.nadm_diagSeq_interior	pss_wip	1514660	1514660	1	isabelle/layerB/pss_wip.thy	9780	false	false	false
pss_wip.parent0_last_diagSeq	pss_wip	1514706	1514706	1	isabelle/layerB/pss_wip.thy	9797	false	false	false
pss_wip.Adm_parent0_last_diagSeq	pss_wip	1514770	1514770	1	isabelle/layerB/pss_wip.thy	9850	false	true	false
pss_wip.m_8_1_diagSeq_Trans	pss_wip	1514828	1514828	1	isabelle/layerB/pss_wip.thy	9903	false	true	false
pss_wip.Lng_diagApp	pss_wip	1514846	1514846	1	isabelle/layerB/pss_wip.thy	10027	false	false	false
pss_wip.entry_diagApp_lo	pss_wip	1514862	1514862	1	isabelle/layerB/pss_wip.thy	10032	false	false	false
pss_wip.entry_diagApp_last0	pss_wip	1514882	1514882	1	isabelle/layerB/pss_wip.thy	10044	false	false	false
pss_wip.entry_diagApp_last1	pss_wip	1514910	1514910	1	isabelle/layerB/pss_wip.thy	10055	false	false	false
pss_wip.Pred_diagApp	pss_wip	1514948	1514948	1	isabelle/layerB/pss_wip.thy	10066	false	true	false
pss_wip.nextrel0_diagApp_parent	pss_wip	1515034	1515034	1	isabelle/layerB/pss_wip.thy	10081	false	false	false
pss_wip.nextR0_diagApp_last_unique	pss_wip	1515078	1515078	1	isabelle/layerB/pss_wip.thy	10109	false	false	false
pss_wip.parent0_diagApp	pss_wip	1515130	1515130	1	isabelle/layerB/pss_wip.thy	10140	false	false	false
pss_wip.nextrel0_diagApp_step	pss_wip	1515180	1515180	1	isabelle/layerB/pss_wip.thy	10162	false	false	false
pss_wip.le0_diagApp_prefix	pss_wip	1515222	1515222	1	isabelle/layerB/pss_wip.thy	10178	false	false	false
pss_wip.le0_diagApp_pred_confine	pss_wip	1515276	1515276	1	isabelle/layerB/pss_wip.thy	10207	false	false	false
pss_wip.nextR_diagApp_prefix_parent	pss_wip	1515358	1515358	1	isabelle/layerB/pss_wip.thy	10242	false	false	false
pss_wip.nextR1_diagApp_last	pss_wip	1515416	1515416	1	isabelle/layerB/pss_wip.thy	10294	false	false	false
pss_wip.RedCondA_diagApp	pss_wip	1515486	1515486	1	isabelle/layerB/pss_wip.thy	10350	false	true	false
pss_wip.RedCondB_diagApp	pss_wip	1515548	1515548	1	isabelle/layerB/pss_wip.thy	10406	false	true	false
pss_wip.reduced_diagApp	pss_wip	1515596	1515596	1	isabelle/layerB/pss_wip.thy	10455	false	true	false
pss_wip.adm_index0	pss_wip	1515612	1515612	1	isabelle/layerB/pss_wip.thy	10471	false	true	false
pss_wip.adm_lastindex	pss_wip	1515638	1515638	1	isabelle/layerB/pss_wip.thy	10481	false	false	false
pss_wip.monoT_diagApp	pss_wip	1515674	1515674	1	isabelle/layerB/pss_wip.thy	10490	false	true	false
pss_wip.nextR1_diagApp_spine	pss_wip	1515724	1515724	1	isabelle/layerB/pss_wip.thy	10516	false	false	false
pss_wip.nadm_diagApp_interior	pss_wip	1515784	1515784	1	isabelle/layerB/pss_wip.thy	10533	false	false	false
pss_wip.Adm_diagApp_parent_lo	pss_wip	1515842	1515842	1	isabelle/layerB/pss_wip.thy	10548	false	true	false
pss_wip.adm_diagApp_parent_hi	pss_wip	1515886	1515886	1	isabelle/layerB/pss_wip.thy	10592	false	false	false
pss_wip.scb_decomp_Du_Dv	pss_wip	1515932	1515932	1	isabelle/layerB/pss_wip.thy	10618	false	true	false
pss_wip.scb_SOME_Du_Dv	pss_wip	1516000	1516000	1	isabelle/layerB/pss_wip.thy	10628	false	true	false
pss_wip.m_8_1_Pred_diagSeq_Trans	pss_wip	1516370	1516370	1	isabelle/layerB/pss_wip.thy	10650	false	true	false
pss_wip.T_PS_funpow_IncrFirst	pss_wip	1516404	1516404	1	isabelle/layerB/pss_wip.thy	10981	false	false	false
pss_wip.Trans_funpow_IncrFirst	pss_wip	1516430	1516430	1	isabelle/layerB/pss_wip.thy	10992	false	true	false
pss_wip.Mark_funpow_IncrFirst	pss_wip	1516474	1516474	1	isabelle/layerB/pss_wip.thy	11009	false	true	false
pss_wip.slice_Red_in_RT_PS	pss_wip	1516568	1516568	1	isabelle/layerB/pss_wip.thy	11026	false	true	false
pss_wip.Trans_slice_eq_Red	pss_wip	1516630	1516630	1	isabelle/layerB/pss_wip.thy	11044	false	true	false
pss_wip.Mark_slice_eq_Red	pss_wip	1516684	1516684	1	isabelle/layerB/pss_wip.thy	11060	false	true	false
pss_wip.m_8_1_c1_around_part2	pss_wip	1516876	1516876	1	isabelle/layerB/pss_wip.thy	11085	false	true	false
pss_wip.m_7_4_Mark0_slice_eq_Trans	pss_wip	1517032	1517032	1	isabelle/layerB/pss_wip.thy	11171	false	true	false
pss_wip.m_8_1_c1_around_part1_noeq	pss_wip	1517270	1517270	1	isabelle/layerB/pss_wip.thy	11204	false	true	false
pss_wip.m_7_4_repr_multiT_step	pss_wip	1517528	1517528	1	isabelle/layerB/pss_wip.thy	11273	false	true	false
pss_wip.m_7_4_Mark_Trans_repr_m0	pss_wip	1517600	1517600	1	isabelle/layerB/pss_wip.thy	11369	false	true	false
pss_wip.m_7_4_Trans_slice_2col	pss_wip	1517678	1517678	1	isabelle/layerB/pss_wip.thy	11399	false	true	false
pss_wip.m_7_4_Mark_Pred_boundary	pss_wip	1517812	1517812	1	isabelle/layerB/pss_wip.thy	11467	false	true	false
pss_wip.m_7_4_Mark_Trans_repr_monoT_boundary	pss_wip	1518024	1518024	1	isabelle/layerB/pss_wip.thy	11511	false	true	false
pss_wip.m_7_4_Pred_Red_slice	pss_wip	1518116	1518116	1	isabelle/layerB/pss_wip.thy	11676	false	true	false
pss_wip.m_7_4_Trans_PredN	pss_wip	1518250	1518250	1	isabelle/layerB/pss_wip.thy	11720	false	true	false
pss_wip.m_7_4_seg_Pred_eq	pss_wip	1518328	1518328	1	isabelle/layerB/pss_wip.thy	11753	false	false	false
pss_wip.m_7_4_interior_id1	pss_wip	1518470	1518470	1	isabelle/layerB/pss_wip.thy	11784	false	true	false
pss_wip.parent_funpow_IncrFirst_eq	pss_wip	1518538	1518538	1	isabelle/layerB/pss_wip.thy	11827	false	false	false
pss_wip.hasParent_funpow_IncrFirst_eq	pss_wip	1518592	1518592	1	isabelle/layerB/pss_wip.thy	11831	false	false	false
pss_wip.nadm_funpow_IncrFirst_eq	pss_wip	1518636	1518636	1	isabelle/layerB/pss_wip.thy	11835	false	false	false
pss_wip.adm_funpow_IncrFirst_eq	pss_wip	1518678	1518678	1	isabelle/layerB/pss_wip.thy	11840	false	false	false
pss_wip.Adm_funpow_IncrFirst_eq	pss_wip	1518700	1518700	1	isabelle/layerB/pss_wip.thy	11844	false	false	false
pss_wip.repr_parent_seg_to_M	pss_wip	1518784	1518784	1	isabelle/layerB/pss_wip.thy	11855	false	false	false
pss_wip.repr_parent_M_to_seg	pss_wip	1518930	1518930	1	isabelle/layerB/pss_wip.thy	11899	false	false	false
pss_wip.repr_transJ0_shift	pss_wip	1519066	1519066	1	isabelle/layerB/pss_wip.thy	11943	false	true	false
pss_wip.repr_entry1_shift	pss_wip	1519198	1519198	1	isabelle/layerB/pss_wip.thy	11989	false	true	false
pss_wip.repr_transJm1_shift	pss_wip	1519506	1519506	1	isabelle/layerB/pss_wip.thy	12019	false	true	false
pss_wip.m_7_4_interior_id2	pss_wip	1519782	1519782	1	isabelle/layerB/pss_wip.thy	12076	false	true	false
pss_wip.m_7_4_interior_id3	pss_wip	1519830	1519830	1	isabelle/layerB/pss_wip.thy	12121	false	false	false
pss_wip.repr_adm_transJ0_shift	pss_wip	1520068	1520068	1	isabelle/layerB/pss_wip.thy	12156	false	true	false
pss_wip.repr_transCond_atoms	pss_wip	1520590	1520604	5	isabelle/layerB/pss_wip.thy	12208	false	true	false
pss_wip.repr_transCondI_eq	pss_wip	1520760	1520760	1	isabelle/layerB/pss_wip.thy	12282	false	true	false
pss_wip.repr_transCondIII_eq	pss_wip	1520810	1520810	1	isabelle/layerB/pss_wip.thy	12301	false	true	false
pss_wip.repr_transCondV_eq	pss_wip	1520930	1520930	1	isabelle/layerB/pss_wip.thy	12325	false	true	false
pss_wip.repr_transCondVI_eq	pss_wip	1521030	1521030	1	isabelle/layerB/pss_wip.thy	12356	false	true	false
pss_wip.m_7_4_monoT_interior_core	pss_wip	1521188	1521188	1	isabelle/layerB/pss_wip.thy	12405	false	true	false
pss_wip.funpow_IncrFirst_map	pss_wip	1521262	1521262	1	isabelle/layerB/pss_wip.thy	12625	false	false	false
pss_wip.seg_funpow_IncrFirst	pss_wip	1521312	1521312	1	isabelle/layerB/pss_wip.thy	12642	false	false	false
pss_wip.m_7_4_Trans_PredN_shift	pss_wip	1521396	1521396	1	isabelle/layerB/pss_wip.thy	12677	false	true	false
pss_wip.m_7_4_markShift_discharge_interior	pss_wip	1521590	1521590	1	isabelle/layerB/pss_wip.thy	12783	false	true	false
pss_wip.repr_entry1_shift_gen	pss_wip	1521718	1521718	1	isabelle/layerB/pss_wip.thy	12828	false	true	false
pss_wip.m_7_4_markShift_discharge_boundary	pss_wip	1521914	1521914	1	isabelle/layerB/pss_wip.thy	12857	false	true	false
pss_wip.m_7_4_Mark_Trans_repr_aux	pss_wip	1521960	1521960	1	isabelle/layerB/pss_wip.thy	12961	false	true	false
pss_wip.m_7_4_Mark_Trans_repr	pss_wip	1521996	1521996	1	isabelle/layerB/pss_wip.thy	13197	false	true	false
pss_wip.m_8_1_c1_around_part1	pss_wip	1522150	1522150	1	isabelle/layerB/pss_wip.thy	13213	false	true	false
pss_wip.m_8_1_c1_around_part3_2	pss_wip	1522252	1522252	1	isabelle/layerB/pss_wip.thy	13272	false	false	false
pss_wip.nadm_Adm_lt	pss_wip	1522314	1522314	1	isabelle/layerB/pss_wip.thy	13323	false	true	false
pss_wip.m_7_3_t2_nonzero_condIIorIV	pss_wip	1522510	1522510	1	isabelle/layerB/pss_wip.thy	13354	false	true	false
pss_wip.m_7_3_Mark_leftmost1	pss_wip	1522616	1522618	2	isabelle/layerB/pss_wip.thy	13430	false	true	false
pss_wip.Pred_PT_PS_t1ne	pss_wip	1522830	1522832	2	isabelle/layerB/pss_wip.thy	13467	false	true	false
pss_wip.m_7_3_s1_b1_empty	pss_wip	1523008	1523008	1	isabelle/layerB/pss_wip.thy	13524	false	true	false
pss_wip.m_7_3_sm1_bm1_empty	pss_wip	1523196	1523196	1	isabelle/layerB/pss_wip.thy	13595	false	true	false
pss_wip.kind0_parent_facts	pss_wip	1523434	1523450	6	isabelle/layerB/pss_wip.thy	13671	false	false	false
pss_wip.m_8_3_kind0_base_ineq	pss_wip	1523614	1523614	1	isabelle/layerB/pss_wip.thy	13700	false	true	false
pss_wip.m_8_4_oper1_eq_Pred	pss_wip	1523650	1523650	1	isabelle/layerB/pss_wip.thy	13754	false	false	false
pss_wip.m_8_4_oper1_funpow_take	pss_wip	1523734	1523734	1	isabelle/layerB/pss_wip.thy	13779	false	false	false
pss_wip.m_8_4_oper_genform	pss_wip	1523934	1523934	1	isabelle/layerB/pss_wip.thy	13821	false	false	false
pss_wip.m_8_4_oper_Suc_append	pss_wip	1524130	1524130	1	isabelle/layerB/pss_wip.thy	13866	false	true	false
pss_wip.m_8_4_oper_basic_part1	pss_wip	1524322	1524322	1	isabelle/layerB/pss_wip.thy	13897	false	true	false
pss_wip.Lng_rcseq	pss_wip	1524458	1524458	1	isabelle/layerB/pss_wip.thy	13957	false	false	false
pss_wip.rcseq_nth	pss_wip	1524524	1524524	1	isabelle/layerB/pss_wip.thy	13960	false	false	false
pss_wip.entry0_rcseq	pss_wip	1524584	1524584	1	isabelle/layerB/pss_wip.thy	13965	false	true	false
pss_wip.entry1_rcseq	pss_wip	1524646	1524646	1	isabelle/layerB/pss_wip.thy	13970	false	true	false
pss_wip.rcseq_Suc_snoc	pss_wip	1524734	1524734	1	isabelle/layerB/pss_wip.thy	13975	false	true	false
pss_wip.Pred_rcseq_Suc	pss_wip	1524802	1524802	1	isabelle/layerB/pss_wip.thy	13979	false	true	false
pss_wip.nextrel0_rcseq_step	pss_wip	1524822	1524822	1	isabelle/layerB/pss_wip.thy	13994	false	true	false
pss_wip.nextrel0_rcseq_rtrancl	pss_wip	1524834	1524834	1	isabelle/layerB/pss_wip.thy	14009	false	true	false
pss_wip.monoT_rcseq	pss_wip	1524844	1524844	1	isabelle/layerB/pss_wip.thy	14024	false	true	false
pss_wip.adm_rcseq	pss_wip	1524850	1524850	1	isabelle/layerB/pss_wip.thy	14041	false	true	false
pss_wip.not_hasParent1_rcseq	pss_wip	1524876	1524876	1	isabelle/layerB/pss_wip.thy	14061	false	true	false
pss_wip.nextrel0_rcseq_iff	pss_wip	1524898	1524898	1	isabelle/layerB/pss_wip.thy	14078	false	true	false
pss_wip.hasParent0_rcseq	pss_wip	1524972	1524972	1	isabelle/layerB/pss_wip.thy	14109	false	true	false
pss_wip.not_hasParent0_rcseq_0	pss_wip	1525018	1525018	1	isabelle/layerB/pss_wip.thy	14130	false	true	false
pss_wip.RedCondA_rcseq	pss_wip	1525046	1525046	1	isabelle/layerB/pss_wip.thy	14141	false	true	false
pss_wip.RedCondB_rcseq	pss_wip	1525078	1525078	1	isabelle/layerB/pss_wip.thy	14168	false	true	false
pss_wip.rcseq_RT_PS	pss_wip	1525106	1525106	1	isabelle/layerB/pss_wip.thy	14186	false	true	false
pss_wip.Dpow_Suc	pss_wip	1525116	1525116	1	isabelle/layerB/pss_wip.thy	14195	false	false	false
pss_wip.flat_Dpow	pss_wip	1525218	1525218	1	isabelle/layerB/pss_wip.thy	14198	false	true	false
pss_wip.Dpow_dfree	pss_wip	1525284	1525284	1	isabelle/layerB/pss_wip.thy	14212	false	true	false
pss_wip.scb_decomp_Dpow	pss_wip	1525342	1525342	1	isabelle/layerB/pss_wip.thy	14225	false	true	false
pss_wip.scb_SOME_Dpow	pss_wip	1525386	1525386	1	isabelle/layerB/pss_wip.thy	14249	false	true	false
pss_wip.Marked_rcseq_last	pss_wip	1525438	1525438	1	isabelle/layerB/pss_wip.thy	14268	false	true	false
pss_wip.Mark_rcseq_last	pss_wip	1525490	1525490	1	isabelle/layerB/pss_wip.thy	14281	false	true	false
pss_wip.m_8_6_rcseq_Trans	pss_wip	1525572	1525572	1	isabelle/layerB/pss_wip.thy	14299	false	true	false
pss_wip.Lng_cseq	pss_wip	1525582	1525582	1	isabelle/layerB/pss_wip.thy	14435	false	false	false
pss_wip.cseq_nth	pss_wip	1525588	1525588	1	isabelle/layerB/pss_wip.thy	14438	false	false	false
pss_wip.entry0_cseq	pss_wip	1525598	1525598	1	isabelle/layerB/pss_wip.thy	14443	false	true	false
pss_wip.entry1_cseq	pss_wip	1525604	1525604	1	isabelle/layerB/pss_wip.thy	14448	false	true	false
pss_wip.nextrel0_cseq_iff	pss_wip	1525610	1525610	1	isabelle/layerB/pss_wip.thy	14453	false	true	false
pss_wip.not_hasParent1_cseq	pss_wip	1525630	1525630	1	isabelle/layerB/pss_wip.thy	14490	false	true	false
pss_wip.hasParent0_cseq	pss_wip	1525652	1525652	1	isabelle/layerB/pss_wip.thy	14503	false	true	false
pss_wip.RedCondA_cseq	pss_wip	1525676	1525676	1	isabelle/layerB/pss_wip.thy	14524	false	true	false
pss_wip.not_zeroT_cseq	pss_wip	1525682	1525682	1	isabelle/layerB/pss_wip.thy	14551	false	true	false
pss_wip.monoT_cseq	pss_wip	1525710	1525710	1	isabelle/layerB/pss_wip.thy	14565	false	true	false
pss_wip.not_multiT_cseq	pss_wip	1525736	1525736	1	isabelle/layerB/pss_wip.thy	14592	false	true	false
pss_wip.Red_cseq	pss_wip	1525762	1525762	1	isabelle/layerB/pss_wip.thy	14625	false	true	false
pss_wip.m_8_6_const2nd_Trans	pss_wip	1525860	1525860	1	isabelle/layerB/pss_wip.thy	14658	false	true	false
pss_wip.lessBT_Zero_right	pss_wip	1525926	1525926	1	isabelle/layerB/pss_wip.thy	14679	false	true	false
pss_wip.lessBT_Zero_left	pss_wip	1525974	1525974	1	isabelle/layerB/pss_wip.thy	14684	false	true	false
pss_wip.GBT_Dpt	pss_wip	1526016	1526016	1	isabelle/layerB/pss_wip.thy	14691	false	true	false
pss_wip.GBT_Zero	pss_wip	1526078	1526078	1	isabelle/layerB/pss_wip.thy	14695	false	true	false
pss_wip.GBT_Dpt_Zero	pss_wip	1526100	1526100	1	isabelle/layerB/pss_wip.thy	14698	false	true	false
pss_wip.isOT_BP_Dpt_Zero	pss_wip	1526118	1526118	1	isabelle/layerB/pss_wip.thy	14704	false	true	false
pss_wip.isOT_BT_Dpt_Zero	pss_wip	1526140	1526140	1	isabelle/layerB/pss_wip.thy	14707	false	true	false
pss_wip.isOT_BP_Dpt_Dpt_Zero	pss_wip	1526164	1526164	1	isabelle/layerB/pss_wip.thy	14713	false	true	false
pss_wip.dfree_BT_Dpt_enat_Zero	pss_wip	1526188	1526188	1	isabelle/layerB/pss_wip.thy	14727	false	true	false
pss_wip.dfree_BT_Dpt_enat_Dpt_enat_Zero	pss_wip	1526212	1526212	1	isabelle/layerB/pss_wip.thy	14730	false	true	false
pss_wip.m_8_7_OT_ex1	pss_wip	1526242	1526242	1	isabelle/layerB/pss_wip.thy	14736	false	true	false
pss_wip.m_8_7_OT_ex2	pss_wip	1526262	1526262	1	isabelle/layerB/pss_wip.thy	14741	false	true	false
pss_wip.concat_replicate_comm	pss_wip	1526288	1526288	1	isabelle/layerB/pss_wip.thy	14746	false	false	false
pss_wip.untrm_multBT	pss_wip	1526324	1526324	1	isabelle/layerB/pss_wip.thy	14750	false	true	false
pss_wip.descP_replicate_general	pss_wip	1526394	1526394	1	isabelle/layerB/pss_wip.thy	14757	false	true	false
pss_wip.m_8_7_OT_ex3	pss_wip	1526478	1526478	1	isabelle/layerB/pss_wip.thy	14778	false	true	false
pss_wip.lessBT_funpow_step	pss_wip	1526658	1526658	1	isabelle/layerB/pss_wip.thy	14801	false	true	false
pss_wip.isOT_BT_Dpt_funpow	pss_wip	1526706	1526706	1	isabelle/layerB/pss_wip.thy	14815	false	true	false
pss_wip.m_8_7_OT_ex4	pss_wip	1526722	1526722	1	isabelle/layerB/pss_wip.thy	14872	false	true	false
pss_wip.m_8_7_OT_examples	pss_wip	1526742	1526748	4	isabelle/layerB/pss_wip.thy	14882	false	true	false
pss_wip.m_8_2_subexpr_leftend_unique	pss_wip	1526790	1526790	1	isabelle/layerB/pss_wip.thy	14900	false	true	false
pss_wip.Br_funpow_IncrFirst	pss_wip	1526858	1526858	1	isabelle/layerB/pss_wip.thy	14933	false	true	false
pss_wip.descending_funpow_IncrFirst_rev	pss_wip	1526946	1526946	1	isabelle/layerB/pss_wip.thy	14968	false	true	false
pss_wip.m_8_2_standard_slice_Red_strongmono	pss_wip	1527016	1527016	1	isabelle/layerB/pss_wip.thy	15020	false	true	false
pss_wip.m_8_6_const2nd_Trans_paper	pss_wip	1527030	1527030	1	isabelle/layerB/pss_wip.thy	15088	false	true	false
pss_wip.Dtower_Suc	pss_wip	1527076	1527076	1	isabelle/layerB/pss_wip.thy	15113	false	false	false
pss_wip.runseq_Suc_snoc	pss_wip	1527082	1527082	1	isabelle/layerB/pss_wip.thy	15118	false	true	false
pss_wip.runseq_1_eq_diagSeq	pss_wip	1527114	1527114	1	isabelle/layerB/pss_wip.thy	15125	false	false	false
pss_wip.Lng_runseq	pss_wip	1527148	1527148	1	isabelle/layerB/pss_wip.thy	15143	false	false	false
pss_wip.runseq_nth_lo	pss_wip	1527174	1527174	1	isabelle/layerB/pss_wip.thy	15156	false	false	false
pss_wip.runseq_nth_hi	pss_wip	1527188	1527188	1	isabelle/layerB/pss_wip.thy	15166	false	false	false
pss_wip.entry_runseq_lo	pss_wip	1527222	1527222	1	isabelle/layerB/pss_wip.thy	15180	false	false	false
pss_wip.entry_runseq_hi0	pss_wip	1527262	1527262	1	isabelle/layerB/pss_wip.thy	15185	false	false	false
pss_wip.entry_runseq_hi1	pss_wip	1527308	1527308	1	isabelle/layerB/pss_wip.thy	15190	false	false	false
pss_wip.entry0_runseq	pss_wip	1527328	1527328	1	isabelle/layerB/pss_wip.thy	15198	false	false	false
pss_wip.nextrel0_runseq_step	pss_wip	1527350	1527350	1	isabelle/layerB/pss_wip.thy	15216	false	true	false
pss_wip.nextrel0_runseq_iff	pss_wip	1527376	1527376	1	isabelle/layerB/pss_wip.thy	15232	false	true	false
pss_wip.rtrancl0_runseq	pss_wip	1527416	1527416	1	isabelle/layerB/pss_wip.thy	15262	false	true	false
pss_wip.monoT_runseq	pss_wip	1527486	1527486	1	isabelle/layerB/pss_wip.thy	15276	false	true	false
pss_wip.idx1_diagSeq_last	pss_wip	1527520	1527520	1	isabelle/layerB/pss_wip.thy	15297	false	false	false
pss_wip.hasParent1_diagSeq_last	pss_wip	1527624	1527624	1	isabelle/layerB/pss_wip.thy	15307	false	false	false
pss_wip.oper_diagSeq_eq_runseq	pss_wip	1527682	1527682	1	isabelle/layerB/pss_wip.thy	15338	false	false	false
pss_wip.runseq_RT_PS	pss_wip	1527688	1527688	1	isabelle/layerB/pss_wip.thy	15422	false	true	false
pss_wip.flat_Dtower	pss_wip	1527696	1527696	1	isabelle/layerB/pss_wip.thy	15437	false	true	false
pss_wip.Dtower_dfree	pss_wip	1527716	1527716	1	isabelle/layerB/pss_wip.thy	15449	false	true	false
pss_wip.scb_decomp_Du_Dtower	pss_wip	1527806	1527806	1	isabelle/layerB/pss_wip.thy	15455	false	true	false
pss_wip.scb_SOME_Du_Dtower	pss_wip	1527864	1527864	1	isabelle/layerB/pss_wip.thy	15480	false	true	false
pss_wip.Marked_runseq_last	pss_wip	1527870	1527870	1	isabelle/layerB/pss_wip.thy	15502	false	true	false
pss_wip.Mark_runseq_last	pss_wip	1527876	1527876	1	isabelle/layerB/pss_wip.thy	15520	false	true	false
pss_wip.Trans_runseq	pss_wip	1527884	1527884	1	isabelle/layerB/pss_wip.thy	15549	false	true	false
pss_wip.m_8_6_diagSeq_Trans_oper	pss_wip	1527890	1527890	1	isabelle/layerB/pss_wip.thy	15724	false	true	false
pss_wip.m_8_6_diagSeq_Trans_oper_paper	pss_wip	1527900	1527900	1	isabelle/layerB/pss_wip.thy	15741	false	true	false
pss_wip.Lng_cnst	pss_wip	1527906	1527906	1	isabelle/layerB/pss_wip.thy	15765	false	false	false
pss_wip.nth_cnst	pss_wip	1527914	1527914	1	isabelle/layerB/pss_wip.thy	15768	false	false	false
pss_wip.entry_cnst	pss_wip	1527920	1527920	1	isabelle/layerB/pss_wip.thy	15773	false	false	false
pss_wip.cnst_T_PS	pss_wip	1527944	1527944	1	isabelle/layerB/pss_wip.thy	15778	false	false	false
pss_wip.not_nextrel0_cnst	pss_wip	1527978	1527978	1	isabelle/layerB/pss_wip.thy	15784	false	false	false
pss_wip.not_nextrel1_cnst	pss_wip	1528002	1528002	1	isabelle/layerB/pss_wip.thy	15795	false	false	false
pss_wip.not_nextR_cnst	pss_wip	1528040	1528040	1	isabelle/layerB/pss_wip.thy	15806	false	false	false
pss_wip.not_hasParent_cnst	pss_wip	1528070	1528070	1	isabelle/layerB/pss_wip.thy	15810	false	false	false
pss_wip.RedCondA_cnst	pss_wip	1528092	1528092	1	isabelle/layerB/pss_wip.thy	15813	false	false	false
pss_wip.RedCondB_cnst	pss_wip	1528122	1528122	1	isabelle/layerB/pss_wip.thy	15816	false	false	false
pss_wip.cnst_RT_PS	pss_wip	1528138	1528138	1	isabelle/layerB/pss_wip.thy	15825	false	true	false
pss_wip.zeroT_cnst_iff	pss_wip	1528186	1528186	1	isabelle/layerB/pss_wip.thy	15831	false	false	false
pss_wip.not_monoT_cnst_pos	pss_wip	1528214	1528214	1	isabelle/layerB/pss_wip.thy	15834	false	false	false
pss_wip.multiT_cnst_pos	pss_wip	1528220	1528220	1	isabelle/layerB/pss_wip.thy	15847	false	false	false
pss_wip.le0_cnst_iff	pss_wip	1528254	1528254	1	isabelle/layerB/pss_wip.thy	15858	false	false	false
pss_wip.Pcut_cnst	pss_wip	1528276	1528276	1	isabelle/layerB/pss_wip.thy	15871	false	false	false
pss_wip.take_cnst	pss_wip	1528292	1528292	1	isabelle/layerB/pss_wip.thy	15886	false	true	false
pss_wip.drop_cnst	pss_wip	1528312	1528312	1	isabelle/layerB/pss_wip.thy	15895	false	false	false
pss_wip.P_cnst	pss_wip	1528332	1528332	1	isabelle/layerB/pss_wip.thy	15903	false	true	false
pss_wip.seg_cnst	pss_wip	1528350	1528350	1	isabelle/layerB/pss_wip.thy	15928	false	false	false
pss_wip.m_8_7_cnst_Trans	pss_wip	1528360	1528360	1	isabelle/layerB/pss_wip.thy	15947	false	true	false
pss_wip.m_8_7_const00_Trans	pss_wip	1528366	1528366	1	isabelle/layerB/pss_wip.thy	16005	false	true	false
pss_wip.PB0_addBT_left	pss_wip	1528372	1528372	1	isabelle/layerB/pss_wip.thy	16035	false	true	false
pss_wip.PB0_principal	pss_wip	1528378	1528378	1	isabelle/layerB/pss_wip.thy	16048	false	true	false
pss_wip.m_7_3_Trans_leftmost_pc	pss_wip	1528404	1528404	1	isabelle/layerB/pss_wip.thy	16067	false	true	false
pss_wip.bpHeadT_transC2_nonzero	pss_wip	1528436	1528436	1	isabelle/layerB/pss_wip.thy	16203	false	true	false
pss_wip.trans_monoT_inner_nonzero	pss_wip	1528490	1528490	1	isabelle/layerB/pss_wip.thy	16262	false	true	false
pss_wip.trans_leftmost_pc_two_chars	pss_wip	1528546	1528546	1	isabelle/layerB/pss_wip.thy	16399	false	true	false
pss_wip.reduced_P0_zero_e11	pss_wip	1528630	1528630	1	isabelle/layerB/pss_wip.thy	16511	false	true	false
pss_wip.m_7_3_Trans_leftmost	pss_wip	1528748	1528754	3	isabelle/layerB/pss_wip.thy	16569	false	true	false
pss_wip.Lng_PB_addBT	pss_wip	1528810	1528810	1	isabelle/layerB/pss_wip.thy	16650	false	true	false
pss_wip.Lng_PB_eq0_iff	pss_wip	1528852	1528852	1	isabelle/layerB/pss_wip.thy	16659	false	true	false
pss_wip.m_7_3_Trans_monoT	pss_wip	1528936	1528936	1	isabelle/layerB/pss_wip.thy	16684	false	true	false
pss_wip.domB_dom_all	pss_wip	1528994	1528994	1	isabelle/layerB/pss_wip.thy	16855	false	true	false
pss_wip.domB_unfold	pss_wip	1529186	1529186	1	isabelle/layerB/pss_wip.thy	16885	false	true	false
pss_wip.m_8_3_kind0_branch_rule	pss_wip	1529466	1529466	1	isabelle/layerB/pss_wip.thy	16920	false	true	false
pss_wip.oper_d0zero_prefix_to_lastblock	pss_wip	1529724	1529724	1	isabelle/layerB/pss_wip.thy	17096	false	true	false
pss_wip.oper_d0zero_lastblock_to_end	pss_wip	1529964	1529964	1	isabelle/layerB/pss_wip.thy	17188	false	true	false
pss_wip.m_8_3_kind0_base_basepoint	pss_wip	1530096	1530098	2	isabelle/layerB/pss_wip.thy	17284	false	true	false
pss_wip.m_7_2_add_scb_conj3	pss_wip	1530168	1530168	1	isabelle/layerB/pss_wip.thy	17547	false	true	false
pss_wip.Lng_operI	pss_wip	1530218	1530218	1	isabelle/layerB/pss_wip.thy	17595	false	true	false
pss_wip.operI_Suc_append	pss_wip	1530300	1530300	1	isabelle/layerB/pss_wip.thy	17621	false	true	false
pss_wip.numBT_inj	pss_wip	1530324	1530324	1	isabelle/layerB/pss_wip.thy	17652	false	true	false
pss_wip.numBT_Suc0_ne_zero	pss_wip	1530416	1530416	1	isabelle/layerB/pss_wip.thy	17655	false	true	false
pss_wip.NatSet_neq_zero	pss_wip	1530466	1530466	1	isabelle/layerB/pss_wip.thy	17658	false	true	false
pss_wip.NatSet_neq_TBv	pss_wip	1530508	1530508	1	isabelle/layerB/pss_wip.thy	17667	false	true	false
pss_wip.domB_principal_NatSet	pss_wip	1530542	1530542	1	isabelle/layerB/pss_wip.thy	17689	false	true	false
pss_wip.domB_last_component	pss_wip	1530560	1530560	1	isabelle/layerB/pss_wip.thy	17708	false	true	false
pss_wip.domB_hereditary_aux	pss_wip	1530582	1530582	1	isabelle/layerB/pss_wip.thy	17734	false	true	false
pss_wip.m_8_7_OT_dom_hereditary	pss_wip	1530604	1530604	1	isabelle/layerB/pss_wip.thy	17802	false	true	false
pss_wip.isOT_BT_last	pss_wip	1530618	1530618	1	isabelle/layerB/pss_wip.thy	17852	false	true	false
pss_wip.OT_hereditary_aux	pss_wip	1530650	1530650	1	isabelle/layerB/pss_wip.thy	17860	false	true	false
pss_wip.m_8_7_OT_scb_recursive	pss_wip	1530672	1530672	1	isabelle/layerB/pss_wip.thy	17915	false	true	false
pss_wip.nextrel1_adjacent	pss_wip	1530706	1530706	1	isabelle/layerB/pss_wip.thy	17972	false	false	false
pss_wip.oper_d0zero_nadm_blockstart	pss_wip	1530722	1530722	1	isabelle/layerB/pss_wip.thy	18004	false	true	false
pss_wip.parent_block_le0_pred	pss_wip	1530732	1530732	1	isabelle/layerB/pss_wip.thy	18088	false	true	false
pss_wip.Adm_eq_of_adm_below	pss_wip	1530786	1530786	1	isabelle/layerB/pss_wip.thy	18109	false	false	false
pss_wip.adm_prefix_agree_eq	pss_wip	1530852	1530852	1	isabelle/layerB/pss_wip.thy	18128	false	false	false
pss_wip.m_8_1_c1_around_part5	pss_wip	1531088	1531088	1	isabelle/layerB/pss_wip.thy	18176	false	true	false
pss_wip.Mark_marked_isPTB	pss_wip	1531188	1531188	1	isabelle/layerB/pss_wip.thy	18410	false	true	false
pss_wip.Trans_front_peel	pss_wip	1531250	1531250	1	isabelle/layerB/pss_wip.thy	18435	false	true	false
pss_wip.Mark_rightmost_adjacent_peel	pss_wip	1531320	1531320	1	isabelle/layerB/pss_wip.thy	18558	false	true	false
pss_wip.Mark_adjacent_form_aux	pss_wip	1531394	1531394	1	isabelle/layerB/pss_wip.thy	18616	false	true	false
pss_wip.Mark_adjacent_form	pss_wip	1531496	1531496	1	isabelle/layerB/pss_wip.thy	18719	false	true	false
pss_wip.Dpt_addBT_right_cancel	pss_wip	1531598	1531598	1	isabelle/layerB/pss_wip.thy	18733	false	true	false
pss_wip.ex1_Dpt_addBT	pss_wip	1531632	1531632	1	isabelle/layerB/pss_wip.thy	18750	false	true	false
pss_wip.ex1_Dpt_addBT_two	pss_wip	1531700	1531700	1	isabelle/layerB/pss_wip.thy	18769	false	true	false
pss_wip.Mark_monoT_via_Pred	pss_wip	1531766	1531766	1	isabelle/layerB/pss_wip.thy	18807	false	true	false
pss_wip.Mark_nadm_const	pss_wip	1531920	1531920	1	isabelle/layerB/pss_wip.thy	18901	false	true	false
pss_wip.m_8_2_subexpr_component_Pred_setup	pss_wip	1532064	1532086	10	isabelle/layerB/pss_wip.thy	19256	false	true	false
pss_wip.Mark_nadm_telescope	pss_wip	1532206	1532206	1	isabelle/layerB/pss_wip.thy	19313	false	true	false
pss_wip.Trans_eq_transC2_Adm0	pss_wip	1532292	1532292	1	isabelle/layerB/pss_wip.thy	19356	false	true	false
pss_wip.m_8_2_subexpr_component_Pred_Adm0_clause1	pss_wip	1532404	1532404	1	isabelle/layerB/pss_wip.thy	19436	false	true	false
pss_wip.Adm_eq_0_of_nadm_below	pss_wip	1532480	1532480	1	isabelle/layerB/pss_wip.thy	19508	false	true	false
pss_wip.Trans_gap_2tower	pss_wip	1532504	1532504	1	isabelle/layerB/pss_wip.thy	19569	false	true	false
pss_wip.Mark_gap_rightmost_peel	pss_wip	1532552	1532552	1	isabelle/layerB/pss_wip.thy	19789	false	true	false
pss_wip.Mark_gap_peel	pss_wip	1532610	1532610	1	isabelle/layerB/pss_wip.thy	19922	false	true	false
pss_wip.m_8_1_c1_around_part3_1	pss_wip	1532644	1532644	1	isabelle/layerB/pss_wip.thy	20058	false	true	false
pss_wip.m_8_2_subexpr_component_Pred_Adm0_clause2_core	pss_wip	1532720	1532720	1	isabelle/layerB/pss_wip.thy	20167	false	true	false
pss_wip.m_8_2_subexpr_component_Pred_Adm0_clause4_core	pss_wip	1532946	1532946	1	isabelle/layerB/pss_wip.thy	20290	false	true	false
pss_wip.m_8_2_lastbranch_eq_j1	pss_wip	1533016	1533016	1	isabelle/layerB/pss_wip.thy	20470	false	true	false
pss_wip.m_8_2_subexpr_component_Pred_Adm0_clause1_keystone	pss_wip	1533270	1533270	1	isabelle/layerB/pss_wip.thy	20532	false	true	false
pss_wip.adm_TrMax_succ	pss_wip	1533290	1533290	1	isabelle/layerB/pss_wip.thy	20575	false	true	false
pss_wip.m_8_2_parent_le_TrMax_Adm0	pss_wip	1533306	1533306	1	isabelle/layerB/pss_wip.thy	20615	false	true	false
pss_wip.m_8_2_j1eq_Adm0	pss_wip	1533320	1533320	1	isabelle/layerB/pss_wip.thy	20639	false	true	false
pss_wip.m_8_2_j0eq_Adm0	pss_wip	1533344	1533344	1	isabelle/layerB/pss_wip.thy	20657	false	true	false
pss_wip.nextR1_TrMax_fail	pss_wip	1533362	1533362	1	isabelle/layerB/pss_wip.thy	20680	false	false	false
pss_wip.adm_TrMax	pss_wip	1533372	1533372	1	isabelle/layerB/pss_wip.thy	20705	false	true	false
pss_wip.m_8_2_gA_Adm0	pss_wip	1533442	1533442	1	isabelle/layerB/pss_wip.thy	20727	false	true	false
pss_wip.m_8_2_notVI_Adm0	pss_wip	1533486	1533486	1	isabelle/layerB/pss_wip.thy	20763	false	true	false
pss_wip.m_8_2_subexpr_component_Pred_Adm0	pss_wip	1533540	1533540	1	isabelle/layerB/pss_wip.thy	20828	false	true	false
pss_wip.row0_valley_last	pss_wip	1533638	1533638	1	isabelle/layerB/pss_wip.thy	20973	false	false	false
pss_wip.row1_last_bound	pss_wip	1533692	1533692	1	isabelle/layerB/pss_wip.thy	21016	false	true	false
pss_wip.m_8_2_condII_or_condIV	pss_wip	1533746	1533746	1	isabelle/layerB/pss_wip.thy	21105	false	true	false
pss_wip.m_8_2_nadmj0_notAVI	pss_wip	1533780	1533780	1	isabelle/layerB/pss_wip.thy	21198	false	true	false
pss_wip.m_8_2_t2ne_notAVI	pss_wip	1533852	1533852	1	isabelle/layerB/pss_wip.thy	21217	false	true	false
pss_wip.m_8_2_gB_condIorIII	pss_wip	1533892	1533892	1	isabelle/layerB/pss_wip.thy	21246	false	false	false
pss_wip.m_8_2_e0gt_e1zero	pss_wip	1533936	1533936	1	isabelle/layerB/pss_wip.thy	21259	false	false	false
pss_wip.m_8_2_e0gt_condIV	pss_wip	1533974	1533974	1	isabelle/layerB/pss_wip.thy	21282	false	true	false
pss_wip.TBv_enat_inj	pss_wip	1534150	1534150	1	isabelle/layerB/pss_wip.thy	21344	false	true	false
pss_wip.zero_set_neq_TBv	pss_wip	1534190	1534190	1	isabelle/layerB/pss_wip.thy	21369	false	true	false
pss_wip.domB_classify_RN	pss_wip	1534354	1534354	1	isabelle/layerB/pss_wip.thy	21383	false	true	false
pss_wip.rnNatShape_iff_natshape	pss_wip	1534422	1534422	1	isabelle/layerB/pss_wip.thy	21673	false	true	false
pss_wip.domB_NatSet_iff_rnNatShape	pss_wip	1534470	1534470	1	isabelle/layerB/pss_wip.thy	21683	false	true	false
pss_wip.scb_suffix_realized	pss_wip	1534602	1534602	1	isabelle/layerB/pss_wip.thy	21726	false	true	false
pss_wip.scb_kind0_of_suffix	pss_wip	1534712	1534712	1	isabelle/layerB/pss_wip.thy	21799	false	true	false
pss_wip.scb_kind1_of_suffix	pss_wip	1534750	1534750	1	isabelle/layerB/pss_wip.thy	21821	false	true	false
pss_wip.rnNatShape_imp_kindable	pss_wip	1534786	1534786	1	isabelle/layerB/pss_wip.thy	21845	false	true	false
pss_wip.m_7_2_scb_unique_domB	pss_wip	1534812	1534812	1	isabelle/layerB/pss_wip.thy	21969	false	true	false
pss_wip.endsD00_addD00	pss_wip	1534886	1534886	1	isabelle/layerB/pss_wip.thy	22003	false	true	false
pss_wip.domB_endsD00	pss_wip	1534894	1534894	1	isabelle/layerB/pss_wip.thy	22006	false	true	false
pss_wip.size_last_lt_BP	pss_wip	1534962	1534962	1	isabelle/layerB/pss_wip.thy	22028	false	true	false
pss_wip.d0succ_Trm	pss_wip	1535372	1535372	1	isabelle/layerB/pss_wip.thy	22057	false	true	false
pss_wip.d0succ_last_eq	pss_wip	1535398	1535398	1	isabelle/layerB/pss_wip.thy	22062	false	true	false
pss_wip.d0succ_D00	pss_wip	1535408	1535408	1	isabelle/layerB/pss_wip.thy	22067	false	true	false
pss_wip.d0succ_single_nonzero	pss_wip	1535416	1535416	1	isabelle/layerB/pss_wip.thy	22072	false	true	false
pss_wip.d0succ_last_D00	pss_wip	1535424	1535424	1	isabelle/layerB/pss_wip.thy	22085	false	true	false
pss_wip.d0succ_addD00	pss_wip	1535436	1535436	1	isabelle/layerB/pss_wip.thy	22090	false	true	false
pss_wip.operB_dom_d0succ	pss_wip	1535448	1535448	1	isabelle/layerB/pss_wip.thy	22106	false	true	false
pss_wip.operB_d0succ_unfold	pss_wip	1535480	1535480	1	isabelle/layerB/pss_wip.thy	22239	false	true	false
pss_wip.operB_d0succ_multi_peel	pss_wip	1535494	1535494	1	isabelle/layerB/pss_wip.thy	22263	false	true	false
pss_wip.operB_dom_multi_peel	pss_wip	1535522	1535522	1	isabelle/layerB/pss_wip.thy	22279	false	true	false
pss_wip.numNat_numBT	pss_wip	1535532	1535532	1	isabelle/layerB/pss_wip.thy	22291	false	true	false
pss_wip.multBT_1	pss_wip	1535542	1535542	1	isabelle/layerB/pss_wip.thy	22294	false	true	false
pss_wip.operB_strip_d0	pss_wip	1535552	1535552	1	isabelle/layerB/pss_wip.thy	22299	false	true	false
pss_wip.operB_single_succ	pss_wip	1535574	1535574	1	isabelle/layerB/pss_wip.thy	22341	false	true	false
pss_wip.m_7_2_scb_fseq_succ	pss_wip	1535592	1535592	1	isabelle/layerB/pss_wip.thy	22367	false	true	false
pss_wip.domB_succ_inner_NatSet	pss_wip	1535612	1535612	1	isabelle/layerB/pss_wip.thy	22437	false	true	false
pss_wip.succ_body_ne	pss_wip	1535628	1535628	1	isabelle/layerB/pss_wip.thy	22449	false	true	false
pss_wip.domB_succ_body_NatSet	pss_wip	1535642	1535642	1	isabelle/layerB/pss_wip.thy	22452	false	true	false
pss_wip.d0succ_succ_inner	pss_wip	1535656	1535656	1	isabelle/layerB/pss_wip.thy	22468	false	true	false
pss_wip.d0succ_succ_body	pss_wip	1535670	1535670	1	isabelle/layerB/pss_wip.thy	22477	false	true	false
pss_wip.operB_dom_NatSet_principal	pss_wip	1535676	1535676	1	isabelle/layerB/pss_wip.thy	22498	false	true	false
pss_wip.operB_NatSet_principal_unfold	pss_wip	1535684	1535684	1	isabelle/layerB/pss_wip.thy	22596	false	true	false
pss_wip.m_7_2_scb_fseq_inner	pss_wip	1535702	1535702	1	isabelle/layerB/pss_wip.thy	22619	false	true	false
pss_wip.operB_dom_multi	pss_wip	1535772	1535772	1	isabelle/layerB/pss_wip.thy	22641	false	true	false
pss_wip.operB_dom_spine_aux	pss_wip	1535888	1535888	1	isabelle/layerB/pss_wip.thy	22715	false	true	false
pss_wip.flatBT_multi_last	pss_wip	1535920	1535920	1	isabelle/layerB/pss_wip.thy	22796	false	true	false
pss_wip.operB_scb_spine	pss_wip	1536676	1536676	1	isabelle/layerB/pss_wip.thy	22815	false	true	false
pss_wip.dfree_BT_addBT	pss_wip	1536704	1536704	1	isabelle/layerB/pss_wip.thy	23004	false	true	false
pss_wip.dfree_BT_multBT	pss_wip	1536718	1536718	1	isabelle/layerB/pss_wip.thy	23008	false	true	false
pss_wip.m_7_2_scb_fseq_scb	pss_wip	1536794	1536794	1	isabelle/layerB/pss_wip.thy	23015	false	true	false
pss_wip.m_7_2_scb_unique_kind1	pss_wip	1536828	1536828	1	isabelle/layerB/pss_wip.thy	23085	false	true	false
pss_wip.SigmaB_single	pss_wip	1536870	1536870	1	isabelle/layerB/pss_wip.thy	23115	false	true	false
pss_wip.m_7_3_Trans_P_equivariance	pss_wip	1536984	1536984	1	isabelle/layerB/pss_wip.thy	23118	false	true	false
pss_wip.m_7_3_Mark_P_invariance	pss_wip	1537026	1537026	1	isabelle/layerB/pss_wip.thy	23272	false	true	false
pss_wip.m_8_1_diagApp_w0_Trans	pss_wip	1537084	1537084	1	isabelle/layerB/pss_wip.thy	23320	false	true	false
pss_wip.m_7_2_add_scb_conj3_uncond	pss_wip	1537240	1537240	1	isabelle/layerB/pss_wip.thy	23427	false	true	false
pss_wip.trans_surgery_value	pss_wip	1537384	1537384	1	isabelle/layerB/pss_wip.thy	23469	false	true	false
pss_wip.trans_surgery_value_keystone	pss_wip	1537510	1537510	1	isabelle/layerB/pss_wip.thy	23553	false	true	false
pss_wip.transC2_single_principal_head	pss_wip	1537624	1537632	4	isabelle/layerB/pss_wip.thy	23581	false	true	false
pss_wip.trans_surgery_localized	pss_wip	1537746	1537746	1	isabelle/layerB/pss_wip.thy	23635	false	true	false
pss_wip.m_8_2_gB_Adm0_condA	pss_wip	1537862	1537862	1	isabelle/layerB/pss_wip.thy	23704	false	true	false
pss_wip.m_8_2_subexpr_component_Pred_Adm0_nogB	pss_wip	1538316	1538316	1	isabelle/layerB/pss_wip.thy	23780	false	true	false
pss_wip.Trans_two_zero	pss_wip	1538432	1538432	1	isabelle/layerB/pss_wip.thy	23926	false	true	false
pss_wip.Trans_take_lessBT	pss_wip	1538474	1538474	1	isabelle/layerB/pss_wip.thy	23943	false	true	false
pss_wip.Trans_take_eq_imp_full	pss_wip	1538516	1538516	1	isabelle/layerB/pss_wip.thy	24014	false	true	false
pss_wip.m_7_3_Trans_Dv0_iff	pss_wip	1538766	1538766	1	isabelle/layerB/pss_wip.thy	24033	false	true	false
pss_wip.domB_single_TBv_struct	pss_wip	1538906	1538906	1	isabelle/layerB/pss_wip.thy	24342	false	true	false
pss_wip.operB_dom_TBv_body	pss_wip	1538978	1538978	1	isabelle/layerB/pss_wip.thy	24381	false	true	false
pss_wip.tbvIdx_TBv	pss_wip	1539002	1539002	1	isabelle/layerB/pss_wip.thy	24559	false	true	false
pss_wip.xseq_dom_TBv_body	pss_wip	1539036	1539036	1	isabelle/layerB/pss_wip.thy	24570	false	true	false
pss_wip.operB_dom_kind1	pss_wip	1539112	1539112	1	isabelle/layerB/pss_wip.thy	24600	false	true	false
pss_wip.operB_kind1_unfold	pss_wip	1539182	1539182	1	isabelle/layerB/pss_wip.thy	24712	false	true	false
pss_wip.operB_dom_Dv0	pss_wip	1539240	1539240	1	isabelle/layerB/pss_wip.thy	24751	false	true	false
pss_wip.operB_Dv0_num0	pss_wip	1539292	1539292	1	isabelle/layerB/pss_wip.thy	24763	false	true	false
pss_wip.operB_peel_trailing_Dv0	pss_wip	1539344	1539344	1	isabelle/layerB/pss_wip.thy	24785	false	true	false
pss_wip.domB_Dw0	pss_wip	1539402	1539402	1	isabelle/layerB/pss_wip.thy	24830	false	true	false
pss_wip.xseq_eval_0	pss_wip	1539446	1539446	1	isabelle/layerB/pss_wip.thy	24842	false	true	false
pss_wip.xseq_single_TBv	pss_wip	1539520	1539520	1	isabelle/layerB/pss_wip.thy	24854	false	true	false
pss_wip.operB_Dv0_id	pss_wip	1539598	1539598	1	isabelle/layerB/pss_wip.thy	24872	false	true	false
pss_wip.operB_Du_Dw0_kind1	pss_wip	1539688	1539688	1	isabelle/layerB/pss_wip.thy	24891	false	true	false
pss_wip.operB_Du_Dw0_base	pss_wip	1539758	1539758	1	isabelle/layerB/pss_wip.thy	24920	false	true	false
pss_wip.operB_Du_D00	pss_wip	1539788	1539788	1	isabelle/layerB/pss_wip.thy	24979	false	true	false
pss_wip.operB_iter_Du_Dw0	pss_wip	1539836	1539836	1	isabelle/layerB/pss_wip.thy	24997	false	true	false
pss_wip.xseq_Dv0_tower	pss_wip	1540082	1540082	1	isabelle/layerB/pss_wip.thy	25067	false	true	false
pss_wip.domB_Du_Dv0_NatSet	pss_wip	1540138	1540138	1	isabelle/layerB/pss_wip.thy	25097	false	true	false
pss_wip.operB_Du_Dv0_kind1_eval	pss_wip	1540200	1540200	1	isabelle/layerB/pss_wip.thy	25124	false	true	false
pss_wip.flatBT_Dprin_funpow_tower	pss_wip	1540310	1540310	1	isabelle/layerB/pss_wip.thy	25151	false	true	false
pss_wip.m_7_2_scb_fseq_kind1_basic	pss_wip	1540618	1540618	1	isabelle/layerB/pss_wip.thy	25180	false	true	false
pss_wip.ex1_Dpt_addBT_triple	pss_wip	1540812	1540812	1	isabelle/layerB/pss_wip.thy	25249	false	true	false
pss_wip.trans_admpos_outer_principal	pss_wip	1540960	1540964	2	isabelle/layerB/pss_wip.thy	25320	false	true	false
pss_wip.m_8_2_subexpr_component_Pred_clause34_of_witness	pss_wip	1541356	1541356	1	isabelle/layerB/pss_wip.thy	25365	false	true	false
pss_wip.operB_dom_TBv_principal_aux	pss_wip	1541588	1541588	1	isabelle/layerB/pss_wip.thy	25456	false	true	false
pss_wip.operB_TBv_principal_unfold	pss_wip	1541724	1541724	1	isabelle/layerB/pss_wip.thy	25561	false	true	false
pss_wip.operB_dom_TBv_body_spine_aux	pss_wip	1542068	1542068	1	isabelle/layerB/pss_wip.thy	25607	false	true	false
pss_wip.operB_TBv_body_spine	pss_wip	1544264	1544264	1	isabelle/layerB/pss_wip.thy	25712	false	true	false
pss_wip.xseq_body_tower_flat	pss_wip	1544628	1544628	1	isabelle/layerB/pss_wip.thy	25928	false	true	false
pss_wip.domB_Du_body_NatSet	pss_wip	1544830	1544830	1	isabelle/layerB/pss_wip.thy	26005	false	true	false
pss_wip.operB_Du_body_kind1_eval	pss_wip	1544982	1544982	1	isabelle/layerB/pss_wip.thy	26030	false	true	false
pss_wip.concat_replicate_shift	pss_wip	1545052	1545052	1	isabelle/layerB/pss_wip.thy	26048	false	false	false
pss_wip.concat_replicate_append_comm	pss_wip	1545088	1545088	1	isabelle/layerB/pss_wip.thy	26068	false	false	false
pss_wip.m_7_2_scb_fseq_kind1_general	pss_wip	1545352	1545352	1	isabelle/layerB/pss_wip.thy	26082	false	true	false
pss_wip.domB_addBT_Dv0	pss_wip	1545488	1545488	1	isabelle/layerB/pss_wip.thy	26220	false	true	false
pss_wip.operB_dom_addBT_Dv0	pss_wip	1545598	1545598	1	isabelle/layerB/pss_wip.thy	26240	false	true	false
pss_wip.m_8_6_trailing_principal_peel	pss_wip	1545746	1545746	1	isabelle/layerB/pss_wip.thy	26273	false	true	false
pss_wip.m_8_3_TransCondII_oper1_descend	pss_wip	1545864	1545864	1	isabelle/layerB/pss_wip.thy	26336	false	true	false
pss_wip.BT_split_last_principal	pss_wip	1545960	1545960	1	isabelle/layerB/pss_wip.thy	26360	false	true	false
pss_wip.flatBP_inj	pss_wip	1546030	1546030	1	isabelle/layerB/pss_wip.thy	26394	false	true	false
pss_wip.scb_outer_surgery_split	pss_wip	1546292	1546292	1	isabelle/layerB/pss_wip.thy	26412	false	true	false
pss_wip.trans_admpos_body_split	pss_wip	1546470	1546470	1	isabelle/layerB/pss_wip.thy	26573	false	true	false
pss_wip.trans_admpos_body_split_wfin	pss_wip	1546706	1546706	1	isabelle/layerB/pss_wip.thy	26699	false	true	false
pss_wip.operB_dist_trailing_single	pss_wip	1546930	1546930	1	isabelle/layerB/pss_wip.thy	26836	false	true	false
pss_wip.operB_dom_Du_Dw0	pss_wip	1547072	1547072	1	isabelle/layerB/pss_wip.thy	26873	false	true	false
pss_wip.operB_dom_Du_Dw0_any	pss_wip	1547118	1547118	1	isabelle/layerB/pss_wip.thy	26922	false	true	false
pss_wip.m_8_7_toplevel_Dw0_annihilate	pss_wip	1547178	1547178	1	isabelle/layerB/pss_wip.thy	26950	false	true	false
pss_wip.m_8_2_subexpr_component_Pred_Adm0_full	pss_wip	1547472	1547472	1	isabelle/layerB/pss_wip.thy	27019	false	true	false
pss_wip.m_8_2_subexpr_component_Pred_Admpos_of_wid	pss_wip	1547900	1547900	1	isabelle/layerB/pss_wip.thy	27174	false	true	false
pss_wip.m_8_7_toplevel_OT_tail_annihilate	pss_wip	1548026	1548026	1	isabelle/layerB/pss_wip.thy	27288	false	true	false
pss_wip.m_8_7_toplevel_succ_peel	pss_wip	1548086	1548086	1	isabelle/layerB/pss_wip.thy	27337	false	true	false
pss_wip.m_8_2_strongmono_slice_mono_reduced	pss_wip	1548112	1548112	1	isabelle/layerB/pss_wip.thy	27395	false	true	false
pss_wip.P_take_at_boundary	pss_wip	1548178	1548178	1	isabelle/layerB/pss_wip.thy	27478	false	true	false
pss_wip.P_take_prefix_eq	pss_wip	1548250	1548250	1	isabelle/layerB/pss_wip.thy	27594	false	true	false
pss_wip.TrMax_seg_ancestor	pss_wip	1548316	1548316	1	isabelle/layerB/pss_wip.thy	27706	false	true	false
pss_wip.m_8_2_strongmono_slice	pss_wip	1548600	1548600	1	isabelle/layerB/pss_wip.thy	27757	false	true	false
pss_wip.leBT_trans	pss_wip	1548688	1548688	1	isabelle/layerB/pss_wip.thy	28017	false	true	false
pss_wip.b1x_operB_dom_all	pss_wip	1548836	1548836	1	isabelle/layerB/pss_wip.thy	28021	false	true	false
pss_wip.b1x_xseq_dom_all	pss_wip	1548954	1548954	1	isabelle/layerB/pss_wip.thy	28113	false	true	false
pss_wip.b1x_operB_unfold	pss_wip	1549352	1549352	1	isabelle/layerB/pss_wip.thy	28133	false	true	false
pss_wip.b1x_xseq_0	pss_wip	1549402	1549402	1	isabelle/layerB/pss_wip.thy	28152	false	true	false
pss_wip.b1x_xseq_Suc	pss_wip	1549432	1549432	1	isabelle/layerB/pss_wip.thy	28155	false	true	false
pss_wip.b1x_operB_zero	pss_wip	1549442	1549442	1	isabelle/layerB/pss_wip.thy	28160	false	true	false
pss_wip.b1x_operB_D0	pss_wip	1549476	1549476	1	isabelle/layerB/pss_wip.thy	28163	false	true	false
pss_wip.b1x_operB_Dinf	pss_wip	1549520	1549520	1	isabelle/layerB/pss_wip.thy	28166	false	true	false
pss_wip.b1x_operB_Dsucc	pss_wip	1549538	1549538	1	isabelle/layerB/pss_wip.thy	28170	false	true	false
pss_wip.b1x_operB_case_i	pss_wip	1549614	1549614	1	isabelle/layerB/pss_wip.thy	28179	false	true	false
pss_wip.b1x_operB_case_iii	pss_wip	1549690	1549690	1	isabelle/layerB/pss_wip.thy	28185	false	true	false
pss_wip.b1x_operB_multi	pss_wip	1549818	1549818	1	isabelle/layerB/pss_wip.thy	28196	false	true	false
pss_wip.b1x_domB_case_iii	pss_wip	1549926	1549926	1	isabelle/layerB/pss_wip.thy	28205	false	true	false
pss_wip.b1x_domB_Dsucc	pss_wip	1550054	1550054	1	isabelle/layerB/pss_wip.thy	28216	false	true	false
pss_wip.b1x_mult_single	pss_wip	1550108	1550108	1	isabelle/layerB/pss_wip.thy	28225	false	true	false
pss_wip.b1x_lessBT_replsnoc	pss_wip	1550180	1550180	1	isabelle/layerB/pss_wip.thy	28231	false	true	false
pss_wip.b1x_leBT_head_replsnoc	pss_wip	1550264	1550264	1	isabelle/layerB/pss_wip.thy	28236	false	true	false
pss_wip.b1x_GBT_replsnoc	pss_wip	1550332	1550332	1	isabelle/layerB/pss_wip.thy	28239	false	true	false
pss_wip.b1x_lessBP_single	pss_wip	1550420	1550420	1	isabelle/layerB/pss_wip.thy	28244	false	true	false
pss_wip.b1x_lessBP_asym	pss_wip	1550456	1550456	1	isabelle/layerB/pss_wip.thy	28247	false	true	false
pss_wip.b1x_leBT_single_idx	pss_wip	1550568	1550568	1	isabelle/layerB/pss_wip.thy	28250	false	true	false
pss_wip.b1x_zero_TBv	pss_wip	1550604	1550604	1	isabelle/layerB/pss_wip.thy	28255	false	true	false
pss_wip.b1x_NatSet_TBv	pss_wip	1550660	1550660	1	isabelle/layerB/pss_wip.thy	28258	false	true	false
pss_wip.b1x_Dpt_TBv	pss_wip	1550710	1550710	1	isabelle/layerB/pss_wip.thy	28261	false	true	false
pss_wip.b1x_TBv_lt_head	pss_wip	1550750	1550750	1	isabelle/layerB/pss_wip.thy	28264	false	true	false
pss_wip.b1x_descP_last_hd	pss_wip	1550824	1550824	1	isabelle/layerB/pss_wip.thy	28281	false	true	false
pss_wip.b1x_TBv_head_gt	pss_wip	1550902	1550902	1	isabelle/layerB/pss_wip.thy	28300	false	true	false
pss_wip.b1x_Dw0_lt	pss_wip	1550966	1550966	1	isabelle/layerB/pss_wip.thy	28327	false	true	false
pss_wip.b1x_descent	pss_wip	1551076	1551076	1	isabelle/layerB/pss_wip.thy	28361	false	true	false
pss_wip.m_buc1_3_2a_fseq_lt	pss_wip	1551108	1551108	1	isabelle/layerB/pss_wip.thy	28499	false	true	false
pss_wip.m_8_1_Trans_fseq_condI_descent	pss_wip	1551252	1551252	1	isabelle/layerB/pss_wip.thy	28509	false	true	false
pss_wip.m_8_3_TransCondII_oper_descend_engine	pss_wip	1551460	1551460	1	isabelle/layerB/pss_wip.thy	28563	false	true	false
pss_wip.m_8_2_subexpr_component_Pred_of_wid	pss_wip	1552116	1552116	1	isabelle/layerB/pss_wip.thy	28627	false	true	false
pss_wip.m_8_7_OT_zero	pss_wip	1552190	1552190	1	isabelle/layerB/pss_wip.thy	28715	false	true	false
pss_wip.m_8_7_Trans_in_T_B_ST	pss_wip	1552238	1552238	1	isabelle/layerB/pss_wip.thy	28722	false	true	false
pss_wip.m_8_7_Trans_preserves_OT_base	pss_wip	1552306	1552306	1	isabelle/layerB/pss_wip.thy	28738	false	true	false
pss_wip.m_8_7_multBT_Dpt_OT	pss_wip	1552364	1552364	1	isabelle/layerB/pss_wip.thy	28777	false	true	false
pss_wip.m_8_7_Trans_cnst_OT	pss_wip	1552420	1552420	1	isabelle/layerB/pss_wip.thy	28785	false	true	false
pss_wip.m_8_7_Trans_rcseq_OT	pss_wip	1552474	1552474	1	isabelle/layerB/pss_wip.thy	28803	false	true	false
pss_wip.m_8_2_wid_step	pss_wip	1552526	1552526	1	isabelle/layerB/pss_wip.thy	28837	false	true	false
pss_wip.m_8_2_wid_of_predRN	pss_wip	1552680	1552680	1	isabelle/layerB/pss_wip.thy	28893	false	true	false
pss_wip.rn1_outer_inner_trailing	pss_wip	1552730	1552730	1	isabelle/layerB/pss_wip.thy	28913	false	true	false
pss_wip.m_8_2_keystone_imp_wid	pss_wip	1553074	1553074	1	isabelle/layerB/pss_wip.thy	28936	false	true	false
pss_wip.m_8_2_wid_of_predwid	pss_wip	1553156	1553156	1	isabelle/layerB/pss_wip.thy	29038	false	true	false
pss_wip.wid_Br_Pred	pss_wip	1553216	1553216	1	isabelle/layerB/pss_wip.thy	29093	false	true	false
pss_wip.wid_JBr_Pred_imp	pss_wip	1553254	1553254	1	isabelle/layerB/pss_wip.thy	29168	false	true	false
pss_wip.wid_FirstNodes_Pred	pss_wip	1553302	1553302	1	isabelle/layerB/pss_wip.thy	29203	false	true	false
pss_wip.wid_Joints_Pred	pss_wip	1553418	1553418	1	isabelle/layerB/pss_wip.thy	29260	false	true	false
pss_wip.wid_adm_trunk_interior_False	pss_wip	1553460	1553460	1	isabelle/layerB/pss_wip.thy	29340	false	false	false
pss_wip.wid_transJ0_eq_TrMax	pss_wip	1553540	1553540	1	isabelle/layerB/pss_wip.thy	29359	false	true	false
pss_wip.wid_entry1_Pred_agree	pss_wip	1553624	1553624	1	isabelle/layerB/pss_wip.thy	29380	false	false	false
pss_wip.m_8_2_ft_transport	pss_wip	1553770	1553770	1	isabelle/layerB/pss_wip.thy	29392	false	true	false
pss_wip.m_8_2_jt_transport	pss_wip	1553930	1553930	1	isabelle/layerB/pss_wip.thy	29460	false	true	false
pss_wip.m_8_2_wid	pss_wip	1554250	1554250	1	isabelle/layerB/pss_wip.thy	29605	false	true	false
pss_wip.m_8_2_subexpr_component_Pred	pss_wip	1554752	1554752	1	isabelle/layerB/pss_wip.thy	29702	false	true	false
pss_wip.m_8_1_c1_around_part4_setup	pss_wip	1554864	1554864	1	isabelle/layerB/pss_wip.thy	29756	false	true	false
pss_wip.m_8_1_c1_around_part4_head	pss_wip	1555016	1555016	1	isabelle/layerB/pss_wip.thy	29815	false	true	false
pss_wip.m_8_2_j0_eq_TrMax	pss_wip	1555066	1555066	1	isabelle/layerB/pss_wip.thy	29887	false	true	false
pss_wip.m_8_2_cpU_rhs_eq	pss_wip	1555088	1555088	1	isabelle/layerB/pss_wip.thy	29918	false	true	false
pss_wip.m_8_2_cpU_of_widTrMaxM	pss_wip	1555126	1555126	1	isabelle/layerB/pss_wip.thy	29946	false	true	false
pss_wip.baseU_Br_empty_TrMax	pss_wip	1555134	1555134	1	isabelle/layerB/pss_wip.thy	29985	false	true	false
pss_wip.baseU_alltrunk_diag_entry	pss_wip	1555156	1555156	1	isabelle/layerB/pss_wip.thy	29995	false	true	false
pss_wip.baseU_alltrunk_Trans_RN1	pss_wip	1555168	1555168	1	isabelle/layerB/pss_wip.thy	30086	false	true	false
pss_wip.baseU_twoseg_monoT	pss_wip	1555174	1555174	1	isabelle/layerB/pss_wip.thy	30125	false	false	false
pss_wip.baseU_caseI_geom	pss_wip	1555190	1555190	1	isabelle/layerB/pss_wip.thy	30141	false	true	false
pss_wip.m_8_2_baseU	pss_wip	1555258	1555258	1	isabelle/layerB/pss_wip.thy	30199	false	true	false
pss_wip.m_8_1_c1_around_part4_Nred	pss_wip	1555308	1555308	1	isabelle/layerB/pss_wip.thy	30389	false	true	false
pss_wip.m_8_2_wid_uncond	pss_wip	1555348	1555348	1	isabelle/layerB/pss_wip.thy	30460	false	true	false
pss_wip.m_8_2_wid_uncond_widTrM	pss_wip	1555386	1555386	1	isabelle/layerB/pss_wip.thy	30481	false	true	false
pss_wip.m_8_2_subexpr_component_Pred_final	pss_wip	1555710	1555710	1	isabelle/layerB/pss_wip.thy	30517	false	true	false
pss_wip.m_6_3_Adm_prefix_slice	pss_wip	1555790	1555790	1	isabelle/layerB/pss_wip.thy	30566	false	true	false
pss_wip.m_8_1_c1_around_part4_Adm0	pss_wip	1555898	1555898	1	isabelle/layerB/pss_wip.thy	30590	false	true	false
pss_wip.m_8_2_chainOK_imp_widTrM	pss_wip	1556512	1556512	1	isabelle/layerB/pss_wip.thy	30747	false	true	false
pss_wip.m_8_2_cpU_of_chainOK	pss_wip	1556618	1556618	1	isabelle/layerB/pss_wip.thy	30841	false	true	false
pss_wip.m_8_2_subexpr_component_Pred_via_chainOK	pss_wip	1556990	1556990	1	isabelle/layerB/pss_wip.thy	30864	false	true	false
pss_wip.m_8_1_c1_around_part4_cond42	pss_wip	1557140	1557140	1	isabelle/layerB/pss_wip.thy	30932	false	true	false
pss_wip.m_8_2_chainOK_of_descAdm	pss_wip	1557154	1557154	1	isabelle/layerB/pss_wip.thy	31113	false	true	false
pss_wip.m_8_1_c1_around_part4_cond41	pss_wip	1557310	1557310	1	isabelle/layerB/pss_wip.thy	31225	false	true	false
pss_wip.m_8_1_c1_around_part4_TransN_41	pss_wip	1557370	1557370	1	isabelle/layerB/pss_wip.thy	31445	false	true	false
pss_wip.monoT_branch_hasParent	pss_wip	1557440	1557440	1	isabelle/layerB/pss_wip.thy	31628	false	true	false
pss_wip.transJm1_seg0_eq_Adm	pss_wip	1557458	1557458	1	isabelle/layerB/pss_wip.thy	31652	false	true	false
pss_wip.m_8_2_TrMax_ge_1	pss_wip	1557478	1557478	1	isabelle/layerB/pss_wip.thy	31683	false	true	false
pss_wip.m_8_2_descAdm_of_premises	pss_wip	1557500	1557500	1	isabelle/layerB/pss_wip.thy	31725	false	true	false
pss_wip.m_8_2_chainOK_of_branchPar	pss_wip	1557516	1557516	1	isabelle/layerB/pss_wip.thy	31764	false	true	false
pss_wip.m_8_2_subexpr_component_Pred_done	pss_wip	1557576	1557576	1	isabelle/layerB/pss_wip.thy	31789	false	true	false
pss_wip.flatBT_Trm_cons_cons	pss_wip	1557586	1557586	1	isabelle/layerB/pss_wip.thy	31849	false	true	false
pss_wip.addBT_trailing_align	pss_wip	1557600	1557600	1	isabelle/layerB/pss_wip.thy	31857	false	true	false
pss_wip.m_8_1_c1_around_part4_segpos	pss_wip	1557620	1557620	1	isabelle/layerB/pss_wip.thy	31903	false	true	false
pss_wip.m_8_1_c1_around_part4_1	pss_wip	1557674	1557674	1	isabelle/layerB/pss_wip.thy	32085	false	true	false
pss_wip.adm_trunk_interior_nadm	pss_wip	1557692	1557692	1	isabelle/layerB/pss_wip.thy	32280	false	false	false
pss_wip.adm_le_TrMax_cases	pss_wip	1557700	1557700	1	isabelle/layerB/pss_wip.thy	32297	false	false	false
pss_wip.m_8_2_transJ0_eq_TrMax	pss_wip	1557710	1557710	1	isabelle/layerB/pss_wip.thy	32316	false	true	false
pss_wip.m_8_2_joints_all_TrMax	pss_wip	1557752	1557752	1	isabelle/layerB/pss_wip.thy	32350	false	true	false
pss_wip.m_8_2_branchHigh	pss_wip	1557766	1557766	1	isabelle/layerB/pss_wip.thy	32391	false	true	false
pss_wip.m_8_2_branchPar	pss_wip	1557810	1557810	1	isabelle/layerB/pss_wip.thy	32434	false	true	false
pss_wip.m_8_2_keystone	pss_wip	1557830	1557830	1	isabelle/layerB/pss_wip.thy	32461	false	true	false
pss_wip.transCondIIorIV_notAVI	pss_wip	1557836	1557836	1	isabelle/layerB/pss_wip.thy	32514	false	false	false
pss_wip.transC2_Adm0_exposed	pss_wip	1557842	1557842	1	isabelle/layerB/pss_wip.thy	32548	false	true	false
pss_wip.m_8_1_c1_around_part4_TransN_42	pss_wip	1557848	1557848	1	isabelle/layerB/pss_wip.thy	32629	false	true	false
pss_wip.m_8_1_c1_around_part4_2	pss_wip	1557854	1557854	1	isabelle/layerB/pss_wip.thy	32827	false	true	false
pss_wip.m_8_1_operB_numBT0_Pred	pss_wip	1557860	1557860	1	isabelle/layerB/pss_wip.thy	33088	false	true	false
pss_wip.m_8_1_Trans_fseq_condI_n1	pss_wip	1557866	1557866	1	isabelle/layerB/pss_wip.thy	33271	false	true	false
pss_wip.PB_Dpt_single	pss_wip	1557872	1557872	1	isabelle/layerB/pss_wip.thy	33302	false	true	false
pss_wip.PB_addBT_app	pss_wip	1557878	1557878	1	isabelle/layerB/pss_wip.thy	33305	false	true	false
pss_wip.leBT_Dpt0_iff	pss_wip	1557884	1557884	1	isabelle/layerB/pss_wip.thy	33308	false	true	false
pss_wip.m_8_2_subexpr_component_strongmono_of_witness	pss_wip	1557890	1557890	1	isabelle/layerB/pss_wip.thy	33330	false	true	false
pss_wip.m_8_1_Trans_fseq_condI_comm_append_reduce	pss_wip	1557896	1557896	1	isabelle/layerB/pss_wip.thy	33418	false	true	false
pss_wip.wid_BrLen_Pred	pss_wip	1557902	1557902	1	isabelle/layerB/pss_wip.thy	33469	false	true	false
pss_wip.wid_JPm1_map	pss_wip	1557908	1557908	1	isabelle/layerB/pss_wip.thy	33529	false	true	false
pss_wip.wid_FNJ_Pred_at_JPm1	pss_wip	1557914	1557914	1	isabelle/layerB/pss_wip.thy	33544	false	true	false
pss_wip.m_8_1_condI_B_eq_Pred_j0zero	pss_wip	1557920	1557920	1	isabelle/layerB/pss_wip.thy	33580	false	false	false
pss_wip.m_8_1_condI_oper_pow_j0zero	pss_wip	1557926	1557926	1	isabelle/layerB/pss_wip.thy	33616	false	true	false
pss_wip.m_8_1_operB_condI_c2_value	pss_wip	1557932	1557932	1	isabelle/layerB/pss_wip.thy	33646	false	true	false
pss_wip.m_8_1_stepT_j0zero_of_additivity	pss_wip	1557938	1557938	1	isabelle/layerB/pss_wip.thy	33668	false	true	false
pss_wip.wit_FirstNodes0	pss_wip	1557944	1557944	1	isabelle/layerB/pss_wip.thy	33707	false	true	false
pss_wip.wit_J1pos	pss_wip	1557950	1557950	1	isabelle/layerB/pss_wip.thy	33723	false	true	false
pss_wip.wit_PB_relax	pss_wip	1557956	1557956	1	isabelle/layerB/pss_wip.thy	33742	false	true	false
pss_wip.wit_PB_tail_bound	pss_wip	1557962	1557962	1	isabelle/layerB/pss_wip.thy	33765	false	true	false
pss_wip.wit_step_lift	pss_wip	1557968	1557968	1	isabelle/layerB/pss_wip.thy	33787	false	true	false
pss_wip.descending_col0_cong	pss_wip	1557974	1557974	1	isabelle/layerB/pss_wip.thy	33808	false	false	false
pss_wip.wid_Br_Pred_col0_agree	pss_wip	1557980	1557980	1	isabelle/layerB/pss_wip.thy	33851	false	true	false
pss_wip.wid_Br_Pred_lenle	pss_wip	1557986	1557986	1	isabelle/layerB/pss_wip.thy	33918	false	true	false
pss_wip.descending_Br_Pred	pss_wip	1557992	1557992	1	isabelle/layerB/pss_wip.thy	33958	false	true	false
pss_wip.m_8_2_subexpr_component_strongmono_of_factAB	pss_wip	1557998	1557998	1	isabelle/layerB/pss_wip.thy	34014	false	true	false
pss_wip.m_8_2_wit_step_thr	pss_wip	1558004	1558004	1	isabelle/layerB/pss_wip.thy	34088	false	true	false
pss_wip.m_8_2_factA_step	pss_wip	1558010	1558010	1	isabelle/layerB/pss_wip.thy	34212	false	true	false
pss_wip.m_8_2_joint_row1_eq	pss_wip	1558016	1558016	1	isabelle/layerB/pss_wip.thy	34346	false	true	false
pss_wip.m_8_2_thrmono	pss_wip	1558022	1558022	1	isabelle/layerB/pss_wip.thy	34390	false	true	false
pss_wip.m_8_2_joint_idx_mono	pss_wip	1558028	1558028	1	isabelle/layerB/pss_wip.thy	34417	false	true	false
pss_wip.m_8_2_factA_base	pss_wip	1558034	1558034	1	isabelle/layerB/pss_wip.thy	34448	false	true	false
pss_wip.m_8_2_factA	pss_wip	1558040	1558040	1	isabelle/layerB/pss_wip.thy	34540	false	true	false
pss_wip.m_8_2_newdom	pss_wip	1558046	1558046	1	isabelle/layerB/pss_wip.thy	34670	false	true	false
pss_wip.m_8_2_subexpr_component_strongmono	pss_wip	1558052	1558052	1	isabelle/layerB/pss_wip.thy	34924	false	true	false
pss_wip.m_8_2_branch_row1_tiebreak	pss_wip	1558058	1558058	1	isabelle/layerB/pss_wip.thy	34984	false	true	false
pss_wip.m_8_2_factB_base	pss_wip	1558064	1558064	1	isabelle/layerB/pss_wip.thy	35008	false	true	false
pss_wip.m_8_2_factA_uncond	pss_wip	1558070	1558070	1	isabelle/layerB/pss_wip.thy	35084	false	true	false
pss_wip.m_8_2_wid_full	pss_wip	1558078	1558078	1	isabelle/layerB/pss_wip.thy	35112	false	true	false
pss_wip.m_8_2_factB_step	pss_wip	1558194	1558194	1	isabelle/layerB/pss_wip.thy	35130	false	true	false
pss_wip.m_8_2_strict_coeff_no_row1	pss_wip	1558242	1558242	1	isabelle/layerB/pss_wip.thy	35161	false	true	false
pss_wip.m_8_2_le0_above_parent	pss_wip	1558254	1558254	1	isabelle/layerB/pss_wip.thy	35208	false	false	false
pss_wip.m_8_2_e1_le_e1par_of_notnextR1	pss_wip	1558272	1558272	1	isabelle/layerB/pss_wip.thy	35241	false	false	false
pss_wip.m_8_2_branch_row1_le_TrMax_of_notnextR	pss_wip	1558330	1558330	1	isabelle/layerB/pss_wip.thy	35286	false	true	false
pss_wip.m_8_2_branch_row1_le_TrMax_J0	pss_wip	1558342	1558342	1	isabelle/layerB/pss_wip.thy	35357	false	true	false
pss_wip.m_8_2_branch_row1_le_TrMax_single	pss_wip	1558358	1558358	1	isabelle/layerB/pss_wip.thy	35377	false	true	false
pss_wip.m_8_2_branch_col0_val	pss_wip	1558420	1558420	1	isabelle/layerB/pss_wip.thy	35397	false	true	false
pss_wip.m_8_2_branch_row1_le_TrMax	pss_wip	1558486	1558486	1	isabelle/layerB/pss_wip.thy	35459	false	true	false
pss_wip.m_8_2_det_imp_joint_lt_TrMax	pss_wip	1558522	1558522	1	isabelle/layerB/pss_wip.thy	35547	false	true	false
pss_wip.m_8_2_det_imp_not_admpos_of_j1eq	pss_wip	1558548	1558548	1	isabelle/layerB/pss_wip.thy	35584	false	true	false
pss_wip.m_8_2_det_of_case4excl	pss_wip	1558610	1558610	1	isabelle/layerB/pss_wip.thy	35616	false	true	false
pss_wip.m_8_2_widH_admpos_j1ne_step	pss_wip	1558674	1558674	1	isabelle/layerB/pss_wip.thy	35717	false	true	false
pss_wip.m_8_2_widH_of_j1side	pss_wip	1558680	1558680	1	isabelle/layerB/pss_wip.thy	35761	false	true	false
pss_wip.m_8_2_widH_base2	pss_wip	1558686	1558686	1	isabelle/layerB/pss_wip.thy	35804	false	true	false
pss_wip.m_8_2_widH	pss_wip	1558692	1558692	1	isabelle/layerB/pss_wip.thy	35857	false	true	false
pss_wip.m_8_2_det	pss_wip	1558698	1558698	1	isabelle/layerB/pss_wip.thy	36051	false	true	false
pss_wip.wid_entry_Pred_agree	pss_wip	1558704	1558704	1	isabelle/layerB/pss_wip.thy	36085	false	false	false
pss_wip.wid_FN_Suc_lt	pss_wip	1558712	1558712	1	isabelle/layerB/pss_wip.thy	36099	false	true	false
pss_wip.m_8_2_factB_base2	pss_wip	1558776	1558776	1	isabelle/layerB/pss_wip.thy	36142	false	true	false
pss_wip.m_8_2_factB	pss_wip	1558810	1558810	1	isabelle/layerB/pss_wip.thy	36200	false	true	false
pss_wip.m_8_2_subexpr_component_strongmono_uncond	pss_wip	1558816	1558816	1	isabelle/layerB/pss_wip.thy	36477	false	true	false
pss_wip.m_8_7_isOT_BT_snoc	pss_wip	1558822	1558822	1	isabelle/layerB/pss_wip.thy	36523	false	true	false
pss_wip.m_8_7_isOT_BT_Dpt	pss_wip	1558854	1558854	1	isabelle/layerB/pss_wip.thy	36528	false	true	false
pss_wip.m_8_7_OT_wrap_snoc	pss_wip	1558924	1558924	1	isabelle/layerB/pss_wip.thy	36533	false	true	false
pss_wip.m_8_7_OT_via_body	pss_wip	1558930	1558930	1	isabelle/layerB/pss_wip.thy	36561	false	true	false
pss_wip.m_8_7_OT_B_of_isOT_BT	pss_wip	1558938	1558938	1	isabelle/layerB/pss_wip.thy	36575	false	true	false
pss_wip.descP_snoc	pss_wip	1559018	1559018	1	isabelle/layerB/pss_wip.thy	36589	false	true	false
pss_wip.m_8_7_isOT_BT_snoc_leBT	pss_wip	1559100	1559100	1	isabelle/layerB/pss_wip.thy	36604	false	true	false
pss_wip.isOT_BT_Dpt_body	pss_wip	1559148	1559148	1	isabelle/layerB/pss_wip.thy	36618	false	true	false
pss_wip.m_8_7_OT_step_uniform	pss_wip	1559256	1559256	1	isabelle/layerB/pss_wip.thy	36638	false	true	false
pss_wip.m_8_2_wid_case2_excl	pss_wip	1559262	1559262	1	isabelle/layerB/pss_wip.thy	36669	false	true	false
pss_wip.descP_append1	pss_wip	1559268	1559268	1	isabelle/layerB/pss_wip.thy	36682	false	true	false
pss_wip.isOT_BT_addBT_left	pss_wip	1559274	1559274	1	isabelle/layerB/pss_wip.thy	36694	false	true	false
pss_wip.m_8_7_Trans_preserves_OT_step	pss_wip	1559324	1559324	1	isabelle/layerB/pss_wip.thy	36715	false	true	false
pss_wip.trans_multi_split	pss_wip	1559366	1559366	1	isabelle/layerB/pss_wip.thy	36762	false	true	false
pss_wip.operI_j0zero_trans_step	pss_wip	1559374	1559374	1	isabelle/layerB/pss_wip.thy	36809	false	true	false
pss_wip.operI_j0zero_trans_mult	pss_wip	1559414	1559414	1	isabelle/layerB/pss_wip.thy	36977	false	true	false
pss_wip.m_8_1_operB_condI_value	pss_wip	1559432	1559432	1	isabelle/layerB/pss_wip.thy	37012	false	true	false
pss_wip.m_8_1_Trans_replicate_pred_condI	pss_wip	1559440	1559440	1	isabelle/layerB/pss_wip.thy	37059	false	true	false
pss_wip.operB_marked_scb_value	pss_wip	1559456	1559456	1	isabelle/layerB/pss_wip.thy	37100	false	true	false
pss_wip.m_8_1_stepT_j0pos_of_lhs_closed	pss_wip	1559610	1559610	1	isabelle/layerB/pss_wip.thy	37137	false	true	false
pss_wip.m_8_1_lhs_j0pos_of_step	pss_wip	1559632	1559632	1	isabelle/layerB/pss_wip.thy	37176	false	true	false
pss_wip.m_8_1_stepT_j0pos_of_step	pss_wip	1559664	1559664	1	isabelle/layerB/pss_wip.thy	37218	false	true	false
pss_wip.monoT_operI_j0pos	pss_wip	1559670	1559670	1	isabelle/layerB/pss_wip.thy	37259	false	true	false
pss_wip.m_8_3_exch_of_lhs_closed	pss_wip	1559724	1559724	1	isabelle/layerB/pss_wip.thy	37371	false	true	false
pss_wip.operB_marked_scb_value_kind1	pss_wip	1559904	1559904	1	isabelle/layerB/pss_wip.thy	37408	false	true	false
pss_wip.m_8_5_exch_of_lhs_closed	pss_wip	1560096	1560096	1	isabelle/layerB/pss_wip.thy	37450	false	true	false
pss_wip.m_8_5_TransCondV_oper_descend_engine	pss_wip	1560304	1560304	1	isabelle/layerB/pss_wip.thy	37496	false	true	false
pss_wip.m_8_4_exch_of_lhs_closed	pss_wip	1560520	1560520	1	isabelle/layerB/pss_wip.thy	37550	false	true	false
pss_wip.leBT_Dpt_mono	pss_wip	1560598	1560598	1	isabelle/layerB/pss_wip.thy	37591	false	true	false
pss_wip.leBT_Zero_left_any	pss_wip	1560642	1560642	1	isabelle/layerB/pss_wip.thy	37605	false	true	false
pss_wip.leBT_refl	pss_wip	1560674	1560674	1	isabelle/layerB/pss_wip.thy	37608	false	false	false
pss_wip.leBT_funpow_mono	pss_wip	1560744	1560744	1	isabelle/layerB/pss_wip.thy	37611	false	false	false
pss_wip.leBT_Dpt_funpow_mono	pss_wip	1560794	1560794	1	isabelle/layerB/pss_wip.thy	37623	false	true	false
pss_wip.leBT_funpow_common	pss_wip	1560862	1560862	1	isabelle/layerB/pss_wip.thy	37634	false	true	false
pss_wip.m_8_1_step_w1_nesting_condI	pss_wip	1561010	1561010	1	isabelle/layerB/pss_wip.thy	37652	false	true	false
pss_wip.entry_operI_d0zero_last	pss_wip	1561080	1561080	1	isabelle/layerB/pss_wip.thy	37685	false	true	false
pss_wip.m_8_1_step_w1_nesting	pss_wip	1561144	1561144	1	isabelle/layerB/pss_wip.thy	37735	false	true	false
pss_wip.m_8_1_operI_Pred_w1	pss_wip	1561164	1561164	1	isabelle/layerB/pss_wip.thy	37772	false	true	false
pss_wip.m_8_1_step_w1_Adm0_closed	pss_wip	1561338	1561338	1	isabelle/layerB/pss_wip.thy	37808	false	true	false
pss_wip.m_8_45_lhs_of_flat_decomp	pss_wip	1561346	1561346	1	isabelle/layerB/pss_wip.thy	37877	false	true	false
pss_wip.m_8_45_lhs_of_funpow_recurrence	pss_wip	1561420	1561420	1	isabelle/layerB/pss_wip.thy	37990	false	false	false
pss_wip.m_8_45_lhs_of_funpow_recurrence_scb	pss_wip	1561632	1561632	1	isabelle/layerB/pss_wip.thy	38025	false	true	false
pss_wip.funpow_closed_of_step	pss_wip	1561742	1561742	1	isabelle/layerB/pss_wip.thy	38176	false	true	false
pss_wip.funpow_closed_of_step_from2	pss_wip	1561902	1561902	1	isabelle/layerB/pss_wip.thy	38225	false	true	false
pss_wip.m_8_45_lhs_of_onestep_scb	pss_wip	1562004	1562004	1	isabelle/layerB/pss_wip.thy	38260	false	true	false
pss_wip.m_8_45_lhs_of_step2_scb	pss_wip	1562306	1562306	1	isabelle/layerB/pss_wip.thy	38303	false	true	false
pss_wip.m_8_5_TransCondV_descend_of_step2_residuals	pss_wip	1562836	1562836	1	isabelle/layerB/pss_wip.thy	38401	false	true	false
pss_wip.Trans_unflat_transC2	pss_wip	1563062	1563062	1	isabelle/layerB/pss_wip.thy	38441	false	true	false
pss_wip.m_8_5_condV_uv	pss_wip	1563168	1563168	1	isabelle/layerB/pss_wip.thy	38509	false	true	false
pss_wip.m_8_5_caseA_kind1_of_uv	pss_wip	1563606	1563606	1	isabelle/layerB/pss_wip.thy	38563	false	true	false
pss_wip.m_8_5_TransCondV_producer	pss_wip	1563974	1563974	1	isabelle/layerB/pss_wip.thy	38761	false	true	false
pss_wip.m_8_5_base_scb	pss_wip	1564208	1564208	1	isabelle/layerB/pss_wip.thy	38796	false	true	false
pss_wip.m_8_5_base_jm1_0	pss_wip	1564418	1564418	1	isabelle/layerB/pss_wip.thy	38887	false	true	false
pss_wip.m_8_5_anchor_OW	pss_wip	1564498	1564498	1	isabelle/layerB/pss_wip.thy	38940	false	true	false
pss_wip.addBT_scb_C_eq	pss_wip	1564566	1564566	1	isabelle/layerB/pss_wip.thy	38970	false	true	false
pss_wip.m_8_5_botU_of_inner	pss_wip	1564678	1564678	1	isabelle/layerB/pss_wip.thy	39009	false	true	false
pss_wip.m_8_7_OT_step_prefix	pss_wip	1564856	1564856	1	isabelle/layerB/pss_wip.thy	39041	false	true	false
pss_wip.m_8_7_OT_keystone_step	pss_wip	1565246	1565246	1	isabelle/layerB/pss_wip.thy	39076	false	true	false
pss_wip.m_8_7_Pred_ST_PS	pss_wip	1565422	1565422	1	isabelle/layerB/pss_wip.thy	39191	false	true	false
pss_wip.m_8_7_GBT_addBT	pss_wip	1565456	1565456	1	isabelle/layerB/pss_wip.thy	39211	false	true	false
pss_wip.m_8_7_gbt_outer_reduce	pss_wip	1565546	1565546	1	isabelle/layerB/pss_wip.thy	39230	false	true	false
pss_wip.m_8_7_Trans_OT_step_keystone	pss_wip	1565974	1565974	1	isabelle/layerB/pss_wip.thy	39265	false	true	false
pss_wip.descP_last_le	pss_wip	1566222	1566222	1	isabelle/layerB/pss_wip.thy	39298	false	true	false
pss_wip.m_8_7_pred_spine_bound	pss_wip	1566428	1566428	1	isabelle/layerB/pss_wip.thy	39335	false	true	false
pss_wip.m_8_7_dstep_assemble	pss_wip	1566554	1566554	1	isabelle/layerB/pss_wip.thy	39364	false	true	false
pss_wip.m_8_7_dstep_case1	pss_wip	1566692	1566692	1	isabelle/layerB/pss_wip.thy	39399	false	true	false
pss_wip.seg_to_last_append	pss_wip	1566808	1566808	1	isabelle/layerB/pss_wip.thy	39464	false	false	false
pss_wip.oper_ST_RT_T	pss_wip	1566932	1566932	1	isabelle/layerB/pss_wip.thy	39486	false	true	false
pss_wip.condV_oper_Suc_append	pss_wip	1566978	1566978	1	isabelle/layerB/pss_wip.thy	39503	false	true	false
pss_wip.hasParent1_parent_lt	pss_wip	1566998	1566998	1	isabelle/layerB/pss_wip.thy	39520	false	false	false
pss_wip.oper_d0pos_nth_prefix	pss_wip	1567040	1567040	1	isabelle/layerB/pss_wip.thy	39541	false	false	false
pss_wip.oper_d0pos_entry_prefix	pss_wip	1567092	1567092	1	isabelle/layerB/pss_wip.thy	39563	false	false	false
pss_wip.Pred_pow_append	pss_wip	1567110	1567110	1	isabelle/layerB/pss_wip.thy	39582	false	true	false
pss_wip.Mark_iterate_slice_append	pss_wip	1567536	1567536	1	isabelle/layerB/pss_wip.thy	39633	false	true	false
pss_wip.Pred_pow_append_full	pss_wip	1567582	1567582	1	isabelle/layerB/pss_wip.thy	39659	false	true	false
pss_wip.Pred_append_single	pss_wip	1567610	1567610	1	isabelle/layerB/pss_wip.thy	39674	false	true	false
pss_wip.Trans_append_col_keystone	pss_wip	1567968	1567968	1	isabelle/layerB/pss_wip.thy	39692	false	true	false
pss_wip.oper_d0pos_seg_prefix	pss_wip	1568234	1568234	1	isabelle/layerB/pss_wip.thy	39736	false	true	false
pss_wip.scb_context_eq_of_prefix	pss_wip	1568484	1568484	1	isabelle/layerB/pss_wip.thy	39775	false	true	false
pss_wip.oper_d0pos_nth	pss_wip	1568880	1568880	1	isabelle/layerB/pss_wip.thy	39833	false	true	false
pss_wip.oper_d0pos_entry0	pss_wip	1569162	1569162	1	isabelle/layerB/pss_wip.thy	39862	false	true	false
pss_wip.oper_d0pos_nth_low	pss_wip	1569304	1569304	1	isabelle/layerB/pss_wip.thy	39877	false	true	false
pss_wip.oper_d0pos_blockstart_step	pss_wip	1569728	1569728	1	isabelle/layerB/pss_wip.thy	39908	false	true	false
pss_wip.oper_d0pos_j0_to_end	pss_wip	1570106	1570106	1	isabelle/layerB/pss_wip.thy	40001	false	true	false
pss_wip.m_8_3_kind1_base_basepoint	pss_wip	1570362	1570362	1	isabelle/layerB/pss_wip.thy	40108	false	true	false
pss_wip.m_8_6_TransCondVI_oper_descend_engine	pss_wip	1570578	1570578	1	isabelle/layerB/pss_wip.thy	40250	false	true	false
pss_wip.m_8_6_diagSeq_condVI_commute	pss_wip	1570698	1570698	1	isabelle/layerB/pss_wip.thy	40305	false	true	false
pss_wip.m_8_6_diagSeq_condVI_descent	pss_wip	1570850	1570850	1	isabelle/layerB/pss_wip.thy	40331	false	true	false
pss_wip.m_8_6_exch_of_lhs_closed	pss_wip	1571334	1571334	1	isabelle/layerB/pss_wip.thy	40365	false	true	false
pss_wip.m_8_5_Joints_FirstNodes_basic	pss_wip	1571800	1571816	4	isabelle/layerB/pss_wip.thy	40416	false	true	false
pss_wip.m_8_4_rightmost_nonadm_ancestor	pss_wip	1572102	1572108	4	isabelle/layerB/pss_wip.thy	40628	false	true	false
pss_wip.m_8_5_step2_of_wrap_body	pss_wip	1572674	1572674	1	isabelle/layerB/pss_wip.thy	40884	false	true	false
pss_wip.m_8_5_base2_of_wrap_body	pss_wip	1572990	1572990	1	isabelle/layerB/pss_wip.thy	40914	false	false	false
pss_wip.m_8_5_base_leaf	pss_wip	1573150	1573150	1	isabelle/layerB/pss_wip.thy	40936	false	false	false
pss_wip.m_8_5_OW_inj_of_scb	pss_wip	1573308	1573308	1	isabelle/layerB/pss_wip.thy	40955	false	true	false
pss_wip.m_8_5_markstep_of_surgery	pss_wip	1574082	1574082	1	isabelle/layerB/pss_wip.thy	41004	false	true	false
pss_wip.m_8_5_wrap_of_iterscb	pss_wip	1574394	1574394	1	isabelle/layerB/pss_wip.thy	41044	false	true	false
pss_wip.leBT_Dpt_head_le	pss_wip	1574506	1574506	1	isabelle/layerB/pss_wip.thy	41096	false	true	false
pss_wip.m_8_7_dstep_properprefix_reduce	pss_wip	1574818	1574818	1	isabelle/layerB/pss_wip.thy	41129	false	true	false
pss_wip.m_8_5_deepen_step	pss_wip	1575232	1575232	1	isabelle/layerB/pss_wip.thy	41177	false	true	false
pss_wip.m_8_5_appended_col_j1ne	pss_wip	1575342	1575342	1	isabelle/layerB/pss_wip.thy	41267	false	true	false
pss_wip.m_8_5_appended_col_deepen	pss_wip	1575570	1575570	1	isabelle/layerB/pss_wip.thy	41294	false	true	false
pss_wip.m_8_5_transT2_readback	pss_wip	1575688	1575688	1	isabelle/layerB/pss_wip.thy	41357	false	true	false
pss_wip.m_8_5_Mark_slice_block_readback	pss_wip	1575784	1575784	1	isabelle/layerB/pss_wip.thy	41388	false	true	false
pss_wip.m_8_5_spineLeaf_Dpt_addBT	pss_wip	1575844	1575844	1	isabelle/layerB/pss_wip.thy	41433	false	true	false
pss_wip.m_8_5_spine_step_glue	pss_wip	1575942	1575942	1	isabelle/layerB/pss_wip.thy	41456	false	true	false
pss_wip.m_8_5_surgery_spine_step	pss_wip	1576250	1576250	1	isabelle/layerB/pss_wip.thy	41492	false	true	false
pss_wip.m_8_5_surgery_spine_compose	pss_wip	1576406	1576406	1	isabelle/layerB/pss_wip.thy	41533	false	true	false
pss_wip.m_8_5_surgery_of_geom_endpoint	pss_wip	1576538	1576538	1	isabelle/layerB/pss_wip.thy	41594	false	true	false
pss_wip.m_8_5_base_of_surgery_pred	pss_wip	1576576	1576576	1	isabelle/layerB/pss_wip.thy	41648	false	true	false
pss_wip.scb_SOME_eq	pss_wip	1576606	1576606	1	isabelle/layerB/pss_wip.thy	41691	false	true	false
pss_wip.scbSubst_eq	pss_wip	1576640	1576640	1	isabelle/layerB/pss_wip.thy	41703	false	true	false
pss_wip.flat_addBT_Dpt	pss_wip	1576714	1576714	1	isabelle/layerB/pss_wip.thy	41708	false	true	false
pss_wip.m_8_5_scbSubst_addBT_commute	pss_wip	1576836	1576836	1	isabelle/layerB/pss_wip.thy	41737	false	true	false
pss_wip.ST_PS_take	pss_wip	1576922	1576922	1	isabelle/layerB/pss_wip.thy	41790	false	true	false
pss_wip.RT_PS_take	pss_wip	1576952	1576952	1	isabelle/layerB/pss_wip.thy	41809	false	true	false
pss_wip.T_PS_take	pss_wip	1576980	1576980	1	isabelle/layerB/pss_wip.thy	41814	false	true	false
pss_wip.m_8_5_Mark_scbSubst_step	pss_wip	1577124	1577124	1	isabelle/layerB/pss_wip.thy	41830	false	true	false
pss_wip.m_8_5_Mark_spine_deepen	pss_wip	1577192	1577192	1	isabelle/layerB/pss_wip.thy	41911	false	true	false
pss_wip.m_8_5_surgery_of_pred_geom_endpoint	pss_wip	1577248	1577248	1	isabelle/layerB/pss_wip.thy	41933	false	true	false
pss_wip.m_8_7_dstep_wholebody	pss_wip	1577440	1577440	1	isabelle/layerB/pss_wip.thy	41972	false	true	false
pss_wip.m_8_2_condV_rightmost_parent	pss_wip	1577564	1577564	1	isabelle/layerB/pss_wip.thy	42048	false	true	false
pss_wip.fullprefix_take_eq	pss_wip	1577578	1577578	1	isabelle/layerB/pss_wip.thy	42218	false	true	false
pss_wip.m_8_5_fullprefix_ST	pss_wip	1577600	1577600	1	isabelle/layerB/pss_wip.thy	42229	false	true	false
pss_wip.m_8_5_fullprefix_RT	pss_wip	1577632	1577632	1	isabelle/layerB/pss_wip.thy	42239	false	true	false
pss_wip.m_8_5_fullprefix_PT	pss_wip	1577674	1577674	1	isabelle/layerB/pss_wip.thy	42254	false	true	false
pss_wip.m_8_5_surgery_fullprefix	pss_wip	1577906	1577906	1	isabelle/layerB/pss_wip.thy	42303	false	true	false
pss_wip.m_8_5_gBrne_from_gpar	pss_wip	1578020	1578020	1	isabelle/layerB/pss_wip.thy	42377	false	true	false
pss_wip.m_8_5_TrMax_append_Br	pss_wip	1578088	1578088	1	isabelle/layerB/pss_wip.thy	42412	false	true	false
pss_wip.m_8_5_TrMax_host	pss_wip	1578212	1578212	1	isabelle/layerB/pss_wip.thy	42460	false	true	false
pss_wip.m_8_5_parent0_take_prefix	pss_wip	1578298	1578298	1	isabelle/layerB/pss_wip.thy	42488	false	false	false
pss_wip.m_8_5_parent_host	pss_wip	1578484	1578484	1	isabelle/layerB/pss_wip.thy	42536	false	true	false
pss_wip.oper_gen_row0_boundary_index	pss_wip	1579296	1579296	1	isabelle/layerB/pss_wip.thy	42582	false	true	false
pss_wip.m_8_5_gpar_m0	pss_wip	1579788	1579788	1	isabelle/layerB/pss_wip.thy	42805	false	true	false
pss_wip.oper_gen_row0_interior_lower	pss_wip	1580766	1580766	1	isabelle/layerB/pss_wip.thy	42849	false	true	false
pss_wip.m_8_5_gpar_interior	pss_wip	1581282	1581282	1	isabelle/layerB/pss_wip.thy	42907	false	true	false
pss_wip.m_8_5_gpar_col	pss_wip	1581928	1581928	1	isabelle/layerB/pss_wip.thy	42989	false	true	false
pss_wip.m_8_5_transC2_condV	pss_wip	1582092	1582092	1	isabelle/layerB/pss_wip.thy	43023	false	false	false
pss_wip.m_8_5_Mark_RightNodes_split	pss_wip	1582336	1582352	4	isabelle/layerB/pss_wip.thy	43042	false	true	false
pss_wip.m_8_5_Mark_whole_loc	pss_wip	1582518	1582518	1	isabelle/layerB/pss_wip.thy	43078	false	true	false
pss_wip.m_8_5_Trans_scbSubst_whole	pss_wip	1582602	1582602	1	isabelle/layerB/pss_wip.thy	43103	false	true	false
pss_wip.m_8_5_scbSubst_netfold	pss_wip	1582716	1582716	1	isabelle/layerB/pss_wip.thy	43136	false	true	false
pss_wip.m_8_5_Trans_netfold_condV	pss_wip	1582966	1582966	1	isabelle/layerB/pss_wip.thy	43173	false	true	false
pss_wip.m_8_5_Trans_netfold_surgery	pss_wip	1583172	1583172	1	isabelle/layerB/pss_wip.thy	43234	false	true	false
pss_wip.m_8_5_gpar_fullprefix	pss_wip	1583796	1583796	1	isabelle/layerB/pss_wip.thy	43320	false	true	false
pss_wip.m_8_5_cinv	pss_wip	1584308	1584308	1	isabelle/layerB/pss_wip.thy	43441	false	true	false
pss_wip.m_8_5_basepoint	pss_wip	1584528	1584528	1	isabelle/layerB/pss_wip.thy	43530	false	true	false
pss_wip.m_8_5_brickB	pss_wip	1584720	1584720	1	isabelle/layerB/pss_wip.thy	43562	false	true	false
pss_wip.m_8_5_iterscb	pss_wip	1585048	1585048	1	isabelle/layerB/pss_wip.thy	43586	false	true	false
pss_wip.red_slice_extend	pss_wip	1585256	1585256	1	isabelle/layerB/pss_wip.thy	43619	false	true	false
pss_wip.m_8_5_slice_surgery_skeleton	pss_wip	1585434	1585434	1	isabelle/layerB/pss_wip.thy	43679	false	true	false
pss_wip.seg_append_prefix	pss_wip	1585554	1585554	1	isabelle/layerB/pss_wip.thy	43707	false	false	false
pss_wip.m_8_5_transC2_condI	pss_wip	1585734	1585734	1	isabelle/layerB/pss_wip.thy	43726	false	false	false
pss_wip.m_8_5_condI_append_base	pss_wip	1585854	1585854	1	isabelle/layerB/pss_wip.thy	43752	false	true	false
pss_wip.m_8_5_surgery_compose_to_endpoint	pss_wip	1585956	1585956	1	isabelle/layerB/pss_wip.thy	43797	false	true	false
pss_wip.m_8_5_reduced_slice_surgery_condI	pss_wip	1586538	1586538	1	isabelle/layerB/pss_wip.thy	43851	false	true	false
pss_wip.m_8_5_redslice_Adm0_condI	pss_wip	1586790	1586790	1	isabelle/layerB/pss_wip.thy	43902	false	true	false
pss_wip.m_8_5_body_of_sliceY	pss_wip	1588002	1588002	1	isabelle/layerB/pss_wip.thy	43939	false	true	false
pss_wip.m_8_5_step2_kernel	pss_wip	1589722	1589722	1	isabelle/layerB/pss_wip.thy	44001	false	true	false
pss_wip.m_8_5_TransCondV_descend_kernel	pss_wip	1591906	1591906	1	isabelle/layerB/pss_wip.thy	44050	false	true	false
pss_wip.m_8_5_B0_derivable	pss_wip	1592090	1592102	3	isabelle/layerB/pss_wip.thy	44117	false	true	false
pss_wip.m_8_5_B0_uv	pss_wip	1592326	1592326	1	isabelle/layerB/pss_wip.thy	44153	false	true	false
pss_wip.m_8_5_transC2_shared	pss_wip	1592392	1592392	1	isabelle/layerB/pss_wip.thy	44187	false	false	false
pss_wip.m_8_5_shared_append_base	pss_wip	1592482	1592482	1	isabelle/layerB/pss_wip.thy	44201	false	true	false
pss_wip.m_8_5_redslice_Adm0_shared	pss_wip	1592678	1592678	1	isabelle/layerB/pss_wip.thy	44245	false	true	false
pss_wip.m_8_5_FeqC_bridge	pss_wip	1592792	1592792	1	isabelle/layerB/pss_wip.thy	44282	false	true	false
pss_wip.m_8_5_surgC_of_skeleton	pss_wip	1592862	1592862	1	isabelle/layerB/pss_wip.thy	44315	false	true	false
pss_wip.m_8_5_surgC_of_geom	pss_wip	1593084	1593084	1	isabelle/layerB/pss_wip.thy	44348	false	true	false
pss_wip.m_8_5_C_body	pss_wip	1593212	1593212	1	isabelle/layerB/pss_wip.thy	44382	false	true	false
pss_wip.m_8_5_endpoint_of_blockC	pss_wip	1593320	1593320	1	isabelle/layerB/pss_wip.thy	44416	false	true	false
pss_wip.m_8_5_blockC_of_spinelaw	pss_wip	1593374	1593374	1	isabelle/layerB/pss_wip.thy	44454	false	false	false
pss_wip.m_8_5_deepen_block_explicit	pss_wip	1593598	1593598	1	isabelle/layerB/pss_wip.thy	44483	false	true	false
pss_wip.m_8_5_deepen_block_row0	pss_wip	1593756	1593756	1	isabelle/layerB/pss_wip.thy	44514	false	false	false
pss_wip.m_8_5_Pcut_of_le0_cut	pss_wip	1593784	1593784	1	isabelle/layerB/pss_wip.thy	44533	false	false	false
pss_wip.m_8_5_slice_concat	pss_wip	1593950	1593950	1	isabelle/layerB/pss_wip.thy	44561	false	false	false
pss_wip.m_8_5_slice_entry0	pss_wip	1594070	1594070	1	isabelle/layerB/pss_wip.thy	44595	false	true	false
pss_wip.m_8_5_Lng_slice	pss_wip	1594104	1594104	1	isabelle/layerB/pss_wip.thy	44630	false	true	false
pss_wip.m_8_5_slice_nextrel0_blockstart	pss_wip	1594288	1594288	1	isabelle/layerB/pss_wip.thy	44658	false	true	false
pss_wip.m_8_5_slice_nextrel0_shift	pss_wip	1594482	1594482	1	isabelle/layerB/pss_wip.thy	44724	false	true	false
pss_wip.m_8_5_slice_le0_lastblock	pss_wip	1594806	1594806	1	isabelle/layerB/pss_wip.thy	44794	false	true	false
pss_wip.m_8_5_slice_le0_cut	pss_wip	1595216	1595216	1	isabelle/layerB/pss_wip.thy	44867	false	true	false
pss_wip.m_8_5_Pcut_append_block	pss_wip	1595534	1595534	1	isabelle/layerB/pss_wip.thy	44936	false	true	false
pss_wip.m_8_5_slice_nextrel0_trap	pss_wip	1595772	1595772	1	isabelle/layerB/pss_wip.thy	44977	false	true	false
pss_wip.m_8_5_slice_le0_trap	pss_wip	1595932	1595932	1	isabelle/layerB/pss_wip.thy	45033	false	true	false
pss_wip.m_8_5_slice_interior_nocut	pss_wip	1596296	1596296	1	isabelle/layerB/pss_wip.thy	45066	false	true	false
pss_wip.m_8_5_Pcut_append	pss_wip	1596410	1596410	1	isabelle/layerB/pss_wip.thy	45104	false	true	false
pss_wip.m_8_5_le0M_of_parR	pss_wip	1596506	1596506	1	isabelle/layerB/pss_wip.thy	45124	false	false	false
pss_wip.m_8_5_Pcut_append_T	pss_wip	1596818	1596818	1	isabelle/layerB/pss_wip.thy	45148	false	true	false
pss_wip.m_8_5_Trans_scbSubst_Pred	pss_wip	1596904	1596904	1	isabelle/layerB/pss_wip.thy	45173	false	true	false
pss_wip.m_8_7_Trans_preserves_OT	pss_wip	1597082	1597082	1	isabelle/layerB/pss_wip.thy	45218	false	true	false
pss_wip.m_8_5_scbSubst_Dpt	pss_wip	1597132	1597132	1	isabelle/layerB/pss_wip.thy	45269	false	true	false
pss_wip.m_8_5_spineLeaf_scbSubst	pss_wip	1597176	1597176	1	isabelle/layerB/pss_wip.thy	45319	false	true	false
pss_wip.m_8_5_spineLeaf_fold	pss_wip	1597228	1597228	1	isabelle/layerB/pss_wip.thy	45363	false	false	false
pss_wip.Trans_take_leBT	pss_wip	1597260	1597260	1	isabelle/layerB/pss_wip.thy	45391	false	true	false
pss_wip.m_8_7_eqhead_tail_from_branch_prefix	pss_wip	1597348	1597348	1	isabelle/layerB/pss_wip.thy	45425	false	true	false
pss_wip.descP_tl	pss_wip	1597394	1597394	1	isabelle/layerB/pss_wip.thy	45454	false	true	false
pss_wip.descP_Cons_hd_le	pss_wip	1597520	1597520	1	isabelle/layerB/pss_wip.thy	45457	false	true	false
pss_wip.descP_append	pss_wip	1597784	1597784	1	isabelle/layerB/pss_wip.thy	45461	false	true	false
pss_wip.trans_multi_split_full	pss_wip	1597940	1597940	1	isabelle/layerB/pss_wip.thy	45489	false	true	false
pss_wip.m_8_7_Trans_OT_nonkey	pss_wip	1598374	1598374	1	isabelle/layerB/pss_wip.thy	45546	false	true	false
pss_wip.m_8_7_Trans_preserves_OT_modulo	pss_wip	1599184	1599184	1	isabelle/layerB/pss_wip.thy	45728	false	true	false
pss_wip.m_8_5_surgC_of_blockC	pss_wip	1599572	1599572	1	isabelle/layerB/pss_wip.thy	45776	false	true	false
pss_wip.m_8_5_endpoint_of_surgshape	pss_wip	1599676	1599676	1	isabelle/layerB/pss_wip.thy	45810	false	true	false
pss_wip.m_8_7_multiD_junction	pss_wip	1599856	1599856	1	isabelle/layerB/pss_wip.thy	45836	false	true	false
pss_wip.m_8_5_fold_of_colstep	pss_wip	1599906	1599906	1	isabelle/layerB/pss_wip.thy	46000	false	true	false
pss_wip.m_8_5_fold_of_colstep_partial	pss_wip	1600014	1600014	1	isabelle/layerB/pss_wip.thy	46040	false	true	false
pss_wip.m_8_5_Mark_netfold_condV	pss_wip	1600066	1600066	1	isabelle/layerB/pss_wip.thy	46095	false	true	false
pss_wip.m_8_5_scbSubst_whole	pss_wip	1600168	1600168	1	isabelle/layerB/pss_wip.thy	46162	false	true	false
pss_wip.m_8_5_spineLeaf_scbSubst_whole	pss_wip	1600220	1600220	1	isabelle/layerB/pss_wip.thy	46175	false	true	false
pss_wip.m_8_5_Mark_bpHeadT_step_condV	pss_wip	1600296	1600296	1	isabelle/layerB/pss_wip.thy	46193	false	true	false
pss_wip.m_8_5_Mark_bpHeadT_step_condVI	pss_wip	1600418	1600418	1	isabelle/layerB/pss_wip.thy	46225	false	true	false
pss_wip.m_8_5_Mark_bpHeadT_step_tt2zero	pss_wip	1600484	1600484	1	isabelle/layerB/pss_wip.thy	46245	false	true	false
pss_wip.m_8_5_Mark_bpHeadT_step_else	pss_wip	1600546	1600546	1	isabelle/layerB/pss_wip.thy	46273	false	true	false
pss_wip.rspine_nonempty	pss_wip	1600628	1600628	1	isabelle/layerB/pss_wip.thy	46322	false	true	false
pss_wip.rspine_scb_decomp	pss_wip	1600650	1600650	1	isabelle/layerB/pss_wip.thy	46334	false	true	false
pss_wip.rspine_spineLeaf_nav	pss_wip	1600662	1600662	1	isabelle/layerB/pss_wip.thy	46371	false	true	false
pss_wip.rspine_spineLeaf_scbSubst	pss_wip	1600674	1600674	1	isabelle/layerB/pss_wip.thy	46388	false	true	false
pss_wip.rspine_funpow_scbSubst_commute	pss_wip	1600720	1600720	1	isabelle/layerB/pss_wip.thy	46435	false	true	false
pss_wip.b3b_spineLeaf_fold_drive	pss_wip	1600760	1600760	1	isabelle/layerB/pss_wip.thy	46487	false	true	false
pss_wip.b3_markstep_skeleton	pss_wip	1600790	1600790	1	isabelle/layerB/pss_wip.thy	46557	false	false	false
pss_wip.rnav_addBT	pss_wip	1600812	1600812	1	isabelle/layerB/pss_wip.thy	46589	false	true	false
pss_wip.rnav_Dpt	pss_wip	1600822	1600822	1	isabelle/layerB/pss_wip.thy	46595	false	true	false
pss_wip.rspine_r_nonempty	pss_wip	1600874	1600874	1	isabelle/layerB/pss_wip.thy	46603	false	true	false
pss_wip.rnav_scbSubst_step	pss_wip	1600910	1600910	1	isabelle/layerB/pss_wip.thy	46616	false	true	false
pss_wip.rspine_r_scb_decomp	pss_wip	1600966	1600966	1	isabelle/layerB/pss_wip.thy	46633	false	true	false
pss_wip.rspine_r_nav	pss_wip	1601006	1601006	1	isabelle/layerB/pss_wip.thy	46673	false	true	false
pss_wip.rspine_r_scbSubst	pss_wip	1601080	1601080	1	isabelle/layerB/pss_wip.thy	46689	false	true	false
pss_wip.rspine_r_funpow_scbSubst_commute	pss_wip	1601120	1601120	1	isabelle/layerB/pss_wip.thy	46715	false	true	false
pss_wip.b3b_rnav_fold_drive	pss_wip	1601222	1601222	1	isabelle/layerB/pss_wip.thy	46743	false	true	false
pss_wip.b3_markstep_skeleton_rnav	pss_wip	1601410	1601410	1	isabelle/layerB/pss_wip.thy	46804	false	false	false
pss_wip.bpHeadT_eq_rnav	pss_wip	1601462	1601462	1	isabelle/layerB/pss_wip.thy	46827	false	true	false
pss_wip.bpHeadT_rnav_Dpt	pss_wip	1601490	1601490	1	isabelle/layerB/pss_wip.thy	46838	false	true	false
pss_wip.m_8_5_funpow_Inv	pss_wip	1601534	1601534	1	isabelle/layerB/pss_wip.thy	46869	false	false	false
pss_wip.m_8_5_keystone_telescope	pss_wip	1601656	1601656	1	isabelle/layerB/pss_wip.thy	46879	false	false	false
pss_wip.m_8_5_keystone_recursion	pss_wip	1601836	1601836	1	isabelle/layerB/pss_wip.thy	46911	false	false	false
pss_wip.m_8_5_keystone_allq	pss_wip	1601924	1601924	1	isabelle/layerB/pss_wip.thy	46932	false	false	false
pss_wip.m_8_5_anchor_col	pss_wip	1601962	1601962	1	isabelle/layerB/pss_wip.thy	46978	false	true	false
pss_wip.m_8_5_anchor_fold	pss_wip	1602074	1602074	1	isabelle/layerB/pss_wip.thy	47006	false	true	false
pss_wip.m_8_5_Mark_netfold_via_anchor	pss_wip	1602362	1602362	1	isabelle/layerB/pss_wip.thy	47054	false	true	false
pss_wip.m_8_5_marked_adm_persist	pss_wip	1602482	1602482	1	isabelle/layerB/pss_wip.thy	47120	false	false	false
pss_wip.m_8_5_marked_le0_step	pss_wip	1602582	1602582	1	isabelle/layerB/pss_wip.thy	47137	false	false	false
pss_wip.m_8_5_monoT_le0_all	pss_wip	1602592	1602592	1	isabelle/layerB/pss_wip.thy	47180	false	true	false
pss_wip.m_8_5_nextrel0_rtrancl_last_step	pss_wip	1602608	1602608	1	isabelle/layerB/pss_wip.thy	47244	false	false	false
pss_wip.m_8_5_le0_ancestor_linear	pss_wip	1602620	1602620	1	isabelle/layerB/pss_wip.thy	47255	false	false	false
pss_wip.m_8_5_marked_requires_last_component	pss_wip	1602628	1602628	1	isabelle/layerB/pss_wip.thy	47335	false	true	false
pss_wip.m_8_5_Mark_multi_raw	pss_wip	1602640	1602640	1	isabelle/layerB/pss_wip.thy	47376	false	true	false
pss_wip.m_8_5_PJ_marked0	pss_wip	1602646	1602646	1	isabelle/layerB/pss_wip.thy	47402	false	true	false
pss_wip.m_8_5_anchor_col_trunkstuck	pss_wip	1602652	1602652	1	isabelle/layerB/pss_wip.thy	47435	false	true	false
pss_wip.m_8_5_hasParent0_of_entry0_lt	pss_wip	1602658	1602658	1	isabelle/layerB/pss_wip.thy	47538	false	true	false
pss_wip.m_8_5_R2b_of_hasParent0	pss_wip	1602664	1602664	1	isabelle/layerB/pss_wip.thy	47553	false	true	false
pss_wip.m_8_5_trunkstuck_hyps_of_hasParent0	pss_wip	1602670	1602672	2	isabelle/layerB/pss_wip.thy	47571	false	true	false
pss_wip.m_8_5_anchor_col_trunkstuck_regime	pss_wip	1602678	1602678	1	isabelle/layerB/pss_wip.thy	47586	false	true	false
pss_wip.m_8_5_hasParent0_of_pcut_entry_lt	pss_wip	1602684	1602684	1	isabelle/layerB/pss_wip.thy	47657	false	true	false
pss_wip.m_8_5_Pcut_cut_witness	pss_wip	1602690	1602690	1	isabelle/layerB/pss_wip.thy	47715	false	true	false
pss_wip.m_8_5_Pcut_nocut_witness	pss_wip	1602696	1602696	1	isabelle/layerB/pss_wip.thy	47797	false	true	false
pss_wip.m_8_5_Pcut_freezes	pss_wip	1602702	1602702	1	isabelle/layerB/pss_wip.thy	47938	false	true	false
pss_wip.m_8_5_reset_Pcut_jump	pss_wip	1602708	1602708	1	isabelle/layerB/pss_wip.thy	47973	false	false	false
pss_wip.m_8_5_Pcut_reset_freeze	pss_wip	1602714	1602714	1	isabelle/layerB/pss_wip.thy	48017	false	true	false
pss_wip.m_8_5_Pcut_reset_witness	pss_wip	1602764	1602764	1	isabelle/layerB/pss_wip.thy	48072	false	true	false
pss_wip.m_8_5_Pcut_nonreset_witness	pss_wip	1602874	1602874	1	isabelle/layerB/pss_wip.thy	48131	false	true	false
pss_wip.m_8_5_Pcut_witness_of_smaller_at	pss_wip	1602934	1602934	1	isabelle/layerB/pss_wip.thy	48264	false	true	false
pss_wip.m_8_5_Pcut_witness_of_entry0	pss_wip	1602988	1602988	1	isabelle/layerB/pss_wip.thy	48297	false	true	false
pss_wip.m_8_5_anchor_col_trunkstuck_regime2	pss_wip	1603072	1603072	1	isabelle/layerB/pss_wip.thy	48310	false	true	false
pss_wip.m_8_5_anchor_fold_mixed	pss_wip	1603174	1603174	1	isabelle/layerB/pss_wip.thy	48349	false	true	false
pss_wip.m_8_5_dfree_transC1_std	pss_wip	1603182	1603182	1	isabelle/layerB/pss_wip.thy	48420	false	true	false
pss_wip.m_8_5_isPTB_str_transC2_std	pss_wip	1603190	1603190	1	isabelle/layerB/pss_wip.thy	48444	false	true	false
pss_wip.m_8_5_Mark_netfold_condV_partial	pss_wip	1603200	1603200	1	isabelle/layerB/pss_wip.thy	48487	false	true	false
pss_wip.m_8_5_fold_C_commute	pss_wip	1603268	1603268	1	isabelle/layerB/pss_wip.thy	48561	false	true	false
pss_wip.m_8_5_C_rnav	pss_wip	1603418	1603418	1	isabelle/layerB/pss_wip.thy	48619	false	true	false
pss_wip.m_8_5_C_rnav_funpow	pss_wip	1603560	1603560	1	isabelle/layerB/pss_wip.thy	48638	false	true	false
pss_wip.m_8_5_markstep_of_Trans_keystone	pss_wip	1604038	1604038	1	isabelle/layerB/pss_wip.thy	48674	false	true	false
pss_wip.m_8_5_surgC_of_keystone	pss_wip	1604060	1604060	1	isabelle/layerB/pss_wip.thy	48710	false	false	false
pss_wip.m_8_5_op_of_monoT	pss_wip	1604144	1604144	1	isabelle/layerB/pss_wip.thy	48730	false	true	false
pss_wip.m_8_5_op_of_Marked	pss_wip	1604328	1604328	1	isabelle/layerB/pss_wip.thy	48751	false	true	false
pss_wip.m_8_5_Mark_headform	pss_wip	1604442	1604442	1	isabelle/layerB/pss_wip.thy	48777	false	true	false
pss_wip.m_8_5_Mark_nonzero	pss_wip	1604576	1604576	1	isabelle/layerB/pss_wip.thy	48796	false	true	false
pss_wip.m_8_5_Mark_nonzero_fold	pss_wip	1604772	1604772	1	isabelle/layerB/pss_wip.thy	48820	false	true	false
pss_wip.m_8_5_Mark_fold_C_commute	pss_wip	1605016	1605016	1	isabelle/layerB/pss_wip.thy	48852	false	true	false
pss_wip.m_8_5_entry_append_prefix	pss_wip	1605028	1605028	1	isabelle/layerB/pss_wip.thy	48925	false	false	false
pss_wip.m_8_5_entry_jm1_step	pss_wip	1605134	1605134	1	isabelle/layerB/pss_wip.thy	48935	false	false	false
pss_wip.m_8_5_entry_jm1_const	pss_wip	1605254	1605254	1	isabelle/layerB/pss_wip.thy	48948	false	false	false
pss_wip.m_8_5_Lng_iterate_mono	pss_wip	1605340	1605340	1	isabelle/layerB/pss_wip.thy	48973	false	true	false
pss_wip.m_8_5_entry_jm1_const_regime	pss_wip	1605438	1605438	1	isabelle/layerB/pss_wip.thy	48997	false	true	false
pss_wip.m_8_5_surgC_instance_of_keystone	pss_wip	1605884	1605884	1	isabelle/layerB/pss_wip.thy	49028	false	true	false
pss_wip.Lng_Shift	pss_wip	1606022	1606022	1	isabelle/layerB/pss_wip.thy	49158	false	false	false
pss_wip.entry_Shift	pss_wip	1606056	1606056	1	isabelle/layerB/pss_wip.thy	49161	false	false	false
pss_wip.nextrel0_Shift	pss_wip	1606084	1606084	1	isabelle/layerB/pss_wip.thy	49166	false	false	false
pss_wip.le0_Shift	pss_wip	1606102	1606102	1	isabelle/layerB/pss_wip.thy	49180	false	false	false
pss_wip.nextrel1_Shift	pss_wip	1606142	1606142	1	isabelle/layerB/pss_wip.thy	49186	false	false	false
pss_wip.le1_Shift	pss_wip	1606158	1606158	1	isabelle/layerB/pss_wip.thy	49208	false	false	false
pss_wip.nextR_Shift	pss_wip	1606224	1606224	1	isabelle/layerB/pss_wip.thy	49214	false	false	false
pss_wip.leR_Shift	pss_wip	1606312	1606312	1	isabelle/layerB/pss_wip.thy	49217	false	false	false
pss_wip.hasParent_Shift	pss_wip	1606362	1606362	1	isabelle/layerB/pss_wip.thy	49220	false	false	false
pss_wip.parent_Shift	pss_wip	1606420	1606420	1	isabelle/layerB/pss_wip.thy	49223	false	false	false
pss_wip.Pred_Shift	pss_wip	1606458	1606458	1	isabelle/layerB/pss_wip.thy	49231	false	false	false
pss_wip.idx1_Shift	pss_wip	1606508	1606508	1	isabelle/layerB/pss_wip.thy	49234	false	false	false
pss_wip.nextR_parent_witness	pss_wip	1606546	1606546	1	isabelle/layerB/pss_wip.thy	49253	false	false	false
pss_wip.oper_Shift	pss_wip	1606648	1606648	1	isabelle/layerB/pss_wip.thy	49258	false	true	false
pss_wip.seg_Shift	pss_wip	1606706	1606706	1	isabelle/layerB/pss_wip.thy	49420	false	false	false
pss_wip.append_Shift	pss_wip	1606734	1606734	1	isabelle/layerB/pss_wip.thy	49437	false	false	false
pss_wip.take_Shift	pss_wip	1606750	1606750	1	isabelle/layerB/pss_wip.thy	49440	false	false	false
pss_wip.entry00_lt_fstcol_Shift	pss_wip	1606782	1606782	1	isabelle/layerB/pss_wip.thy	49447	false	false	false
pss_wip.m_8_5_oper_genform0	pss_wip	1606904	1606904	1	isabelle/layerB/pss_wip.thy	49515	false	true	false
pss_wip.m_8_5_deepen_block_explicit0	pss_wip	1607018	1607018	1	isabelle/layerB/pss_wip.thy	49555	false	true	false
pss_wip.m_8_5_Pcut_adm	pss_wip	1607100	1607100	1	isabelle/layerB/pss_wip.thy	49585	false	true	false
pss_wip.m_8_5_Pcut_le_Adm_parent0	pss_wip	1607196	1607196	1	isabelle/layerB/pss_wip.thy	49631	false	true	false
pss_wip.m_8_5_witness_of_small_prefix	pss_wip	1607282	1607282	1	isabelle/layerB/pss_wip.thy	49670	false	true	false
pss_wip.m_8_5_basecut_small0	pss_wip	1607514	1607514	1	isabelle/layerB/pss_wip.thy	49690	false	true	false
pss_wip.m_8_5_basecut_small1	pss_wip	1607682	1607682	1	isabelle/layerB/pss_wip.thy	49759	false	true	false
pss_wip.m_8_5_basecut_residual	pss_wip	1607846	1607846	1	isabelle/layerB/pss_wip.thy	49823	false	true	false
pss_wip.m_8_5_trunkstuck_basecut_witness	pss_wip	1608174	1608174	1	isabelle/layerB/pss_wip.thy	49878	false	true	false
pss_wip.m_8_5_anchor_col_trunkstuck_basecut	pss_wip	1608772	1608772	1	isabelle/layerB/pss_wip.thy	49932	false	true	false
pss_wip.m_8_5_colcase_trunkstuck_basecut	pss_wip	1617434	1617434	1	isabelle/layerB/pss_wip.thy	49964	false	true	false
pss_wip.b1x_le_less_trans	pss_wip	1617614	1617614	1	isabelle/layerB/pss_wip.thy	50022	false	true	false
pss_wip.b1x_less_le_trans	pss_wip	1617654	1617654	1	isabelle/layerB/pss_wip.thy	50033	false	true	false
pss_wip.b1x_size_last_lt	pss_wip	1617730	1617730	1	isabelle/layerB/pss_wip.thy	50046	false	true	false
pss_wip.b1x_mono	pss_wip	1617842	1617842	1	isabelle/layerB/pss_wip.thy	50059	false	true	false
pss_wip.b1x_TBv_dom_hd_gt	pss_wip	1617944	1617944	1	isabelle/layerB/pss_wip.thy	50126	false	true	false
pss_wip.b1x_lowerbound	pss_wip	1617996	1617996	1	isabelle/layerB/pss_wip.thy	50147	false	true	false
pss_wip.b1x_GBT_size	pss_wip	1618004	1618004	1	isabelle/layerB/pss_wip.thy	50212	false	true	false
pss_wip.b1x_GBT_trans	pss_wip	1618032	1618032	1	isabelle/layerB/pss_wip.thy	50234	false	true	false
pss_wip.b1x_GBT_antitone	pss_wip	1618038	1618038	1	isabelle/layerB/pss_wip.thy	50257	false	true	false
pss_wip.b1x_GBT_numBT	pss_wip	1618046	1618046	1	isabelle/layerB/pss_wip.thy	50285	false	true	false
pss_wip.b1x_GBT_TBv_small_empty	pss_wip	1618058	1618058	1	isabelle/layerB/pss_wip.thy	50288	false	true	false
pss_wip.b1x_setle_subset	pss_wip	1618172	1618172	1	isabelle/layerB/pss_wip.thy	50308	false	false	false
pss_wip.b1x_setle_widen	pss_wip	1618204	1618204	1	isabelle/layerB/pss_wip.thy	50311	false	false	false
pss_wip.b1x_setle_union	pss_wip	1618240	1618240	1	isabelle/layerB/pss_wip.thy	50314	false	false	false
pss_wip.b1x_triG_I	pss_wip	1618364	1618364	1	isabelle/layerB/pss_wip.thy	50327	false	false	false
pss_wip.b1x_triG_D	pss_wip	1618380	1618380	1	isabelle/layerB/pss_wip.thy	50333	false	false	false
pss_wip.b1x_G_control	pss_wip	1618396	1618396	1	isabelle/layerB/pss_wip.thy	50342	false	true	false
pss_wip.b1x_sandwich_prefix	pss_wip	1618458	1618458	1	isabelle/layerB/pss_wip.thy	50424	false	true	false
pss_wip.b1x_sandwich_Dpt	pss_wip	1618542	1618542	1	isabelle/layerB/pss_wip.thy	50455	false	true	false
pss_wip.b1x_triG_addBT	pss_wip	1618624	1618624	1	isabelle/layerB/pss_wip.thy	50486	false	true	false
pss_wip.b1x_triG_Dpt	pss_wip	1618718	1618718	1	isabelle/layerB/pss_wip.thy	50515	false	true	false
pss_wip.b1x_domB_shape	pss_wip	1618816	1618816	1	isabelle/layerB/pss_wip.thy	50545	false	true	false
pss_wip.b1x_operB_NatSet_nonzero	pss_wip	1618872	1618872	1	isabelle/layerB/pss_wip.thy	50593	false	true	false
pss_wip.b1x_domB_nonempty	pss_wip	1618904	1618904	1	isabelle/layerB/pss_wip.thy	50656	false	true	false
pss_wip.b1x_descP_append	pss_wip	1619018	1619018	1	isabelle/layerB/pss_wip.thy	50706	false	true	false
pss_wip.b1x_master	pss_wip	1619274	1619274	1	isabelle/layerB/pss_wip.thy	50744	false	true	false
pss_wip.m_buc1_3_2_OT_B_closed	pss_wip	1619336	1619336	1	isabelle/layerB/pss_wip.thy	51232	false	true	false
pss_wip.m_8_5_scbdec_c1_shape	pss_wip	1619402	1619408	4	isabelle/layerB/pss_wip.thy	51286	false	true	false
pss_wip.m_8_5_scbdec_c2_condV	pss_wip	1619480	1619480	1	isabelle/layerB/pss_wip.thy	51357	false	true	false
pss_wip.m_8_5_scbdec_c2_sb_subst	pss_wip	1619592	1619592	1	isabelle/layerB/pss_wip.thy	51411	false	true	false
pss_wip.m_8_5_scbdec_fseq_condV	pss_wip	1619846	1619846	1	isabelle/layerB/pss_wip.thy	51466	false	true	false
pss_wip.m_8_5_scbdec_oper1_core_condV	pss_wip	1620112	1620112	1	isabelle/layerB/pss_wip.thy	51633	false	true	false
pss_wip.m_8_5_scbdec_exchange1_n1_condV	pss_wip	1620190	1620190	1	isabelle/layerB/pss_wip.thy	51728	false	true	false
pss_wip.f7x_addBT_assoc	pss_wip	1620230	1620230	1	isabelle/layerB/pss_wip.thy	51787	false	true	false
pss_wip.f7x_addBT_zero_right	pss_wip	1620260	1620260	1	isabelle/layerB/pss_wip.thy	51790	false	true	false
pss_wip.f7x_multBT_single	pss_wip	1620310	1620310	1	isabelle/layerB/pss_wip.thy	51795	false	true	false
pss_wip.f7x_multBT_lessBT_principal	pss_wip	1620352	1620352	1	isabelle/layerB/pss_wip.thy	51801	false	true	false
pss_wip.f7x_Dpow_lessBT_Dpt	pss_wip	1620388	1620388	1	isabelle/layerB/pss_wip.thy	51815	false	true	false
pss_wip.f7x_lessBT_D00_imp_zero	pss_wip	1620422	1620422	1	isabelle/layerB/pss_wip.thy	51828	false	true	false
pss_wip.f7x_concat_replicate_single	pss_wip	1620472	1620472	1	isabelle/layerB/pss_wip.thy	51853	false	false	false
pss_wip.f7x_concat_map_singleton	pss_wip	1620502	1620502	1	isabelle/layerB/pss_wip.thy	51856	false	false	false
pss_wip.f7x_parent_one_zero	pss_wip	1620512	1620512	1	isabelle/layerB/pss_wip.thy	51861	false	false	false
pss_wip.f7x_adm_zero	pss_wip	1620520	1620520	1	isabelle/layerB/pss_wip.thy	51875	false	true	false
pss_wip.f7x_Trans_append_Pblocks	pss_wip	1620532	1620532	1	isabelle/layerB/pss_wip.thy	51888	false	true	false
pss_wip.f7x_fseq_descend_mono	pss_wip	1620648	1620648	1	isabelle/layerB/pss_wip.thy	52051	false	true	false
pss_wip.m_8_7_fseq_descend_dispatcher	pss_wip	1621058	1621058	1	isabelle/layerB/pss_wip.thy	52353	false	true	false
pss_wip.m_8_7_fseq_descend_of_exchange	pss_wip	1621180	1621180	1	isabelle/layerB/pss_wip.thy	52573	false	true	false
pss_wip.s84c1_nextR1_jm2	pss_wip	1621308	1621308	1	isabelle/layerB/pss_wip.thy	52670	false	false	false
pss_wip.s84c1_jm2_basic	pss_wip	1621332	1621336	3	isabelle/layerB/pss_wip.thy	52675	false	false	false
pss_wip.s84c1_jm2_univ	pss_wip	1621360	1621360	1	isabelle/layerB/pss_wip.thy	52692	false	false	false
pss_wip.s84c1_hp0	pss_wip	1621372	1621372	1	isabelle/layerB/pss_wip.thy	52702	false	false	false
pss_wip.s84c1_nextR0_j0	pss_wip	1621402	1621406	2	isabelle/layerB/pss_wip.thy	52711	false	false	false
pss_wip.s84c1_le0_j0	pss_wip	1621412	1621412	1	isabelle/layerB/pss_wip.thy	52722	false	false	false
pss_wip.s84c1_anc_le_j0	pss_wip	1621430	1621430	1	isabelle/layerB/pss_wip.thy	52735	false	false	false
pss_wip.s84c1_jm2_le_j0	pss_wip	1621452	1621452	1	isabelle/layerB/pss_wip.thy	52746	false	false	false
pss_wip.s84c1_e1_jm2_le_j0	pss_wip	1621464	1621464	1	isabelle/layerB/pss_wip.thy	52756	false	false	false
pss_wip.s84c1_e1lt_imp_jm2_eq_j0	pss_wip	1621474	1621474	1	isabelle/layerB/pss_wip.thy	52773	false	false	false
pss_wip.m_8_4_oper_props_1	pss_wip	1621504	1621506	2	isabelle/layerB/pss_wip.thy	52810	false	false	false
pss_wip.s84c1_e1j1_pos	pss_wip	1621522	1621522	1	isabelle/layerB/pss_wip.thy	52835	false	false	false
pss_wip.s84c1_e0_jm2_lt	pss_wip	1621536	1621536	1	isabelle/layerB/pss_wip.thy	52840	false	false	false
pss_wip.s84c1_genform	pss_wip	1621596	1621596	1	isabelle/layerB/pss_wip.thy	52853	false	false	false
pss_wip.s84c1_Lng_oper	pss_wip	1621616	1621616	1	isabelle/layerB/pss_wip.thy	52865	false	true	false
pss_wip.s84c1_oper_Suc_eq_L_app	pss_wip	1621658	1621658	1	isabelle/layerB/pss_wip.thy	52886	false	true	false
pss_wip.s84c1_Lng_L	pss_wip	1621672	1621672	1	isabelle/layerB/pss_wip.thy	52921	false	false	false
pss_wip.s84c1_L_take	pss_wip	1621690	1621690	1	isabelle/layerB/pss_wip.thy	52925	false	true	false
pss_wip.m_8_4_oper_props_2	pss_wip	1621718	1621720	2	isabelle/layerB/pss_wip.thy	52946	false	true	false
pss_wip.s84c1_nextrel0_dir	pss_wip	1621754	1621754	1	isabelle/layerB/pss_wip.thy	53016	false	false	false
pss_wip.s84c1_nextrel0_cong	pss_wip	1621766	1621766	1	isabelle/layerB/pss_wip.thy	53037	false	false	false
pss_wip.s84c1_le0_cong	pss_wip	1621808	1621808	1	isabelle/layerB/pss_wip.thy	53050	false	false	false
pss_wip.s84c1_nextrel1_dir	pss_wip	1621866	1621866	1	isabelle/layerB/pss_wip.thy	53060	false	false	false
pss_wip.s84c1_nextrel1_cong	pss_wip	1621914	1621914	1	isabelle/layerB/pss_wip.thy	53089	false	false	false
pss_wip.s84c1_nextrel1_chain_dir	pss_wip	1621980	1621980	1	isabelle/layerB/pss_wip.thy	53105	false	false	false
pss_wip.s84c1_le1_cong	pss_wip	1622054	1622054	1	isabelle/layerB/pss_wip.thy	53125	false	false	false
pss_wip.s84c1_L1_form	pss_wip	1622120	1622120	1	isabelle/layerB/pss_wip.thy	53150	false	false	false
pss_wip.s84c1_L1_Lng	pss_wip	1622174	1622174	1	isabelle/layerB/pss_wip.thy	53162	false	false	false
pss_wip.s84c1_L1_entry0	pss_wip	1622234	1622234	1	isabelle/layerB/pss_wip.thy	53172	false	false	false
pss_wip.s84c1_L1_entry1_lt	pss_wip	1622278	1622278	1	isabelle/layerB/pss_wip.thy	53197	false	false	false
pss_wip.s84c1_L1_entry1_j1	pss_wip	1622306	1622306	1	isabelle/layerB/pss_wip.thy	53211	false	false	false
pss_wip.m_8_4_oper_props_3	pss_wip	1622378	1622380	2	isabelle/layerB/pss_wip.thy	53230	false	false	false
pss_wip.m_8_4_oper_props_4	pss_wip	1622530	1622534	2	isabelle/layerB/pss_wip.thy	53257	false	true	false
pss_wip.s84c1_mult_pred	pss_wip	1622590	1622590	1	isabelle/layerB/pss_wip.thy	53393	false	true	false
pss_wip.s84c1_oper_lastblock	pss_wip	1622872	1622872	1	isabelle/layerB/pss_wip.thy	53401	false	true	false
pss_wip.s84c1_Pred_Np	pss_wip	1622966	1622966	1	isabelle/layerB/pss_wip.thy	53440	false	false	false
pss_wip.s84c1_Mn_tail	pss_wip	1623138	1623138	1	isabelle/layerB/pss_wip.thy	53466	false	true	false
pss_wip.s84c1_L_tail	pss_wip	1623310	1623310	1	isabelle/layerB/pss_wip.thy	53485	false	true	false
pss_wip.s84c1_Pred_L	pss_wip	1623470	1623470	1	isabelle/layerB/pss_wip.thy	53535	false	true	false
pss_wip.s84c1_L_prefix	pss_wip	1623612	1623614	2	isabelle/layerB/pss_wip.thy	53549	false	true	false
pss_wip.s84c1_Mn_entry_mstar	pss_wip	1623786	1623786	1	isabelle/layerB/pss_wip.thy	53597	false	true	false
pss_wip.s84c1_Mn_entry_mstar_pred	pss_wip	1624156	1624156	1	isabelle/layerB/pss_wip.thy	53619	false	true	false
pss_wip.s84c1_adm_L_mstar	pss_wip	1624350	1624350	1	isabelle/layerB/pss_wip.thy	53659	false	true	false
pss_wip.s84c1_le0_L_mstar	pss_wip	1624420	1624420	1	isabelle/layerB/pss_wip.thy	53779	false	true	false
pss_wip.s84c1_marked_L	pss_wip	1624434	1624434	1	isabelle/layerB/pss_wip.thy	53860	false	true	false
pss_wip.s84c1_Mark_L_mstar	pss_wip	1624458	1624458	1	isabelle/layerB/pss_wip.thy	53883	false	true	false
pss_wip.s84c1_Mark_Mn_mstar	pss_wip	1624574	1624576	2	isabelle/layerB/pss_wip.thy	53932	false	true	false
pss_wip.m_8_4_oper_props_5	pss_wip	1624748	1624748	1	isabelle/layerB/pss_wip.thy	54005	false	true	false
pss_wip.s84c2_funpow_IncrFirst_append	pss_wip	1624812	1624812	1	isabelle/layerB/pss_wip.thy	54208	false	false	false
pss_wip.s84c2_funpow_IncrFirst_single	pss_wip	1624858	1624858	1	isabelle/layerB/pss_wip.thy	54212	false	false	false
pss_wip.s84c2_seg_butlast	pss_wip	1624882	1624882	1	isabelle/layerB/pss_wip.thy	54216	false	false	false
pss_wip.s84c2_scb_self	pss_wip	1624968	1624968	1	isabelle/layerB/pss_wip.thy	54231	false	true	false
pss_wip.s84c2_R_base	pss_wip	1625190	1625208	6	isabelle/layerB/pss_wip.thy	54240	false	false	false
pss_wip.s84c2_R_facts	pss_wip	1625714	1625736	8	isabelle/layerB/pss_wip.thy	54302	false	true	false
pss_wip.s84c2_concat_map_single	pss_wip	1625810	1625810	1	isabelle/layerB/pss_wip.thy	54596	false	false	false
pss_wip.s84c2_Trans_c2_decomp	pss_wip	1625988	1625988	1	isabelle/layerB/pss_wip.thy	54605	false	true	false
pss_wip.m_8_4_rightend_Trans	pss_wip	1626314	1626314	1	isabelle/layerB/pss_wip.thy	54650	false	true	false
pss_wip.s84c3_entry1_funpow_IncrFirst	pss_wip	1626348	1626348	1	isabelle/layerB/pss_wip.thy	55199	false	false	false
pss_wip.s84c3_nextrel0_funpow_IncrFirst	pss_wip	1626398	1626398	1	isabelle/layerB/pss_wip.thy	55208	false	false	false
pss_wip.s84c3_le0_funpow_IncrFirst	pss_wip	1626440	1626440	1	isabelle/layerB/pss_wip.thy	55219	false	false	false
pss_wip.s84c3_winOK_singleton	pss_wip	1626496	1626496	1	isabelle/layerB/pss_wip.thy	55237	false	false	false
pss_wip.s84c3_winOK_pair	pss_wip	1626502	1626502	1	isabelle/layerB/pss_wip.thy	55240	false	false	false
pss_wip.s84c3_winOK_triple	pss_wip	1626512	1626512	1	isabelle/layerB/pss_wip.thy	55253	false	false	false
pss_wip.s84c3_winOK_glue	pss_wip	1626540	1626540	1	isabelle/layerB/pss_wip.thy	55278	false	true	false
pss_wip.s84c3_RightAnces_chain	pss_wip	1626650	1626650	1	isabelle/layerB/pss_wip.thy	55372	false	true	false
pss_wip.m_8_4_Trans_scb	pss_wip	1626792	1626792	1	isabelle/layerB/pss_wip.thy	55783	false	true	false
pss_wip.m_8_5_hasParent0_of_edge	pss_wip	1626822	1626822	1	isabelle/layerB/pss_wip.thy	56191	false	false	false
pss_wip.m_8_5_Marked_Adm_edge	pss_wip	1626840	1626840	1	isabelle/layerB/pss_wip.thy	56208	false	true	false
pss_wip.m_8_5_le0_cross_block	pss_wip	1626870	1626870	1	isabelle/layerB/pss_wip.thy	56235	false	false	false
pss_wip.m_8_5_le0_block_climb	pss_wip	1626884	1626884	1	isabelle/layerB/pss_wip.thy	56280	false	false	false
pss_wip.m_8_5_entry_block_at	pss_wip	1626898	1626898	1	isabelle/layerB/pss_wip.thy	56318	false	true	false
pss_wip.m_8_5_block_base_min	pss_wip	1626962	1626962	1	isabelle/layerB/pss_wip.thy	56337	false	true	false
pss_wip.m_8_5_fold_blocker	pss_wip	1627084	1627084	1	isabelle/layerB/pss_wip.thy	56408	false	true	false
pss_wip.m_8_5_fold_parentwit	pss_wip	1627254	1627254	1	isabelle/layerB/pss_wip.thy	56441	false	true	false
pss_wip.m_8_5_ok_of_ok1	pss_wip	1627394	1627394	1	isabelle/layerB/pss_wip.thy	56476	false	true	false
pss_wip.m_8_5_R2a_of_ok1	pss_wip	1627572	1627572	1	isabelle/layerB/pss_wip.thy	56532	false	true	false
pss_wip.m_8_5_stuck_suffix	pss_wip	1627634	1627634	1	isabelle/layerB/pss_wip.thy	56571	false	true	false
pss_wip.m_8_5_colcase_cols_ge1	pss_wip	1628512	1628512	1	isabelle/layerB/pss_wip.thy	56671	false	true	false
pss_wip.m_8_5_colcase_full	pss_wip	1647468	1647468	1	isabelle/layerB/pss_wip.thy	56724	false	true	false
pss_wip.m_8_5_anchor_fold_kernel	pss_wip	1648166	1648166	1	isabelle/layerB/pss_wip.thy	56915	false	true	false
pss_wip.s85b_crep_snoc	pss_wip	1648198	1648198	1	isabelle/layerB/pss_wip.thy	57006	false	false	false
pss_wip.s85b_crep_comm	pss_wip	1648258	1648258	1	isabelle/layerB/pss_wip.thy	57009	false	false	false
pss_wip.s85b_rot	pss_wip	1648298	1648298	1	isabelle/layerB/pss_wip.thy	57012	false	false	false
pss_wip.s85b_rot_cons	pss_wip	1648334	1648334	1	isabelle/layerB/pss_wip.thy	57029	false	false	false
pss_wip.s85b_crep_comm_cons	pss_wip	1648364	1648364	1	isabelle/layerB/pss_wip.thy	57045	false	false	false
pss_wip.s85b_crep_comm_snoc0	pss_wip	1648376	1648376	1	isabelle/layerB/pss_wip.thy	57056	false	false	false
pss_wip.s85b_crep_comm_snoc	pss_wip	1648414	1648414	1	isabelle/layerB/pss_wip.thy	57060	false	false	false
pss_wip.s85b_condV_bridge	pss_wip	1648496	1648504	4	isabelle/layerB/pss_wip.thy	57072	false	false	false
pss_wip.s85b_condV_setup	pss_wip	1648584	1648586	2	isabelle/layerB/pss_wip.thy	57120	false	true	false
pss_wip.s85b_jm1_adm	pss_wip	1648624	1648624	1	isabelle/layerB/pss_wip.thy	57138	false	false	false
pss_wip.m_8_5_scbdec_t2_nonzero_condV	pss_wip	1648664	1648664	1	isabelle/layerB/pss_wip.thy	57150	false	true	false
pss_wip.m_8_5_scbdec_Np_condV_adm	pss_wip	1648708	1648710	2	isabelle/layerB/pss_wip.thy	57191	false	true	false
pss_wip.s85b_seg_butlast_host	pss_wip	1648776	1648776	1	isabelle/layerB/pss_wip.thy	57233	false	false	false
pss_wip.m_8_5_scbdec_PredNp_condV_adm	pss_wip	1648876	1648878	2	isabelle/layerB/pss_wip.thy	57249	false	true	false
pss_wip.m_8_5_scbdec_Lp_condV_adm	pss_wip	1648948	1648948	1	isabelle/layerB/pss_wip.thy	57315	false	true	false
pss_wip.s85b_L1_decomp_adm	pss_wip	1649028	1649028	1	isabelle/layerB/pss_wip.thy	57387	false	true	false
pss_wip.m_8_5_scbdec_adm_forms	pss_wip	1649492	1649492	1	isabelle/layerB/pss_wip.thy	57556	false	true	false
pss_wip.m_8_5_scbdec_oper_general_condV_adm	pss_wip	1649922	1649922	1	isabelle/layerB/pss_wip.thy	57769	false	true	false
pss_wip.m_8_5_scbdec_exchange1_condV_adm	pss_wip	1650170	1650170	1	isabelle/layerB/pss_wip.thy	57964	false	true	false
pss_wip.s85b_W_principal	pss_wip	1651000	1651000	1	isabelle/layerB/pss_wip.thy	58006	false	true	false
pss_wip.s85b_W_dfree	pss_wip	1651052	1651052	1	isabelle/layerB/pss_wip.thy	58009	false	true	false
pss_wip.s85b_W_flat	pss_wip	1651118	1651118	1	isabelle/layerB/pss_wip.thy	58014	false	true	false
pss_wip.s85b_W_mono_seed	pss_wip	1651150	1651150	1	isabelle/layerB/pss_wip.thy	58048	false	true	false
pss_wip.s85b_W_lt_top	pss_wip	1651198	1651198	1	isabelle/layerB/pss_wip.thy	58060	false	true	false
pss_wip.m_8_5_scbdec_exchange2_condV_adm	pss_wip	1651236	1651236	1	isabelle/layerB/pss_wip.thy	58086	false	true	false
pss_wip.m_8_5_scbdec_prev_lt_M_condV_adm	pss_wip	1651314	1651314	1	isabelle/layerB/pss_wip.thy	58168	false	true	false
pss_wip.m_8_5_scbdec_exchange3_condV_adm	pss_wip	1651350	1651350	1	isabelle/layerB/pss_wip.thy	58270	false	true	false
pss_wip.s85b_complb_lessBT	pss_wip	1651410	1651410	1	isabelle/layerB/pss_wip.thy	58289	false	true	false
pss_wip.m_8_5_scbdec_exchange3_strict_condV_adm	pss_wip	1651518	1651518	1	isabelle/layerB/pss_wip.thy	58322	false	true	false
pss_wip.m_8_5_Trans_oper_exchange_condV_adm	pss_wip	1651640	1651646	3	isabelle/layerB/pss_wip.thy	58346	false	true	false
pss_wip.s84d_c2hole_at_j1	pss_wip	1651922	1651922	1	isabelle/layerB/pss_wip.thy	58436	false	false	false
pss_wip.s84d_corepair_shared	pss_wip	1651964	1651964	1	isabelle/layerB/pss_wip.thy	58443	false	true	false
pss_wip.s84d_corepair_nested	pss_wip	1652054	1652054	1	isabelle/layerB/pss_wip.thy	58463	false	true	false
pss_wip.s84d_c2hole_scb	pss_wip	1652228	1652228	1	isabelle/layerB/pss_wip.thy	58511	false	true	false
pss_wip.s84d_c2_rightmost_scb	pss_wip	1652290	1652290	1	isabelle/layerB/pss_wip.thy	58666	false	true	false
pss_wip.s84d_L4_regime	pss_wip	1652318	1652324	2	isabelle/layerB/pss_wip.thy	58710	false	true	false
pss_wip.m_8_4_slice_scb_part1	pss_wip	1652364	1652364	1	isabelle/layerB/pss_wip.thy	58762	false	true	false
pss_wip.s84d_jm3_Marked	pss_wip	1652414	1652420	3	isabelle/layerB/pss_wip.thy	58783	false	true	false
pss_wip.s84d_jm1_Marked	pss_wip	1652480	1652482	2	isabelle/layerB/pss_wip.thy	58808	false	true	false
pss_wip.s84d_dec1_Trans_N_scb	pss_wip	1652524	1652524	1	isabelle/layerB/pss_wip.thy	58846	false	true	false
pss_wip.s84d_Mark_neq	pss_wip	1652554	1652554	1	isabelle/layerB/pss_wip.thy	58887	false	true	false
pss_wip.s84d_dec2_nest_scb	pss_wip	1652624	1652624	1	isabelle/layerB/pss_wip.thy	58991	false	true	false
pss_wip.s84d_rep_shift	pss_wip	1652658	1652658	1	isabelle/layerB/pss_wip.thy	59172	false	false	false
pss_wip.s84d_concat_rep_snoc	pss_wip	1652704	1652704	1	isabelle/layerB/pss_wip.thy	59186	false	true	false
pss_wip.s84d_set_concat_rep	pss_wip	1652730	1652730	1	isabelle/layerB/pss_wip.thy	59196	false	false	false
pss_wip.s84d_L5_branch	pss_wip	1652776	1652776	1	isabelle/layerB/pss_wip.thy	59206	false	true	false
pss_wip.s84d_L5_rng	pss_wip	1652830	1652830	1	isabelle/layerB/pss_wip.thy	59256	false	true	false
pss_wip.s84d_L1_data	pss_wip	1652898	1652924	11	isabelle/layerB/pss_wip.thy	59295	false	true	false
pss_wip.s84d_c2hole_L1	pss_wip	1653082	1653082	1	isabelle/layerB/pss_wip.thy	59433	false	true	false
pss_wip.m_8_4_various_scb_IIIV_from_slice	pss_wip	1653600	1653600	1	isabelle/layerB/pss_wip.thy	59601	false	true	false
pss_wip.m_8_4_various_scb_IIIIV_from_slice	pss_wip	1654118	1654118	1	isabelle/layerB/pss_wip.thy	60034	false	true	false
pss_wip.e1x_condV_nextR1	pss_wip	1654256	1654256	1	isabelle/layerB/pss_wip.thy	60614	false	false	false
pss_wip.m_8_5_Joints_FirstNodes_basic_condV	pss_wip	1654354	1654366	4	isabelle/layerB/pss_wip.thy	60636	false	true	false
pss_wip.m_8_5_condV_adm_t2_components	pss_wip	1654446	1654446	1	isabelle/layerB/pss_wip.thy	60690	false	true	false
pss_wip.m_8_5_condV_adm_t2lb	pss_wip	1654460	1654460	1	isabelle/layerB/pss_wip.thy	60857	false	true	false
pss_wip.m_8_5_Trans_oper_exchange_condV_adm_uncond	pss_wip	1654502	1654506	3	isabelle/layerB/pss_wip.thy	60884	false	true	false
pss_wip.m_8_7_fseq_descend_dispatcher_admV	pss_wip	1655134	1655134	1	isabelle/layerB/pss_wip.thy	60919	false	true	false
pss_wip.e2x_Trans_principal_head	pss_wip	1655372	1655372	1	isabelle/layerB/pss_wip.thy	60990	false	true	false
pss_wip.e2x_terminal_slice_scaffold	pss_wip	1655620	1655620	1	isabelle/layerB/pss_wip.thy	61011	false	true	false
pss_wip.m_8_2_condV_terminal_slice_Trans_modVE	pss_wip	1655828	1655828	1	isabelle/layerB/pss_wip.thy	61039	false	true	false
pss_wip.e3x_H_dfree	pss_wip	1656754	1656754	1	isabelle/layerB/pss_wip.thy	61136	false	true	false
pss_wip.e3x_H_TB	pss_wip	1656780	1656780	1	isabelle/layerB/pss_wip.thy	61141	false	true	false
pss_wip.e3x_H_flat	pss_wip	1656854	1656854	1	isabelle/layerB/pss_wip.thy	61146	false	true	false
pss_wip.e3x_H_lt_top	pss_wip	1656936	1656936	1	isabelle/layerB/pss_wip.thy	61179	false	true	false
pss_wip.e3x_exchange2_condIII	pss_wip	1657118	1657118	1	isabelle/layerB/pss_wip.thy	61208	false	true	false
pss_wip.e4x_Zero_OT_B	pss_wip	1657158	1657158	1	isabelle/layerB/pss_wip.thy	61382	false	true	false
pss_wip.e4x_OT_B_operB_numBT	pss_wip	1657182	1657182	1	isabelle/layerB/pss_wip.thy	61390	false	true	false
pss_wip.e4x_OT_B_op0_iter	pss_wip	1657224	1657224	1	isabelle/layerB/pss_wip.thy	61406	false	true	false
pss_wip.m_8_7_OT_via_exchange_value	pss_wip	1657294	1657294	1	isabelle/layerB/pss_wip.thy	61430	false	true	false
pss_wip.m_8_7_Trans_OT_step_via_exchange	pss_wip	1657406	1657406	1	isabelle/layerB/pss_wip.thy	61448	false	true	false
pss_wip.m_8_7_Trans_preserves_OT_via_closure	pss_wip	1657546	1657546	1	isabelle/layerB/pss_wip.thy	61476	false	true	false
pss_wip.e5x_W_lt_Dpt	pss_wip	1658122	1658122	1	isabelle/layerB/pss_wip.thy	61547	false	true	false
pss_wip.e5x_W_seed_shift	pss_wip	1658140	1658140	1	isabelle/layerB/pss_wip.thy	61562	false	true	false
pss_wip.e5x_W_height_mono0	pss_wip	1658184	1658184	1	isabelle/layerB/pss_wip.thy	61580	false	true	false
pss_wip.e5x_bodyM_lt_c2	pss_wip	1658226	1658226	1	isabelle/layerB/pss_wip.thy	61597	false	true	false
pss_wip.e5x_bodyM_lt_bodyO	pss_wip	1658326	1658326	1	isabelle/layerB/pss_wip.thy	61615	false	true	false
pss_wip.m_8_5_Trans_oper_exchange_condV_nonadm	pss_wip	1658644	1658646	2	isabelle/layerB/pss_wip.thy	61656	false	true	false
pss_wip.m_8_7_fseq_descend_dispatcher_condV	pss_wip	1659058	1659058	1	isabelle/layerB/pss_wip.thy	61753	false	true	false
pss_wip.fpx_seg0_self	pss_wip	1659138	1659138	1	isabelle/layerB/pss_wip.thy	61846	false	false	false
pss_wip.fpx_slice_principal	pss_wip	1659172	1659172	1	isabelle/layerB/pss_wip.thy	61864	false	true	false
pss_wip.fpx_VE_reduction	pss_wip	1659188	1659188	1	isabelle/layerB/pss_wip.thy	61913	false	false	false
pss_wip.fpx_terminal_slice_Trans_modStep	pss_wip	1659280	1659280	1	isabelle/layerB/pss_wip.thy	61947	false	true	false
pss_wip.d2x_multBT_replicate	pss_wip	1659328	1659328	1	isabelle/layerB/pss_wip.thy	62007	false	true	false
pss_wip.d2x_multBT_lt_top	pss_wip	1659356	1659356	1	isabelle/layerB/pss_wip.thy	62017	false	true	false
pss_wip.d2x_exchange2_condII	pss_wip	1659472	1659472	1	isabelle/layerB/pss_wip.thy	62054	false	true	false
pss_wip.d6x_Dtower_lt_Dpt	pss_wip	1659504	1659504	1	isabelle/layerB/pss_wip.thy	62161	false	true	false
pss_wip.d6x_exchange2_condVI	pss_wip	1659634	1659634	1	isabelle/layerB/pss_wip.thy	62178	false	true	false
pss_wip.d6x_exchange2_condVI_tower	pss_wip	1659794	1659794	1	isabelle/layerB/pss_wip.thy	62245	false	true	false
pss_wip.d13x_T_dfree	pss_wip	1660400	1660400	1	isabelle/layerB/pss_wip.thy	62332	false	true	false
pss_wip.d13x_T_TB	pss_wip	1660418	1660418	1	isabelle/layerB/pss_wip.thy	62337	false	true	false
pss_wip.d13x_T_flat	pss_wip	1660464	1660464	1	isabelle/layerB/pss_wip.thy	62342	false	true	false
pss_wip.d13x_T_interleave	pss_wip	1660542	1660542	1	isabelle/layerB/pss_wip.thy	62379	false	true	false
pss_wip.d13x_T_mono_base	pss_wip	1660562	1660562	1	isabelle/layerB/pss_wip.thy	62424	false	true	false
pss_wip.d13x_T_compose	pss_wip	1660586	1660586	1	isabelle/layerB/pss_wip.thy	62440	false	true	false
pss_wip.d13x_Lbase	pss_wip	1660644	1660644	1	isabelle/layerB/pss_wip.thy	62449	false	true	false
pss_wip.d13x_fseq_condIII	pss_wip	1660710	1660710	1	isabelle/layerB/pss_wip.thy	62471	false	true	false
pss_wip.d13x_exchange13_condIII	pss_wip	1660840	1660840	1	isabelle/layerB/pss_wip.thy	62514	false	true	false
pss_wip.m_8_4_Trans_oper_exchange_corrected_condIII	pss_wip	1661198	1661198	1	isabelle/layerB/pss_wip.thy	62656	false	true	false
pss_wip.m_8_cf_descent_of_CF	pss_wip	1661278	1661278	1	isabelle/layerB/pss_wip.thy	62766	false	true	false
pss_wip.m_8_3_lhs_of_CF	pss_wip	1661400	1661400	1	isabelle/layerB/pss_wip.thy	62783	false	true	false
pss_wip.m_8_6_cf_of_CF	pss_wip	1661514	1661514	1	isabelle/layerB/pss_wip.thy	62810	false	false	false
pss_wip.m_8_termination_modulo_CF	pss_wip	1661938	1661938	1	isabelle/layerB/pss_wip.thy	62834	false	true	false
pss_wip.cfax_crep_rot	pss_wip	1662016	1662016	1	isabelle/layerB/pss_wip.thy	62917	false	false	false
pss_wip.cfax_CF_kind1_concat	pss_wip	1662124	1662124	1	isabelle/layerB/pss_wip.thy	62928	false	true	false
pss_wip.cfax_CF_kind1_mnform	pss_wip	1662396	1662396	1	isabelle/layerB/pss_wip.thy	63064	false	true	false
pss_wip.cfax_condIII_exchange13_of_CFvalues	pss_wip	1662766	1662766	1	isabelle/layerB/pss_wip.thy	63126	false	true	false
pss_wip.cfbx_VE_backpeel	pss_wip	1662932	1662932	1	isabelle/layerB/pss_wip.thy	63230	false	true	false
pss_wip.cfbx_VE_iff_Mark	pss_wip	1662994	1662994	1	isabelle/layerB/pss_wip.thy	63283	false	true	false
pss_wip.cfbx_Mark0_Trans	pss_wip	1663018	1663018	1	isabelle/layerB/pss_wip.thy	63298	false	true	false
pss_wip.cfbx_VE_iff_Mark0	pss_wip	1663096	1663096	1	isabelle/layerB/pss_wip.thy	63319	false	true	false
pss_wip.cfbx_terminal_slice_Trans_modBackpeel	pss_wip	1663324	1663324	1	isabelle/layerB/pss_wip.thy	63338	false	true	false
pss_wip.cfcx_scb_principal_peel	pss_wip	1663392	1663392	1	isabelle/layerB/pss_wip.thy	63400	false	true	false
pss_wip.cfcx_surgery_bpHeadT_eq	pss_wip	1663514	1663514	1	isabelle/layerB/pss_wip.thy	63422	false	true	false
pss_wip.cfcx_VE_step_abstract	pss_wip	1663702	1663702	1	isabelle/layerB/pss_wip.thy	63476	false	true	false
pss_wip.cfcx_VE_step_concrete	pss_wip	1663882	1663882	1	isabelle/layerB/pss_wip.thy	63522	false	true	false
pss_wip.d4vx_Trans_oper_exchange_corrected_condIV	pss_wip	1664578	1664578	1	isabelle/layerB/pss_wip.thy	63617	false	true	false
pss_wip.d4vx_Trans_oper_exchange_corrected	pss_wip	1665028	1665028	1	isabelle/layerB/pss_wip.thy	63687	false	true	false
pss_wip.d4vx_ins_flat	pss_wip	1665764	1665764	1	isabelle/layerB/pss_wip.thy	63767	false	true	false
pss_wip.d4vx_core_flat	pss_wip	1665826	1665826	1	isabelle/layerB/pss_wip.thy	63783	false	true	false
pss_wip.d4vx_core_lt_c2body	pss_wip	1665904	1665904	1	isabelle/layerB/pss_wip.thy	63815	false	true	false
pss_wip.d4vx_exchange2_condIV	pss_wip	1666048	1666048	1	isabelle/layerB/pss_wip.thy	63856	false	true	false
pss_wip.d4vx_Trans_oper_exchange_corrected_otfree	pss_wip	1666738	1666738	1	isabelle/layerB/pss_wip.thy	64013	false	true	false
pss_wip.c1x_condI_j0pos_exchange	pss_wip	1666818	1666818	1	isabelle/layerB/pss_wip.thy	64124	false	true	false
pss_wip.nfx_rot_s0	pss_wip	1666888	1666888	1	isabelle/layerB/pss_wip.thy	64198	false	false	false
pss_wip.nfx_bodyO_flat	pss_wip	1667028	1667028	1	isabelle/layerB/pss_wip.thy	64207	false	true	false
pss_wip.nfx_operB_form	pss_wip	1667198	1667198	1	isabelle/layerB/pss_wip.thy	64249	false	true	false
pss_wip.nfx_bodyM_flat	pss_wip	1667342	1667342	1	isabelle/layerB/pss_wip.thy	64305	false	true	false
pss_wip.nfx_M_tower	pss_wip	1667764	1667764	1	isabelle/layerB/pss_wip.thy	64348	false	true	false
pss_wip.nfx_NFall	pss_wip	1668288	1668288	1	isabelle/layerB/pss_wip.thy	64558	false	true	false
pss_wip.wfox_goal_eq_RTrel	pss_wip	1668538	1668538	1	isabelle/layerB/pss_wip.thy	64634	false	false	false
pss_wip.wfox_RTrel_irrefl	pss_wip	1668558	1668558	1	isabelle/layerB/pss_wip.thy	64640	false	true	false
pss_wip.wfox_RTrel_trans	pss_wip	1668596	1668596	1	isabelle/layerB/pss_wip.thy	64643	false	true	false
pss_wip.wfox_wf_iff_nochain	pss_wip	1668664	1668664	1	isabelle/layerB/pss_wip.thy	64649	false	false	false
pss_wip.wfox_RPrel_into_RTrel	pss_wip	1668768	1668768	1	isabelle/layerB/pss_wip.thy	64674	false	true	false
pss_wip.wfox_RPrel_of_RTrel	pss_wip	1668802	1668802	1	isabelle/layerB/pss_wip.thy	64678	false	true	false
pss_wip.wfox_RPrel_subterm	pss_wip	1668872	1668872	1	isabelle/layerB/pss_wip.thy	64687	false	true	false
pss_wip.wfox_Trm_untrm	pss_wip	1668896	1668896	1	isabelle/layerB/pss_wip.thy	64703	false	true	false
pss_wip.wfox_hd_guarded	pss_wip	1668930	1668930	1	isabelle/layerB/pss_wip.thy	64706	false	true	false
pss_wip.wfox_tl_guarded	pss_wip	1668960	1668960	1	isabelle/layerB/pss_wip.thy	64710	false	true	false
pss_wip.wfox_chain_nonempty	pss_wip	1668974	1668974	1	isabelle/layerB/pss_wip.thy	64714	false	true	false
pss_wip.wfox_head_step	pss_wip	1668994	1668994	1	isabelle/layerB/pss_wip.thy	64724	false	true	false
pss_wip.wfox_tail_step	pss_wip	1669024	1669024	1	isabelle/layerB/pss_wip.thy	64739	false	true	false
pss_wip.wfox_head_bound	pss_wip	1669154	1669154	1	isabelle/layerB/pss_wip.thy	64755	false	true	false
pss_wip.wfox_tail_step'	pss_wip	1669252	1669252	1	isabelle/layerB/pss_wip.thy	64789	false	true	false
pss_wip.wfox_NoBad	pss_wip	1669518	1669518	1	isabelle/layerB/pss_wip.thy	64810	false	true	false
pss_wip.wfox_tuple_lift	pss_wip	1669644	1669644	1	isabelle/layerB/pss_wip.thy	64949	false	true	false
pss_wip.wfox_wf_RPrel_iff_RTrel	pss_wip	1669686	1669686	1	isabelle/layerB/pss_wip.thy	64998	false	true	false
pss_wip.m_buc1_2_2_OT_B_wf_via_principal	pss_wip	1669750	1669750	1	isabelle/layerB/pss_wip.thy	65006	false	true	false
pss_wip.m_buc1_2_2_OT_B_wf	pss_wip	1669958	1669958	1	isabelle/layerB/pss_wip.thy	65016	false	false	false
pss_wip.ctx_transJm1_shift	pss_wip	1670394	1670394	1	isabelle/layerB/pss_wip.thy	65072	false	true	false
pss_wip.ctx_adm_transJ0_shift	pss_wip	1670632	1670632	1	isabelle/layerB/pss_wip.thy	65112	false	true	false
pss_wip.ctx_transCond_atoms	pss_wip	1671248	1671262	5	isabelle/layerB/pss_wip.thy	65164	false	true	false
pss_wip.ctx_transCondI_eq	pss_wip	1671462	1671462	1	isabelle/layerB/pss_wip.thy	65227	false	true	false
pss_wip.ctx_transCondIII_eq	pss_wip	1671596	1671596	1	isabelle/layerB/pss_wip.thy	65247	false	true	false
pss_wip.ctx_transCondV_eq	pss_wip	1671744	1671744	1	isabelle/layerB/pss_wip.thy	65272	false	true	false
pss_wip.ctx_transCondVI_eq	pss_wip	1671960	1671960	1	isabelle/layerB/pss_wip.thy	65302	false	true	false
pss_wip.ctx_interior_id2	pss_wip	1672160	1672160	1	isabelle/layerB/pss_wip.thy	65336	false	true	false
pss_wip.ctx_interior_id3	pss_wip	1672368	1672368	1	isabelle/layerB/pss_wip.thy	65361	false	true	false
pss_wip.ctx_markShift	pss_wip	1672596	1672596	1	isabelle/layerB/pss_wip.thy	65403	false	true	false
pss_wip.ctx_interior_ids	pss_wip	1672800	1672800	1	isabelle/layerB/pss_wip.thy	65526	false	true	false
pss_wip.ctx_VE_step_nonmarked	pss_wip	1673358	1673358	1	isabelle/layerB/pss_wip.thy	65557	false	true	false
pss_wip.bpax_Trans_PredN_leR	pss_wip	1673610	1673610	1	isabelle/layerB/pss_wip.thy	65617	false	true	false
pss_wip.bpax_VE_step	pss_wip	1674100	1674100	1	isabelle/layerB/pss_wip.thy	65663	false	true	false
pss_wip.bpax_terminal_slice_modResidual	pss_wip	1674264	1674264	1	isabelle/layerB/pss_wip.thy	65808	false	true	false
pss_wip.bpax_RPERS	pss_wip	1674288	1674288	1	isabelle/layerB/pss_wip.thy	65860	false	true	false
pss_wip.bpax_terminal_slice_modResidual2	pss_wip	1674326	1674326	1	isabelle/layerB/pss_wip.thy	65981	false	true	false
pss_wip.bpbx_descending_transfer	pss_wip	1674332	1674332	1	isabelle/layerB/pss_wip.thy	66050	false	false	false
pss_wip.bpbx_RPERS	pss_wip	1674338	1674338	1	isabelle/layerB/pss_wip.thy	66077	false	true	false
pss_wip.bpbx_Br_Pred_j1eq	pss_wip	1674344	1674344	1	isabelle/layerB/pss_wip.thy	66230	false	true	false
pss_wip.bpbx_BASE	pss_wip	1674350	1674350	1	isabelle/layerB/pss_wip.thy	66283	false	false	false
pss_wip.bpbx_cfbx_VE_modSTEP_PEEL	pss_wip	1674356	1674356	1	isabelle/layerB/pss_wip.thy	66308	false	true	false
pss_wip.vfx_flat_head_bpHeadV	pss_wip	1674362	1674362	1	isabelle/layerB/pss_wip.thy	66339	false	true	false
pss_wip.vfx_Np_head	pss_wip	1674368	1674368	1	isabelle/layerB/pss_wip.thy	66372	false	true	false
pss_wip.vfx_fPN	pss_wip	1674404	1674404	1	isabelle/layerB/pss_wip.thy	66423	false	true	false
pss_wip.vfx_fLp	pss_wip	1674510	1674510	1	isabelle/layerB/pss_wip.thy	66482	false	true	false
pss_wip.nf2x_Lpv	pss_wip	1674564	1674564	1	isabelle/layerB/pss_wip.thy	66630	false	true	false
pss_wip.nf2x_L1v	pss_wip	1674720	1674720	1	isabelle/layerB/pss_wip.thy	66709	false	true	false
pss_wip.nf2x_NFall	pss_wip	1675070	1675070	1	isabelle/layerB/pss_wip.thy	66850	false	true	false
pss_wip.svx_stepval_of_exchange_eq	pss_wip	1675184	1675184	1	isabelle/layerB/pss_wip.thy	66928	false	false	false
pss_wip.svx_OT_step_of_exchange_eq	pss_wip	1675234	1675234	1	isabelle/layerB/pss_wip.thy	66940	false	true	false
pss_wip.svx_stepval_condI	pss_wip	1675280	1675280	1	isabelle/layerB/pss_wip.thy	66960	false	false	false
pss_wip.svx_OT_step_condI	pss_wip	1675290	1675290	1	isabelle/layerB/pss_wip.thy	66967	false	true	false
pss_wip.svx_stepval_condII	pss_wip	1675296	1675296	1	isabelle/layerB/pss_wip.thy	66978	false	false	false
pss_wip.svx_OT_step_condII	pss_wip	1675306	1675306	1	isabelle/layerB/pss_wip.thy	66989	false	true	false
pss_wip.svx_stepval_of_flat_eq	pss_wip	1675322	1675322	1	isabelle/layerB/pss_wip.thy	67010	false	true	false
pss_wip.svx_OT_step_of_flat_eq	pss_wip	1675488	1675488	1	isabelle/layerB/pss_wip.thy	67023	false	true	false
pss_wip.svx_flat_eq_of_wrapper_core	pss_wip	1675692	1675692	1	isabelle/layerB/pss_wip.thy	67045	false	true	false
pss_wip.svx_stepval_condIIIVI_of_wrapper	pss_wip	1675888	1675888	1	isabelle/layerB/pss_wip.thy	67055	false	true	false
pss_wip.svx_stepval_interleave_n2	pss_wip	1675990	1675990	1	isabelle/layerB/pss_wip.thy	67076	false	true	false
pss_wip.svx_OT_preserved_stepval_split	pss_wip	1676058	1676058	1	isabelle/layerB/pss_wip.thy	67095	false	true	false
pss_wip.svx_OT_preserved_condI_vs_flat	pss_wip	1676192	1676192	1	isabelle/layerB/pss_wip.thy	67150	false	true	false
pss_wip.c1vx_condI_j0pos_exchange_step	pss_wip	1676364	1676364	1	isabelle/layerB/pss_wip.thy	67222	false	true	false
pss_wip.c4vx_condIV_exchange_of_CFvalues	pss_wip	1676622	1676622	1	isabelle/layerB/pss_wip.thy	67332	false	true	false
pss_wip.c6vx_diag_predMarked0	pss_wip	1676652	1676652	1	isabelle/layerB/pss_wip.thy	67451	false	true	false
pss_wip.c6vx_diag_condVI	pss_wip	1676664	1676664	1	isabelle/layerB/pss_wip.thy	67469	false	false	false
pss_wip.c6vx_diag_transV	pss_wip	1676676	1676676	1	isabelle/layerB/pss_wip.thy	67502	false	true	false
pss_wip.c6vx_diag_transC2	pss_wip	1676716	1676716	1	isabelle/layerB/pss_wip.thy	67541	false	true	false
pss_wip.c6vx_diag_transJ0entry	pss_wip	1676792	1676792	1	isabelle/layerB/pss_wip.thy	67576	false	false	false
pss_wip.c6vx_diagSeq_CF_VI_flat	pss_wip	1676814	1676814	1	isabelle/layerB/pss_wip.thy	67600	false	true	false
pss_wip.c6vx_diagSeq_condVI_cf	pss_wip	1676832	1676832	1	isabelle/layerB/pss_wip.thy	67619	false	true	false
pss_wip.c6vx_diagSeq_condVI_descent_free	pss_wip	1676840	1676840	1	isabelle/layerB/pss_wip.thy	67658	false	true	false
pss_wip.wfpx_nrmP_pos	pss_wip	1676878	1676878	1	isabelle/layerB/pss_wip.thy	67736	false	true	false
pss_wip.wfpx_length_le_sum	pss_wip	1676884	1676884	1	isabelle/layerB/pss_wip.thy	67739	false	true	false
pss_wip.wfpx_nrmP_le_sum	pss_wip	1676890	1676890	1	isabelle/layerB/pss_wip.thy	67751	false	true	false
pss_wip.wfpx_finite_norm_le	pss_wip	1676898	1676898	1	isabelle/layerB/pss_wip.thy	67774	false	true	false
pss_wip.wfpx_finite_BT_norm	pss_wip	1676918	1676918	1	isabelle/layerB/pss_wip.thy	67875	false	true	false
pss_wip.wfpx_finite_BP_norm	pss_wip	1676924	1676924	1	isabelle/layerB/pss_wip.thy	67878	false	true	false
pss_wip.wfpx_RPrel_trans	pss_wip	1676958	1676958	1	isabelle/layerB/pss_wip.thy	67886	false	true	false
pss_wip.wfpx_RPrel_irrefl	pss_wip	1676964	1676964	1	isabelle/layerB/pss_wip.thy	67889	false	true	false
pss_wip.wfpx_RPrel_acyclic	pss_wip	1676970	1676970	1	isabelle/layerB/pss_wip.thy	67892	false	true	false
pss_wip.wfpx_finite_RPrel_bnd	pss_wip	1676976	1676976	1	isabelle/layerB/pss_wip.thy	67895	false	true	false
pss_wip.wfpx_RPrel_bnd_acyclic	pss_wip	1676982	1676982	1	isabelle/layerB/pss_wip.thy	67905	false	true	false
pss_wip.wfpx_wf_RPrel_bnd	pss_wip	1676988	1676988	1	isabelle/layerB/pss_wip.thy	67908	false	true	false
pss_wip.wfpx_bounded_chain_impossible	pss_wip	1676994	1676994	1	isabelle/layerB/pss_wip.thy	67913	false	true	false
pss_wip.wfpx_infinite_chain_unbounded_norm	pss_wip	1677004	1677004	1	isabelle/layerB/pss_wip.thy	67924	false	true	false
pss_wip.wfpx_wf_RPrel_iff_no_unbounded_chain	pss_wip	1677038	1677038	1	isabelle/layerB/pss_wip.thy	67937	false	true	false
pss_wip.wfpx_RTrel_acyclic	pss_wip	1677104	1677104	1	isabelle/layerB/pss_wip.thy	67966	false	true	false
pss_wip.wfpx_finite_RTrel_bnd	pss_wip	1677154	1677154	1	isabelle/layerB/pss_wip.thy	67974	false	true	false
pss_wip.wfpx_RTrel_bnd_acyclic	pss_wip	1677162	1677162	1	isabelle/layerB/pss_wip.thy	67984	false	true	false
pss_wip.wfpx_wf_RTrel_bnd	pss_wip	1677178	1677178	1	isabelle/layerB/pss_wip.thy	67987	false	true	false
pss_wip.wfpx_wf_goal_bnd	pss_wip	1677212	1677212	1	isabelle/layerB/pss_wip.thy	67993	false	true	false
pss_wip.wfpx_bounded_Tchain_impossible	pss_wip	1677262	1677262	1	isabelle/layerB/pss_wip.thy	67998	false	true	false
pss_wip.wfpx_infinite_Tchain_unbounded_norm	pss_wip	1677272	1677272	1	isabelle/layerB/pss_wip.thy	68009	false	true	false
pss_wip.wfpx_wf_RTrel_iff_no_unbounded_chain	pss_wip	1677334	1677334	1	isabelle/layerB/pss_wip.thy	68022	false	true	false
pss_wip.six_scb_prefix_ne	pss_wip	1677580	1677580	1	isabelle/layerB/pss_wip.thy	68081	false	true	false
pss_wip.six_regime_core	pss_wip	1677692	1677714	8	isabelle/layerB/pss_wip.thy	68130	false	true	false
pss_wip.six_tneR	pss_wip	1677898	1677898	1	isabelle/layerB/pss_wip.thy	68200	false	true	false
pss_wip.six_intMR	pss_wip	1677988	1677988	1	isabelle/layerB/pss_wip.thy	68225	false	true	false
pss_wip.six_intNR	pss_wip	1678108	1678108	1	isabelle/layerB/pss_wip.thy	68247	false	true	false
pss_wip.bpax_terminal_slice_modResidual3	pss_wip	1678180	1678180	1	isabelle/layerB/pss_wip.thy	68340	false	true	false
pss_wip.six_lerR	pss_wip	1678238	1678238	1	isabelle/layerB/pss_wip.thy	68371	false	true	false
pss_wip.six_ids	pss_wip	1678290	1678290	1	isabelle/layerB/pss_wip.thy	68377	false	true	false
pss_wip.six_id2R	pss_wip	1678384	1678384	1	isabelle/layerB/pss_wip.thy	68396	false	true	false
pss_wip.six_id3R	pss_wip	1678496	1678496	1	isabelle/layerB/pss_wip.thy	68402	false	true	false
pss_wip.bpax_terminal_slice_modBASE	pss_wip	1678742	1678742	1	isabelle/layerB/pss_wip.thy	68416	false	true	false
pss_wip.wsx_j1p_le_parent0	pss_wip	1678954	1678954	1	isabelle/layerB/pss_wip.thy	68454	false	true	false
pss_wip.wsx_regime_ancJm1	pss_wip	1679038	1679038	1	isabelle/layerB/pss_wip.thy	68507	false	true	false
pss_wip.wsx_VE_step	pss_wip	1679292	1679292	1	isabelle/layerB/pss_wip.thy	68547	false	true	false
pss_wip.wsx_terminal_slice_modResidual	pss_wip	1679656	1679656	1	isabelle/layerB/pss_wip.thy	68700	false	true	false
pss_wip.lrx_lerR	pss_wip	1679734	1679734	1	isabelle/layerB/pss_wip.thy	68762	false	true	false
pss_wip.lrx_terminal_slice_modResidual3	pss_wip	1679938	1679938	1	isabelle/layerB/pss_wip.thy	68794	false	true	false
pss_wip.bpx2_BASE	pss_wip	1680108	1680108	1	isabelle/layerB/pss_wip.thy	68866	false	true	false
pss_wip.bpx2_BASE_all	pss_wip	1680308	1680308	1	isabelle/layerB/pss_wip.thy	68985	false	true	false
pss_wip.bpx2_terminal_slice_modResidual	pss_wip	1680484	1680484	1	isabelle/layerB/pss_wip.thy	69021	false	true	false
pss_wip.vf2x_slice_principal	pss_wip	1680518	1680518	1	isabelle/layerB/pss_wip.thy	69116	false	true	false
pss_wip.vf2x_baseML	pss_wip	1680648	1680648	1	isabelle/layerB/pss_wip.thy	69151	false	true	false
pss_wip.vf2x_flat_head_bpHeadT	pss_wip	1680674	1680674	1	isabelle/layerB/pss_wip.thy	69403	false	true	false
pss_wip.vf2x_condIII_baseML_cf	pss_wip	1680888	1680888	1	isabelle/layerB/pss_wip.thy	69439	false	true	false
pss_wip.nf3x_slice_jm1_c2	pss_wip	1680942	1680942	1	isabelle/layerB/pss_wip.thy	69535	false	true	false
pss_wip.nf3x_slice_jm1_c1	pss_wip	1680978	1680978	1	isabelle/layerB/pss_wip.thy	69568	false	true	false
pss_wip.nf3x_NpVal	pss_wip	1681036	1681036	1	isabelle/layerB/pss_wip.thy	69619	false	true	false
pss_wip.nf3x_PredNp	pss_wip	1681120	1681120	1	isabelle/layerB/pss_wip.thy	69652	false	true	false
pss_wip.nf3x_NFall	pss_wip	1681492	1681492	1	isabelle/layerB/pss_wip.thy	69697	false	true	false
pss_wip.nf3x_NFall_kernel	pss_wip	1681824	1681824	1	isabelle/layerB/pss_wip.thy	69742	false	true	false
pss_wip.c6gx_condVI_j0	pss_wip	1682018	1682022	3	isabelle/layerB/pss_wip.thy	69818	false	false	false
pss_wip.c6gx_condVI_bridge	pss_wip	1682118	1682120	2	isabelle/layerB/pss_wip.thy	69828	false	false	false
pss_wip.c6gx_condVI_setup	pss_wip	1682228	1682232	2	isabelle/layerB/pss_wip.thy	69867	false	true	false
pss_wip.c6gx_condVI_transC2	pss_wip	1682312	1682312	1	isabelle/layerB/pss_wip.thy	69884	false	false	false
pss_wip.c6gx_condVI_transC1_adm	pss_wip	1682404	1682408	2	isabelle/layerB/pss_wip.thy	69904	false	true	false
pss_wip.c6gx_Trans_col	pss_wip	1682488	1682488	1	isabelle/layerB/pss_wip.thy	69942	false	true	false
pss_wip.c6gx_seg_pair	pss_wip	1682532	1682532	1	isabelle/layerB/pss_wip.thy	69957	false	true	false
pss_wip.c6gx_condVI_row0_step	pss_wip	1682588	1682588	1	isabelle/layerB/pss_wip.thy	69962	false	true	false
pss_wip.c6gx_condVI_Np_form	pss_wip	1682664	1682664	1	isabelle/layerB/pss_wip.thy	69984	false	true	false
pss_wip.c6gx_condVI_PredNp	pss_wip	1682836	1682836	1	isabelle/layerB/pss_wip.thy	69997	false	true	false
pss_wip.c6gx_condVI_Lp	pss_wip	1682974	1682974	1	isabelle/layerB/pss_wip.thy	70020	false	true	false
pss_wip.c6gx_condVI_Np_transC2	pss_wip	1683006	1683006	1	isabelle/layerB/pss_wip.thy	70058	false	true	false
pss_wip.c6gx_concat_rep_single	pss_wip	1683048	1683048	1	isabelle/layerB/pss_wip.thy	70086	false	false	false
pss_wip.c6gx_concat_rep_nil	pss_wip	1683072	1683072	1	isabelle/layerB/pss_wip.thy	70089	false	false	false
pss_wip.c6gx_condVI_descent_adm	pss_wip	1683244	1683244	1	isabelle/layerB/pss_wip.thy	70101	false	true	false
pss_wip.c6gx_condVI_baseL	pss_wip	1683546	1683546	1	isabelle/layerB/pss_wip.thy	70220	false	true	false
pss_wip.c6gx_condVI_descent_free_adm	pss_wip	1683748	1683748	1	isabelle/layerB/pss_wip.thy	70372	false	true	false
pss_wip.c4cx_d4vx_ins_mono	pss_wip	1683844	1683844	1	isabelle/layerB/pss_wip.thy	70411	false	true	false
pss_wip.c4cx_d4vx_core_interleave	pss_wip	1683954	1683954	1	isabelle/layerB/pss_wip.thy	70431	false	true	false
pss_wip.c4cx_d4vx_core_mono_base	pss_wip	1684028	1684028	1	isabelle/layerB/pss_wip.thy	70481	false	true	false
pss_wip.c4cx_d4vx_core_compose	pss_wip	1684104	1684104	1	isabelle/layerB/pss_wip.thy	70494	false	true	false
pss_wip.c4cx_condIV_exchange13	pss_wip	1684674	1684674	1	isabelle/layerB/pss_wip.thy	70498	false	true	false
pss_wip.c4cx_condIV_exchange_full	pss_wip	1685470	1685470	1	isabelle/layerB/pss_wip.thy	70642	false	true	false
pss_wip.c2ex_exch_of_lhs_closed_ex	pss_wip	1685762	1685762	1	isabelle/layerB/pss_wip.thy	70717	false	true	false
pss_wip.c2ex_exchange2_condII_ex	pss_wip	1686050	1686050	1	isabelle/layerB/pss_wip.thy	70763	false	true	false
pss_wip.vmlx_veM_of_kernel	pss_wip	1686210	1686210	1	isabelle/layerB/pss_wip.thy	70844	false	true	false
pss_wip.vmlx_veL_of_kernel	pss_wip	1686406	1686406	1	isabelle/layerB/pss_wip.thy	70912	false	true	false
pss_wip.vmlx_baseML_of_kernel	pss_wip	1686560	1686560	1	isabelle/layerB/pss_wip.thy	71033	false	true	false
pss_wip.dax_c2L1_of_notLD	pss_wip	1686616	1686616	1	isabelle/layerB/pss_wip.thy	71081	false	true	false
pss_wip.dax_nf3x_NFall_kernel_notLD	pss_wip	1686916	1686916	1	isabelle/layerB/pss_wip.thy	71201	false	true	false
pss_wip.bihx_base_m_lt_TrMax	pss_wip	1687050	1687050	1	isabelle/layerB/pss_wip.thy	71267	false	true	false
pss_wip.bihx_base_mint	pss_wip	1687112	1687112	1	isabelle/layerB/pss_wip.thy	71334	false	true	false
pss_wip.bihx_base_lerB	pss_wip	1687212	1687212	1	isabelle/layerB/pss_wip.thy	71358	false	true	false
pss_wip.bihx_base_tneB	pss_wip	1687328	1687328	1	isabelle/layerB/pss_wip.thy	71384	false	true	false
pss_wip.bihx_base_VE_modResidual	pss_wip	1687692	1687692	1	isabelle/layerB/pss_wip.thy	71422	false	true	false
pss_wip.dkbx_deadm_of_wrap	pss_wip	1688012	1688012	1	isabelle/layerB/pss_wip.thy	71475	false	true	false
pss_wip.dkbx_ker_of_wrap	pss_wip	1688186	1688186	1	isabelle/layerB/pss_wip.thy	71559	false	true	false
pss_wip.dkbx_baseML_of_wrap	pss_wip	1688458	1688458	1	isabelle/layerB/pss_wip.thy	71590	false	true	false
pss_wip.dkbx_nf3x_of_wrap	pss_wip	1688772	1688772	1	isabelle/layerB/pss_wip.thy	71613	false	true	false
pss_wip.dkbx_nf3x_of_wrap_notLD	pss_wip	1688884	1688884	1	isabelle/layerB/pss_wip.thy	71667	false	true	false
pss_wip.dkbx_wrap_of_w1w2	pss_wip	1688954	1688954	1	isabelle/layerB/pss_wip.thy	71718	false	true	false
pss_wip.dkax_slice_principal_gen	pss_wip	1689102	1689102	1	isabelle/layerB/pss_wip.thy	71793	false	true	false
pss_wip.dkax_DEADM_of_KER_principal	pss_wip	1689126	1689126	1	isabelle/layerB/pss_wip.thy	71838	false	true	false
pss_wip.vbax_base_baseIH	pss_wip	1689136	1689136	1	isabelle/layerB/pss_wip.thy	71891	false	true	false
pss_wip.vbax_base_VE_modResidual	pss_wip	1689226	1689226	1	isabelle/layerB/pss_wip.thy	71977	false	true	false
pss_wip.vbax_reg_TrMax_lt	pss_wip	1689256	1689256	1	isabelle/layerB/pss_wip.thy	71995	false	true	false
pss_wip.vbax_base_eq	pss_wip	1689268	1689268	1	isabelle/layerB/pss_wip.thy	72015	false	true	false
pss_wip.vbax_VE_backpeel	pss_wip	1689380	1689380	1	isabelle/layerB/pss_wip.thy	72042	false	true	false
pss_wip.vbax_terminal_slice_modResidualB	pss_wip	1689642	1689642	1	isabelle/layerB/pss_wip.thy	72095	false	true	false
pss_wip.c6zx_L_tower	pss_wip	1689998	1689998	1	isabelle/layerB/pss_wip.thy	72166	false	true	false
pss_wip.c6zx_condVI_oper_L	pss_wip	1690076	1690076	1	isabelle/layerB/pss_wip.thy	72257	false	true	false
pss_wip.c6zx_condVI_baseL_free	pss_wip	1690324	1690324	1	isabelle/layerB/pss_wip.thy	72286	false	true	false
pss_wip.c6zx_condVI_descent_adm	pss_wip	1690354	1690354	1	isabelle/layerB/pss_wip.thy	72441	false	true	false
pss_wip.c6zx_condVI_u0_adm	pss_wip	1690396	1690396	1	isabelle/layerB/pss_wip.thy	72537	false	false	false
pss_wip.c6zx_condVI_descent_u0	pss_wip	1690436	1690436	1	isabelle/layerB/pss_wip.thy	72557	false	true	false
pss_wip.c6zx_condVI_baseL_gen	pss_wip	1690522	1690522	1	isabelle/layerB/pss_wip.thy	72602	false	true	false
pss_wip.c6zx_condVI_descent_nadm	pss_wip	1690602	1690602	1	isabelle/layerB/pss_wip.thy	72762	false	true	false
pss_wip.c6zx_condVI_descent_modt2	pss_wip	1690630	1690630	1	isabelle/layerB/pss_wip.thy	72872	false	true	false
pss_wip.nldx_notLD_of_lph	pss_wip	1690678	1690678	1	isabelle/layerB/pss_wip.thy	72932	false	false	false
pss_wip.nldx_dax_c2L1_of_lph	pss_wip	1690758	1690758	1	isabelle/layerB/pss_wip.thy	72954	false	true	false
pss_wip.wf2x_p_isOT	pss_wip	1690792	1690792	1	isabelle/layerB/pss_wip.thy	73029	false	true	false
pss_wip.wf2x_p_dfree	pss_wip	1690810	1690810	1	isabelle/layerB/pss_wip.thy	73032	false	true	false
pss_wip.wf2x_nrmP_p	pss_wip	1690840	1690840	1	isabelle/layerB/pss_wip.thy	73035	false	true	false
pss_wip.wf2x_nrmP_D0num	pss_wip	1690876	1690876	1	isabelle/layerB/pss_wip.thy	73041	false	true	false
pss_wip.wf2x_D0num_isOT	pss_wip	1690898	1690898	1	isabelle/layerB/pss_wip.thy	73044	false	true	false
pss_wip.wf2x_D0num_dfree	pss_wip	1690906	1690906	1	isabelle/layerB/pss_wip.thy	73061	false	true	false
pss_wip.wf2x_D0num_lessBP	pss_wip	1690924	1690924	1	isabelle/layerB/pss_wip.thy	73064	false	true	false
pss_wip.wf2x_D0num_in_RPrel	pss_wip	1690940	1690940	1	isabelle/layerB/pss_wip.thy	73067	false	true	false
pss_wip.wf2x_pred_norm_unbounded	pss_wip	1690986	1690986	1	isabelle/layerB/pss_wip.thy	73082	false	true	false
pss_wip.wf2x_no_stepwise_norm_bound	pss_wip	1691018	1691018	1	isabelle/layerB/pss_wip.thy	73099	false	true	false
pss_wip.wf2x_no_predecessor_norm_bound	pss_wip	1691044	1691044	1	isabelle/layerB/pss_wip.thy	73117	false	true	false
pss_wip.wf2x_pred_set_infinite	pss_wip	1691098	1691098	1	isabelle/layerB/pss_wip.thy	73138	false	true	false
pss_wip.c613x_Dtower_mono	pss_wip	1691138	1691138	1	isabelle/layerB/pss_wip.thy	73203	false	true	false
pss_wip.c613x_operB_fseq_value	pss_wip	1691188	1691188	1	isabelle/layerB/pss_wip.thy	73220	false	true	false
pss_wip.c613x_tower_operB_eq	pss_wip	1691308	1691308	1	isabelle/layerB/pss_wip.thy	73266	false	true	false
pss_wip.c613x_tower_operB_lt	pss_wip	1691428	1691428	1	isabelle/layerB/pss_wip.thy	73284	false	true	false
pss_wip.c613x_condVI_exch_adm	pss_wip	1691810	1691810	1	isabelle/layerB/pss_wip.thy	73312	false	true	false
pss_wip.c613x_condVI_exch_nadm	pss_wip	1692582	1692582	1	isabelle/layerB/pss_wip.thy	73514	false	true	false
pss_wip.w2x_nadm_seg	pss_wip	1692802	1692802	1	isabelle/layerB/pss_wip.thy	73803	false	true	false
pss_wip.w2x_seg_left_geom	pss_wip	1693038	1693040	2	isabelle/layerB/pss_wip.thy	73826	false	false	false
pss_wip.w2x_W2_of_VE1	pss_wip	1693386	1693386	1	isabelle/layerB/pss_wip.thy	73859	false	true	false
pss_wip.w1x_nadm_nextrel0_left	pss_wip	1693580	1693580	1	isabelle/layerB/pss_wip.thy	73965	false	false	false
pss_wip.w1x_nadm_run_le0	pss_wip	1693702	1693702	1	isabelle/layerB/pss_wip.thy	73990	false	true	false
pss_wip.w1x_nadm_run_reach_c	pss_wip	1693846	1693846	1	isabelle/layerB/pss_wip.thy	74041	false	true	false
pss_wip.w1x_slice_principal_reach	pss_wip	1694110	1694110	1	isabelle/layerB/pss_wip.thy	74058	false	true	false
pss_wip.w1x_wrap_reach_of_w1w2	pss_wip	1694430	1694430	1	isabelle/layerB/pss_wip.thy	74074	false	true	false
pss_wip.vsx_VE_step_m0	pss_wip	1694578	1694578	1	isabelle/layerB/pss_wip.thy	74144	false	false	false
pss_wip.vsx_VE_step	pss_wip	1694766	1694766	1	isabelle/layerB/pss_wip.thy	74162	false	true	false
pss_wip.vsx_RPERS	pss_wip	1694984	1694984	1	isabelle/layerB/pss_wip.thy	74204	false	true	false
pss_wip.vsx_terminal_slice_modResidualC	pss_wip	1695492	1695492	1	isabelle/layerB/pss_wip.thy	74239	false	true	false
pss_wip.vbx_base_VE_strict	pss_wip	1695680	1695680	1	isabelle/layerB/pss_wip.thy	74300	false	true	false
pss_wip.vbx_base_VE_m0	pss_wip	1695716	1695716	1	isabelle/layerB/pss_wip.thy	74419	false	false	false
pss_wip.vbx_base_transJm1_zero_or_TrMax	pss_wip	1695762	1695762	1	isabelle/layerB/pss_wip.thy	74440	false	true	false
pss_wip.vbx_base_VE_modAdm0	pss_wip	1695888	1695888	1	isabelle/layerB/pss_wip.thy	74476	false	true	false
pss_wip.lpx_bpHeadV_PB_last	pss_wip	1695936	1695936	1	isabelle/layerB/pss_wip.thy	74520	false	true	false
pss_wip.lpx_lph_reduce	pss_wip	1695996	1695996	1	isabelle/layerB/pss_wip.thy	74562	false	true	false
pss_wip.lpx_lph_of_rn	pss_wip	1696094	1696094	1	isabelle/layerB/pss_wip.thy	74601	false	true	false
pss_wip.lpx_c2L1_of_rn	pss_wip	1696176	1696176	1	isabelle/layerB/pss_wip.thy	74615	false	true	false
pss_wip.lpx_transC1_eq_TransS	pss_wip	1696222	1696222	1	isabelle/layerB/pss_wip.thy	74642	false	true	false
pss_wip.lpx_lph_of_slice	pss_wip	1696284	1696284	1	isabelle/layerB/pss_wip.thy	74685	false	true	false
pss_wip.vjx_RPj1eq	pss_wip	1696438	1696438	1	isabelle/layerB/pss_wip.thy	74726	false	true	false
pss_wip.vjx_VEj1eq_deepen	pss_wip	1696604	1696604	1	isabelle/layerB/pss_wip.thy	74938	false	true	false
pss_wip.vjx_VEj1eq	pss_wip	1696788	1696788	1	isabelle/layerB/pss_wip.thy	75079	false	true	false
pss_wip.vjx_terminal_slice_modResidualCollapse	pss_wip	1697176	1697176	1	isabelle/layerB/pss_wip.thy	75105	false	true	false
pss_wip.a0x_bpHeadT_transC2_eq	pss_wip	1697382	1697382	1	isabelle/layerB/pss_wip.thy	75168	false	true	false
pss_wip.a0x_nadm_below_of_Adm0	pss_wip	1697488	1697488	1	isabelle/layerB/pss_wip.thy	75188	false	true	false
pss_wip.a0x_atoms	pss_wip	1697750	1697764	4	isabelle/layerB/pss_wip.thy	75230	false	true	false
pss_wip.a0x_condV_eq	pss_wip	1697876	1697876	1	isabelle/layerB/pss_wip.thy	75286	false	true	false
pss_wip.a0x_condVI_eq	pss_wip	1698016	1698016	1	isabelle/layerB/pss_wip.thy	75315	false	true	false
pss_wip.a0x_bnd_condV	pss_wip	1698068	1698068	1	isabelle/layerB/pss_wip.thy	75352	false	true	false
pss_wip.a0x_base_VE_Adm0	pss_wip	1698148	1698148	1	isabelle/layerB/pss_wip.thy	75453	false	true	false
pss_wip.a0x_base_VE	pss_wip	1698158	1698158	1	isabelle/layerB/pss_wip.thy	75701	false	true	false
pss_wip.v1x_W2reg_of_VE1regime	pss_wip	1698204	1698204	1	isabelle/layerB/pss_wip.thy	75795	false	false	false
pss_wip.dkfx_deadm	pss_wip	1698320	1698320	1	isabelle/layerB/pss_wip.thy	75880	false	true	false
pss_wip.dkfx_ker	pss_wip	1698442	1698442	1	isabelle/layerB/pss_wip.thy	75981	false	true	false
pss_wip.dkfx_baseML	pss_wip	1698596	1698596	1	isabelle/layerB/pss_wip.thy	76011	false	true	false
pss_wip.dkfx_nf3x	pss_wip	1698880	1698880	1	isabelle/layerB/pss_wip.thy	76037	false	true	false
pss_wip.lp2x_bridge	pss_wip	1698910	1698910	1	isabelle/layerB/pss_wip.thy	76232	false	true	false
pss_wip.lp2x_lph_of_sharp	pss_wip	1698978	1698978	1	isabelle/layerB/pss_wip.thy	76277	false	true	false
pss_wip.lp2x_c2L1_of_sharp	pss_wip	1699048	1699048	1	isabelle/layerB/pss_wip.thy	76297	false	true	false
pss_wip.c6nx_condVI_uv	pss_wip	1699070	1699070	1	isabelle/layerB/pss_wip.thy	76352	false	true	false
pss_wip.c6nx_nadm_jp0	pss_wip	1699130	1699136	3	isabelle/layerB/pss_wip.thy	76396	false	true	false
pss_wip.c6nx_predVI	pss_wip	1699246	1699248	2	isabelle/layerB/pss_wip.thy	76451	false	true	false
pss_wip.c6nx_jm1eq	pss_wip	1699336	1699336	1	isabelle/layerB/pss_wip.thy	76542	false	true	false
pss_wip.c6nx_t2eq	pss_wip	1699414	1699414	1	isabelle/layerB/pss_wip.thy	76619	false	true	false
pss_wip.c6nx_condVI_exch_nadm_uncond	pss_wip	1699722	1699722	1	isabelle/layerB/pss_wip.thy	76705	false	true	false
pss_wip.vcx_bnd_strict	pss_wip	1699860	1699860	1	isabelle/layerB/pss_wip.thy	76757	false	true	false
pss_wip.vcx_collapse_VE	pss_wip	1700172	1700172	1	isabelle/layerB/pss_wip.thy	76819	false	true	false
pss_wip.vcx_VEj1eq	pss_wip	1700332	1700332	1	isabelle/layerB/pss_wip.thy	77061	false	true	false
pss_wip.vcx_VE_all	pss_wip	1700422	1700422	1	isabelle/layerB/pss_wip.thy	77076	false	true	false
pss_wip.m_8_2_condV_terminal_slice_Trans	pss_wip	1700674	1700674	1	isabelle/layerB/pss_wip.thy	77102	false	true	false
pss_wip.shx_rn_c1_eq_slice_RA	pss_wip	1700846	1700846	1	isabelle/layerB/pss_wip.thy	77151	false	true	false
pss_wip.shx_rn_c1_bounds	pss_wip	1701050	1701050	1	isabelle/layerB/pss_wip.thy	77217	false	true	false
pss_wip.shx_sharp_of_len2_redB	pss_wip	1701132	1701132	1	isabelle/layerB/pss_wip.thy	77365	false	true	false
pss_wip.shx_lph_of_len2_redB	pss_wip	1701222	1701222	1	isabelle/layerB/pss_wip.thy	77389	false	true	false
pss_wip.shx_c2L1_of_len2_redB	pss_wip	1701340	1701340	1	isabelle/layerB/pss_wip.thy	77410	false	true	false
pss_wip.ncx_deadm_of_w2nostr	pss_wip	1701478	1701478	1	isabelle/layerB/pss_wip.thy	77489	false	true	false
pss_wip.ncx_nf3x	pss_wip	1702204	1702204	1	isabelle/layerB/pss_wip.thy	77523	false	true	false
pss_wip.ncx_deadm_regime	pss_wip	1702480	1702480	1	isabelle/layerB/pss_wip.thy	77627	false	true	false
pss_wip.c3vx_KER_step	pss_wip	1702750	1702750	1	isabelle/layerB/pss_wip.thy	77733	false	true	false
pss_wip.c3vx_veM_of_VEslice	pss_wip	1702980	1702980	1	isabelle/layerB/pss_wip.thy	77759	false	true	false
pss_wip.c3vx_veL_of_VEslice	pss_wip	1703312	1703312	1	isabelle/layerB/pss_wip.thy	77811	false	true	false
pss_wip.c3vx_baseML_of_VEslices	pss_wip	1703854	1703854	1	isabelle/layerB/pss_wip.thy	77908	false	true	false
pss_wip.c3vx_condIII_baseML_cf_of_VEslices	pss_wip	1704242	1704242	1	isabelle/layerB/pss_wip.thy	77940	false	true	false
pss_wip.maxl_ge	pss_wip	1704820	1704820	1	isabelle/layerB/pss_wip.thy	78029	false	true	false
pss_wip.bdepthP_pos	pss_wip	1705154	1705154	1	isabelle/layerB/pss_wip.thy	78036	false	true	false
pss_wip.bdepthP_head_le	pss_wip	1705160	1705160	1	isabelle/layerB/pss_wip.thy	78039	false	true	false
pss_wip.bdepthT_tl_le	pss_wip	1705168	1705168	1	isabelle/layerB/pss_wip.thy	78046	false	true	false
pss_wip.bdepthT_zero_nil	pss_wip	1705174	1705174	1	isabelle/layerB/pss_wip.thy	78057	false	true	false
pss_wip.maxl_le_sum_list	pss_wip	1705182	1705182	1	isabelle/layerB/pss_wip.thy	78070	false	true	false
pss_wip.bdepthT_le_nrmT	pss_wip	1705194	1705194	1	isabelle/layerB/pss_wip.thy	78073	false	true	false
pss_wip.RPrel_bnd_subset_dep	pss_wip	1705274	1705274	1	isabelle/layerB/pss_wip.thy	78098	false	true	false
pss_wip.wfpd_RPrel_dep_0	pss_wip	1705600	1705600	1	isabelle/layerB/pss_wip.thy	78111	false	true	false
pss_wip.wfpd_wf_RPrel_dep_0	pss_wip	1705650	1705650	1	isabelle/layerB/pss_wip.thy	78119	false	true	false
pss_wip.wfpd_RPrel_dep_lex	pss_wip	1705826	1705826	1	isabelle/layerB/pss_wip.thy	78133	false	true	false
pss_wip.wfpd_NoBad_dep	pss_wip	1705918	1705918	1	isabelle/layerB/pss_wip.thy	78190	false	true	false
pss_wip.wfpd_tuple_lift_dep	pss_wip	1705956	1705956	1	isabelle/layerB/pss_wip.thy	78353	false	true	false
pss_wip.wfpd_wf_dep	pss_wip	1705972	1705972	1	isabelle/layerB/pss_wip.thy	78416	false	true	false
pss_wip.wfpd_wf_RPrel_dep	pss_wip	1705984	1705984	1	isabelle/layerB/pss_wip.thy	78430	false	true	false
pss_wip.wfpd_wf_RTrel_dep	pss_wip	1706000	1706000	1	isabelle/layerB/pss_wip.thy	78433	false	true	false
pss_wip.wfpd_wf_goal_dep	pss_wip	1706016	1706016	1	isabelle/layerB/pss_wip.thy	78440	false	true	false
pss_wip.wfpd_bounded_Rchain_impossible	pss_wip	1706042	1706042	1	isabelle/layerB/pss_wip.thy	78447	false	true	false
pss_wip.wfpd_infinite_Rchain_unbounded_depth	pss_wip	1706076	1706076	1	isabelle/layerB/pss_wip.thy	78458	false	true	false
pss_wip.wfpd_wf_RPrel_iff_no_unbounded_depth	pss_wip	1706116	1706116	1	isabelle/layerB/pss_wip.thy	78471	false	true	false
pss_wip.wfpd_bounded_Tchain_impossible	pss_wip	1706156	1706156	1	isabelle/layerB/pss_wip.thy	78499	false	true	false
pss_wip.wfpd_wf_RTrel_iff_no_unbounded_depth	pss_wip	1706204	1706204	1	isabelle/layerB/pss_wip.thy	78510	false	true	false
pss_wip.c2lx_lhs_ex_of_step	pss_wip	1706398	1706398	1	isabelle/layerB/pss_wip.thy	78568	false	true	false
pss_wip.c4cx2_condIV_mnform_of_slice	pss_wip	1706568	1706568	1	isabelle/layerB/pss_wip.thy	78663	false	true	false
pss_wip.w84x_slice_value_of_reg	pss_wip	1706582	1706582	1	isabelle/layerB/pss_wip.thy	78815	false	true	false
pss_wip.w84x_reg_mono	pss_wip	1706596	1706596	1	isabelle/layerB/pss_wip.thy	78842	false	false	false
pss_wip.w84x_tail_share_of_reg	pss_wip	1706606	1706606	1	isabelle/layerB/pss_wip.thy	78864	false	true	false
pss_wip.w84x_scb_unlift	pss_wip	1706614	1706614	1	isabelle/layerB/pss_wip.thy	78906	false	true	false
pss_wip.w84x_subslice_value	pss_wip	1706630	1706630	1	isabelle/layerB/pss_wip.thy	78924	false	true	false
pss_wip.w84x_sliceVE_of_hostreg	pss_wip	1706682	1706682	1	isabelle/layerB/pss_wip.thy	78954	false	true	false
pss_wip.w84x_condIII_baseML_of_sliceregs	pss_wip	1706712	1706712	1	isabelle/layerB/pss_wip.thy	78997	false	true	false
pss_wip.w84x_condIII_baseML_cf_of_sliceregs	pss_wip	1706836	1706836	1	isabelle/layerB/pss_wip.thy	79017	false	true	false
pss_wip.w84x_d4b_of_regS	pss_wip	1706964	1706964	1	isabelle/layerB/pss_wip.thy	79063	false	true	false
pss_wip.w84x_d4a_of_regSP	pss_wip	1707032	1707032	1	isabelle/layerB/pss_wip.thy	79116	false	true	false
pss_wip.w84x_d4b_dispatch	pss_wip	1707042	1707042	1	isabelle/layerB/pss_wip.thy	79198	false	true	false
pss_wip.w84x_d4a_dispatch	pss_wip	1707090	1707090	1	isabelle/layerB/pss_wip.thy	79221	false	true	false
pss_wip.w84x_various_scb_IIIIV_of_sliceregs	pss_wip	1707286	1707286	1	isabelle/layerB/pss_wip.thy	79251	false	true	false
pss_wip.w84x_TN_c2_of_admeq	pss_wip	1707400	1707400	1	isabelle/layerB/pss_wip.thy	79336	false	true	false
pss_wip.w84x_PN_c1_of_admeq	pss_wip	1707428	1707428	1	isabelle/layerB/pss_wip.thy	79359	false	true	false
pss_wip.w84x_d2_IIIV_dispatch	pss_wip	1707438	1707438	1	isabelle/layerB/pss_wip.thy	79420	false	true	false
pss_wip.w84x_d3_IIIV_dispatch	pss_wip	1707474	1707474	1	isabelle/layerB/pss_wip.thy	79495	false	true	false
pss_wip.w84x_various_scb_IIIV_of_sliceregs	pss_wip	1707658	1707658	1	isabelle/layerB/pss_wip.thy	79569	false	true	false
pss_wip.w84x_VE_m0	pss_wip	1707746	1707746	1	isabelle/layerB/pss_wip.thy	79626	false	false	false
pss_wip.w84x_condIII_baseML_cf_final	pss_wip	1708076	1708076	1	isabelle/layerB/pss_wip.thy	79635	false	true	false
pss_wip.w84x_flat_head_Dpt	pss_wip	1708142	1708142	1	isabelle/layerB/pss_wip.thy	79726	false	true	false
pss_wip.w84x_bpHeadT_TB	pss_wip	1708168	1708168	1	isabelle/layerB/pss_wip.thy	79757	false	true	false
pss_wip.w84x_le1_entry_mono	pss_wip	1708206	1708206	1	isabelle/layerB/pss_wip.thy	79779	false	false	false
pss_wip.w84x_exchange13_core	pss_wip	1708368	1708368	1	isabelle/layerB/pss_wip.thy	79789	false	true	false
pss_wip.w84x_condIII_mnform_of_sliceregs	pss_wip	1708538	1708538	1	isabelle/layerB/pss_wip.thy	79926	false	true	false
pss_wip.w84x_condIII_exchange13_of_sliceregs	pss_wip	1708726	1708726	1	isabelle/layerB/pss_wip.thy	80239	false	true	false
pss_wip.w84x_condIII_descent_of_sliceregs	pss_wip	1708818	1708818	1	isabelle/layerB/pss_wip.thy	80363	false	true	false
pss_wip.w84x_condIII_exchange_full_of_sliceregs	pss_wip	1709134	1709134	1	isabelle/layerB/pss_wip.thy	80448	false	true	false
pss_wip.w84x_regPred_of_reg	pss_wip	1709210	1709210	1	isabelle/layerB/pss_wip.thy	80497	false	true	false
pss_wip.wnx_le0_adjacent_step	pss_wip	1709282	1709282	1	isabelle/layerB/pss_wip.thy	80586	false	false	false
pss_wip.wnx_adjacent_parent0	pss_wip	1709336	1709338	2	isabelle/layerB/pss_wip.thy	80601	false	false	false
pss_wip.wnx_adjacent_parent1	pss_wip	1709430	1709432	2	isabelle/layerB/pss_wip.thy	80633	false	false	false
pss_wip.wnx_no_parent0_col0	pss_wip	1709472	1709472	1	isabelle/layerB/pss_wip.thy	80667	false	true	false
pss_wip.wnx_col0_diag	pss_wip	1709490	1709490	1	isabelle/layerB/pss_wip.thy	80674	false	true	false
pss_wip.wnx_condA_step	pss_wip	1709544	1709544	1	isabelle/layerB/pss_wip.thy	80685	false	true	false
pss_wip.wnx_run_nadm	pss_wip	1709614	1709614	1	isabelle/layerB/pss_wip.thy	80695	false	false	false
pss_wip.wnx_run_step_entries	pss_wip	1709742	1709744	2	isabelle/layerB/pss_wip.thy	80710	false	true	false
pss_wip.wnx_run_entries	pss_wip	1709898	1709898	1	isabelle/layerB/pss_wip.thy	80739	false	true	false
pss_wip.wnx_seg_transport	pss_wip	1710026	1710030	3	isabelle/layerB/pss_wip.thy	80767	false	true	false
pss_wip.wnx_transfer_of_reg	pss_wip	1710084	1710084	1	isabelle/layerB/pss_wip.thy	80867	false	true	false
pss_wip.wnx_trunk_diagSeq	pss_wip	1710162	1710162	1	isabelle/layerB/pss_wip.thy	80890	false	true	false
pss_wip.wnx_trunk_transfer	pss_wip	1710250	1710250	1	isabelle/layerB/pss_wip.thy	80956	false	true	false
pss_wip.wnx_setup	pss_wip	1710400	1710416	7	isabelle/layerB/pss_wip.thy	81008	false	true	false
pss_wip.wnx_reg_c1	pss_wip	1710564	1710570	3	isabelle/layerB/pss_wip.thy	81070	false	true	false
pss_wip.wnx_W2nostr_c1	pss_wip	1710610	1710610	1	isabelle/layerB/pss_wip.thy	81279	false	true	false
pss_wip.wnx_W2nostr_c2	pss_wip	1710686	1710686	1	isabelle/layerB/pss_wip.thy	81304	false	true	false
pss_wip.wnx_nf3x	pss_wip	1710928	1710928	1	isabelle/layerB/pss_wip.thy	81434	false	true	false
pss_wip.s2x_RA_mono_unfold	pss_wip	1711204	1711204	1	isabelle/layerB/pss_wip.thy	81573	false	true	false
pss_wip.s2x_RA_single_col	pss_wip	1711294	1711294	1	isabelle/layerB/pss_wip.thy	81623	false	true	false
pss_wip.s2x_chain	pss_wip	1711534	1711534	1	isabelle/layerB/pss_wip.thy	81649	false	true	false
pss_wip.s2x_sharp_of_atoms	pss_wip	1711708	1711708	1	isabelle/layerB/pss_wip.thy	81955	false	true	false
pss_wip.s2x_lph_of_atoms	pss_wip	1711992	1711992	1	isabelle/layerB/pss_wip.thy	82031	false	true	false
pss_wip.s2x_c2L1_of_atoms	pss_wip	1712318	1712318	1	isabelle/layerB/pss_wip.thy	82056	false	true	false
pss_wip.scx_addBT_assoc	pss_wip	1712344	1712344	1	isabelle/layerB/pss_wip.thy	82123	false	true	false
pss_wip.scx_addBT_0left	pss_wip	1712378	1712378	1	isabelle/layerB/pss_wip.thy	82126	false	true	false
pss_wip.scx_TB_zero	pss_wip	1712404	1712404	1	isabelle/layerB/pss_wip.thy	82129	false	true	false
pss_wip.scx_TB_addBT	pss_wip	1712476	1712476	1	isabelle/layerB/pss_wip.thy	82132	false	true	false
pss_wip.scx_TB_multBT	pss_wip	1712516	1712516	1	isabelle/layerB/pss_wip.thy	82135	false	true	false
pss_wip.scx_TB_Dpt	pss_wip	1712544	1712544	1	isabelle/layerB/pss_wip.thy	82138	false	true	false
pss_wip.scx_TB_Dpt_body	pss_wip	1712598	1712598	1	isabelle/layerB/pss_wip.thy	82141	false	true	false
pss_wip.scx_TB_addBT_left	pss_wip	1712628	1712628	1	isabelle/layerB/pss_wip.thy	82144	false	true	false
pss_wip.scx_TB_addBT_right	pss_wip	1712660	1712660	1	isabelle/layerB/pss_wip.thy	82147	false	true	false
pss_wip.scx_scb_compose	pss_wip	1712694	1712694	1	isabelle/layerB/pss_wip.thy	82153	false	false	false
pss_wip.scx_take_RT_PS	pss_wip	1712718	1712718	1	isabelle/layerB/pss_wip.thy	82171	false	true	false
pss_wip.scx_seg0_RT_PS	pss_wip	1712752	1712752	1	isabelle/layerB/pss_wip.thy	82199	false	true	false
pss_wip.scx_map_block_seg	pss_wip	1712808	1712808	1	isabelle/layerB/pss_wip.thy	82210	false	false	false
pss_wip.scx_row1_bound	pss_wip	1712822	1712822	1	isabelle/layerB/pss_wip.thy	82228	false	true	false
pss_wip.scx_le0_to_parent	pss_wip	1712840	1712840	1	isabelle/layerB/pss_wip.thy	82278	false	false	false
pss_wip.scx_hasParent_of_le0	pss_wip	1712868	1712868	1	isabelle/layerB/pss_wip.thy	82297	false	false	false
pss_wip.scx_host_basic	pss_wip	1713070	1713100	8	isabelle/layerB/pss_wip.thy	82322	false	true	false
pss_wip.scx_operI_nth_le_j0	pss_wip	1713168	1713168	1	isabelle/layerB/pss_wip.thy	82361	false	true	false
pss_wip.scx_N_facts	pss_wip	1713730	1713800	18	isabelle/layerB/pss_wip.thy	82405	false	true	false
pss_wip.scx_mark_idx	pss_wip	1714148	1714148	1	isabelle/layerB/pss_wip.thy	82604	false	true	false
pss_wip.scx_c1_w1	pss_wip	1714276	1714276	1	isabelle/layerB/pss_wip.thy	82645	false	true	false
pss_wip.scx_marked_jm1p	pss_wip	1714440	1714440	1	isabelle/layerB/pss_wip.thy	82685	false	true	false
pss_wip.scx_mark_pin	pss_wip	1714770	1714770	1	isabelle/layerB/pss_wip.thy	82771	false	true	false
pss_wip.scx_stepA	pss_wip	1715316	1715316	1	isabelle/layerB/pss_wip.thy	82938	false	true	false
pss_wip.scx_stepB	pss_wip	1716114	1716114	1	isabelle/layerB/pss_wip.thy	83254	false	true	false
pss_wip.scx_condI_j0pos_masterCF	pss_wip	1716762	1716762	1	isabelle/layerB/pss_wip.thy	83639	false	true	false
pss_wip.scx_condI_exchange1	pss_wip	1716982	1716982	1	isabelle/layerB/pss_wip.thy	84103	false	true	false
pss_wip.scx_condI_descent	pss_wip	1717156	1717156	1	isabelle/layerB/pss_wip.thy	84167	false	true	false
pss_wip.c4dx_concat_singleton	pss_wip	1717220	1717220	1	isabelle/layerB/pss_wip.thy	84315	false	false	false
pss_wip.c4dx_lessBT_grow	pss_wip	1717278	1717278	1	isabelle/layerB/pss_wip.thy	84321	false	true	false
pss_wip.c4dx_uv	pss_wip	1717392	1717392	1	isabelle/layerB/pss_wip.thy	84338	false	true	false
pss_wip.c4dx_condIV_excl	pss_wip	1717436	1717444	4	isabelle/layerB/pss_wip.thy	84369	false	false	false
pss_wip.c4dx_condIV_c2body_shape	pss_wip	1717552	1717552	1	isabelle/layerB/pss_wip.thy	84387	false	true	false
pss_wip.c4dx_condIV_dbbody	pss_wip	1717572	1717572	1	isabelle/layerB/pss_wip.thy	84477	false	true	false
pss_wip.c4dx_condIV_k1	pss_wip	1717740	1717740	1	isabelle/layerB/pss_wip.thy	84541	false	true	false
pss_wip.c4dx_condIV_base1	pss_wip	1717948	1717948	1	isabelle/layerB/pss_wip.thy	84624	false	true	false
pss_wip.c4dx_condIV_exchange_assembled	pss_wip	1718432	1718432	1	isabelle/layerB/pss_wip.thy	84743	false	true	false
pss_wip.c4dx_d4vx_core_AX	pss_wip	1718488	1718488	1	isabelle/layerB/pss_wip.thy	84850	false	true	false
pss_wip.c4dx_condIV_exchange1	pss_wip	1718812	1718812	1	isabelle/layerB/pss_wip.thy	84869	false	true	false
pss_wip.c4dx_condIV_exchange12_assembled	pss_wip	1719102	1719102	1	isabelle/layerB/pss_wip.thy	84964	false	true	false
pss_wip.otx_replicate_snoc	pss_wip	1719190	1719190	1	isabelle/layerB/pss_wip.thy	85104	false	false	false
pss_wip.otx_op0_numBT	pss_wip	1719222	1719222	1	isabelle/layerB/pss_wip.thy	85107	false	true	false
pss_wip.otx_op0_iter_numBT	pss_wip	1719250	1719250	1	isabelle/layerB/pss_wip.thy	85159	false	true	false
pss_wip.otx_Dsucc_ne_numBT	pss_wip	1719292	1719292	1	isabelle/layerB/pss_wip.thy	85175	false	true	false
pss_wip.otx_stepval_refuted	pss_wip	1719522	1719522	1	isabelle/layerB/pss_wip.thy	85203	false	true	false
pss_wip.otx_condVI_adm_eq	pss_wip	1719620	1719620	1	isabelle/layerB/pss_wip.thy	85236	false	true	false
pss_wip.otx_stepval_condVI_adm	pss_wip	1719666	1719666	1	isabelle/layerB/pss_wip.thy	85249	false	true	false
pss_wip.otx_condVI_nadm_eq	pss_wip	1719680	1719680	1	isabelle/layerB/pss_wip.thy	85260	false	true	false
pss_wip.otx_stepval_condVI_nadm	pss_wip	1719718	1719718	1	isabelle/layerB/pss_wip.thy	85273	false	true	false
pss_wip.otx_condI_j0z_eq	pss_wip	1719728	1719728	1	isabelle/layerB/pss_wip.thy	85292	false	true	false
pss_wip.otx_stepval_condI_j0z	pss_wip	1719820	1719820	1	isabelle/layerB/pss_wip.thy	85319	false	true	false
pss_wip.otx_stepval_condI_n1	pss_wip	1719916	1719916	1	isabelle/layerB/pss_wip.thy	85329	false	true	false
pss_wip.otx_le0_le	pss_wip	1719978	1719978	1	isabelle/layerB/pss_wip.thy	85350	false	false	false
pss_wip.otx_nextrel0_zero_end	pss_wip	1720016	1720016	1	isabelle/layerB/pss_wip.thy	85362	false	true	false
pss_wip.otx_zerocol_multi	pss_wip	1720054	1720054	1	isabelle/layerB/pss_wip.thy	85376	false	true	false
pss_wip.otx_zerocol_Pcut	pss_wip	1720108	1720108	1	isabelle/layerB/pss_wip.thy	85394	false	true	false
pss_wip.otx_zerocol_Trans	pss_wip	1720170	1720170	1	isabelle/layerB/pss_wip.thy	85420	false	true	false
pss_wip.otx_operB_snoc_D00	pss_wip	1720180	1720180	1	isabelle/layerB/pss_wip.thy	85446	false	true	false
pss_wip.otx_zerocol_predval	pss_wip	1720192	1720192	1	isabelle/layerB/pss_wip.thy	85474	false	true	false
pss_wip.otx_zerocol_operval	pss_wip	1720222	1720222	1	isabelle/layerB/pss_wip.thy	85483	false	false	false
pss_wip.otx_stepval_zerocol	pss_wip	1720298	1720298	1	isabelle/layerB/pss_wip.thy	85494	false	true	false
pss_wip.otx_condI_j1eq1_eq	pss_wip	1720386	1720386	1	isabelle/layerB/pss_wip.thy	85516	false	true	false
pss_wip.otx_condVI_j1eq1_eq	pss_wip	1720478	1720478	1	isabelle/layerB/pss_wip.thy	85582	false	true	false
pss_wip.otx_OT_B_zero	pss_wip	1720520	1720520	1	isabelle/layerB/pss_wip.thy	85670	false	true	false
pss_wip.otx_Trans_preserves_OT_dispatch	pss_wip	1721214	1721214	1	isabelle/layerB/pss_wip.thy	85710	false	true	false
pss_wip.atx_condV_nadm_t2_components	pss_wip	1721346	1721346	1	isabelle/layerB/pss_wip.thy	86068	false	true	false
pss_wip.atx_notLD	pss_wip	1721356	1721356	1	isabelle/layerB/pss_wip.thy	86198	false	true	false
pss_wip.atx_c2L1	pss_wip	1721452	1721452	1	isabelle/layerB/pss_wip.thy	86248	false	true	false
pss_wip.atx_nf3x	pss_wip	1721768	1721768	1	isabelle/layerB/pss_wip.thy	86273	false	true	false
pss_wip.atx_Trans_oper_exchange_condV_nonadm_uncond	pss_wip	1721890	1721894	2	isabelle/layerB/pss_wip.thy	86315	false	true	false
pss_wip.atx_fseq_descend_dispatcher_Vclosed	pss_wip	1722664	1722664	1	isabelle/layerB/pss_wip.thy	86332	false	true	false
pss_wip.c2sx_addBT_0right	pss_wip	1723204	1723204	1	isabelle/layerB/pss_wip.thy	86455	false	true	false
pss_wip.c2sx_multBT_one	pss_wip	1723242	1723242	1	isabelle/layerB/pss_wip.thy	86458	false	true	false
pss_wip.c2sx_multBT_add	pss_wip	1723286	1723286	1	isabelle/layerB/pss_wip.thy	86461	false	true	false
pss_wip.c2sx_host_basic	pss_wip	1723506	1723536	12	isabelle/layerB/pss_wip.thy	86474	false	true	false
pss_wip.c2sx_c1_shape	pss_wip	1723662	1723668	4	isabelle/layerB/pss_wip.thy	86546	false	true	false
pss_wip.c2sx_c2_val	pss_wip	1723742	1723742	1	isabelle/layerB/pss_wip.thy	86603	false	true	false
pss_wip.c2sx_t2_split	pss_wip	1723816	1723820	3	isabelle/layerB/pss_wip.thy	86626	false	true	false
pss_wip.c2sx_N_facts	pss_wip	1724254	1724314	17	isabelle/layerB/pss_wip.thy	86706	false	true	false
pss_wip.c2sx_mark_idx	pss_wip	1724470	1724470	1	isabelle/layerB/pss_wip.thy	86987	false	true	false
pss_wip.c2sx_marked_jm1	pss_wip	1724492	1724492	1	isabelle/layerB/pss_wip.thy	87021	false	true	false
pss_wip.c2sx_mark_pin	pss_wip	1724576	1724576	1	isabelle/layerB/pss_wip.thy	87033	false	true	false
pss_wip.c2sx_step	pss_wip	1725114	1725114	1	isabelle/layerB/pss_wip.thy	87202	false	true	false
pss_wip.c2sx_condII_masterCF	pss_wip	1725316	1725316	1	isabelle/layerB/pss_wip.thy	87430	false	true	false
pss_wip.c2sx_exchange_ex_condII_of_tailval	pss_wip	1725472	1725472	1	isabelle/layerB/pss_wip.thy	87577	false	true	false
pss_wip.c2sx_exchange2_condII_of_tailval	pss_wip	1725502	1725502	1	isabelle/layerB/pss_wip.thy	87603	false	true	false
pss_wip.c2sx_slice_jm1_c1	pss_wip	1725590	1725590	1	isabelle/layerB/pss_wip.thy	87633	false	true	false
pss_wip.c2sx_reach	pss_wip	1725728	1725740	4	isabelle/layerB/pss_wip.thy	87666	false	true	false
pss_wip.c2sx_tailval_trunk	pss_wip	1725836	1725836	1	isabelle/layerB/pss_wip.thy	87720	false	true	false
pss_wip.c2sx_tailval_of_reg	pss_wip	1725930	1725930	1	isabelle/layerB/pss_wip.thy	87838	false	true	false
pss_wip.c2sx_exchII_leg_of_tailval	pss_wip	1726116	1726116	1	isabelle/layerB/pss_wip.thy	87917	false	true	false
pss_wip.crx_dbbodyH	pss_wip	1726230	1726230	1	isabelle/layerB/pss_wip.thy	87961	false	true	false
pss_wip.crx_c2_shape_condIII	pss_wip	1726248	1726248	1	isabelle/layerB/pss_wip.thy	88353	false	false	false
pss_wip.crx_A0lt_of_nest	pss_wip	1726338	1726338	1	isabelle/layerB/pss_wip.thy	88367	false	true	false
pss_wip.crx_base1_of_nest	pss_wip	1726554	1726554	1	isabelle/layerB/pss_wip.thy	88419	false	true	false
pss_wip.crx_run_of_guard	pss_wip	1726598	1726598	1	isabelle/layerB/pss_wip.thy	88536	false	false	false
pss_wip.crx_base0_of_run	pss_wip	1726682	1726682	1	isabelle/layerB/pss_wip.thy	88555	false	true	false
pss_wip.crx_slice_red_value	pss_wip	1726746	1726746	1	isabelle/layerB/pss_wip.thy	88803	false	true	false
pss_wip.crx_slice_red_head	pss_wip	1726804	1726804	1	isabelle/layerB/pss_wip.thy	88896	false	true	false
pss_wip.crx_d4b_of_redreg	pss_wip	1726858	1726858	1	isabelle/layerB/pss_wip.thy	88934	false	true	false
pss_wip.crx_d4a_of_redreg	pss_wip	1726930	1726930	1	isabelle/layerB/pss_wip.thy	88991	false	true	false
pss_wip.crx_d4b_dispatch	pss_wip	1727038	1727038	1	isabelle/layerB/pss_wip.thy	89109	false	true	false
pss_wip.crx_d4a_dispatch	pss_wip	1727136	1727136	1	isabelle/layerB/pss_wip.thy	89133	false	true	false
pss_wip.crx_various_scb_IIIIV	pss_wip	1727614	1727614	1	isabelle/layerB/pss_wip.thy	89161	false	true	false
pss_wip.crx_condIII_mnform	pss_wip	1727930	1727930	1	isabelle/layerB/pss_wip.thy	89254	false	true	false
pss_wip.crx_condIII_exchange13	pss_wip	1728134	1728134	1	isabelle/layerB/pss_wip.thy	89557	false	true	false
pss_wip.crx_condIII_descent	pss_wip	1728298	1728298	1	isabelle/layerB/pss_wip.thy	89720	false	true	false
pss_wip.crx_condIII_exchange_full	pss_wip	1728426	1728426	1	isabelle/layerB/pss_wip.thy	89824	false	true	false
pss_wip.crx_trmax_run	pss_wip	1728448	1728448	1	isabelle/layerB/pss_wip.thy	89879	false	true	false
pss_wip.crx_regS_red_of_mcond	pss_wip	1728626	1728626	1	isabelle/layerB/pss_wip.thy	89979	false	true	false
pss_wip.cdx_addBT_left_cancel	pss_wip	1728666	1728666	1	isabelle/layerB/pss_wip.thy	90127	false	true	false
pss_wip.cdx_Dpt_inj	pss_wip	1728682	1728682	1	isabelle/layerB/pss_wip.thy	90137	false	true	false
pss_wip.cdx_condIIIV_scaffold	pss_wip	1728766	1728766	1	isabelle/layerB/pss_wip.thy	90145	false	true	false
pss_wip.cdx_d_le_joints	pss_wip	1728968	1728968	1	isabelle/layerB/pss_wip.thy	90230	false	true	false
pss_wip.cdx_tailval_notldj	pss_wip	1729414	1729414	1	isabelle/layerB/pss_wip.thy	90415	false	true	false
pss_wip.crg_regS_of_jointGeTrMax	pss_wip	1729526	1729526	1	isabelle/layerB/pss_wip.thy	90510	false	true	false
pss_wip.c4hx_leBT_lower_shift	pss_wip	1729620	1729620	1	isabelle/layerB/pss_wip.thy	90593	false	true	false
pss_wip.HB_condIV_t2_components	pss_wip	1729734	1729734	1	isabelle/layerB/pss_wip.thy	90609	false	true	false
pss_wip.c4hx_condIV_exchange_full_of_regimes	pss_wip	1730086	1730086	1	isabelle/layerB/pss_wip.thy	90884	false	true	false
pss_wip.vgx_Br_last_head	pss_wip	1730194	1730194	1	isabelle/layerB/pss_wip.thy	90964	false	true	false
pss_wip.vgx_LastStep_eqcase	pss_wip	1730268	1730268	1	isabelle/layerB/pss_wip.thy	90984	false	false	false
pss_wip.vgx_LastStep_elsecase	pss_wip	1730454	1730454	1	isabelle/layerB/pss_wip.thy	90993	false	false	false
pss_wip.vgx_LastStep_lt_Lng_Br	pss_wip	1730626	1730626	1	isabelle/layerB/pss_wip.thy	91009	false	false	false
pss_wip.vgx_LastStep_lt_of_guard	pss_wip	1730730	1730730	1	isabelle/layerB/pss_wip.thy	91032	false	true	false
pss_wip.vgx_geom_J1	pss_wip	1730790	1730790	1	isabelle/layerB/pss_wip.thy	91057	false	true	false
pss_wip.vgx_m1_bounds	pss_wip	1730860	1730860	1	isabelle/layerB/pss_wip.thy	91077	false	true	false
pss_wip.vgx_slice_Mp_mono	pss_wip	1730934	1730934	1	isabelle/layerB/pss_wip.thy	91098	false	true	false
pss_wip.vgx_slice_Np_mono	pss_wip	1730996	1730996	1	isabelle/layerB/pss_wip.thy	91120	false	true	false
pss_wip.vgx_slice_N_mono	pss_wip	1731070	1731070	1	isabelle/layerB/pss_wip.thy	91136	false	true	false
pss_wip.vgx_slice_princ	pss_wip	1731150	1731150	1	isabelle/layerB/pss_wip.thy	91167	false	true	false
pss_wip.vgx_condIIIV_of_VE	pss_wip	1731378	1731378	1	isabelle/layerB/pss_wip.thy	91228	false	true	false
pss_wip.vgx_VE2_of_reg	pss_wip	1731446	1731446	1	isabelle/layerB/pss_wip.thy	91332	false	true	false
pss_wip.crg_Br_empty_monoT	pss_wip	1731496	1731496	1	isabelle/layerB/pss_wip.thy	91380	false	true	false
pss_wip.crg_slice_value_of_trunk	pss_wip	1731570	1731570	1	isabelle/layerB/pss_wip.thy	91399	false	true	false
pss_wip.crg_slice_red_value_trunk	pss_wip	1731678	1731678	1	isabelle/layerB/pss_wip.thy	91461	false	true	false
pss_wip.crg_d4a_trunk	pss_wip	1731866	1731866	1	isabelle/layerB/pss_wip.thy	91554	false	true	false
pss_wip.crg_d4a_all	pss_wip	1731966	1731966	1	isabelle/layerB/pss_wip.thy	91688	false	true	false
pss_wip.crg_various_scb_IIIIV	pss_wip	1732596	1732596	1	isabelle/layerB/pss_wip.thy	91725	false	true	false
pss_wip.crg_condIII_mnform	pss_wip	1733182	1733182	1	isabelle/layerB/pss_wip.thy	91791	false	true	false
pss_wip.crg_condIII_exchange13	pss_wip	1733622	1733622	1	isabelle/layerB/pss_wip.thy	92094	false	true	false
pss_wip.crg_condIII_descent	pss_wip	1733926	1733926	1	isabelle/layerB/pss_wip.thy	92248	false	true	false
pss_wip.crg_condIII_exchange_full	pss_wip	1734262	1734262	1	isabelle/layerB/pss_wip.thy	92351	false	true	false
pss_wip.orx_OTint	pss_wip	1734934	1734934	1	isabelle/layerB/pss_wip.thy	92426	false	true	false
pss_wip.orx_OTpred	pss_wip	1735332	1735332	1	isabelle/layerB/pss_wip.thy	92450	false	true	false
pss_wip.orx_OTmulti	pss_wip	1735570	1735570	1	isabelle/layerB/pss_wip.thy	92475	false	true	false
pss_wip.orx_Trans_preserves_OT	pss_wip	1736228	1736228	1	isabelle/layerB/pss_wip.thy	92506	false	true	false
pss_wip.vg2x_prefix_geom	pss_wip	1736502	1736502	1	isabelle/layerB/pss_wip.thy	92559	false	true	false
pss_wip.vg2x_prefix_TrMax	pss_wip	1736622	1736622	1	isabelle/layerB/pss_wip.thy	92663	false	true	false
pss_wip.vg2x_prefix_Br	pss_wip	1736694	1736694	1	isabelle/layerB/pss_wip.thy	92668	false	true	false
pss_wip.vg2x_prefix_LngBr	pss_wip	1736802	1736802	1	isabelle/layerB/pss_wip.thy	92673	false	true	false
pss_wip.vg2x_prefix_bgt	pss_wip	1736860	1736860	1	isabelle/layerB/pss_wip.thy	92678	false	true	false
pss_wip.vg2x_prefix_blt	pss_wip	1736882	1736882	1	isabelle/layerB/pss_wip.thy	92683	false	true	false
pss_wip.vg2x_N_DT	pss_wip	1736916	1736916	1	isabelle/layerB/pss_wip.thy	92691	false	true	false
pss_wip.vg2x_prefix_fn	pss_wip	1736962	1736962	1	isabelle/layerB/pss_wip.thy	92711	false	true	false
pss_wip.vg2x_prefix_entry	pss_wip	1737058	1737058	1	isabelle/layerB/pss_wip.thy	92744	false	true	false
pss_wip.vg2x_prefix_joints	pss_wip	1737200	1737200	1	isabelle/layerB/pss_wip.thy	92780	false	true	false
pss_wip.vg2x_trunk_prefix	pss_wip	1737300	1737300	1	isabelle/layerB/pss_wip.thy	92832	false	true	false
pss_wip.vg2x_eqdiag_M	pss_wip	1737620	1737620	1	isabelle/layerB/pss_wip.thy	92870	false	true	false
pss_wip.vg2x_cfbx_reg	pss_wip	1737934	1737934	1	isabelle/layerB/pss_wip.thy	92971	false	true	false
pss_wip.vg2x_VE2_reg	pss_wip	1738034	1738034	1	isabelle/layerB/pss_wip.thy	93037	false	true	false
pss_wip.vg2x_VE2_trunk	pss_wip	1738086	1738086	1	isabelle/layerB/pss_wip.thy	93069	false	true	false
pss_wip.vg2x_VE2	pss_wip	1738158	1738158	1	isabelle/layerB/pss_wip.thy	93126	false	true	false
pss_wip.vg2x_VE34_backpeel	pss_wip	1738532	1738532	1	isabelle/layerB/pss_wip.thy	93197	false	true	false
pss_wip.vg2x_VE34_of_reg	pss_wip	1738836	1738836	1	isabelle/layerB/pss_wip.thy	93247	false	true	false
pss_wip.c3cx_nextrel0_adj_of_le0	pss_wip	1738920	1738920	1	isabelle/layerB/pss_wip.thy	93320	false	false	false
pss_wip.c3cx_M0RUN_of_a	pss_wip	1739016	1739016	1	isabelle/layerB/pss_wip.thy	93354	false	false	false
pss_wip.c4wx_d3_all	pss_wip	1739204	1739204	1	isabelle/layerB/pss_wip.thy	93453	false	true	false
pss_wip.c4wx_condIV_exchange_full_of_regimes	pss_wip	1739580	1739580	1	isabelle/layerB/pss_wip.thy	93570	false	true	false
pss_wip.mcx_d_le_last_joint	pss_wip	1739736	1739736	1	isabelle/layerB/pss_wip.thy	93647	false	true	false
pss_wip.mcx_MCOND_RN	pss_wip	1740262	1740262	1	isabelle/layerB/pss_wip.thy	93796	false	true	false
pss_wip.mcx_regS	pss_wip	1740366	1740366	1	isabelle/layerB/pss_wip.thy	94021	false	true	false
pss_wip.mcx_regSP_of_diag	pss_wip	1740778	1740778	1	isabelle/layerB/pss_wip.thy	94051	false	true	false
pss_wip.vg3x_le0_lt1	pss_wip	1740818	1740818	1	isabelle/layerB/pss_wip.thy	94242	false	false	false
pss_wip.vg3x_le0_lt2	pss_wip	1740848	1740848	1	isabelle/layerB/pss_wip.thy	94243	false	false	false
pss_wip.vg3x_le0_rtc	pss_wip	1740882	1740882	1	isabelle/layerB/pss_wip.thy	94244	false	false	false
pss_wip.vg3x_nextrel0_imp_le0	pss_wip	1740910	1740910	1	isabelle/layerB/pss_wip.thy	94245	false	false	false
pss_wip.vg3x_row1_parent_of_le0ances	pss_wip	1740986	1740986	1	isabelle/layerB/pss_wip.thy	94255	false	true	false
pss_wip.vg3x_row1_le_row0	pss_wip	1741066	1741066	1	isabelle/layerB/pss_wip.thy	94312	false	true	false
pss_wip.vg3x_ROW10	pss_wip	1741162	1741162	1	isabelle/layerB/pss_wip.thy	94397	false	true	false
pss_wip.vg3x_VE2	pss_wip	1741526	1741526	1	isabelle/layerB/pss_wip.thy	94418	false	true	false
pss_wip.vg3x_VE34_backpeel	pss_wip	1741892	1741892	1	isabelle/layerB/pss_wip.thy	94480	false	true	false
pss_wip.vg3x_VE34_of_DT	pss_wip	1742200	1742200	1	isabelle/layerB/pss_wip.thy	94529	false	true	false
pss_wip.otlx_OTint_of_operB_eq	pss_wip	1742328	1742328	1	isabelle/layerB/pss_wip.thy	94633	false	true	false
pss_wip.otlx_OTint_of_op0tower	pss_wip	1742486	1742486	1	isabelle/layerB/pss_wip.thy	94646	false	true	false
pss_wip.otlx_OTint_condVI	pss_wip	1742624	1742624	1	isabelle/layerB/pss_wip.thy	94663	false	true	false
pss_wip.otlx_OTint_condI	pss_wip	1742740	1742740	1	isabelle/layerB/pss_wip.thy	94690	false	true	false
pss_wip.otlx_OTint_condV_adm	pss_wip	1742920	1742920	1	isabelle/layerB/pss_wip.thy	94707	false	true	false
pss_wip.otlx_OTint_local	pss_wip	1743582	1743582	1	isabelle/layerB/pss_wip.thy	94725	false	true	false
pss_wip.otlx_Trans_preserves_OT_localOTint	pss_wip	1745366	1745366	1	isabelle/layerB/pss_wip.thy	94788	false	true	false
pss_wip.dgx_regSP_diag_of_lt	pss_wip	1745960	1745960	1	isabelle/layerB/pss_wip.thy	94864	false	true	false
pss_wip.dgx_regSP_of_lt	pss_wip	1746188	1746188	1	isabelle/layerB/pss_wip.thy	95014	false	true	false
pss_wip.dgx_M0RUN_ineq_of_le0anc	pss_wip	1746274	1746274	1	isabelle/layerB/pss_wip.thy	95054	false	false	false
pss_wip.dgx_M0RUN_of_le0anc	pss_wip	1746350	1746350	1	isabelle/layerB/pss_wip.thy	95072	false	false	false
pss_wip.vg4x_VE34_backpeel	pss_wip	1746700	1746700	1	isabelle/layerB/pss_wip.thy	95133	false	true	false
pss_wip.vg4x_RPERS	pss_wip	1746822	1746822	1	isabelle/layerB/pss_wip.thy	95186	false	true	false
pss_wip.vg4x_VE34_of_DT	pss_wip	1747050	1747050	1	isabelle/layerB/pss_wip.thy	95296	false	true	false
pss_wip.vg4x_base_transJ0	pss_wip	1747170	1747170	1	isabelle/layerB/pss_wip.thy	95326	false	false	false
pss_wip.vg4x_base_nadm	pss_wip	1747224	1747224	1	isabelle/layerB/pss_wip.thy	95342	false	false	false
pss_wip.vg4x_base_Adm0	pss_wip	1747280	1747280	1	isabelle/layerB/pss_wip.thy	95362	false	true	false
pss_wip.vg4x_base_j1gt	pss_wip	1747344	1747344	1	isabelle/layerB/pss_wip.thy	95382	false	true	false
pss_wip.vg4x_base_notCondA	pss_wip	1747456	1747456	1	isabelle/layerB/pss_wip.thy	95408	false	true	false
pss_wip.c4rx_condIV_regS_of_noguard	pss_wip	1747534	1747534	1	isabelle/layerB/pss_wip.thy	95502	false	false	false
pss_wip.c4rx_condIV_exchange_full	pss_wip	1747908	1747908	1	isabelle/layerB/pss_wip.thy	95512	false	true	false
pss_wip.cfvx_OTint_condV_adm_split	pss_wip	1748184	1748184	1	isabelle/layerB/pss_wip.thy	95585	false	true	false
pss_wip.cfvx_OTint_local_condVadm_corrected	pss_wip	1749058	1749058	1	isabelle/layerB/pss_wip.thy	95612	false	true	false
pss_wip.lbx_nextrel0_jm2_succ	pss_wip	1749116	1749116	1	isabelle/layerB/pss_wip.thy	95716	false	false	false
pss_wip.lbx_row0_diag_step	pss_wip	1749168	1749168	1	isabelle/layerB/pss_wip.thy	95730	false	true	false
pss_wip.lbx_le0_jm2_j0	pss_wip	1749208	1749208	1	isabelle/layerB/pss_wip.thy	95750	false	false	false
pss_wip.lbx_M0RUN_of_anc0	pss_wip	1749266	1749266	1	isabelle/layerB/pss_wip.thy	95780	false	false	false
pss_wip.lbx_condIII_exchange_full_of_anc0	pss_wip	1749446	1749446	1	isabelle/layerB/pss_wip.thy	95803	false	true	false
pss_wip.lbx_crg_condIII_exchange_full_reduced	pss_wip	1749672	1749672	1	isabelle/layerB/pss_wip.thy	95844	false	true	false
pss_wip.vg5x_base_transM_form	pss_wip	1749774	1749774	1	isabelle/layerB/pss_wip.thy	95906	false	true	false
pss_wip.vg5x_base_VE34_of_bridges	pss_wip	1749836	1749836	1	isabelle/layerB/pss_wip.thy	95982	false	true	false
pss_wip.vg5x_base_VE34_modBridges	pss_wip	1749866	1749866	1	isabelle/layerB/pss_wip.thy	96028	false	true	false
pss_wip.otx_otIII_of_keystone	pss_wip	1750212	1750212	1	isabelle/layerB/pss_wip.thy	96150	false	true	false
pss_wip.otx_otIV_of_keystone	pss_wip	1750338	1750338	1	isabelle/layerB/pss_wip.thy	96173	false	true	false
pss_wip.otx_otVnadm_of_keystone	pss_wip	1750844	1750844	1	isabelle/layerB/pss_wip.thy	96196	false	true	false
pss_wip.otx_otVadmDeep_of_keystone	pss_wip	1751326	1751326	1	isabelle/layerB/pss_wip.thy	96220	false	true	false
pss_wip.lb2x_nextrel0_condA	pss_wip	1751482	1751482	1	isabelle/layerB/pss_wip.thy	96275	false	true	false
pss_wip.lb2x_le0_row0_bound	pss_wip	1751556	1751556	1	isabelle/layerB/pss_wip.thy	96308	false	true	false
pss_wip.lb2x_le0_gap_consec	pss_wip	1751570	1751570	1	isabelle/layerB/pss_wip.thy	96331	false	true	false
pss_wip.lb2x_anc0_of_wgap	pss_wip	1751580	1751580	1	isabelle/layerB/pss_wip.thy	96357	false	true	false
pss_wip.lb2x_crg_condIII_exchange_full_wgap	pss_wip	1751642	1751642	1	isabelle/layerB/pss_wip.thy	96380	false	true	false
pss_wip.lb2x_regSP_of_lt_eqd	pss_wip	1751664	1751664	1	isabelle/layerB/pss_wip.thy	96435	false	true	false
pss_wip.vg6x_addBT_split_lastD	pss_wip	1751682	1751682	1	isabelle/layerB/pss_wip.thy	96501	false	true	false
pss_wip.vg6x_bridges_of_VE34	pss_wip	1751716	1751716	1	isabelle/layerB/pss_wip.thy	96535	false	true	false
pss_wip.vg6x_base_princMp	pss_wip	1751754	1751754	1	isabelle/layerB/pss_wip.thy	96593	false	true	false
pss_wip.vg6x_base_princN	pss_wip	1751762	1751762	1	isabelle/layerB/pss_wip.thy	96622	false	true	false
pss_wip.vg6x_base_bridges_of_VE34	pss_wip	1751822	1751822	1	isabelle/layerB/pss_wip.thy	96658	false	true	false
pss_wip.vg6x_base_bridges_iff_VE34	pss_wip	1751848	1751848	1	isabelle/layerB/pss_wip.thy	96696	false	true	false
pss_wip.vs2x_addBT_assoc	pss_wip	1751856	1751856	1	isabelle/layerB/pss_wip.thy	96759	false	true	false
pss_wip.vs2x_addBT_ne0_left	pss_wip	1751866	1751866	1	isabelle/layerB/pss_wip.thy	96762	false	true	false
pss_wip.vs2x_VE34_step	pss_wip	1751900	1751900	1	isabelle/layerB/pss_wip.thy	96800	false	false	false
pss_wip.vs2x_VE34_step_of_residuals	pss_wip	1751938	1751938	1	isabelle/layerB/pss_wip.thy	96837	false	false	false
pss_wip.wgx37_m0run_ineq_of_e1ge	pss_wip	1751944	1751944	1	isabelle/layerB/pss_wip.thy	96914	false	false	false
pss_wip.wgx37_m0run_of_e1ge	pss_wip	1751950	1751950	1	isabelle/layerB/pss_wip.thy	96930	false	false	false
pss_wip.wgx37_e1ge_of_anc	pss_wip	1751956	1751956	1	isabelle/layerB/pss_wip.thy	96942	false	false	false
pss_wip.wgx37_condIII_exchange_full_of_ineq	pss_wip	1751984	1751984	1	isabelle/layerB/pss_wip.thy	96959	false	true	false
pss_wip.wgx37_condIII_exchange_full_of_e1ge	pss_wip	1752084	1752084	1	isabelle/layerB/pss_wip.thy	96990	false	true	false
pss_wip.slx37_strictlt_eqd	pss_wip	1752096	1752096	1	isabelle/layerB/pss_wip.thy	97052	false	true	false
pss_wip.slx37_regSP_uncond	pss_wip	1752102	1752102	1	isabelle/layerB/pss_wip.thy	97329	false	true	false
pss_wip.vg7x_reg4_DT	pss_wip	1752116	1752116	1	isabelle/layerB/pss_wip.thy	97389	false	false	false
pss_wip.vg7x_VE34_backpeel	pss_wip	1752124	1752124	1	isabelle/layerB/pss_wip.thy	97408	false	true	false
pss_wip.vg7x_RPERS	pss_wip	1752158	1752158	1	isabelle/layerB/pss_wip.thy	97463	false	true	false
pss_wip.vg7x_VE34_of_DT	pss_wip	1752420	1752420	1	isabelle/layerB/pss_wip.thy	97503	false	true	false
pss_wip.vg7x_condIIIV_of_DT	pss_wip	1752962	1752962	1	isabelle/layerB/pss_wip.thy	97539	false	true	false
pss_wip.e1x_child_is_FN	pss_wip	1753146	1753146	1	isabelle/layerB/pss_wip.thy	97622	false	true	false
pss_wip.e1x_ineq_nonanc	pss_wip	1753330	1753330	1	isabelle/layerB/pss_wip.thy	97657	false	true	false
pss_wip.e1x_e1ge_uncond	pss_wip	1753438	1753438	1	isabelle/layerB/pss_wip.thy	97869	false	true	false
pss_wip.e1x_condIII_exchange_full_uncond	pss_wip	1753636	1753636	1	isabelle/layerB/pss_wip.thy	97898	false	true	false
pss_wip.e1x_condIII_exchange_full_crg_uncond	pss_wip	1753844	1753844	1	isabelle/layerB/pss_wip.thy	97927	false	true	false
pss_wip.vg8x_base_transM_form	pss_wip	1753850	1753850	1	isabelle/layerB/pss_wip.thy	98001	false	true	false
pss_wip.vg8x_base_VE34_modBridges	pss_wip	1753898	1753898	1	isabelle/layerB/pss_wip.thy	98015	false	true	false
pss_wip.vg8x_BASE_of_bridgesR	pss_wip	1753948	1753948	1	isabelle/layerB/pss_wip.thy	98040	false	true	false
pss_wip.vg8x_VE34_of_DT_modBridgesR	pss_wip	1754016	1754016	1	isabelle/layerB/pss_wip.thy	98073	false	true	false
pss_wip.vg8x_terminal_slice_DT	pss_wip	1754044	1754044	1	isabelle/layerB/pss_wip.thy	98108	false	true	false
pss_wip.vs3x_addBT_lastidx	pss_wip	1754084	1754084	1	isabelle/layerB/pss_wip.thy	98177	false	true	false
pss_wip.vs3x_step_transM_form	pss_wip	1754090	1754090	1	isabelle/layerB/pss_wip.thy	98190	false	true	false
pss_wip.vs3x_VE34_step_modBridges	pss_wip	1754124	1754124	1	isabelle/layerB/pss_wip.thy	98378	false	true	false
pss_wip.vs3x_VE34_of_DT_modBridges	pss_wip	1754218	1754218	1	isabelle/layerB/pss_wip.thy	98421	false	true	false
pss_wip.cpx_d4a_all	pss_wip	1754298	1754298	1	isabelle/layerB/pss_wip.thy	98511	false	true	false
pss_wip.cpx_various_scb_IIIIV	pss_wip	1754982	1754982	1	isabelle/layerB/pss_wip.thy	98539	false	true	false
pss_wip.cpx_condIII_mnform	pss_wip	1755452	1755452	1	isabelle/layerB/pss_wip.thy	98605	false	true	false
pss_wip.cpx_condIII_exchange13	pss_wip	1755894	1755894	1	isabelle/layerB/pss_wip.thy	98908	false	true	false
pss_wip.cpx_condIII_descent	pss_wip	1756054	1756054	1	isabelle/layerB/pss_wip.thy	99062	false	true	false
pss_wip.cpx_condIII_exchange_full	pss_wip	1756224	1756224	1	isabelle/layerB/pss_wip.thy	99165	false	true	false
pss_wip.cpx_condIII_exchange_uncond	pss_wip	1756246	1756246	1	isabelle/layerB/pss_wip.thy	99204	false	true	false
pss_wip.cpx_exchIII_slot	pss_wip	1756370	1756370	1	isabelle/layerB/pss_wip.thy	99264	false	true	false
pss_wip.bux_terminal_slice_ready	pss_wip	1756452	1756452	1	isabelle/layerB/pss_wip.thy	99317	false	true	false
pss_wip.otkx_leBT_Trans_of_prefix	pss_wip	1756518	1756518	1	isabelle/layerB/pss_wip.thy	99437	false	true	false
pss_wip.otkx_multiD_of_pcomp_prefix	pss_wip	1756640	1756640	1	isabelle/layerB/pss_wip.thy	99455	false	true	false
pss_wip.kyx_terminal_slice_keystone	pss_wip	1756842	1756842	1	isabelle/layerB/pss_wip.thy	99548	false	true	false
pss_wip.kyx_terminal_slice_leadform	pss_wip	1756914	1756914	1	isabelle/layerB/pss_wip.thy	99604	false	true	false
pss_wip.kyx_bridgesU_of_readoff	pss_wip	1757046	1757046	1	isabelle/layerB/pss_wip.thy	99659	false	true	false
pss_wip.kyx_VE34_of_DT_modReadoff	pss_wip	1757208	1757208	1	isabelle/layerB/pss_wip.thy	99693	false	true	false
pss_wip.rgx_between_extends	pss_wip	1757284	1757284	1	isabelle/layerB/pss_wip.thy	99817	false	true	false
pss_wip.rgx_size_Trm_append	pss_wip	1757314	1757314	1	isabelle/layerB/pss_wip.thy	99859	false	true	false
pss_wip.rgx_gbt_prefix_restrict	pss_wip	1757368	1757368	1	isabelle/layerB/pss_wip.thy	99877	false	true	false
pss_wip.rgx_gbt_of_appg	pss_wip	1757460	1757460	1	isabelle/layerB/pss_wip.thy	99906	false	true	false
pss_wip.rgx_appg_split	pss_wip	1757536	1757536	1	isabelle/layerB/pss_wip.thy	99929	false	true	false
pss_wip.rgx_dstep_wholebody_case	pss_wip	1757670	1757670	1	isabelle/layerB/pss_wip.thy	99958	false	true	false
pss_wip.rgx_dstep_properprefix_case	pss_wip	1757762	1757762	1	isabelle/layerB/pss_wip.thy	100006	false	true	false
pss_wip.rgx_resid_of_parts	pss_wip	1758084	1758084	1	isabelle/layerB/pss_wip.thy	100047	false	true	false
pss_wip.rgx_Trans_preserves_OT_modIH	pss_wip	1758414	1758414	1	isabelle/layerB/pss_wip.thy	100209	false	true	false
pss_wip.rgx_Trans_preserves_OT_of_slots	pss_wip	1758822	1758822	1	isabelle/layerB/pss_wip.thy	100272	false	true	false
pss_wip.cpx_d2_condIV	pss_wip	1758864	1758864	1	isabelle/layerB/pss_wip.thy	100405	false	true	false
pss_wip.cpx_d3_condIV	pss_wip	1758882	1758882	1	isabelle/layerB/pss_wip.thy	100491	false	true	false
pss_wip.cpx_condIV_exchange_full	pss_wip	1758910	1758910	1	isabelle/layerB/pss_wip.thy	100623	false	true	false
pss_wip.cpx_condIV_exchange_uncond	pss_wip	1758930	1758930	1	isabelle/layerB/pss_wip.thy	100673	false	true	false
pss_wip.cnx_condIV_Trans_c2_decomp	pss_wip	1758948	1758948	1	isabelle/layerB/pss_wip.thy	100742	false	true	false
pss_wip.cnx_condIV_exchange_alluncond	pss_wip	1759040	1759040	1	isabelle/layerB/pss_wip.thy	100788	false	true	false
pss_wip.rdx_bridgesU_readoff	pss_wip	1759084	1759084	1	isabelle/layerB/pss_wip.thy	100874	false	true	false
pss_wip.rdx_VE34_of_DT	pss_wip	1759198	1759198	1	isabelle/layerB/pss_wip.thy	100928	false	true	false
pss_wip.snx_newOT_of_sliceTrans	pss_wip	1759472	1759472	1	isabelle/layerB/pss_wip.thy	101023	false	true	false
pss_wip.snx_slotNewOT_modSlice	pss_wip	1759630	1759630	1	isabelle/layerB/pss_wip.thy	101042	false	true	false
pss_wip.sax_slotAppg_modcore	pss_wip	1759802	1759802	1	isabelle/layerB/pss_wip.thy	101096	false	true	false
pss_wip.stx_slotTail_properprefix_from_descent	pss_wip	1759896	1759896	1	isabelle/layerB/pss_wip.thy	101167	false	true	false
pss_wip.npx_oper_noParent_Pred	pss_wip	1759986	1759986	1	isabelle/layerB/pss_wip.thy	101281	false	false	false
pss_wip.npx_le0_last_entry_ge	pss_wip	1760052	1760052	1	isabelle/layerB/pss_wip.thy	101304	false	false	false
pss_wip.npx_domB_TBv_head	pss_wip	1760124	1760124	1	isabelle/layerB/pss_wip.thy	101375	false	true	false
pss_wip.npx_domB_Trans_TBv	pss_wip	1760236	1760236	1	isabelle/layerB/pss_wip.thy	101419	false	true	false
pss_wip.npx_operB_numBT0_Pred_condIII	pss_wip	1760328	1760328	1	isabelle/layerB/pss_wip.thy	101500	false	true	false
pss_wip.npx_noParentPred	pss_wip	1760402	1760402	1	isabelle/layerB/pss_wip.thy	101595	false	true	false
pss_wip.npx_exchIII_slot_uncond	pss_wip	1760520	1760520	1	isabelle/layerB/pss_wip.thy	101624	false	true	false
pss_wip.cnv_condIV_ltJ	pss_wip	1760592	1760592	1	isabelle/layerB/pss_wip.thy	101690	false	true	false
pss_wip.cnv_c2_shape_condIV	pss_wip	1760698	1760698	1	isabelle/layerB/pss_wip.thy	101719	false	true	false
pss_wip.cnv_body_grow	pss_wip	1760758	1760758	1	isabelle/layerB/pss_wip.thy	101757	false	true	false
pss_wip.cnv_nested_hole_pair	pss_wip	1760812	1760812	1	isabelle/layerB/pss_wip.thy	101788	false	true	false
pss_wip.cnv_A0lt_of_nest	pss_wip	1760922	1760922	1	isabelle/layerB/pss_wip.thy	101843	false	true	false
pss_wip.cnv_base1_of_nest	pss_wip	1761058	1761058	1	isabelle/layerB/pss_wip.thy	101903	false	true	false
pss_wip.cnv_base0_of_run	pss_wip	1761240	1761240	1	isabelle/layerB/pss_wip.thy	102029	false	true	false
pss_wip.cnv_condIV_nonadmeq_exchange13	pss_wip	1761486	1761486	1	isabelle/layerB/pss_wip.thy	102242	false	true	false
pss_wip.cnv_condIV_nonadmeq_descent	pss_wip	1761708	1761708	1	isabelle/layerB/pss_wip.thy	102393	false	true	false
pss_wip.cnv_nonadmeq_exch	pss_wip	1761954	1761954	1	isabelle/layerB/pss_wip.thy	102500	false	true	false
pss_wip.cnv_condIV_exchange_final	pss_wip	1762186	1762186	1	isabelle/layerB/pss_wip.thy	102553	false	true	false
pss_wip.bpx_nth_overflow	pss_wip	1762380	1762380	1	isabelle/layerB/pss_wip.thy	102684	false	true	false
pss_wip.bpx_growth_transport	pss_wip	1762510	1762510	1	isabelle/layerB/pss_wip.thy	102702	false	true	false
pss_wip.bpx_step_setup	pss_wip	1762612	1762642	16	isabelle/layerB/pss_wip.thy	102730	false	true	false
pss_wip.bpx_Br_head_entries_Pred	pss_wip	1762668	1762670	2	isabelle/layerB/pss_wip.thy	102808	false	true	false
pss_wip.bpx_finset_Pred_eq	pss_wip	1762758	1762758	1	isabelle/layerB/pss_wip.thy	102840	false	true	false
pss_wip.bpx_fin_Pred	pss_wip	1762832	1762832	1	isabelle/layerB/pss_wip.thy	102857	false	true	false
pss_wip.bpx_LastStep_Pred	pss_wip	1762862	1762862	1	isabelle/layerB/pss_wip.thy	102872	false	true	false
pss_wip.bpx_m1_Pred	pss_wip	1762908	1762908	1	isabelle/layerB/pss_wip.thy	102914	false	true	false
pss_wip.bpx_front_Pred	pss_wip	1762928	1762928	1	isabelle/layerB/pss_wip.thy	102945	false	true	false
pss_wip.bpx_term_Pred	pss_wip	1762942	1762942	1	isabelle/layerB/pss_wip.thy	102981	false	true	false
pss_wip.bpx_VE3_step	pss_wip	1763072	1763072	1	isabelle/layerB/pss_wip.thy	103023	false	true	false
pss_wip.bpx_step_form_pinned	pss_wip	1763174	1763174	1	isabelle/layerB/pss_wip.thy	103085	false	true	false
pss_wip.bpx_VE34_step_modTSPIN	pss_wip	1763240	1763240	1	isabelle/layerB/pss_wip.thy	103234	false	true	false
pss_wip.bpx_VE34_backpeel_fin	pss_wip	1763500	1763500	1	isabelle/layerB/pss_wip.thy	103271	false	true	false
pss_wip.bpx_VE34_of_DT_modBASE_TSPIN	pss_wip	1763694	1763694	1	isabelle/layerB/pss_wip.thy	103347	false	true	false
pss_wip.spx_slotTail_eqhead_of_deposit_hosts	pss_wip	1763726	1763726	1	isabelle/layerB/pss_wip.thy	103456	false	true	false
pss_wip.spx_slotTail_modDevel	pss_wip	1763886	1763886	1	isabelle/layerB/pss_wip.thy	103484	false	true	false
pss_wip.tsx_scb_Dpt_lift	pss_wip	1763968	1763968	1	isabelle/layerB/pss_wip.thy	103577	false	true	false
pss_wip.tsx_jp_geom	pss_wip	1764252	1764264	7	isabelle/layerB/pss_wip.thy	103596	false	true	false
pss_wip.tsx_Mp_facts	pss_wip	1764610	1764638	8	isabelle/layerB/pss_wip.thy	103645	false	true	false
pss_wip.tsx_parent_slice	pss_wip	1764868	1764868	1	isabelle/layerB/pss_wip.thy	103685	false	true	false
pss_wip.tsx_Adm_slice	pss_wip	1765052	1765064	4	isabelle/layerB/pss_wip.thy	103729	false	true	false
pss_wip.tsx_c1_eq	pss_wip	1765200	1765200	1	isabelle/layerB/pss_wip.thy	103771	false	true	false
pss_wip.tsx_entry_transport	pss_wip	1765346	1765348	2	isabelle/layerB/pss_wip.thy	103899	false	true	false
pss_wip.tsx_cond_transport	pss_wip	1765374	1765380	4	isabelle/layerB/pss_wip.thy	103934	false	true	false
pss_wip.tsx_c2_eq	pss_wip	1765388	1765388	1	isabelle/layerB/pss_wip.thy	103971	false	true	false
pss_wip.tsx_t1_identified	pss_wip	1765426	1765432	2	isabelle/layerB/pss_wip.thy	104001	false	true	false
pss_wip.tsx_assembly	pss_wip	1765648	1765648	1	isabelle/layerB/pss_wip.thy	104073	false	true	false
pss_wip.tsx_TSPIN	pss_wip	1765848	1765848	1	isabelle/layerB/pss_wip.thy	104267	false	true	false
pss_wip.tsx_VE34_step	pss_wip	1766116	1766116	1	isabelle/layerB/pss_wip.thy	104300	false	true	false
pss_wip.tsx_VE34_of_DT_modBASE	pss_wip	1766424	1766424	1	isabelle/layerB/pss_wip.thy	104316	false	true	false
pss_wip.bfx_base_setup	pss_wip	1766578	1766604	12	isabelle/layerB/pss_wip.thy	104483	false	true	false
pss_wip.bfx_gtN	pss_wip	1766686	1766686	1	isabelle/layerB/pss_wip.thy	104527	false	true	false
pss_wip.bfx_LastStep_le	pss_wip	1766828	1766828	1	isabelle/layerB/pss_wip.thy	104553	false	true	false
pss_wip.bfx_run_prev	pss_wip	1767042	1767044	2	isabelle/layerB/pss_wip.thy	104581	false	true	false
pss_wip.bfx_JEQ	pss_wip	1767200	1767200	1	isabelle/layerB/pss_wip.thy	104639	false	true	false
pss_wip.bfx_BrLen_Pred_base	pss_wip	1767332	1767332	1	isabelle/layerB/pss_wip.thy	104718	false	true	false
pss_wip.bfx_BrPne_base	pss_wip	1767398	1767398	1	isabelle/layerB/pss_wip.thy	104731	false	true	false
pss_wip.bfx_TrMax_Pred_base	pss_wip	1767462	1767462	1	isabelle/layerB/pss_wip.thy	104744	false	true	false
pss_wip.bfx_PredDT_base	pss_wip	1767508	1767508	1	isabelle/layerB/pss_wip.thy	104755	false	true	false
pss_wip.bfx_head_Pred_base	pss_wip	1767600	1767604	2	isabelle/layerB/pss_wip.thy	104769	false	true	false
pss_wip.bfx_tgt_Pred_base	pss_wip	1767674	1767674	1	isabelle/layerB/pss_wip.thy	104789	false	true	false
pss_wip.bfx_gtP_base	pss_wip	1767684	1767684	1	isabelle/layerB/pss_wip.thy	104809	false	true	false
pss_wip.bfx_finset_mem_lt_base	pss_wip	1767696	1767696	1	isabelle/layerB/pss_wip.thy	104834	false	true	false
pss_wip.bfx_fin_Pred_base	pss_wip	1767702	1767702	1	isabelle/layerB/pss_wip.thy	104860	false	false	false
pss_wip.bfx_LastStep_Pred_base	pss_wip	1767708	1767708	1	isabelle/layerB/pss_wip.thy	104893	false	true	false
pss_wip.bfx_Joints_Pred_last	pss_wip	1767714	1767714	1	isabelle/layerB/pss_wip.thy	104946	false	true	false
pss_wip.bfx_FN_Pred_LS_base	pss_wip	1767720	1767720	1	isabelle/layerB/pss_wip.thy	104970	false	true	false
pss_wip.bfx_front_Pred_base	pss_wip	1767728	1767728	1	isabelle/layerB/pss_wip.thy	104988	false	true	false
pss_wip.bfx_term_Pred_base	pss_wip	1767734	1767734	1	isabelle/layerB/pss_wip.thy	105021	false	true	false
pss_wip.bfx_RPERS_base	pss_wip	1767742	1767742	1	isabelle/layerB/pss_wip.thy	105063	false	true	false
pss_wip.bfx_VE3_base_step	pss_wip	1767750	1767750	1	isabelle/layerB/pss_wip.thy	105113	false	true	false
pss_wip.bfx_VE34_base_step_modTSPIN	pss_wip	1767756	1767756	1	isabelle/layerB/pss_wip.thy	105174	false	true	false
pss_wip.bfx_VE34_base_run0_modTSPIN	pss_wip	1767766	1767766	1	isabelle/layerB/pss_wip.thy	105212	false	true	false
pss_wip.bfx_VE34_backpeel_fin3	pss_wip	1767772	1767772	1	isabelle/layerB/pss_wip.thy	105252	false	true	false
pss_wip.bfx_VE34_of_reg_modTSPIN_PIN_SPLIT0	pss_wip	1767778	1767778	1	isabelle/layerB/pss_wip.thy	105353	false	true	false
pss_wip.bfx_VE34_base_modTSPIN_PIN_SPLIT0	pss_wip	1767784	1767784	1	isabelle/layerB/pss_wip.thy	105438	false	true	false
pss_wip.bfx_VE34_of_DT_modTSPIN_PIN_SPLIT0	pss_wip	1767790	1767790	1	isabelle/layerB/pss_wip.thy	105477	false	true	false
pss_wip.dvx_standard_component	pss_wip	1767798	1767798	1	isabelle/layerB/pss_wip.thy	105605	false	true	false
pss_wip.dvx_standard_last_component	pss_wip	1767804	1767806	2	isabelle/layerB/pss_wip.thy	105614	false	true	false
pss_wip.dvx_multi_last_principal	pss_wip	1767812	1767812	1	isabelle/layerB/pss_wip.thy	105636	false	true	false
pss_wip.dvx_slice_of_multi_host	pss_wip	1767832	1767832	1	isabelle/layerB/pss_wip.thy	105654	false	true	false
pss_wip.dvx_devel_of_parts	pss_wip	1767838	1767838	1	isabelle/layerB/pss_wip.thy	105670	false	true	false
pss_wip.dvx_devel_of_devpair	pss_wip	1767860	1767860	1	isabelle/layerB/pss_wip.thy	105705	false	false	false
pss_wip.dvx_devpair_of_multi_host	pss_wip	1767880	1767880	1	isabelle/layerB/pss_wip.thy	105741	false	true	false
pss_wip.dvx_slotTail_modDevpair	pss_wip	1768004	1768004	1	isabelle/layerB/pss_wip.thy	105765	false	true	false
pss_wip.dvx_two_slots_of_devpair	pss_wip	1768162	1768162	1	isabelle/layerB/pss_wip.thy	105788	false	true	false
pss_wip.dpx_condIV_noParent_operB0	pss_wip	1768254	1768254	1	isabelle/layerB/pss_wip.thy	105911	false	true	false
pss_wip.dpx_exchIV_noParent	pss_wip	1768294	1768294	1	isabelle/layerB/pss_wip.thy	106063	false	true	false
pss_wip.dpx_exchIV_slot_uncond	pss_wip	1768340	1768340	1	isabelle/layerB/pss_wip.thy	106085	false	true	false
pss_wip.dpx_exchVI_slot_uncond	pss_wip	1768432	1768432	1	isabelle/layerB/pss_wip.thy	106114	false	true	false
pss_wip.dpx_fseq_descend_census	pss_wip	1768500	1768500	1	isabelle/layerB/pss_wip.thy	106162	false	true	false
pss_wip.bgx_base_core	pss_wip	1768540	1768554	8	isabelle/layerB/pss_wip.thy	106276	false	true	false
pss_wip.bgx_base_form_notleft	pss_wip	1768610	1768610	1	isabelle/layerB/pss_wip.thy	106329	false	true	false
pss_wip.bgx_base_form_left	pss_wip	1768660	1768660	1	isabelle/layerB/pss_wip.thy	106365	false	true	false
pss_wip.bgx_Mp_form	pss_wip	1768680	1768680	1	isabelle/layerB/pss_wip.thy	106407	false	true	false
pss_wip.bgx_VE34_base_step	pss_wip	1768694	1768694	1	isabelle/layerB/pss_wip.thy	106565	false	true	false
pss_wip.bgx_front_run0	pss_wip	1768708	1768708	1	isabelle/layerB/pss_wip.thy	106648	false	true	false
pss_wip.bgx_VE34_base_run0_mod	pss_wip	1768726	1768726	1	isabelle/layerB/pss_wip.thy	106689	false	true	false
pss_wip.bgx_VE34_of_reg_modNOTLEFT_HEADEQ	pss_wip	1768748	1768748	1	isabelle/layerB/pss_wip.thy	106728	false	true	false
pss_wip.bgx_headedge	pss_wip	1768790	1768790	1	isabelle/layerB/pss_wip.thy	106811	false	true	false
pss_wip.bgx_leBT_headV	pss_wip	1768798	1768798	1	isabelle/layerB/pss_wip.thy	106842	false	true	false
pss_wip.bgx_lastPB	pss_wip	1768822	1768822	1	isabelle/layerB/pss_wip.thy	106850	false	true	false
pss_wip.bgx_trunk_Trans	pss_wip	1768856	1768856	1	isabelle/layerB/pss_wip.thy	106875	false	true	false
pss_wip.bgx_notleft_run0	pss_wip	1768886	1768886	1	isabelle/layerB/pss_wip.thy	106972	false	true	false
pss_wip.bgx_VE34_of_reg_modHEADEQ	pss_wip	1768912	1768912	1	isabelle/layerB/pss_wip.thy	107245	false	true	false
pss_wip.bgx_VE34_of_DT_modHEADEQ	pss_wip	1768944	1768944	1	isabelle/layerB/pss_wip.thy	107275	false	true	false
pss_wip.dpr_oper_d01	pss_wip	1768954	1768954	1	isabelle/layerB/pss_wip.thy	107362	false	true	false
pss_wip.dpr_oper_d10	pss_wip	1768976	1768976	1	isabelle/layerB/pss_wip.thy	107383	false	true	false
pss_wip.dpr_corner_host_ST	pss_wip	1768988	1768988	1	isabelle/layerB/pss_wip.thy	107410	false	true	false
pss_wip.dpr_corner_Trans	pss_wip	1769002	1769002	1	isabelle/layerB/pss_wip.thy	107422	false	true	false
pss_wip.dpr_corner_slice	pss_wip	1769046	1769046	1	isabelle/layerB/pss_wip.thy	107429	false	true	false
pss_wip.dpr_devpair_of_eqdep	pss_wip	1769102	1769102	1	isabelle/layerB/pss_wip.thy	107444	false	false	false
pss_wip.dpr_devpair_corner	pss_wip	1769256	1769256	1	isabelle/layerB/pss_wip.thy	107466	false	true	false
pss_wip.dpr_dev_ST	pss_wip	1769442	1769442	1	isabelle/layerB/pss_wip.thy	107493	false	true	false
pss_wip.dpr_dev_lessBT	pss_wip	1769478	1769478	1	isabelle/layerB/pss_wip.thy	107502	false	true	false
pss_wip.dpr_devchain_of_devpair	pss_wip	1769560	1769560	1	isabelle/layerB/pss_wip.thy	107525	false	true	false
pss_wip.dpr_devel_of_devchain	pss_wip	1769710	1769710	1	isabelle/layerB/pss_wip.thy	107556	false	true	false
pss_wip.dpr_slotTail_modDevchain	pss_wip	1769734	1769734	1	isabelle/layerB/pss_wip.thy	107592	false	true	false
pss_wip.dpr_two_slots_of_devchain	pss_wip	1769768	1769768	1	isabelle/layerB/pss_wip.thy	107616	false	true	false
pss_wip.dpr_two_slots_corner	pss_wip	1769788	1769788	1	isabelle/layerB/pss_wip.thy	107653	false	true	false
pss_wip.hgx_lessBT_single_cons	pss_wip	1769798	1769798	1	isabelle/layerB/pss_wip.thy	107724	false	true	false
pss_wip.hgx_lessBT_leBT_trans	pss_wip	1769814	1769814	1	isabelle/layerB/pss_wip.thy	107743	false	true	false
pss_wip.hgx_dom_lift	pss_wip	1769820	1769820	1	isabelle/layerB/pss_wip.thy	107753	false	true	false
pss_wip.hgx_descP_ps_of_OT	pss_wip	1769826	1769826	1	isabelle/layerB/pss_wip.thy	107781	false	true	false
pss_wip.hgx_qltdep_of_depOT_headgap	pss_wip	1769832	1769832	1	isabelle/layerB/pss_wip.thy	107796	false	true	false
pss_wip.hgx_depdom_of_parts	pss_wip	1769840	1769840	1	isabelle/layerB/pss_wip.thy	107827	false	true	false
pss_wip.hgx_depdom_of_sliceV0	pss_wip	1769874	1769874	1	isabelle/layerB/pss_wip.thy	107865	false	true	false
pss_wip.hgx_qcore_of_depdom	pss_wip	1769972	1769972	1	isabelle/layerB/pss_wip.thy	107883	false	true	false
pss_wip.hgx_Gcore_of_depdom	pss_wip	1770056	1770056	1	isabelle/layerB/pss_wip.thy	107899	false	true	false
pss_wip.hgx_slotAppg_modDom	pss_wip	1770142	1770142	1	isabelle/layerB/pss_wip.thy	107923	false	true	false
pss_wip.hgx_slotAppg_modSliceGaps	pss_wip	1770186	1770186	1	isabelle/layerB/pss_wip.thy	107958	false	true	false
pss_wip.hgx_slotHeadWB_of_deple	pss_wip	1770278	1770278	1	isabelle/layerB/pss_wip.thy	108005	false	true	false
pss_wip.mdx_P_allpairs_leBT_modFseq	pss_wip	1770352	1770352	1	isabelle/layerB/pss_wip.thy	108087	false	true	false
pss_wip.mdx_comple_modFseq	pss_wip	1770404	1770404	1	isabelle/layerB/pss_wip.thy	108273	false	true	false
pss_wip.mdx_multiD	pss_wip	1770448	1770448	1	isabelle/layerB/pss_wip.thy	108301	false	true	false
pss_wip.mdx_Trans_preserves_OT_of_slots	pss_wip	1770698	1770698	1	isabelle/layerB/pss_wip.thy	108319	false	true	false
pss_wip.hqx_Pred_seg	pss_wip	1770732	1770732	1	isabelle/layerB/pss_wip.thy	108411	false	false	false
pss_wip.hqx_HEADEQ0	pss_wip	1770792	1770792	1	isabelle/layerB/pss_wip.thy	108441	false	true	false
pss_wip.hqx_VE34_of_reg	pss_wip	1770864	1770864	1	isabelle/layerB/pss_wip.thy	108690	false	true	false
pss_wip.hqx_VE34_of_DT	pss_wip	1770936	1770936	1	isabelle/layerB/pss_wip.thy	108701	false	true	false
pss_wip.hqx_condIIIV_of_DT	pss_wip	1771066	1771066	1	isabelle/layerB/pss_wip.thy	108722	false	true	false
pss_wip.dcx_Lng_funpow_IncrFirst	pss_wip	1771130	1771130	1	isabelle/layerB/pss_wip.thy	108858	false	false	false
pss_wip.dcx_shift_standard_Trans	pss_wip	1771178	1771178	1	isabelle/layerB/pss_wip.thy	108861	false	true	false
pss_wip.dcx_branch_Lng	pss_wip	1771208	1771208	1	isabelle/layerB/pss_wip.thy	108876	false	true	false
pss_wip.dcx_branchwit_of_readoff	pss_wip	1771238	1771238	1	isabelle/layerB/pss_wip.thy	108897	false	true	false
pss_wip.dcx_dev_two_step	pss_wip	1771272	1771272	1	isabelle/layerB/pss_wip.thy	108906	false	true	false
pss_wip.dcx_devchain_of_branchwit	pss_wip	1771332	1771332	1	isabelle/layerB/pss_wip.thy	108923	false	true	false
pss_wip.dcx_devchain	pss_wip	1771508	1771508	1	isabelle/layerB/pss_wip.thy	108963	false	true	false
pss_wip.dcx_two_slots	pss_wip	1771716	1771716	1	isabelle/layerB/pss_wip.thy	108991	false	true	false
pss_wip.dcx_slotTail	pss_wip	1771804	1771804	1	isabelle/layerB/pss_wip.thy	109022	false	true	false
pss_wip.dcx_slotNewOT	pss_wip	1771866	1771866	1	isabelle/layerB/pss_wip.thy	109042	false	true	false
pss_wip.ddx_lessBT_snoc	pss_wip	1771890	1771890	1	isabelle/layerB/pss_wip.thy	109110	false	true	false
pss_wip.ddx_keystone_realign	pss_wip	1771916	1771916	1	isabelle/layerB/pss_wip.thy	109126	false	true	false
pss_wip.ddx_preddom_of_predOT	pss_wip	1771922	1771922	1	isabelle/layerB/pss_wip.thy	109243	false	true	false
pss_wip.ddx_transfer_append	pss_wip	1771928	1771928	1	isabelle/layerB/pss_wip.thy	109265	false	true	false
pss_wip.ddx_transfer_of_append_shape	pss_wip	1771940	1771940	1	isabelle/layerB/pss_wip.thy	109372	false	true	false
pss_wip.ddx_depdom_modResid	pss_wip	1771960	1771960	1	isabelle/layerB/pss_wip.thy	109397	false	true	false
pss_wip.ddx_slotAppg	pss_wip	1771992	1771992	1	isabelle/layerB/pss_wip.thy	109452	false	true	false
pss_wip.asx_comple_of_allpairs	pss_wip	1772066	1772066	1	isabelle/layerB/pss_wip.thy	109616	false	true	false
pss_wip.asx_multiD_of_allpairs	pss_wip	1772216	1772216	1	isabelle/layerB/pss_wip.thy	109641	false	true	false
pss_wip.asx_Trans_OT_of_slots_allpairs	pss_wip	1772266	1772266	1	isabelle/layerB/pss_wip.thy	109656	false	true	false
pss_wip.asx_termination_census	pss_wip	1772334	1772336	2	isabelle/layerB/pss_wip.thy	109717	false	true	false
pss_wip.asx_joint_induction	pss_wip	1772348	1772348	1	isabelle/layerB/pss_wip.thy	109790	false	true	false
pss_wip.asx_fseqD_derived	pss_wip	1772354	1772354	1	isabelle/layerB/pss_wip.thy	109858	false	false	false
pss_wip.asx_allpairs_of_fseqD	pss_wip	1772360	1772360	1	isabelle/layerB/pss_wip.thy	109871	false	true	false
pss_wip.asx_devchain_takeover	pss_wip	1772384	1772384	1	isabelle/layerB/pss_wip.thy	109888	false	true	false
pss_wip.apx_Trans_OT_all_of_step	pss_wip	1772432	1772432	1	isabelle/layerB/pss_wip.thy	109980	false	true	false
pss_wip.apx_Trans_OT_all_of_otx_slots	pss_wip	1772526	1772526	1	isabelle/layerB/pss_wip.thy	110001	false	true	false
pss_wip.apx_descent_of_otx_slots	pss_wip	1772684	1772684	1	isabelle/layerB/pss_wip.thy	110041	false	true	false
pss_wip.apx_descent_of_step	pss_wip	1772776	1772776	1	isabelle/layerB/pss_wip.thy	110071	false	true	false
pss_wip.apx_fseqD_grounded	pss_wip	1772956	1772956	1	isabelle/layerB/pss_wip.thy	110095	false	true	false
pss_wip.apx_AP_grounded	pss_wip	1773090	1773090	1	isabelle/layerB/pss_wip.thy	110127	false	true	false
pss_wip.apx_AP_grounded_of_step	pss_wip	1773162	1773162	1	isabelle/layerB/pss_wip.thy	110164	false	true	false
pss_wip.apx_multiD_grounded	pss_wip	1773264	1773264	1	isabelle/layerB/pss_wip.thy	110199	false	true	false
pss_wip.apx_termination_final	pss_wip	1773434	1773436	2	isabelle/layerB/pss_wip.thy	110241	false	true	false
pss_wip.apx_termination_final_of_step	pss_wip	1773496	1773498	2	isabelle/layerB/pss_wip.thy	110278	false	true	false
pss_wip.apx_OTstep_of_otx_slots	pss_wip	1773512	1773512	1	isabelle/layerB/pss_wip.thy	110311	false	true	false
pss_wip.tvx_run_nadm_Rc	pss_wip	1773528	1773528	1	isabelle/layerB/pss_wip.thy	110390	false	true	false
pss_wip.tvx_d_lt_TrMax	pss_wip	1773544	1773544	1	isabelle/layerB/pss_wip.thy	110442	false	true	false
pss_wip.tvx_tailval_of_boundary	pss_wip	1773588	1773592	2	isabelle/layerB/pss_wip.thy	110527	false	true	false
pss_wip.tvx_TVall_of_residuals	pss_wip	1773748	1773748	1	isabelle/layerB/pss_wip.thy	110706	false	true	false
pss_wip.tvx_termination_modOT	pss_wip	1773978	1773980	2	isabelle/layerB/pss_wip.thy	110795	false	true	false
pss_wip.tvx_fn_row_bound	pss_wip	1774002	1774002	1	isabelle/layerB/pss_wip.thy	110857	false	true	false
pss_wip.tvx_TVall_of_LDJB_fin	pss_wip	1774014	1774014	1	isabelle/layerB/pss_wip.thy	110943	false	true	false
pss_wip.tvx_termination_modOT_sharp	pss_wip	1774036	1774038	2	isabelle/layerB/pss_wip.thy	110958	false	true	false
pss_wip.oix_lessBT_snoc_band	pss_wip	1774064	1774064	1	isabelle/layerB/pss_wip.thy	111068	false	true	false
pss_wip.oix_G_prefix_lt	pss_wip	1774074	1774074	1	isabelle/layerB/pss_wip.thy	111110	false	true	false
pss_wip.oix_concat_rep_snoc	pss_wip	1774280	1774280	1	isabelle/layerB/pss_wip.thy	111133	false	false	false
pss_wip.oix_concat_rep_comm	pss_wip	1774288	1774288	1	isabelle/layerB/pss_wip.thy	111137	false	false	false
pss_wip.oix_twr_shift	pss_wip	1774318	1774318	1	isabelle/layerB/pss_wip.thy	111141	false	true	false
pss_wip.oix_twr_TB	pss_wip	1774328	1774328	1	isabelle/layerB/pss_wip.thy	111145	false	true	false
pss_wip.oix_twr_flat	pss_wip	1774358	1774358	1	isabelle/layerB/pss_wip.thy	111165	false	true	false
pss_wip.oix_twr_grow	pss_wip	1774384	1774384	1	isabelle/layerB/pss_wip.thy	111194	false	true	false
pss_wip.oix_twr_base_mono	pss_wip	1774404	1774404	1	isabelle/layerB/pss_wip.thy	111211	false	true	false
pss_wip.oix_twr_ord_lo	pss_wip	1774450	1774450	1	isabelle/layerB/pss_wip.thy	111241	false	true	false
pss_wip.oix_twr_ord_hi	pss_wip	1774468	1774468	1	isabelle/layerB/pss_wip.thy	111246	false	true	false
pss_wip.oix_condV_adm_newOT	pss_wip	1774550	1774550	1	isabelle/layerB/pss_wip.thy	111266	false	true	false
pss_wip.oix_condV_adm_setle	pss_wip	1774576	1774576	1	isabelle/layerB/pss_wip.thy	111358	false	true	false
pss_wip.oix_twr_ord_lo0	pss_wip	1774586	1774586	1	isabelle/layerB/pss_wip.thy	111454	false	true	false
pss_wip.oix_twr_ord_hi0	pss_wip	1774598	1774598	1	isabelle/layerB/pss_wip.thy	111460	false	true	false
pss_wip.oix_condV_adm_setle0	pss_wip	1774640	1774640	1	isabelle/layerB/pss_wip.thy	111470	false	true	false
pss_wip.oix_transportD	pss_wip	1774750	1774750	1	isabelle/layerB/pss_wip.thy	111583	false	false	false
pss_wip.oix_OTint_condV_adm	pss_wip	1774808	1774808	1	isabelle/layerB/pss_wip.thy	111599	false	true	false
pss_wip.oix_OTint_slot	pss_wip	1775104	1775104	1	isabelle/layerB/pss_wip.thy	111742	false	true	false
pss_wip.oix_census_modOPM	pss_wip	1775906	1775912	2	isabelle/layerB/pss_wip.thy	111784	false	true	false
pss_wip.oix_W_twr_t2	pss_wip	1776076	1776076	1	isabelle/layerB/pss_wip.thy	111841	false	true	false
pss_wip.oix_W_twr_D0	pss_wip	1776140	1776140	1	isabelle/layerB/pss_wip.thy	111845	false	true	false
pss_wip.oix_bodyM_twr	pss_wip	1776204	1776204	1	isabelle/layerB/pss_wip.thy	111850	false	true	false
pss_wip.oix_bodyO_twr	pss_wip	1776256	1776256	1	isabelle/layerB/pss_wip.thy	111858	false	true	false
pss_wip.oix_leBT_trans	pss_wip	1776286	1776286	1	isabelle/layerB/pss_wip.thy	111876	false	true	false
pss_wip.oix_descP_ge_last	pss_wip	1776360	1776360	1	isabelle/layerB/pss_wip.thy	111879	false	true	false
pss_wip.oix_isOT_BP_head_antitone	pss_wip	1776400	1776400	1	isabelle/layerB/pss_wip.thy	111914	false	true	false
pss_wip.oix_condV_G_guard_at	pss_wip	1776488	1776488	1	isabelle/layerB/pss_wip.thy	111929	false	true	false
pss_wip.oix_condV_newOT_gen	pss_wip	1776626	1776630	2	isabelle/layerB/pss_wip.thy	111979	false	true	false
pss_wip.oix_OTint_condV_nadm	pss_wip	1776900	1776900	1	isabelle/layerB/pss_wip.thy	112041	false	true	false
pss_wip.oix_OTint_slot2	pss_wip	1777324	1777324	1	isabelle/layerB/pss_wip.thy	112196	false	true	false
pss_wip.oix_census_modOPM2	pss_wip	1777576	1777578	2	isabelle/layerB/pss_wip.thy	112253	false	true	false
pss_wip.wfs_max_eq0	pss_wip	1778556	1778556	1	isabelle/layerB/pss_wip.thy	112373	false	true	false
pss_wip.wfs_max_fin	pss_wip	1778596	1778596	1	isabelle/layerB/pss_wip.thy	112376	false	true	false
pss_wip.wfs_maxe_eq0	pss_wip	1778624	1778624	1	isabelle/layerB/pss_wip.thy	112379	false	true	false
pss_wip.wfs_maxe_fin	pss_wip	1778684	1778684	1	isabelle/layerB/pss_wip.thy	112382	false	true	false
pss_wip.wfs_lvT0_iff	pss_wip	1779650	1779650	1	isabelle/layerB/pss_wip.thy	112389	false	true	false
pss_wip.wfs_lvP0_iff	pss_wip	1779700	1779700	1	isabelle/layerB/pss_wip.thy	112392	false	true	false
pss_wip.wfs_lv_finT	pss_wip	1779746	1779746	1	isabelle/layerB/pss_wip.thy	112395	false	true	false
pss_wip.wfs_szP_mem	pss_wip	1780306	1780306	1	isabelle/layerB/pss_wip.thy	112412	false	true	false
pss_wip.wfs_szP_mem_lt	pss_wip	1780376	1780376	1	isabelle/layerB/pss_wip.thy	112415	false	true	false
pss_wip.wfs_szT_arg_lt	pss_wip	1780418	1780418	1	isabelle/layerB/pss_wip.thy	112418	false	true	false
pss_wip.wfs_szT_tl_lt	pss_wip	1780444	1780444	1	isabelle/layerB/pss_wip.thy	112425	false	true	false
pss_wip.wfs_descP_le	pss_wip	1780494	1780494	1	isabelle/layerB/pss_wip.thy	112430	false	true	false
pss_wip.wfs_enat_nlt0	pss_wip	1780526	1780526	1	isabelle/layerB/pss_wip.thy	112452	false	true	false
pss_wip.wfs_strat0_aux	pss_wip	1780594	1780594	1	isabelle/layerB/pss_wip.thy	112461	false	true	false
pss_wip.wfs_strat0_T	pss_wip	1780630	1780630	1	isabelle/layerB/pss_wip.thy	112567	false	true	false
pss_wip.wfs_strat0_P	pss_wip	1780664	1780664	1	isabelle/layerB/pss_wip.thy	112574	false	true	false
pss_wip.wfs_maxl_le	pss_wip	1780696	1780696	1	isabelle/layerB/pss_wip.thy	112600	false	true	false
pss_wip.wfs_bdepthT_le	pss_wip	1780740	1780740	1	isabelle/layerB/pss_wip.thy	112603	false	true	false
pss_wip.wfs_dmono_aux	pss_wip	1780854	1780854	1	isabelle/layerB/pss_wip.thy	112611	false	true	false
pss_wip.wfs_dmono_T	pss_wip	1780912	1780912	1	isabelle/layerB/pss_wip.thy	112731	false	true	false
pss_wip.wfs_dmono_P	pss_wip	1780942	1780942	1	isabelle/layerB/pss_wip.thy	112736	false	true	false
pss_wip.wfs_closed_wf_acc	pss_wip	1780980	1780980	1	isabelle/layerB/pss_wip.thy	112759	false	false	false
pss_wip.wfs_level0_acc	pss_wip	1780992	1780992	1	isabelle/layerB/pss_wip.thy	112790	false	true	false
pss_wip.wfs_acc_levels_of_jump	pss_wip	1781074	1781074	1	isabelle/layerB/pss_wip.thy	112843	false	true	false
pss_wip.wfs_wf_RPrel_of_level_jump	pss_wip	1781080	1781080	1	isabelle/layerB/pss_wip.thy	112868	false	true	false
pss_wip.wfs_OT_B_wf_of_level_jump	pss_wip	1781146	1781146	1	isabelle/layerB/pss_wip.thy	112896	false	true	false
pss_wip.wfs_wf_iff_all_acc	pss_wip	1781214	1781214	1	isabelle/layerB/pss_wip.thy	112901	false	false	false
pss_wip.wfs_lessBP_total	pss_wip	1781254	1781254	1	isabelle/layerB/pss_wip.thy	112907	false	true	false
pss_wip.wfs_acc_downclosed	pss_wip	1781314	1781314	1	isabelle/layerB/pss_wip.thy	112910	false	false	false
pss_wip.wfs_Restr_acc_wf	pss_wip	1781494	1781494	1	isabelle/layerB/pss_wip.thy	112923	false	false	false
pss_wip.wfs_accord_strict_sub	pss_wip	1781554	1781554	1	isabelle/layerB/pss_wip.thy	112951	false	false	false
pss_wip.wfs_accord_wf_strict	pss_wip	1781638	1781638	1	isabelle/layerB/pss_wip.thy	112964	false	false	false
pss_wip.wfs_accord_well_order	pss_wip	1781702	1781702	1	isabelle/layerB/pss_wip.thy	112967	false	true	false
pss_wip.wfs_accord_Field	pss_wip	1781730	1781730	1	isabelle/layerB/pss_wip.thy	113001	false	false	false
pss_wip.wfs_accord_Well_order	pss_wip	1781772	1781772	1	isabelle/layerB/pss_wip.thy	113012	false	true	false
pss_wip.wfs_rk_Well_order	pss_wip	1781958	1781958	1	isabelle/layerB/pss_wip.thy	113031	false	true	false
pss_wip.wfs_underS_accord	pss_wip	1781996	1781996	1	isabelle/layerB/pss_wip.thy	113034	false	true	false
pss_wip.wfs_rk_ordLess	pss_wip	1782076	1782076	1	isabelle/layerB/pss_wip.thy	113061	false	true	false
pss_wip.wfs_rank_semantic	pss_wip	1782110	1782110	1	isabelle/layerB/pss_wip.thy	113112	false	true	false
pss_wip.wfj_hd_le	pss_wip	1782652	1782652	1	isabelle/layerB/pss_wip.thy	113173	false	true	false
pss_wip.wfj_strat_hd	pss_wip	1782684	1782684	1	isabelle/layerB/pss_wip.thy	113184	false	true	false
pss_wip.wfj_hd_le_lvP	pss_wip	1782690	1782690	1	isabelle/layerB/pss_wip.thy	113189	false	true	false
pss_wip.wfj_enat_max0	pss_wip	1782698	1782698	1	isabelle/layerB/pss_wip.thy	113194	false	true	false
pss_wip.wfj_enat_0max	pss_wip	1782710	1782710	1	isabelle/layerB/pss_wip.thy	113197	false	true	false
pss_wip.wfj_cexq_OT	pss_wip	1782750	1782750	1	isabelle/layerB/pss_wip.thy	113206	false	true	false
pss_wip.wfj_cexq_dfree	pss_wip	1782758	1782758	1	isabelle/layerB/pss_wip.thy	113209	false	true	false
pss_wip.wfj_cexq_lv	pss_wip	1782766	1782766	1	isabelle/layerB/pss_wip.thy	113212	false	true	false
pss_wip.wfj_cexq_hd	pss_wip	1782774	1782774	1	isabelle/layerB/pss_wip.thy	113215	false	true	false
pss_wip.wfj_stratn_lvP_refuted	pss_wip	1782790	1782790	1	isabelle/layerB/pss_wip.thy	113218	false	true	false
pss_wip.wfj_stratn_lvP_false	pss_wip	1782802	1782802	1	isabelle/layerB/pss_wip.thy	113234	false	true	false
pss_wip.wfj_frag_downclosed	pss_wip	1782854	1782854	1	isabelle/layerB/pss_wip.thy	113244	false	true	false
pss_wip.wfj_frag_mono	pss_wip	1782870	1782870	1	isabelle/layerB/pss_wip.thy	113255	false	true	false
pss_wip.wfj_lv_in_frag	pss_wip	1782882	1782882	1	isabelle/layerB/pss_wip.thy	113265	false	true	false
pss_wip.wfj_frag0_lv_unbounded	pss_wip	1782890	1782890	1	isabelle/layerB/pss_wip.thy	113280	false	true	false
pss_wip.wfj_wf_RPrel_of_all_levels	pss_wip	1782912	1782912	1	isabelle/layerB/pss_wip.thy	113294	false	true	false
pss_wip.wfj_all_levels_of_wf	pss_wip	1782918	1782918	1	isabelle/layerB/pss_wip.thy	113328	false	false	false
pss_wip.wfj_wf_iff_all_levels	pss_wip	1782924	1782924	1	isabelle/layerB/pss_wip.thy	113332	false	true	false
pss_wip.wfj_level_jump_of_wf	pss_wip	1782930	1782930	1	isabelle/layerB/pss_wip.thy	113335	false	false	false
pss_wip.wfj_level_jump_of_all_levels	pss_wip	1782938	1782938	1	isabelle/layerB/pss_wip.thy	113342	false	true	false
pss_wip.wfj_G_szT	pss_wip	1782946	1782946	1	isabelle/layerB/pss_wip.thy	113358	false	true	false
pss_wip.wfj_G_OT_T	pss_wip	1782958	1782958	1	isabelle/layerB/pss_wip.thy	113397	false	true	false
pss_wip.wfj_G_df_T	pss_wip	1782970	1782970	1	isabelle/layerB/pss_wip.thy	113426	false	true	false
pss_wip.wfj_acc_of_collapse_core	pss_wip	1783110	1783110	1	isabelle/layerB/pss_wip.thy	113475	false	true	false
pss_wip.wfj_wf_RPrel_of_collapse_core	pss_wip	1783116	1783116	1	isabelle/layerB/pss_wip.thy	113509	false	true	false
pss_wip.wfj_collapse_core_of_wf	pss_wip	1783124	1783124	1	isabelle/layerB/pss_wip.thy	113532	false	false	false
pss_wip.wfj_collapse_core_iff_wf	pss_wip	1783130	1783130	1	isabelle/layerB/pss_wip.thy	113539	false	true	false
pss_wip.wfj_collapse_core_iff_level_jump	pss_wip	1783136	1783136	1	isabelle/layerB/pss_wip.thy	113542	false	true	false
pss_wip.wfj_all_levels_of_collapse_core	pss_wip	1783146	1783146	1	isabelle/layerB/pss_wip.thy	113546	false	true	false
pss_wip.wfj_OT_B_wf_of_collapse_core	pss_wip	1783170	1783170	1	isabelle/layerB/pss_wip.thy	113550	false	true	false
pss_wip.wfj_NoBad_acc	pss_wip	1783250	1783250	1	isabelle/layerB/pss_wip.thy	113592	false	true	false
pss_wip.wfj_tuple_acc	pss_wip	1783262	1783262	1	isabelle/layerB/pss_wip.thy	113724	false	true	false
pss_wip.wfj_secT_tuple_acc	pss_wip	1783296	1783296	1	isabelle/layerB/pss_wip.thy	113807	false	true	false
pss_wip.otx2_flatBP_len	pss_wip	1783330	1783330	1	isabelle/layerB/pss_wip.thy	113856	false	true	false
pss_wip.otx2_BP_prefix	pss_wip	1783362	1783362	1	isabelle/layerB/pss_wip.thy	113863	false	true	false
pss_wip.otx2_lessBT_snocsnoc	pss_wip	1783386	1783386	1	isabelle/layerB/pss_wip.thy	113874	false	true	false
pss_wip.otx2_leBT_snocsnoc	pss_wip	1783400	1783400	1	isabelle/layerB/pss_wip.thy	113884	false	true	false
pss_wip.otx2_descP_prefix	pss_wip	1783406	1783406	1	isabelle/layerB/pss_wip.thy	113896	false	true	false
pss_wip.otx2_GBT_snoc	pss_wip	1783412	1783412	1	isabelle/layerB/pss_wip.thy	113908	false	true	false
pss_wip.otx2_GBP_inf	pss_wip	1783418	1783418	1	isabelle/layerB/pss_wip.thy	113912	false	true	false
pss_wip.otx2_join_no_core	pss_wip	1783424	1783424	1	isabelle/layerB/pss_wip.thy	113921	false	true	false
pss_wip.otx2_peel	pss_wip	1783438	1783438	1	isabelle/layerB/pss_wip.thy	113936	false	true	false
pss_wip.otx2_join3	pss_wip	1783476	1783476	1	isabelle/layerB/pss_wip.thy	114017	false	true	false
pss_wip.otx2_top_shape	pss_wip	1783610	1783610	1	isabelle/layerB/pss_wip.thy	114214	false	true	false
pss_wip.otx2_align3	pss_wip	1783680	1783680	1	isabelle/layerB/pss_wip.thy	114296	false	true	false
pss_wip.ljx_nextrel0_star_le	pss_wip	1783688	1783688	1	isabelle/layerB/pss_wip.thy	114443	false	false	false
pss_wip.ljx_le0_succ_step	pss_wip	1783698	1783698	1	isabelle/layerB/pss_wip.thy	114448	false	false	false
pss_wip.ljx_nextrel0_unique	pss_wip	1783704	1783704	1	isabelle/layerB/pss_wip.thy	114461	false	false	false
pss_wip.ljx_trunk_interior_nadm	pss_wip	1783710	1783710	1	isabelle/layerB/pss_wip.thy	114483	false	false	false
pss_wip.ljx_lastblock_le0	pss_wip	1783716	1783716	1	isabelle/layerB/pss_wip.thy	114500	false	true	false
pss_wip.ljx_RightNodes_pj_ldj	pss_wip	1783722	1783722	1	isabelle/layerB/pss_wip.thy	114535	false	true	false
pss_wip.ljx_RightNodes_a0_trmax	pss_wip	1783760	1783760	1	isabelle/layerB/pss_wip.thy	114607	false	true	false
pss_wip.ljx_nextrel0_star_last	pss_wip	1783766	1783766	1	isabelle/layerB/pss_wip.thy	114734	false	false	false
pss_wip.ljx_nextrel0_succ_intro	pss_wip	1783772	1783772	1	isabelle/layerB/pss_wip.thy	114739	false	false	false
pss_wip.ljx_nextrel0_seg0	pss_wip	1783782	1783782	1	isabelle/layerB/pss_wip.thy	114747	false	false	false
pss_wip.ljx_adm_seg0	pss_wip	1783790	1783790	1	isabelle/layerB/pss_wip.thy	114780	false	false	false
pss_wip.ljx_Adm_eq_0	pss_wip	1783818	1783818	1	isabelle/layerB/pss_wip.thy	114794	false	true	false
pss_wip.ljx_RA_singleton	pss_wip	1783832	1783832	1	isabelle/layerB/pss_wip.thy	114817	false	true	false
pss_wip.ljx_RA_unfold_mono	pss_wip	1783916	1783916	1	isabelle/layerB/pss_wip.thy	114823	false	true	false
pss_wip.ljx_RightNodes_a0_lt_trmax	pss_wip	1784004	1784004	1	isabelle/layerB/pss_wip.thy	114847	false	true	false
pss_wip.ljx_LDJB	pss_wip	1784066	1784066	1	isabelle/layerB/pss_wip.thy	115131	false	true	false
pss_wip.ljx_TVall_of_fin	pss_wip	1784084	1784084	1	isabelle/layerB/pss_wip.thy	115242	false	true	false
pss_wip.ljx_termination_modOT	pss_wip	1784132	1784134	2	isabelle/layerB/pss_wip.thy	115255	false	true	false
pss_wip.opx_leBT_min	pss_wip	1784178	1784178	1	isabelle/layerB/pss_wip.thy	115345	false	true	false
pss_wip.opx_lessBT_append_ext	pss_wip	1784196	1784196	1	isabelle/layerB/pss_wip.thy	115371	false	true	false
pss_wip.opx_lessBT_append_cancel	pss_wip	1784204	1784204	1	isabelle/layerB/pss_wip.thy	115401	false	true	false
pss_wip.opx_descP_snoc_intro	pss_wip	1784276	1784276	1	isabelle/layerB/pss_wip.thy	115414	false	true	false
pss_wip.opx_descP_append_rep	pss_wip	1784314	1784314	1	isabelle/layerB/pss_wip.thy	115441	false	true	false
pss_wip.opx_OT_append_rep	pss_wip	1784340	1784340	1	isabelle/layerB/pss_wip.thy	115476	false	true	false
pss_wip.opx_operB_snoc_local	pss_wip	1784374	1784374	1	isabelle/layerB/pss_wip.thy	115508	false	true	false
pss_wip.opx_mono_Trans_singleton	pss_wip	1784392	1784392	1	isabelle/layerB/pss_wip.thy	115540	false	true	false
pss_wip.opx_OTmulti	pss_wip	1784440	1784440	1	isabelle/layerB/pss_wip.thy	115556	false	true	false
pss_wip.opx_termination_census	pss_wip	1784666	1784670	2	isabelle/layerB/pss_wip.thy	116119	false	true	false
pss_wip.opx_OT_removal	pss_wip	1784784	1784784	1	isabelle/layerB/pss_wip.thy	116164	false	true	false
pss_wip.opx_OTpred_monoBr_of_DEEPOT	pss_wip	1784890	1784890	1	isabelle/layerB/pss_wip.thy	116197	false	true	false
pss_wip.opx_OTpred_multi_of_mono	pss_wip	1784982	1784982	1	isabelle/layerB/pss_wip.thy	116306	false	true	false
pss_wip.opx_OTpred_mono_of_residuals	pss_wip	1785008	1785008	1	isabelle/layerB/pss_wip.thy	116524	false	true	false
pss_wip.opx_OTpred_of_residuals	pss_wip	1785162	1785162	1	isabelle/layerB/pss_wip.thy	116573	false	true	false
pss_wip.opx_termination_census_v3	pss_wip	1785440	1785444	2	isabelle/layerB/pss_wip.thy	116617	false	true	false
pss_wip.otx3_setle_triG	pss_wip	1785544	1785544	1	isabelle/layerB/pss_wip.thy	116708	false	true	false
pss_wip.otx3_pOT	pss_wip	1785590	1785590	1	isabelle/layerB/pss_wip.thy	116725	false	true	false
pss_wip.otx3_triG_lift	pss_wip	1785624	1785624	1	isabelle/layerB/pss_wip.thy	116765	false	true	false
pss_wip.otx3_level	pss_wip	1785816	1785816	1	isabelle/layerB/pss_wip.thy	116828	false	true	false
pss_wip.otx3_core	pss_wip	1785966	1785966	1	isabelle/layerB/pss_wip.thy	116869	false	true	false
pss_wip.otx3_transport	pss_wip	1785986	1785986	1	isabelle/layerB/pss_wip.thy	116928	false	true	false
pss_wip.otx3_OTint_condV	pss_wip	1786010	1786010	1	isabelle/layerB/pss_wip.thy	116957	false	true	false
pss_wip.otx3_OTint_condV_nadm	pss_wip	1786120	1786120	1	isabelle/layerB/pss_wip.thy	116968	false	true	false
pss_wip.otx3_OTint_slot	pss_wip	1786222	1786222	1	isabelle/layerB/pss_wip.thy	116991	false	true	false
pss_wip.otx3_census	pss_wip	1786434	1786436	2	isabelle/layerB/pss_wip.thy	117028	false	true	false
pss_wip.wfc_GBT_antitone	pss_wip	1786576	1786576	1	isabelle/layerB/pss_wip.thy	117115	false	true	false
pss_wip.wfc_sec_component	pss_wip	1786594	1786596	2	isabelle/layerB/pss_wip.thy	117147	false	true	false
pss_wip.wfc_principal_acc_of_body_aux	pss_wip	1786638	1786638	1	isabelle/layerB/pss_wip.thy	117180	false	true	false
pss_wip.wfc_principal_acc_of_body	pss_wip	1786644	1786644	1	isabelle/layerB/pss_wip.thy	117216	false	true	false
pss_wip.wfc_wf_of_pbody_hyp	pss_wip	1786666	1786666	1	isabelle/layerB/pss_wip.thy	117225	false	true	false
pss_wip.wfc_wf_of_pbody	pss_wip	1786726	1786726	1	isabelle/layerB/pss_wip.thy	117294	false	true	false
pss_wip.wfc_pbody_of_wf	pss_wip	1786760	1786760	1	isabelle/layerB/pss_wip.thy	117302	false	true	false
pss_wip.wfc_pbody_iff_wf	pss_wip	1786806	1786806	1	isabelle/layerB/pss_wip.thy	117310	false	true	false
pss_wip.wfc_pbody_iff_collapse_core	pss_wip	1786812	1786812	1	isabelle/layerB/pss_wip.thy	117313	false	true	false
pss_wip.wfc_pbody_iff_level_jump	pss_wip	1786818	1786818	1	isabelle/layerB/pss_wip.thy	117316	false	true	false
pss_wip.wfc_acc_singleton	pss_wip	1786852	1786852	1	isabelle/layerB/pss_wip.thy	117322	false	true	false
pss_wip.wfc_tail_lessBT	pss_wip	1786902	1786902	1	isabelle/layerB/pss_wip.thy	117346	false	true	false
pss_wip.wfc_member_leBT	pss_wip	1786916	1786916	1	isabelle/layerB/pss_wip.thy	117367	false	true	false
pss_wip.wfc_acc_component	pss_wip	1786922	1786922	1	isabelle/layerB/pss_wip.thy	117408	false	true	false
pss_wip.wfc_tuple_acc_iff	pss_wip	1786950	1786950	1	isabelle/layerB/pss_wip.thy	117436	false	true	false
pss_wip.wfc_maxe_mem	pss_wip	1786972	1786972	1	isabelle/layerB/pss_wip.thy	117464	false	true	false
pss_wip.wfc_G_lvT	pss_wip	1787026	1787026	1	isabelle/layerB/pss_wip.thy	117483	false	true	false
pss_wip.wfc_acc_of_core_upto	pss_wip	1787118	1787118	1	isabelle/layerB/pss_wip.thy	117522	false	true	false
pss_wip.wfc_acc_levels_of_jump_steps	pss_wip	1787248	1787248	1	isabelle/layerB/pss_wip.thy	117581	false	true	false
pss_wip.wfc_wf_of_jump_steps	pss_wip	1787348	1787348	1	isabelle/layerB/pss_wip.thy	117608	false	true	false
pss_wip.wfc_level_jump_of_jump_steps	pss_wip	1787438	1787438	1	isabelle/layerB/pss_wip.thy	117634	false	true	false
pss_wip.wfc_collapse_core_of_jump_steps	pss_wip	1787534	1787534	1	isabelle/layerB/pss_wip.thy	117639	false	true	false
pss_wip.wfc_core_upto_of_wf	pss_wip	1787584	1787584	1	isabelle/layerB/pss_wip.thy	117644	false	false	false
pss_wip.wfc_jump_step_of_wf	pss_wip	1787624	1787624	1	isabelle/layerB/pss_wip.thy	117651	false	false	false
pss_wip.wfc_wf_iff_jump_steps	pss_wip	1787714	1787714	1	isabelle/layerB/pss_wip.thy	117655	false	true	false
pss_wip.wfc_core_upto_of_collapse_core	pss_wip	1787790	1787790	1	isabelle/layerB/pss_wip.thy	117658	false	false	false
pss_wip.wfc_collapse_core_of_upto	pss_wip	1787840	1787840	1	isabelle/layerB/pss_wip.thy	117662	false	true	false
pss_wip.oc4_ordIntC_strict	pss_wip	1788076	1788076	1	isabelle/layerB/pss_wip.thy	117769	false	true	false
pss_wip.oc4_ordIntC	pss_wip	1788202	1788202	1	isabelle/layerB/pss_wip.thy	117854	false	true	false
pss_wip.oc4_termination_census_master	pss_wip	1788696	1788698	2	isabelle/layerB/pss_wip.thy	117911	false	true	false
pss_wip.oc4_OTmulti	pss_wip	1789206	1789206	1	isabelle/layerB/pss_wip.thy	117981	false	true	false
pss_wip.oc4_L1v	pss_wip	1789316	1789316	1	isabelle/layerB/pss_wip.thy	118015	false	true	false
pss_wip.oc4_termination_census_master_v2	pss_wip	1789472	1789474	2	isabelle/layerB/pss_wip.thy	118034	false	true	false
pss_wip.oi4_DEADM1	pss_wip	1789670	1789670	1	isabelle/layerB/pss_wip.thy	118106	false	true	false
pss_wip.oi4_DEADM2	pss_wip	1789772	1789772	1	isabelle/layerB/pss_wip.thy	118127	false	true	false
pss_wip.oi4_PredNp	pss_wip	1789840	1789840	1	isabelle/layerB/pss_wip.thy	118150	false	true	false
pss_wip.oi4_Lpv	pss_wip	1789912	1789912	1	isabelle/layerB/pss_wip.thy	118158	false	true	false
pss_wip.oi4_L1v	pss_wip	1790190	1790190	1	isabelle/layerB/pss_wip.thy	118173	false	true	false
pss_wip.oi4_OTint_condV_nadm	pss_wip	1790300	1790300	1	isabelle/layerB/pss_wip.thy	118188	false	true	false
pss_wip.oi4_OTint_slot_IIIIV	pss_wip	1790518	1790518	1	isabelle/layerB/pss_wip.thy	118204	false	true	false
pss_wip.oi4_census_IIIIV	pss_wip	1790858	1790862	2	isabelle/layerB/pss_wip.thy	118225	false	true	false
pss_wip.wds_hullT_iff	pss_wip	1791098	1791098	1	isabelle/layerB/pss_wip.thy	118328	false	false	false
pss_wip.wds_finite_GBT	pss_wip	1791110	1791110	1	isabelle/layerB/pss_wip.thy	118331	false	true	false
pss_wip.wds_distD_frag	pss_wip	1791168	1791168	1	isabelle/layerB/pss_wip.thy	118367	false	false	false
pss_wip.wds_distD_down	pss_wip	1791210	1791210	1	isabelle/layerB/pss_wip.thy	118370	false	false	false
pss_wip.wds_distD_acc	pss_wip	1791236	1791236	1	isabelle/layerB/pss_wip.thy	118374	false	false	false
pss_wip.wds_distD_prog	pss_wip	1791294	1791294	1	isabelle/layerB/pss_wip.thy	118378	false	false	false
pss_wip.wds_distI	pss_wip	1791354	1791354	1	isabelle/layerB/pss_wip.thy	118385	false	false	false
pss_wip.wds_acc_lift_aux	pss_wip	1791386	1791386	1	isabelle/layerB/pss_wip.thy	118398	false	false	false
pss_wip.wds_acc_lift	pss_wip	1791396	1791396	1	isabelle/layerB/pss_wip.thy	118418	false	false	false
pss_wip.wds_dist_comparable	pss_wip	1791452	1791452	1	isabelle/layerB/pss_wip.thy	118431	false	true	false
pss_wip.wds_Mset_upper	pss_wip	1791520	1791520	1	isabelle/layerB/pss_wip.thy	118467	false	false	false
pss_wip.wds_Mset_ex	pss_wip	1791552	1791552	1	isabelle/layerB/pss_wip.thy	118470	false	false	false
pss_wip.wds_Mset_frag	pss_wip	1791604	1791604	1	isabelle/layerB/pss_wip.thy	118473	false	false	false
pss_wip.wds_Mset_downclosed	pss_wip	1791668	1791668	1	isabelle/layerB/pss_wip.thy	118480	false	false	false
pss_wip.wds_Mset_subset_acc	pss_wip	1791682	1791682	1	isabelle/layerB/pss_wip.thy	118490	false	false	false
pss_wip.wds_Mset_relacc	pss_wip	1791696	1791696	1	isabelle/layerB/pss_wip.thy	118497	false	false	false
pss_wip.wds_dist_finite_cover	pss_wip	1791718	1791718	1	isabelle/layerB/pss_wip.thy	118512	false	true	false
pss_wip.wds_Mset_distinguished	pss_wip	1791746	1791746	1	isabelle/layerB/pss_wip.thy	118540	false	true	false
pss_wip.wds_hauptlemma_aux	pss_wip	1791924	1791924	1	isabelle/layerB/pss_wip.thy	118633	false	true	false
pss_wip.wds_hauptlemma	pss_wip	1791976	1791976	1	isabelle/layerB/pss_wip.thy	118682	false	true	false
pss_wip.wds_pbody_of_collapse	pss_wip	1791982	1791982	1	isabelle/layerB/pss_wip.thy	118693	false	true	false
pss_wip.wds_wf_RPrel_of_collapse	pss_wip	1792050	1792050	1	isabelle/layerB/pss_wip.thy	118721	false	true	false
pss_wip.wds_wf_RTrel_of_collapse	pss_wip	1792100	1792100	1	isabelle/layerB/pss_wip.thy	118725	false	true	false
pss_wip.wds_buc1_2_2_of_collapse	pss_wip	1792126	1792126	1	isabelle/layerB/pss_wip.thy	118729	false	true	false
pss_wip.wds_collapse_core_of_collapse	pss_wip	1792154	1792154	1	isabelle/layerB/pss_wip.thy	118735	false	true	false
pss_wip.wds_jump_steps_of_collapse	pss_wip	1792172	1792172	1	isabelle/layerB/pss_wip.thy	118739	false	true	false
pss_wip.wds_frag_distinguished_of_wf	pss_wip	1792180	1792180	1	isabelle/layerB/pss_wip.thy	118745	false	true	false
pss_wip.wds_collapse_of_wf	pss_wip	1792188	1792188	1	isabelle/layerB/pss_wip.thy	118768	false	true	false
pss_wip.wds_collapse_iff_wf	pss_wip	1792194	1792194	1	isabelle/layerB/pss_wip.thy	118783	false	true	false
pss_wip.wds_collapse_iff_pbody	pss_wip	1792230	1792230	1	isabelle/layerB/pss_wip.thy	118786	false	true	false
pss_wip.wds_Mset_eq_frag_of_collapse	pss_wip	1792252	1792252	1	isabelle/layerB/pss_wip.thy	118789	false	true	false
pss_wip.opf_hd_pin	pss_wip	1792320	1792320	1	isabelle/layerB/pss_wip.thy	118860	false	true	false
pss_wip.opf_hdV_eq	pss_wip	1792398	1792398	1	isabelle/layerB/pss_wip.thy	118914	false	true	false
pss_wip.opf_lastIx_gt	pss_wip	1792528	1792528	1	isabelle/layerB/pss_wip.thy	118924	false	true	false
pss_wip.opf_head_ge_of_domB	pss_wip	1792604	1792604	1	isabelle/layerB/pss_wip.thy	118972	false	true	false
pss_wip.opf_Lbase_of_domB	pss_wip	1792622	1792622	1	isabelle/layerB/pss_wip.thy	119002	false	true	false
pss_scratch.od4_sz_pos	pss_scratch	2322816	2322816	1	isabelle/layerC/pss_scratch.thy	54	false	true	false
pss_scratch.od4_szP_ge2	pss_scratch	2322824	2322824	1	isabelle/layerC/pss_scratch.thy	57	false	true	false
pss_scratch.od4_szP_mem_le	pss_scratch	2322832	2322832	1	isabelle/layerC/pss_scratch.thy	63	false	true	false
pss_scratch.od4_GBT_sz	pss_scratch	2322842	2322842	1	isabelle/layerC/pss_scratch.thy	72	false	true	false
pss_scratch.od4_R_lessBT	pss_scratch	2322858	2322858	1	isabelle/layerC/pss_scratch.thy	98	false	true	false
pss_scratch.od4_peel_less	pss_scratch	2322872	2322872	1	isabelle/layerC/pss_scratch.thy	121	false	true	false
pss_scratch.od4_transfer_all	pss_scratch	2322900	2322900	1	isabelle/layerC/pss_scratch.thy	155	false	true	false
pss_scratch.od4_transfer	pss_scratch	2322912	2322912	1	isabelle/layerC/pss_scratch.thy	241	false	true	false
pss_scratch.od4_R_GBT	pss_scratch	2322922	2322922	1	isabelle/layerC/pss_scratch.thy	248	false	true	false
pss_scratch.od4_leBT_trans	pss_scratch	2322934	2322934	1	isabelle/layerC/pss_scratch.thy	304	false	true	false
pss_scratch.od4_descP_snoc	pss_scratch	2322960	2322960	1	isabelle/layerC/pss_scratch.thy	307	false	true	false
pss_scratch.od4_site_G	pss_scratch	2322992	2322992	1	isabelle/layerC/pss_scratch.thy	327	false	true	false
pss_scratch.od4_R_isOT	pss_scratch	2323012	2323012	1	isabelle/layerC/pss_scratch.thy	359	false	true	false
pss_scratch.od4_R_OT_B	pss_scratch	2323042	2323042	1	isabelle/layerC/pss_scratch.thy	394	false	true	false
pss_scratch.od4_scbext_R	pss_scratch	2323084	2323084	1	isabelle/layerC/pss_scratch.thy	414	false	true	false
pss_scratch.od4_condVI_nadm_c1	pss_scratch	2323162	2323164	2	isabelle/layerC/pss_scratch.thy	479	false	true	false
pss_scratch.od4_concat_sing	pss_scratch	2323196	2323196	1	isabelle/layerC/pss_scratch.thy	625	false	false	false
pss_scratch.od4_site_c2	pss_scratch	2323230	2323230	1	isabelle/layerC/pss_scratch.thy	634	false	true	false
pss_scratch.od4_master_R	pss_scratch	2323246	2323246	1	isabelle/layerC/pss_scratch.thy	760	false	true	false
pss_scratch.od4_OTpred_mono	pss_scratch	2323296	2323296	1	isabelle/layerC/pss_scratch.thy	803	false	true	false
pss_scratch.od4_DEEPOT	pss_scratch	2323380	2323380	1	isabelle/layerC/pss_scratch.thy	849	false	true	false
pss_scratch.od4_NOBR	pss_scratch	2323432	2323432	1	isabelle/layerC/pss_scratch.thy	861	false	true	false
pss_scratch.od4_OTpred_final	pss_scratch	2323484	2323484	1	isabelle/layerC/pss_scratch.thy	874	false	true	false
pss_scratch.oi5_set_crep	pss_scratch	2323520	2323520	1	isabelle/layerC/pss_scratch.thy	920	false	false	false
pss_scratch.oi5_crep_RP	pss_scratch	2323554	2323554	1	isabelle/layerC/pss_scratch.thy	923	false	false	false
pss_scratch.oi5_d4vx_ins_TB	pss_scratch	2323620	2323620	1	isabelle/layerC/pss_scratch.thy	932	false	true	false
pss_scratch.oi5_d4vx_core_TB	pss_scratch	2323706	2323706	1	isabelle/layerC/pss_scratch.thy	960	false	true	false
pss_scratch.oy1_base1Y_condIII	pss_scratch	2323964	2323964	1	isabelle/layerC/pss_scratch.thy	979	false	true	false
pss_scratch.oy1_base1Y_condIV	pss_scratch	2324014	2324014	1	isabelle/layerC/pss_scratch.thy	1086	false	true	false
pss_scratch.oi5_IIIIV_pkg	pss_scratch	2324208	2324208	1	isabelle/layerC/pss_scratch.thy	1213	false	true	false
pss_scratch.oi5_regime	pss_scratch	2324344	2324354	5	isabelle/layerC/pss_scratch.thy	1374	false	true	false
pss_scratch.oi5_ltJ_or_IVadmeq	pss_scratch	2324472	2324472	1	isabelle/layerC/pss_scratch.thy	1453	false	true	false
pss_scratch.oi5_bodyOT	pss_scratch	2324566	2324566	1	isabelle/layerC/pss_scratch.thy	1502	false	true	false
pss_scratch.oi5_LbaseU	pss_scratch	2324684	2324684	1	isabelle/layerC/pss_scratch.thy	1568	false	true	false
pss_scratch.oy1_core_mono	pss_scratch	2324736	2324736	1	isabelle/layerC/pss_scratch.thy	1591	false	true	false
pss_scratch.oy1_core_add	pss_scratch	2324778	2324778	1	isabelle/layerC/pss_scratch.thy	1606	false	true	false
pss_scratch.oy1_ins_le_mono	pss_scratch	2324840	2324840	1	isabelle/layerC/pss_scratch.thy	1610	false	true	false
pss_scratch.oy1_triG_antitone	pss_scratch	2324916	2324916	1	isabelle/layerC/pss_scratch.thy	1628	false	true	false
pss_scratch.oy1_base1Y	pss_scratch	2325040	2325040	1	isabelle/layerC/pss_scratch.thy	1652	false	true	false
pss_scratch.oy1_base1Y_t2	pss_scratch	2325170	2325170	1	isabelle/layerC/pss_scratch.thy	1718	false	true	false
pss_scratch.od4_termination_census_v4	pss_scratch	2325500	2325502	2	isabelle/layerC/pss_scratch.thy	1821	false	true	false
pss_scratch.oi5_OTint_IIIIV_hp	pss_scratch	2325968	2325968	1	isabelle/layerC/pss_scratch.thy	1858	false	true	false
pss_scratch.oi5_OTint_condIII	pss_scratch	2326392	2326392	1	isabelle/layerC/pss_scratch.thy	2149	false	true	false
pss_scratch.oi5_OTint_condIV	pss_scratch	2326598	2326598	1	isabelle/layerC/pss_scratch.thy	2218	false	true	false
pss_scratch.oi5_termination_census	pss_scratch	2326682	2326684	2	isabelle/layerC/pss_scratch.thy	2291	false	true	false
pss_scratch.oi5_OTint_slot	pss_scratch	2326786	2326786	1	isabelle/layerC/pss_scratch.thy	2353	false	true	false
pss_scratch.oi5_OTmulti	pss_scratch	2327148	2327148	1	isabelle/layerC/pss_scratch.thy	2392	false	true	false
pss_scratch.oi6_termination_census	pss_scratch	2327272	2327274	2	isabelle/layerC/pss_scratch.thy	2444	false	true	false
pss_scratch.otx3_core_tri	pss_scratch	2327298	2327298	1	isabelle/layerC/pss_scratch.thy	2517	false	true	false
pss_scratch.ot1_OTA1_from_bricks	pss_scratch	2327312	2327312	1	isabelle/layerC/pss_scratch.thy	2583	false	true	false
pss_scratch.ot2_IVNP	pss_scratch	2327320	2327320	1	isabelle/layerC/pss_scratch.thy	2627	false	true	false
pss_scratch.oi7_termination_census	pss_scratch	2327362	2327364	2	isabelle/layerC/pss_scratch.thy	2649	false	true	false
pss_scratch.scbext_triG	pss_scratch	2327400	2327400	1	isabelle/layerC/pss_scratch.thy	2711	false	true	false
pss_scratch.ot1_triG_grow	pss_scratch	2327406	2327406	1	isabelle/layerC/pss_scratch.thy	2759	false	true	false
pss_scratch.crx_tri0_of_nest	pss_scratch	2327416	2327416	1	isabelle/layerC/pss_scratch.thy	2784	false	true	false
pss_scratch.ot1_triG_add	pss_scratch	2327424	2327424	1	isabelle/layerC/pss_scratch.thy	2895	false	true	false
pss_scratch.cnv_tri0_of_nest	pss_scratch	2327432	2327432	1	isabelle/layerC/pss_scratch.thy	2915	false	true	false
pss_scratch.ot2_IVADMEQ_of_pkg	pss_scratch	2327458	2327458	1	isabelle/layerC/pss_scratch.thy	3084	false	true	false
pss_scratch.ot2_IVADMEQ_mod	pss_scratch	2327496	2327496	1	isabelle/layerC/pss_scratch.thy	3232	false	true	false
pss_scratch.ot2_dins_addBT_of_shape	pss_scratch	2327502	2327502	1	isabelle/layerC/pss_scratch.thy	3343	false	true	false
pss_scratch.oi8_OTint_IIIIV_hp	pss_scratch	2327516	2327516	1	isabelle/layerC/pss_scratch.thy	3432	false	true	false
pss_scratch.oi8_OTint_condIII	pss_scratch	2327522	2327522	1	isabelle/layerC/pss_scratch.thy	3716	false	true	false
pss_scratch.oi8_OTint_condIV	pss_scratch	2327532	2327532	1	isabelle/layerC/pss_scratch.thy	3774	false	true	false
pss_scratch.oi8_termination_census	pss_scratch	2327538	2327540	2	isabelle/layerC/pss_scratch.thy	3849	false	true	false
pss_scratch.ot1_OTA1_reduce	pss_scratch	2327548	2327548	1	isabelle/layerC/pss_scratch.thy	3923	false	true	false
pss_scratch.ot1_tri0_census	pss_scratch	2327558	2327558	1	isabelle/layerC/pss_scratch.thy	4081	false	true	false
pss_scratch.oy1_tri0Y_census	pss_scratch	2327570	2327570	1	isabelle/layerC/pss_scratch.thy	4154	false	true	false
pss_scratch.ot1_nub_from_A0OT	pss_scratch	2327576	2327576	1	isabelle/layerC/pss_scratch.thy	4188	false	true	false
pss_scratch.ot1_OTA1_from_A0OT	pss_scratch	2327582	2327582	1	isabelle/layerC/pss_scratch.thy	4314	false	true	false
pss_scratch.oi8_census_via_A0OT	pss_scratch	2327588	2327590	2	isabelle/layerC/pss_scratch.thy	4350	false	true	false
pss_scratch.ot2_tower_newOT	pss_scratch	2327596	2327596	1	isabelle/layerC/pss_scratch.thy	4439	false	true	false
pss_scratch.ot2_NEWOT_of_pkg	pss_scratch	2327604	2327604	1	isabelle/layerC/pss_scratch.thy	4511	false	true	false
pss_scratch.ot2_tower_inv	pss_scratch	2327610	2327610	1	isabelle/layerC/pss_scratch.thy	4615	false	true	false
pss_scratch.od4_OTpred_mono_RT	pss_scratch	2327616	2327616	1	isabelle/layerC/pss_scratch.thy	4692	false	true	false
pss_scratch.otx_bpHeadT_OT	pss_scratch	2327622	2327622	1	isabelle/layerC/pss_scratch.thy	4732	false	true	false
pss_scratch.ot1_A0OT	pss_scratch	2327628	2327628	1	isabelle/layerC/pss_scratch.thy	4762	false	true	false
pss_scratch.oi8_census_final	pss_scratch	2327634	2327636	2	isabelle/layerC/pss_scratch.thy	4869	false	true	false
pss_scratch.ox5_body_driver	pss_scratch	2327642	2327642	1	isabelle/layerC/pss_scratch.thy	4936	false	true	false
pss_scratch.ox5_body_driver_census	pss_scratch	2327650	2327650	1	isabelle/layerC/pss_scratch.thy	4974	false	true	false
pss_scratch.ox6_holeH	pss_scratch	2327662	2327662	1	isabelle/layerC/pss_scratch.thy	5081	false	true	false
pss_scratch.ox6_setle_scbext	pss_scratch	2327676	2327676	1	isabelle/layerC/pss_scratch.thy	5108	false	true	false
pss_scratch.ox6_setle_wrapped	pss_scratch	2327682	2327682	1	isabelle/layerC/pss_scratch.thy	5220	false	true	false
pss_scratch.ox6_SETLE1_reduce	pss_scratch	2327716	2327716	1	isabelle/layerC/pss_scratch.thy	5251	false	true	false
pss_scratch.ot2_transT2_OT	pss_scratch	2327746	2327746	1	isabelle/layerC/pss_scratch.thy	5339	false	true	false
pss_scratch.cnv_tri0_transT2	pss_scratch	2327776	2327776	1	isabelle/layerC/pss_scratch.thy	5459	false	true	false
pss_scratch.ot2_IVADMEQ_of_pkg_free	pss_scratch	2327872	2327872	1	isabelle/layerC/pss_scratch.thy	5520	false	true	false
pss_scratch.ot2_IVADMEQ	pss_scratch	2327936	2327936	1	isabelle/layerC/pss_scratch.thy	5682	false	true	false
pss_scratch.oi8_census_final_ivadmeq	pss_scratch	2327980	2327982	2	isabelle/layerC/pss_scratch.thy	5800	false	true	false
pss_scratch.ox6_setle_scbext_restr	pss_scratch	2328064	2328064	1	isabelle/layerC/pss_scratch.thy	5863	false	true	false
pss_scratch.ox6_setle_wrapped_restr	pss_scratch	2328192	2328192	1	isabelle/layerC/pss_scratch.thy	5982	false	true	false
pss_scratch.ox6_SETLE1_reduce_restr	pss_scratch	2328502	2328502	1	isabelle/layerC/pss_scratch.thy	6017	false	true	false
pss_scratch.ot_finRc_bounded	pss_scratch	2328636	2328636	1	isabelle/layerC/pss_scratch.thy	6123	false	false	false
pss_scratch.ot_finRc_reduce	pss_scratch	2328706	2328706	1	isabelle/layerC/pss_scratch.thy	6131	false	false	false
pss_scratch.ox7_scbext_leBT_hole	pss_scratch	2328740	2328740	1	isabelle/layerC/pss_scratch.thy	6180	false	true	false
pss_scratch.ox7_align3_track	pss_scratch	2328758	2328758	1	isabelle/layerC/pss_scratch.thy	6218	false	true	false
pss_scratch.ot_finRc_LastStep_bounded_lt	pss_scratch	2328772	2328772	1	isabelle/layerC/pss_scratch.thy	6305	false	false	false
pss_scratch.ot_finRc_LastStep_guard_bounded_lt	pss_scratch	2328794	2328794	1	isabelle/layerC/pss_scratch.thy	6328	false	true	false
pss_scratch.ox7_RightNodes_body_ge_v1	pss_scratch	2328820	2328820	1	isabelle/layerC/pss_scratch.thy	6382	false	true	false
pss_scratch.wcl_min_bad_secured	pss_scratch	2328840	2328840	1	isabelle/layerC/pss_scratch.thy	6503	false	true	false
pss_scratch.wcl_core_iff_no_bad_secured	pss_scratch	2328846	2328846	1	isabelle/layerC/pss_scratch.thy	6552	false	false	false
pss_scratch.wcl_accfrag_downclosed	pss_scratch	2328858	2328858	1	isabelle/layerC/pss_scratch.thy	6581	false	true	false
pss_scratch.wcl_accfrag_relacc	pss_scratch	2328868	2328868	1	isabelle/layerC/pss_scratch.thy	6592	false	false	false
pss_scratch.wcl_accfrag_prog_of_core	pss_scratch	2328898	2328898	1	isabelle/layerC/pss_scratch.thy	6602	false	true	false
pss_scratch.wcl_accfrag_distinguished_of_core	pss_scratch	2328904	2328904	1	isabelle/layerC/pss_scratch.thy	6631	false	true	false
pss_scratch.wcl_Mset_distinguished_of_core	pss_scratch	2328910	2328910	1	isabelle/layerC/pss_scratch.thy	6654	false	true	false
pss_scratch.wcl_Mset_eq_accfrag_of_core	pss_scratch	2328918	2328918	1	isabelle/layerC/pss_scratch.thy	6659	false	true	false
pss_scratch.wcl_collapse_of_core	pss_scratch	2328930	2328930	1	isabelle/layerC/pss_scratch.thy	6676	false	true	false
pss_scratch.wcl_min_bad_body_acc	pss_scratch	2328946	2328946	1	isabelle/layerC/pss_scratch.thy	6690	false	true	false
pss_scratch.wcl_lower_head_bad_exists	pss_scratch	2328980	2328980	1	isabelle/layerC/pss_scratch.thy	6744	false	true	false
pss_scratch.wcl_min_bad_lex	pss_scratch	2329018	2329018	1	isabelle/layerC/pss_scratch.thy	6798	false	true	false
pss_scratch.wcl_wf_of_upper	pss_scratch	2329058	2329058	1	isabelle/layerC/pss_scratch.thy	6903	false	true	false
pss_scratch.wcl_upper_of_wf	pss_scratch	2329070	2329070	1	isabelle/layerC/pss_scratch.thy	6985	false	false	false
pss_scratch.wcl_upper_iff_wf	pss_scratch	2329078	2329078	1	isabelle/layerC/pss_scratch.thy	6992	false	true	false
pss_scratch.wcl_collapse_of_upper	pss_scratch	2329090	2329090	1	isabelle/layerC/pss_scratch.thy	6995	false	true	false
pss_scratch.wcl_buc1_2_2_of_upper	pss_scratch	2329102	2329102	1	isabelle/layerC/pss_scratch.thy	6999	false	true	false
pss_scratch.ox7_slice_TransOT	pss_scratch	2329118	2329118	1	isabelle/layerC/pss_scratch.thy	7066	false	true	false
pss_scratch.ox7_bpHeadV_body_ge_v1	pss_scratch	2329142	2329142	1	isabelle/layerC/pss_scratch.thy	7146	false	true	false
pss_scratch.ox7_ub_lt_bpHeadV_body	pss_scratch	2329154	2329154	1	isabelle/layerC/pss_scratch.thy	7255	false	true	false
pss_scratch.wtw_core_step	pss_scratch	2329176	2329176	1	isabelle/layerC/pss_scratch.thy	7307	false	true	false
pss_scratch.wcl_high_comp_bad_pred	pss_scratch	2329190	2329190	1	isabelle/layerC/pss_scratch.thy	7360	false	true	false
pss_scratch.wcl_high_comp_not_acc	pss_scratch	2329198	2329198	1	isabelle/layerC/pss_scratch.thy	7377	false	true	false
pss_scratch.wcl_wf_of_upper_via_step	pss_scratch	2329206	2329206	1	isabelle/layerC/pss_scratch.thy	7399	false	true	false
pss_scratch.ox7_headlt_lessBT	pss_scratch	2329220	2329220	1	isabelle/layerC/pss_scratch.thy	7542	false	true	false
pss_scratch.ox7_bpHeadV_share	pss_scratch	2329230	2329230	1	isabelle/layerC/pss_scratch.thy	7576	false	true	false
pss_scratch.ot7_SETLE1_ltJ_of_head	pss_scratch	2329308	2329308	1	isabelle/layerC/pss_scratch.thy	7617	false	true	false
pss_scratch.bwo_all_OT_principal_acc_of_Wstar_total	pss_scratch	2329424	2329424	1	isabelle/layerC/pss_scratch.thy	7816	false	true	false
pss_scratch.bwo_2_2_wf	pss_scratch	2329438	2329438	1	isabelle/layerC/pss_scratch.thy	7834	false	true	false
pss_scratch.bwo_Wstar_total_of_wf	pss_scratch	2329444	2329444	1	isabelle/layerC/pss_scratch.thy	7862	false	false	false
pss_scratch.bwo_2_2_wf_iff	pss_scratch	2329452	2329452	1	isabelle/layerC/pss_scratch.thy	7871	false	true	false
pss_scratch.bwo_domB_Nil	pss_scratch	2329466	2329466	1	isabelle/layerC/pss_scratch.thy	7997	false	true	false
pss_scratch.bwo_addBT_Nil_right	pss_scratch	2329476	2329476	1	isabelle/layerC/pss_scratch.thy	8002	false	true	false
pss_scratch.bwo_addBT_Nil_left	pss_scratch	2329484	2329484	1	isabelle/layerC/pss_scratch.thy	8005	false	true	false
pss_scratch.bwo_addBT_assoc	pss_scratch	2329496	2329496	1	isabelle/layerC/pss_scratch.thy	8008	false	true	false
pss_scratch.bwo_addBT_domB	pss_scratch	2329510	2329510	1	isabelle/layerC/pss_scratch.thy	8014	false	true	false
pss_scratch.bwo_operB_split	pss_scratch	2329536	2329536	1	isabelle/layerC/pss_scratch.thy	8032	false	true	false
pss_scratch.bwo_addBT_operB	pss_scratch	2329550	2329550	1	isabelle/layerC/pss_scratch.thy	8048	false	true	false
pss_scratch.bwo_Aop_mono_nv	pss_scratch	2329562	2329562	1	isabelle/layerC/pss_scratch.thy	8080	false	true	false
pss_scratch.bwo_2_4a_shift_closure	pss_scratch	2329572	2329572	1	isabelle/layerC/pss_scratch.thy	8108	false	true	false
pss_scratch.bwo_domB_Dsucc0	pss_scratch	2329582	2329582	1	isabelle/layerC/pss_scratch.thy	8181	false	true	false
pss_scratch.bwo_operB_Dsucc0	pss_scratch	2329592	2329592	1	isabelle/layerC/pss_scratch.thy	8184	false	true	false
pss_scratch.bwo_2_5_sub1	pss_scratch	2329606	2329606	1	isabelle/layerC/pss_scratch.thy	8201	false	true	false
pss_scratch.ox8_lastT_GBT	pss_scratch	2330116	2330116	1	isabelle/layerC/pss_scratch.thy	8323	false	true	false
pss_scratch.ox8_rsub_GBT	pss_scratch	2330124	2330124	1	isabelle/layerC/pss_scratch.thy	8344	false	true	false
pss_scratch.ox8_rsub_lessBT_of_OTP	pss_scratch	2330138	2330138	1	isabelle/layerC/pss_scratch.thy	8391	false	true	false
pss_scratch.ox8_RightNodes_cons	pss_scratch	2330154	2330154	1	isabelle/layerC/pss_scratch.thy	8404	false	true	false
pss_scratch.ox8_rsub_head_RN	pss_scratch	2330168	2330168	1	isabelle/layerC/pss_scratch.thy	8425	false	true	false
pss_scratch.ox8_dfree_lastT	pss_scratch	2330176	2330176	1	isabelle/layerC/pss_scratch.thy	8453	false	true	false
pss_scratch.ox8_dfree_rsub	pss_scratch	2330190	2330190	1	isabelle/layerC/pss_scratch.thy	8471	false	true	false
pss_scratch.ox8_dfree_lastV	pss_scratch	2330200	2330200	1	isabelle/layerC/pss_scratch.thy	8480	false	true	false
pss_scratch.ox8_OTP_e3_body	pss_scratch	2330220	2330220	1	isabelle/layerC/pss_scratch.thy	8503	false	true	false
pss_scratch.ox8_body_rspine_lessBT	pss_scratch	2330256	2330256	1	isabelle/layerC/pss_scratch.thy	8539	false	true	false
pss_scratch.bwl_Aop_mono_X	pss_scratch	2330374	2330374	1	isabelle/layerC/pss_scratch.thy	8704	false	false	false
pss_scratch.bwl_Aset_mono	pss_scratch	2330414	2330414	1	isabelle/layerC/pss_scratch.thy	8709	false	false	false
pss_scratch.bwl_Aop_mono_nv	pss_scratch	2330430	2330430	1	isabelle/layerC/pss_scratch.thy	8719	false	true	false
pss_scratch.bwl_Aop_cong	pss_scratch	2330454	2330454	1	isabelle/layerC/pss_scratch.thy	8726	false	false	false
pss_scratch.bwl_Wf_coh	pss_scratch	2330586	2330586	1	isabelle/layerC/pss_scratch.thy	8753	false	true	false
pss_scratch.bwl_Wf_eq_W	pss_scratch	2330596	2330596	1	isabelle/layerC/pss_scratch.thy	8770	false	true	false
pss_scratch.bwl_W_unfold	pss_scratch	2330608	2330608	1	isabelle/layerC/pss_scratch.thy	8776	false	true	false
pss_scratch.bwl_A1	pss_scratch	2330616	2330616	1	isabelle/layerC/pss_scratch.thy	8800	false	true	false
pss_scratch.bwl_A2	pss_scratch	2330648	2330648	1	isabelle/layerC/pss_scratch.thy	8807	false	true	false
pss_scratch.bwl_A1_intro	pss_scratch	2330688	2330688	1	isabelle/layerC/pss_scratch.thy	8818	false	true	false
pss_scratch.bwl_A1_dest	pss_scratch	2330710	2330710	1	isabelle/layerC/pss_scratch.thy	8827	false	true	false
pss_scratch.bwl_A2'	pss_scratch	2330736	2330736	1	isabelle/layerC/pss_scratch.thy	8835	false	true	false
pss_scratch.bwl_W_zero	pss_scratch	2330748	2330748	1	isabelle/layerC/pss_scratch.thy	8846	false	true	false
pss_scratch.bwl_W2	pss_scratch	2330770	2330770	1	isabelle/layerC/pss_scratch.thy	8851	false	true	false
pss_scratch.bwl_W3	pss_scratch	2330804	2330804	1	isabelle/layerC/pss_scratch.thy	8860	false	true	false
pss_scratch.bwl_W_level_mono	pss_scratch	2330838	2330838	1	isabelle/layerC/pss_scratch.thy	8874	false	true	false
pss_scratch.bwl_2_4a_shift	pss_scratch	2330876	2330876	1	isabelle/layerC/pss_scratch.thy	8892	false	true	false
pss_scratch.bwl_2_4b_add	pss_scratch	2330918	2330918	1	isabelle/layerC/pss_scratch.thy	8965	false	true	false
pss_scratch.bwl_2_4b_mult	pss_scratch	2330942	2330942	1	isabelle/layerC/pss_scratch.thy	8981	false	true	false
pss_scratch.bwl_domB_one	pss_scratch	2330952	2330952	1	isabelle/layerC/pss_scratch.thy	8993	false	true	false
pss_scratch.bwl_one_W	pss_scratch	2330962	2330962	1	isabelle/layerC/pss_scratch.thy	8996	false	true	false
pss_scratch.bwl_numBT_W	pss_scratch	2330972	2330972	1	isabelle/layerC/pss_scratch.thy	9006	false	true	false
pss_scratch.bwl_2_5_sub1	pss_scratch	2330992	2330992	1	isabelle/layerC/pss_scratch.thy	9014	false	true	false
pss_scratch.bwl_domB_case_i	pss_scratch	2331022	2331022	1	isabelle/layerC/pss_scratch.thy	9056	false	true	false
pss_scratch.bwl_TBv_neq_zero	pss_scratch	2331034	2331034	1	isabelle/layerC/pss_scratch.thy	9061	false	true	false
pss_scratch.bwl_case_iii_guard_TBv	pss_scratch	2331054	2331054	1	isabelle/layerC/pss_scratch.thy	9072	false	true	false
pss_scratch.bwl_D_zero_W	pss_scratch	2331080	2331080	1	isabelle/layerC/pss_scratch.thy	9086	false	true	false
pss_scratch.bwl_key_collapse_sub	pss_scratch	2331204	2331204	1	isabelle/layerC/pss_scratch.thy	9115	false	true	false
pss_scratch.bwl_key_collapse	pss_scratch	2331280	2331280	1	isabelle/layerC/pss_scratch.thy	9213	false	true	false
pss_scratch.bwl_W_Dself	pss_scratch	2331318	2331318	1	isabelle/layerC/pss_scratch.thy	9221	false	true	false
pss_scratch.bwl_numNat_numBT	pss_scratch	2331326	2331326	1	isabelle/layerC/pss_scratch.thy	9228	false	true	false
pss_scratch.bwl_tbvIdx	pss_scratch	2331332	2331332	1	isabelle/layerC/pss_scratch.thy	9231	false	true	false
pss_scratch.bwl_domB_case_ii	pss_scratch	2331358	2331358	1	isabelle/layerC/pss_scratch.thy	9241	false	true	false
pss_scratch.bwl_operB_case_ii	pss_scratch	2331462	2331462	1	isabelle/layerC/pss_scratch.thy	9252	false	true	false
pss_scratch.bwl_DC	pss_scratch	2331488	2331488	1	isabelle/layerC/pss_scratch.thy	9278	false	true	false
pss_scratch.bwl_W_subset_star	pss_scratch	2331502	2331502	1	isabelle/layerC/pss_scratch.thy	9441	false	true	false
pss_scratch.bwl_WstarI	pss_scratch	2331620	2331620	1	isabelle/layerC/pss_scratch.thy	9461	false	false	false
pss_scratch.bwl_WstarD	pss_scratch	2331688	2331688	1	isabelle/layerC/pss_scratch.thy	9464	false	false	false
pss_scratch.bwl_W_in_Wstar	pss_scratch	2331716	2331716	1	isabelle/layerC/pss_scratch.thy	9469	false	true	false
pss_scratch.bwl_zero_Wstar	pss_scratch	2331726	2331726	1	isabelle/layerC/pss_scratch.thy	9472	false	true	false
pss_scratch.bwl_2_6	pss_scratch	2331786	2331786	1	isabelle/layerC/pss_scratch.thy	9477	false	true	false
pss_scratch.bwl_size_list_butlast	pss_scratch	2331824	2331824	1	isabelle/layerC/pss_scratch.thy	9629	false	false	false
pss_scratch.bwl_size_butlast_lt	pss_scratch	2331860	2331860	1	isabelle/layerC/pss_scratch.thy	9633	false	true	false
pss_scratch.bwl_2_7_aux	pss_scratch	2331950	2331950	1	isabelle/layerC/pss_scratch.thy	9647	false	true	false
pss_scratch.bwl_2_8_dfree_Wstar	pss_scratch	2332012	2332012	1	isabelle/layerC/pss_scratch.thy	9724	false	true	false
pss_scratch.bwl_2_8_principal	pss_scratch	2332066	2332066	1	isabelle/layerC/pss_scratch.thy	9733	false	true	false
pss_scratch.bwl_not_lessBT_zero	pss_scratch	2332270	2332270	1	isabelle/layerC/pss_scratch.thy	9771	false	true	false
pss_scratch.bwl_acc_BP_of_BT_aux	pss_scratch	2332306	2332306	1	isabelle/layerC/pss_scratch.thy	9779	false	true	false
pss_scratch.bwl_acc_BP_of_BT	pss_scratch	2332322	2332322	1	isabelle/layerC/pss_scratch.thy	9800	false	true	false
pss_scratch.bwl_acc_of_W	pss_scratch	2332362	2332362	1	isabelle/layerC/pss_scratch.thy	9808	false	true	false
pss_scratch.bwl_Wstar_total_of_cof	pss_scratch	2332386	2332386	1	isabelle/layerC/pss_scratch.thy	9927	false	true	false
pss_scratch.bwl_wf_RPrel_of_cof	pss_scratch	2332400	2332400	1	isabelle/layerC/pss_scratch.thy	9942	false	true	false
pss_scratch.ot9_LastStep_A9_faithful	pss_scratch	2332586	2332586	1	isabelle/layerC/pss_scratch.thy	9986	false	false	false
pss_scratch.ot9_FINRC	pss_scratch	2332660	2332660	1	isabelle/layerC/pss_scratch.thy	10032	false	false	false
pss_scratch.oi8_census_FINRC	pss_scratch	2332738	2332740	2	isabelle/layerC/pss_scratch.thy	10041	false	true	false
pss_scratch.ox9_ok_of_hge	pss_scratch	2333962	2333962	1	isabelle/layerC/pss_scratch.thy	10139	false	true	false
pss_scratch.ox9_holeD_0E	pss_scratch	2334208	2334208	1	isabelle/layerC/pss_scratch.thy	10154	false	true	false
pss_scratch.ox9_holeD_SucE	pss_scratch	2334222	2334222	1	isabelle/layerC/pss_scratch.thy	10159	false	true	false
pss_scratch.ox9_holeD_ne	pss_scratch	2334234	2334234	1	isabelle/layerC/pss_scratch.thy	10165	false	true	false
pss_scratch.ox9_lessBT_zero	pss_scratch	2334242	2334242	1	isabelle/layerC/pss_scratch.thy	10173	false	true	false
pss_scratch.ox9_lessBP_iff	pss_scratch	2334270	2334270	1	isabelle/layerC/pss_scratch.thy	10178	false	true	false
pss_scratch.ox9_lessBP_trans	pss_scratch	2334284	2334284	1	isabelle/layerC/pss_scratch.thy	10180	false	true	false
pss_scratch.ox9_snoc_lessBT	pss_scratch	2334294	2334294	1	isabelle/layerC/pss_scratch.thy	10186	false	true	false
pss_scratch.ox9_holeD_lessBT	pss_scratch	2334312	2334312	1	isabelle/layerC/pss_scratch.thy	10189	false	true	false
pss_scratch.ox9_lexP	pss_scratch	2334320	2334320	1	isabelle/layerC/pss_scratch.thy	10210	false	true	false
pss_scratch.ox9_TT_aux	pss_scratch	2334348	2334348	1	isabelle/layerC/pss_scratch.thy	10260	false	true	false
pss_scratch.ox9_TT	pss_scratch	2334380	2334380	1	isabelle/layerC/pss_scratch.thy	10299	false	true	false
pss_scratch.ox9_lexM	pss_scratch	2334440	2334440	1	isabelle/layerC/pss_scratch.thy	10317	false	true	false
pss_scratch.ox9_MAIN	pss_scratch	2334492	2334492	1	isabelle/layerC/pss_scratch.thy	10381	false	true	false
pss_scratch.ox9_holeD_of_flat3	pss_scratch	2334516	2334516	1	isabelle/layerC/pss_scratch.thy	10507	false	true	false
pss_scratch.ox9_rsub_Suc	pss_scratch	2334532	2334532	1	isabelle/layerC/pss_scratch.thy	10542	false	true	false
pss_scratch.ox9_holeD_lastT	pss_scratch	2334558	2334558	1	isabelle/layerC/pss_scratch.thy	10553	false	true	false
pss_scratch.ox9_holeD_rsub	pss_scratch	2334574	2334574	1	isabelle/layerC/pss_scratch.thy	10565	false	true	false
pss_scratch.ox9_ok_lastT	pss_scratch	2334592	2334592	1	isabelle/layerC/pss_scratch.thy	10585	false	true	false
pss_scratch.ox9_ok_rsub	pss_scratch	2334604	2334604	1	isabelle/layerC/pss_scratch.thy	10604	false	true	false
pss_scratch.ox9_engine	pss_scratch	2334702	2334702	1	isabelle/layerC/pss_scratch.thy	10624	false	true	false
pss_scratch.ox10_cex_not_ok	pss_scratch	2334880	2334880	1	isabelle/layerC/pss_scratch.thy	10840	false	true	false
pss_scratch.ox10_cex_not_hge	pss_scratch	2334918	2334918	1	isabelle/layerC/pss_scratch.thy	10843	false	true	false
pss_scratch.ox10_engine	pss_scratch	2334984	2334984	1	isabelle/layerC/pss_scratch.thy	10863	false	true	false
pss_scratch.ox10_SETLE1_ltJ	pss_scratch	2335056	2335056	1	isabelle/layerC/pss_scratch.thy	10995	false	true	false
pss_scratch.oi10_census_KK	pss_scratch	2335160	2335162	2	isabelle/layerC/pss_scratch.thy	11096	false	true	false
pss_scratch.ox10_lexP	pss_scratch	2335210	2335210	1	isabelle/layerC/pss_scratch.thy	11171	false	true	false
pss_scratch.ox10_lexP_subsumes_ox9	pss_scratch	2335244	2335244	1	isabelle/layerC/pss_scratch.thy	11224	false	true	false
pss_scratch.y3_W_mono	pss_scratch	2335276	2335276	1	isabelle/layerC/pss_scratch.thy	11280	false	true	false
pss_scratch.y3_TBv_dfree_W_aux	pss_scratch	2335308	2335308	1	isabelle/layerC/pss_scratch.thy	11295	false	true	false
pss_scratch.y3_TBv_dfree_W	pss_scratch	2335328	2335328	1	isabelle/layerC/pss_scratch.thy	11320	false	true	false
pss_scratch.y3_dfree_ex_lev_aux	pss_scratch	2335358	2335358	1	isabelle/layerC/pss_scratch.thy	11333	false	true	false
pss_scratch.y3_dfree_ex_lev	pss_scratch	2335380	2335380	1	isabelle/layerC/pss_scratch.thy	11370	false	true	false
pss_scratch.y3_dfree_W_ex	pss_scratch	2335386	2335386	1	isabelle/layerC/pss_scratch.thy	11382	false	true	false
pss_scratch.y3_Trans_dfree	pss_scratch	2335396	2335396	1	isabelle/layerC/pss_scratch.thy	11390	false	true	false
pss_scratch.y3_Trans_W	pss_scratch	2335408	2335408	1	isabelle/layerC/pss_scratch.thy	11395	false	true	false
pss_scratch.y3_one_in_TBv	pss_scratch	2335424	2335424	1	isabelle/layerC/pss_scratch.thy	11403	false	true	false
pss_scratch.y3_D0one_not_NatSet	pss_scratch	2335440	2335440	1	isabelle/layerC/pss_scratch.thy	11406	false	true	false
pss_scratch.y3_TBv_ne_zeroset	pss_scratch	2335450	2335450	1	isabelle/layerC/pss_scratch.thy	11416	false	true	false
pss_scratch.y3_TBv_ne_NatSet	pss_scratch	2335456	2335456	1	isabelle/layerC/pss_scratch.thy	11424	false	true	false
pss_scratch.y3_TBv_inj	pss_scratch	2335478	2335478	1	isabelle/layerC/pss_scratch.thy	11432	false	true	false
pss_scratch.y3_cof0_imp_bwl_cof	pss_scratch	2335526	2335526	1	isabelle/layerC/pss_scratch.thy	11463	false	true	false
pss_scratch.y3_wf_RPrel_of_cof0	pss_scratch	2335540	2335540	1	isabelle/layerC/pss_scratch.thy	11507	false	true	false
pss_scratch.y3_W_acc	pss_scratch	2335588	2335588	1	isabelle/layerC/pss_scratch.thy	11528	false	true	false
pss_scratch.y3_cofimg_of_bwl_cof	pss_scratch	2335642	2335642	1	isabelle/layerC/pss_scratch.thy	11620	false	false	false
pss_scratch.y3_PSS_acc_of_cofimg	pss_scratch	2335698	2335698	1	isabelle/layerC/pss_scratch.thy	11653	false	true	false
pss_scratch.y3_PSS_acc_of_KK_cofimg	pss_scratch	2335750	2335750	1	isabelle/layerC/pss_scratch.thy	11824	false	true	false
pss_scratch.ox11_snoc_le	pss_scratch	2335782	2335782	1	isabelle/layerC/pss_scratch.thy	11890	false	true	false
pss_scratch.ox11_TT	pss_scratch	2336472	2336472	1	isabelle/layerC/pss_scratch.thy	11950	false	true	false
pss_scratch.ox11_safe_of_ok_aux	pss_scratch	2336488	2336488	1	isabelle/layerC/pss_scratch.thy	12001	false	true	false
pss_scratch.ox11_safe_of_ok	pss_scratch	2336500	2336500	1	isabelle/layerC/pss_scratch.thy	12039	false	true	false
pss_scratch.ox11_spge_of_rsub	pss_scratch	2336826	2336826	1	isabelle/layerC/pss_scratch.thy	12056	false	true	false
pss_scratch.ox11_safe_of_set	pss_scratch	2336866	2336866	1	isabelle/layerC/pss_scratch.thy	12099	false	true	false
pss_scratch.ox11_holeD_ne2	pss_scratch	2336896	2336896	1	isabelle/layerC/pss_scratch.thy	12158	false	true	false
pss_scratch.ox11_KK_of_BG	pss_scratch	2337044	2337044	1	isabelle/layerC/pss_scratch.thy	12183	false	true	false
pss_scratch.oi11_census_BG	pss_scratch	2337160	2337164	2	isabelle/layerC/pss_scratch.thy	12370	false	true	false
pss_scratch.y4_xseq_Dpt	pss_scratch	2337256	2337256	1	isabelle/layerC/pss_scratch.thy	12493	false	true	false
pss_scratch.y4_xseq_TBv	pss_scratch	2337274	2337274	1	isabelle/layerC/pss_scratch.thy	12502	false	true	false
pss_scratch.y4_xseq_lt	pss_scratch	2337302	2337302	1	isabelle/layerC/pss_scratch.thy	12509	false	true	false
pss_scratch.y4_xseq_mono	pss_scratch	2337320	2337320	1	isabelle/layerC/pss_scratch.thy	12538	false	true	false
pss_scratch.y4_xseq_le_mono	pss_scratch	2337332	2337332	1	isabelle/layerC/pss_scratch.thy	12558	false	true	false
pss_scratch.y4_leBT_addBT_self	pss_scratch	2337350	2337350	1	isabelle/layerC/pss_scratch.thy	12568	false	true	false
pss_scratch.y4_leBT_addBT_mono_right	pss_scratch	2337368	2337368	1	isabelle/layerC/pss_scratch.thy	12578	false	true	false
pss_scratch.y4_prefix_split	pss_scratch	2337392	2337392	1	isabelle/layerC/pss_scratch.thy	12587	false	true	false
pss_scratch.y4_descP_suffix	pss_scratch	2337406	2337406	1	isabelle/layerC/pss_scratch.thy	12640	false	true	false
pss_scratch.y4_OT_suffix	pss_scratch	2337430	2337430	1	isabelle/layerC/pss_scratch.thy	12643	false	true	false
pss_scratch.y4_GBT_suffix	pss_scratch	2337442	2337442	1	isabelle/layerC/pss_scratch.thy	12647	false	true	false
pss_scratch.y4_inner	pss_scratch	2337554	2337554	1	isabelle/layerC/pss_scratch.thy	12661	false	true	false
pss_scratch.y4_xseq_cof	pss_scratch	2337590	2337590	1	isabelle/layerC/pss_scratch.thy	12883	false	true	false
pss_scratch.y4_N_mono	pss_scratch	2337602	2337602	1	isabelle/layerC/pss_scratch.thy	12912	false	true	false
pss_scratch.y4_N_mono_le	pss_scratch	2337622	2337622	1	isabelle/layerC/pss_scratch.thy	13034	false	true	false
pss_scratch.y4_descP_all_le_hd	pss_scratch	2337638	2337638	1	isabelle/layerC/pss_scratch.thy	13060	false	true	false
pss_scratch.y4_TBv_of_head	pss_scratch	2337656	2337656	1	isabelle/layerC/pss_scratch.thy	13084	false	true	false
pss_scratch.y4_leBT_min	pss_scratch	2337678	2337678	1	isabelle/layerC/pss_scratch.thy	13102	false	true	false
pss_scratch.y4_bump	pss_scratch	2337806	2337806	1	isabelle/layerC/pss_scratch.thy	13128	false	true	false
pss_scratch.y4_operB_domzero_const	pss_scratch	2337832	2337832	1	isabelle/layerC/pss_scratch.thy	13154	false	true	false
pss_scratch.y4_le_replicate	pss_scratch	2337858	2337858	1	isabelle/layerC/pss_scratch.thy	13221	false	true	false
pss_scratch.y4_dfree_suffix	pss_scratch	2337874	2337874	1	isabelle/layerC/pss_scratch.thy	13242	false	true	false
pss_scratch.y4_bachmann	pss_scratch	2337932	2337932	1	isabelle/layerC/pss_scratch.thy	13261	false	true	false
pss_scratch.y4_cof0	pss_scratch	2337962	2337962	1	isabelle/layerC/pss_scratch.thy	13678	false	true	false
pss_scratch.y4_wf_RPrel	pss_scratch	2337976	2337976	1	isabelle/layerC/pss_scratch.thy	13689	false	true	false
pss_scratch.y4_bwl_cof	pss_scratch	2337986	2337986	1	isabelle/layerC/pss_scratch.thy	13692	false	true	false
pss_scratch.y4_buc1_2_2_OT_B_wf	pss_scratch	2338012	2338012	1	isabelle/layerC/pss_scratch.thy	13700	false	true	false
pss_scratch.y4_cofimg	pss_scratch	2338038	2338038	1	isabelle/layerC/pss_scratch.thy	13706	false	true	false
pss_scratch.y4_PSS_acc_of_KK	pss_scratch	2338118	2338118	1	isabelle/layerC/pss_scratch.thy	13716	false	true	false
pss_scratch.y4_PSS_wf_of_KK	pss_scratch	2338220	2338220	1	isabelle/layerC/pss_scratch.thy	13806	false	true	false
pss_scratch.y4_PSS_acc_of_KK_wf	pss_scratch	2338298	2338298	1	isabelle/layerC/pss_scratch.thy	13847	false	true	false
pss_scratch.ox12_szP_pos	pss_scratch	2338774	2338774	1	isabelle/layerC/pss_scratch.thy	13910	false	true	false
pss_scratch.ox12_szT_zero	pss_scratch	2338780	2338780	1	isabelle/layerC/pss_scratch.thy	13913	false	true	false
pss_scratch.ox12_szP_Dzero	pss_scratch	2338796	2338796	1	isabelle/layerC/pss_scratch.thy	13919	false	true	false
pss_scratch.ox12_safe_of_size_aux	pss_scratch	2338854	2338854	1	isabelle/layerC/pss_scratch.thy	13931	false	true	false
pss_scratch.ox12_safe_of_size	pss_scratch	2338876	2338876	1	isabelle/layerC/pss_scratch.thy	13980	false	true	false
pss_scratch.ox12_sz_lastT_lt	pss_scratch	2338892	2338892	1	isabelle/layerC/pss_scratch.thy	13988	false	true	false
pss_scratch.ox12_sz_rsub_le	pss_scratch	2338924	2338924	1	isabelle/layerC/pss_scratch.thy	14003	false	true	false
pss_scratch.ox12_sz_rsub_lt	pss_scratch	2338944	2338944	1	isabelle/layerC/pss_scratch.thy	14024	false	true	false
pss_scratch.ox12_KK	pss_scratch	2339010	2339010	1	isabelle/layerC/pss_scratch.thy	14046	false	true	false
pss_scratch.oi12_census	pss_scratch	2339050	2339052	2	isabelle/layerC/pss_scratch.thy	14102	false	true	false
pss_scratch.ox12_KK_free	pss_scratch	2339110	2339110	1	isabelle/layerC/pss_scratch.thy	14166	false	true	false
pss_scratch.y5_PSS_wf	pss_scratch	2339122	2339122	1	isabelle/layerC/pss_scratch.thy	14197	false	true	false
pss_scratch.y5_PSS_acc	pss_scratch	2339134	2339134	1	isabelle/layerC/pss_scratch.thy	14200	false	true	false
pss_scratch.y5_Trans_OT_B	pss_scratch	2339148	2339148	1	isabelle/layerC/pss_scratch.thy	14205	false	true	false
pss_scratch.y5_Trans_descend	pss_scratch	2339198	2339198	1	isabelle/layerC/pss_scratch.thy	14208	false	true	false
pss_scratch.y5_take_concat_ne	pss_scratch	2339264	2339264	1	isabelle/layerC/pss_scratch.thy	14228	false	true	false
pss_scratch.y5_Lng_Pred_pos	pss_scratch	2339288	2339288	1	isabelle/layerC/pss_scratch.thy	14252	false	false	false
pss_scratch.y5_Lng_oper_pos	pss_scratch	2339328	2339328	1	isabelle/layerC/pss_scratch.thy	14266	false	true	false
pss_scratch.y5_ST_PS_Lng_pos	pss_scratch	2339390	2339390	1	isabelle/layerC/pss_scratch.thy	14327	false	true	false
pss_scratch.y5_Fdom	pss_scratch	2339446	2339446	1	isabelle/layerC/pss_scratch.thy	14344	false	true	false
pss_scratch.y5_8_1_condI_OT	pss_scratch	2339532	2339534	2	isabelle/layerC/pss_scratch.thy	14410	false	true	false
pss_scratch.y5_8_3_condII_OT	pss_scratch	2339580	2339582	2	isabelle/layerC/pss_scratch.thy	14420	false	true	false
pss_scratch.y5_8_3_TransCondII_oper_descend	pss_scratch	2339624	2339624	1	isabelle/layerC/pss_scratch.thy	14432	false	true	false
pss_scratch.y3_Br_last_head_coeff	pss_scratch	2339648	2339648	1	isabelle/layerC/pss_scratch.thy	14458	false	true	false
pss_scratch.y3_LastStep_gt	pss_scratch	2339670	2339670	1	isabelle/layerC/pss_scratch.thy	14478	false	true	false
pss_scratch.y3_LastStep_J1_mem	pss_scratch	2339718	2339718	1	isabelle/layerC/pss_scratch.thy	14486	false	true	false
pss_scratch.y3_LastStep_set_nonempty	pss_scratch	2339750	2339750	1	isabelle/layerC/pss_scratch.thy	14500	false	true	false
pss_scratch.y3_LastStep_bounded_lt_neq	pss_scratch	2339798	2339798	1	isabelle/layerC/pss_scratch.thy	14512	false	true	false
pss_scratch.y3_LastStep_lt_Lng_Br	pss_scratch	2339826	2339826	1	isabelle/layerC/pss_scratch.thy	14526	false	true	false
pss_scratch.y3_LastStep_lt_Lng_Br_DT	pss_scratch	2339850	2339850	1	isabelle/layerC/pss_scratch.thy	14550	false	true	false
pss_scratch.y3_nextAdm_unique	pss_scratch	2339872	2339872	1	isabelle/layerC/pss_scratch.thy	14568	false	false	false
pss_scratch.y3_nextAdm_ex	pss_scratch	2339942	2339942	1	isabelle/layerC/pss_scratch.thy	14594	false	true	false
pss_scratch.y3_nextAdm_ex1	pss_scratch	2339982	2339982	1	isabelle/layerC/pss_scratch.thy	14626	false	true	false
pss_scratch.y3_7_4_Trans_nextAdm	pss_scratch	2340008	2340008	1	isabelle/layerC/pss_scratch.thy	14634	false	true	false
pss_scratch.y3_7_4_Mark_nextAdm	pss_scratch	2340082	2340082	1	isabelle/layerC/pss_scratch.thy	14643	false	true	false
pss_scratch.y3g_condI_exchange1_rtps	pss_scratch	2340144	2340144	1	isabelle/layerC/pss_scratch.thy	14693	false	true	false
pss_scratch.y3g_condI_descent_rtps	pss_scratch	2340214	2340214	1	isabelle/layerC/pss_scratch.thy	14740	false	true	false
pss_scratch.y3g_p_8_1_Trans_fseq_condI	pss_scratch	2340244	2340246	2	isabelle/layerC/pss_scratch.thy	14826	false	true	false
pss_scratch.y3h_W_seed_mono0	pss_scratch	2340262	2340262	1	isabelle/layerC/pss_scratch.thy	14877	false	true	false
pss_scratch.y3h_bodyM_lt_bodyO_tight	pss_scratch	2340284	2340284	1	isabelle/layerC/pss_scratch.thy	14888	false	true	false
pss_scratch.y3h_bodyO_lt_bodyM	pss_scratch	2340316	2340316	1	isabelle/layerC/pss_scratch.thy	14909	false	true	false
pss_scratch.y3h_exchange_condV_nonadm	pss_scratch	2340402	2340404	2	isabelle/layerC/pss_scratch.thy	14926	false	true	false
pss_scratch.y3h_M_lt_prev_condV_adm	pss_scratch	2340460	2340460	1	isabelle/layerC/pss_scratch.thy	14981	false	true	false
pss_scratch.y3h_p_8_5_Trans_oper_exchange	pss_scratch	2340588	2340592	3	isabelle/layerC/pss_scratch.thy	15072	false	true	false
pss_scratch.y3h_scbext_reflect	pss_scratch	2340626	2340626	1	isabelle/layerC/pss_scratch.thy	15157	false	true	false
pss_scratch.y3h_core_TB_of_flat	pss_scratch	2340650	2340650	1	isabelle/layerC/pss_scratch.thy	15185	false	true	false
pss_scratch.y3h_part3_of_forms	pss_scratch	2340784	2340784	1	isabelle/layerC/pss_scratch.thy	15206	false	true	false
pss_scratch.y3h_part3_jm3anchor	pss_scratch	2340870	2340870	1	isabelle/layerC/pss_scratch.thy	15245	false	true	false
pss_scratch.y3h_LbaseH_uncond	pss_scratch	2340940	2340940	1	isabelle/layerC/pss_scratch.thy	15342	false	true	false
pss_scratch.y3h_p_8_4_oper_basic_part3_condIII	pss_scratch	2340986	2340986	1	isabelle/layerC/pss_scratch.thy	15354	false	true	false
pss_scratch.y3h_p_8_4_oper_basic_part3_condIV_nonadmeq	pss_scratch	2341044	2341044	1	isabelle/layerC/pss_scratch.thy	15383	false	true	false
pss_scratch.y3h_p_8_4_oper_basic_part3_condIV_admeq	pss_scratch	2341116	2341116	1	isabelle/layerC/pss_scratch.thy	15414	false	true	false
pss_scratch.y3h_p_8_4_oper_basic	pss_scratch	2341216	2341218	2	isabelle/layerC/pss_scratch.thy	15527	false	true	false
pss_scratch.y3s_Red_T_PS	pss_scratch	2341260	2341260	1	isabelle/layerC/pss_scratch.thy	15636	false	true	false
pss_scratch.y3s_Red_funpow_T_PS	pss_scratch	2341270	2341270	1	isabelle/layerC/pss_scratch.thy	15645	false	true	false
pss_scratch.y3s_Lng_funpow_Red	pss_scratch	2341282	2341282	1	isabelle/layerC/pss_scratch.thy	15649	false	true	false
pss_scratch.y3s_zeroT_funpow_Red	pss_scratch	2341294	2341294	1	isabelle/layerC/pss_scratch.thy	15661	false	true	false
pss_scratch.y3s_Pred_T_PS	pss_scratch	2341308	2341308	1	isabelle/layerC/pss_scratch.thy	15675	false	false	false
pss_scratch.y3s_Pred_funpow_Red	pss_scratch	2341334	2341334	1	isabelle/layerC/pss_scratch.thy	15687	false	true	false
pss_scratch.y3s_Pred_RT_PS	pss_scratch	2341352	2341352	1	isabelle/layerC/pss_scratch.thy	15703	false	true	false
pss_scratch.y3s_RedStab_RT	pss_scratch	2341380	2341380	1	isabelle/layerC/pss_scratch.thy	15719	false	false	false
pss_scratch.y3s_RedStab_nonmulti	pss_scratch	2341400	2341400	1	isabelle/layerC/pss_scratch.thy	15722	false	true	false
pss_scratch.y3s_RedStab_of_Red2	pss_scratch	2341428	2341428	1	isabelle/layerC/pss_scratch.thy	15734	false	false	false
pss_scratch.y3s_Trans_dom_iter	pss_scratch	2341452	2341452	1	isabelle/layerC/pss_scratch.thy	15738	false	true	false
pss_scratch.y3s_Mark_dom_iter	pss_scratch	2341460	2341460	1	isabelle/layerC/pss_scratch.thy	15755	false	true	false
pss_scratch.y3s_Trans_funpow_Red	pss_scratch	2341484	2341484	1	isabelle/layerC/pss_scratch.thy	15772	false	true	false
pss_scratch.y3s_Mark_funpow_Red	pss_scratch	2341566	2341566	1	isabelle/layerC/pss_scratch.thy	15793	false	true	false
pss_scratch.y3s_RightAnces_dom_iter	pss_scratch	2341646	2341646	1	isabelle/layerC/pss_scratch.thy	15814	false	true	false
pss_scratch.y3s_RightAnces_funpow_Red	pss_scratch	2341700	2341700	1	isabelle/layerC/pss_scratch.thy	15831	false	true	false
pss_scratch.y3s_7_3_Trans_zeroT_TPS	pss_scratch	2341756	2341756	1	isabelle/layerC/pss_scratch.thy	15858	false	true	false
pss_scratch.y3s_7_3_Pred_Trans_descend_TPS	pss_scratch	2341764	2341764	1	isabelle/layerC/pss_scratch.thy	15875	false	true	false
pss_scratch.y3s_7_4_RightAnces_RightNodes_TPS	pss_scratch	2341772	2341772	1	isabelle/layerC/pss_scratch.thy	15895	false	true	false
pss_scratch.y3s_7_4_RightAnces_zeroT_TPS	pss_scratch	2341782	2341782	1	isabelle/layerC/pss_scratch.thy	15909	false	true	false
pss_scratch.y3s_7_4_Mark_nextAdm_TPS_reduct	pss_scratch	2341834	2341834	1	isabelle/layerC/pss_scratch.thy	15931	false	true	false
pss_scratch.y3i_transC2_branches	pss_scratch	2341998	2342006	4	isabelle/layerC/pss_scratch.thy	16009	false	true	false
pss_scratch.y3i_Trans_s1_c2_b1	pss_scratch	2342032	2342034	2	isabelle/layerC/pss_scratch.thy	16033	false	true	false
pss_scratch.y3i_branch_of_guard	pss_scratch	2342050	2342050	1	isabelle/layerC/pss_scratch.thy	16057	false	true	false
pss_scratch.y3i_REGS	pss_scratch	2342060	2342060	1	isabelle/layerC/pss_scratch.thy	16085	false	true	false
pss_scratch.y3i_REGSP	pss_scratch	2342094	2342094	1	isabelle/layerC/pss_scratch.thy	16098	false	true	false
pss_scratch.y3i_L1_rightend_Trans	pss_scratch	2342104	2342104	1	isabelle/layerC/pss_scratch.thy	16123	false	true	false
pss_scratch.y3i_L2_oper_props	pss_scratch	2342154	2342168	8	isabelle/layerC/pss_scratch.thy	16142	false	true	false
pss_scratch.y3i_L3_Trans_scb	pss_scratch	2342190	2342190	1	isabelle/layerC/pss_scratch.thy	16179	false	true	false
pss_scratch.y3i_L4_slice_scb	pss_scratch	2342350	2342354	2	isabelle/layerC/pss_scratch.thy	16198	false	true	false
pss_scratch.y3i_L5_various_scb_IIIV	pss_scratch	2342550	2342550	1	isabelle/layerC/pss_scratch.thy	16270	false	true	false
pss_scratch.y3i_L6_various_scb_IIIIV	pss_scratch	2342780	2342780	1	isabelle/layerC/pss_scratch.thy	16321	false	true	false
pss_scratch.y3r_Red_TPS	pss_scratch	2342812	2342812	1	isabelle/layerC/pss_scratch.thy	16401	false	true	false
pss_scratch.y3r_Red_nonmulti	pss_scratch	2342828	2342828	1	isabelle/layerC/pss_scratch.thy	16413	false	true	false
pss_scratch.y3r_P_nonmulti	pss_scratch	2342836	2342836	1	isabelle/layerC/pss_scratch.thy	16428	false	true	false
pss_scratch.y3r_nonmulti_lmin0	pss_scratch	2342842	2342842	1	isabelle/layerC/pss_scratch.thy	16443	false	true	false
pss_scratch.y3r_Red_head	pss_scratch	2342854	2342854	1	isabelle/layerC/pss_scratch.thy	16461	false	true	false
pss_scratch.y3r_Red_strict_min	pss_scratch	2342868	2342868	1	isabelle/layerC/pss_scratch.thy	16481	false	true	false
pss_scratch.y3r_P_concat	pss_scratch	2342886	2342886	1	isabelle/layerC/pss_scratch.thy	16517	false	true	false
pss_scratch.y3r_concat_lmin_diag	pss_scratch	2342900	2342900	1	isabelle/layerC/pss_scratch.thy	16618	false	true	false
pss_scratch.y3r_comp_head	pss_scratch	2342922	2342922	1	isabelle/layerC/pss_scratch.thy	16694	false	true	false
pss_scratch.y3r_Red_comp_diag	pss_scratch	2342944	2342944	1	isabelle/layerC/pss_scratch.thy	16719	false	true	false
pss_scratch.y3r_Red_reduced_of_diag	pss_scratch	2342954	2342954	1	isabelle/layerC/pss_scratch.thy	16804	false	true	false
pss_scratch.y3r_RED2	pss_scratch	2342962	2342962	1	isabelle/layerC/pss_scratch.thy	16879	false	true	false
pss_scratch.y3r_Red3_eq_Red2	pss_scratch	2342970	2342970	1	isabelle/layerC/pss_scratch.thy	16884	false	true	false
pss_scratch.y3r_RedStab_TPS	pss_scratch	2342978	2342978	1	isabelle/layerC/pss_scratch.thy	16892	false	true	false
pss_scratch.y3r_7_3_Trans_zeroT_TPS	pss_scratch	2342992	2342992	1	isabelle/layerC/pss_scratch.thy	16899	false	true	false
pss_scratch.y3r_7_3_Pred_Trans_descend_TPS	pss_scratch	2343004	2343004	1	isabelle/layerC/pss_scratch.thy	16904	false	true	false
pss_scratch.y3r_7_4_RightAnces_RightNodes_TPS	pss_scratch	2343012	2343012	1	isabelle/layerC/pss_scratch.thy	16909	false	true	false
pss_scratch.y3r_7_4_RightAnces_zeroT_TPS	pss_scratch	2343022	2343022	1	isabelle/layerC/pss_scratch.thy	16914	false	true	false
pss_scratch.y3q_6_5_monoT_Red	pss_scratch	2343036	2343036	1	isabelle/layerC/pss_scratch.thy	16944	false	true	false
pss_scratch.y3j_mn_unfold	pss_scratch	2343080	2343080	1	isabelle/layerC/pss_scratch.thy	17049	false	false	false
pss_scratch.y3j_mnp1_Suc	pss_scratch	2343092	2343092	1	isabelle/layerC/pss_scratch.thy	17052	false	false	false
pss_scratch.y3j_ldj_eq	pss_scratch	2343098	2343098	1	isabelle/layerC/pss_scratch.thy	17060	false	false	false
pss_scratch.y3j_t3_eq	pss_scratch	2343104	2343104	1	isabelle/layerC/pss_scratch.thy	17063	false	false	false
pss_scratch.y3j_t4_eq	pss_scratch	2343114	2343114	1	isabelle/layerC/pss_scratch.thy	17066	false	false	false
pss_scratch.y3j_condII_tailval	pss_scratch	2343120	2343120	1	isabelle/layerC/pss_scratch.thy	17076	false	true	false
pss_scratch.y3j_condII_INV	pss_scratch	2343156	2343156	1	isabelle/layerC/pss_scratch.thy	17089	false	true	false
pss_scratch.y3j_condII_count	pss_scratch	2343174	2343174	1	isabelle/layerC/pss_scratch.thy	17177	false	true	false
pss_scratch.y3j_condII_dM	pss_scratch	2343266	2343266	1	isabelle/layerC/pss_scratch.thy	17210	false	true	false
pss_scratch.y3j_p_8_3_condII_exchange_1	pss_scratch	2343306	2343306	1	isabelle/layerC/pss_scratch.thy	17233	false	true	false
pss_scratch.y3j_p_8_3_condII_exchange_2	pss_scratch	2343320	2343320	1	isabelle/layerC/pss_scratch.thy	17273	false	true	false
pss_scratch.y3j_p_8_3_condII_exchange_3	pss_scratch	2343396	2343396	1	isabelle/layerC/pss_scratch.thy	17335	false	true	false
pss_scratch.y3j_p_8_3_TransCondII_oper_exchange	pss_scratch	2343414	2343420	4	isabelle/layerC/pss_scratch.thy	17365	false	true	false
pss_scratch.y3k_jm2_lt_Lm2	pss_scratch	2343426	2343426	1	isabelle/layerC/pss_scratch.thy	17436	false	true	false
pss_scratch.y3k_d_le_last_joint	pss_scratch	2343432	2343432	1	isabelle/layerC/pss_scratch.thy	17477	false	true	false
pss_scratch.y3k_MCOND_RN	pss_scratch	2343442	2343442	1	isabelle/layerC/pss_scratch.thy	17604	false	true	false
pss_scratch.y3k_regS_red_of_mcond	pss_scratch	2343448	2343448	1	isabelle/layerC/pss_scratch.thy	17823	false	true	false
pss_scratch.y3k_regS	pss_scratch	2343454	2343454	1	isabelle/layerC/pss_scratch.thy	17918	false	true	false
pss_scratch.y3k_regSP_of_diag	pss_scratch	2343464	2343464	1	isabelle/layerC/pss_scratch.thy	17929	false	true	false
pss_scratch.y3k_regSP_diag_of_lt	pss_scratch	2343486	2343486	1	isabelle/layerC/pss_scratch.thy	18089	false	true	false
pss_scratch.y3k_regSP_of_lt_eqd	pss_scratch	2343514	2343514	1	isabelle/layerC/pss_scratch.thy	18230	false	true	false
pss_scratch.y3k_strictlt_eqd	pss_scratch	2343628	2343628	1	isabelle/layerC/pss_scratch.thy	18274	false	true	false
pss_scratch.y3k_regSP_uncond	pss_scratch	2343674	2343674	1	isabelle/layerC/pss_scratch.thy	18544	false	true	false
pss_scratch.y3k_REGS	pss_scratch	2343690	2343690	1	isabelle/layerC/pss_scratch.thy	18558	false	true	false
pss_scratch.y3k_REGSP	pss_scratch	2343704	2343704	1	isabelle/layerC/pss_scratch.thy	18569	false	true	false
pss_scratch.y3k_L4_slice_scb	pss_scratch	2343724	2343726	2	isabelle/layerC/pss_scratch.thy	18590	false	true	false
pss_scratch.y3l_nVI_of_branch	pss_scratch	2343734	2343734	1	isabelle/layerC/pss_scratch.thy	18674	false	true	false
pss_scratch.y3l_op1pow_take	pss_scratch	2343778	2343778	1	isabelle/layerC/pss_scratch.thy	18682	false	true	false
pss_scratch.y3l_L_eq_op1pow	pss_scratch	2343802	2343802	1	isabelle/layerC/pss_scratch.thy	18706	false	true	false
pss_scratch.y3l_princN	pss_scratch	2343814	2343814	1	isabelle/layerC/pss_scratch.thy	18736	false	true	false
pss_scratch.y3l_e2_eq_ub	pss_scratch	2343820	2343820	1	isabelle/layerC/pss_scratch.thy	18761	false	true	false
pss_scratch.y3l_p_8_4_oper_basic_part2	pss_scratch	2343836	2343836	1	isabelle/layerC/pss_scratch.thy	18777	false	true	false
pss_scratch.y3l_ltJ_of_condIII	pss_scratch	2343854	2343854	1	isabelle/layerC/pss_scratch.thy	18901	false	true	false
pss_scratch.y3l_p_8_4_oper_basic_part2_condIII	pss_scratch	2343882	2343882	1	isabelle/layerC/pss_scratch.thy	18921	false	true	false
pss_scratch.y3m_c2_principal	pss_scratch	2343890	2343890	1	isabelle/layerC/pss_scratch.thy	18965	false	true	false
pss_scratch.y3m_N_eq_c2	pss_scratch	2343898	2343898	1	isabelle/layerC/pss_scratch.thy	18987	false	true	false
pss_scratch.y3m_p_8_4_oper_basic_part2_condIV_admeq	pss_scratch	2343924	2343924	1	isabelle/layerC/pss_scratch.thy	19021	false	true	false
pss_scratch.y3m_p_8_4_oper_basic_part2_full	pss_scratch	2343936	2343936	1	isabelle/layerC/pss_scratch.thy	19105	false	true	false
pss_scratch.y3u_p_7_2_scb_replaceable	pss_scratch	2343944	2343944	1	isabelle/layerC/pss_scratch.thy	19166	false	true	false
pss_scratch.y3t_toplevel_OT_tail_annihilate	pss_scratch	2343988	2343988	1	isabelle/layerC/pss_scratch.thy	19355	false	true	false
pss_scratch.y3t_7_4_Mark_nextAdm_TPS_of_bricks	pss_scratch	2344022	2344022	1	isabelle/layerC/pss_scratch.thy	19413	false	true	false
pss_scratch.y3w_le0_bounds	pss_scratch	2344060	2344060	1	isabelle/layerC/pss_scratch.thy	19519	false	false	false
pss_scratch.y3w_le0_iff	pss_scratch	2344086	2344086	1	isabelle/layerC/pss_scratch.thy	19523	false	true	false
pss_scratch.y3w_le0_window	pss_scratch	2344100	2344100	1	isabelle/layerC/pss_scratch.thy	19552	false	true	false
pss_scratch.y3w_nonmulti_le0_from0	pss_scratch	2344112	2344112	1	isabelle/layerC/pss_scratch.thy	19592	false	true	false
pss_scratch.y3w_concat_bound	pss_scratch	2344118	2344118	1	isabelle/layerC/pss_scratch.thy	19604	false	true	false
pss_scratch.y3w_entry_concat	pss_scratch	2344128	2344128	1	isabelle/layerC/pss_scratch.thy	19619	false	true	false
pss_scratch.y3w_maplen_eq	pss_scratch	2344140	2344140	1	isabelle/layerC/pss_scratch.thy	19628	false	false	false
pss_scratch.y3w_Br_tne	pss_scratch	2344158	2344158	1	isabelle/layerC/pss_scratch.thy	19636	false	true	false
pss_scratch.y3w_Br_concat	pss_scratch	2344174	2344174	1	isabelle/layerC/pss_scratch.thy	19644	false	true	false
pss_scratch.y3w_entry_block	pss_scratch	2344184	2344184	1	isabelle/layerC/pss_scratch.thy	19649	false	true	false
pss_scratch.y3w_block_locate	pss_scratch	2344202	2344202	1	isabelle/layerC/pss_scratch.thy	19674	false	true	false
pss_scratch.y3w_block_leftmin	pss_scratch	2344224	2344224	1	isabelle/layerC/pss_scratch.thy	19695	false	true	false
pss_scratch.y3w_entry_Red_block	pss_scratch	2344232	2344232	1	isabelle/layerC/pss_scratch.thy	19735	false	true	false
pss_scratch.y3w_Red_le0	pss_scratch	2344250	2344250	1	isabelle/layerC/pss_scratch.thy	19812	false	true	false
pss_scratch.y3w_Red2_le0	pss_scratch	2344264	2344264	1	isabelle/layerC/pss_scratch.thy	20289	false	true	false
pss_scratch.y3w_Red2_leR0	pss_scratch	2344284	2344284	1	isabelle/layerC/pss_scratch.thy	20297	false	true	false
pss_scratch.y3w_le0_adj	pss_scratch	2344308	2344308	1	isabelle/layerC/pss_scratch.thy	20310	false	true	false
pss_scratch.y3w_nextrel1_adj	pss_scratch	2344320	2344320	1	isabelle/layerC/pss_scratch.thy	20334	false	true	false
pss_scratch.y3w_nadm_local	pss_scratch	2344326	2344326	1	isabelle/layerC/pss_scratch.thy	20362	false	true	false
pss_scratch.y3w_adm_0	pss_scratch	2344332	2344332	1	isabelle/layerC/pss_scratch.thy	20380	false	true	false
pss_scratch.y3w_7_4_Mark_nextAdm_TPS_of_adm	pss_scratch	2344348	2344348	1	isabelle/layerC/pss_scratch.thy	20386	false	true	false
pss_scratch.y3x_adm_last	pss_scratch	2344358	2344358	1	isabelle/layerC/pss_scratch.thy	20463	false	false	false
pss_scratch.y3x_TrMax_le_of_adm	pss_scratch	2344364	2344364	1	isabelle/layerC/pss_scratch.thy	20472	false	true	false
pss_scratch.y3x_entry_NJ_hi	pss_scratch	2344380	2344380	1	isabelle/layerC/pss_scratch.thy	20488	false	false	false
pss_scratch.y3x_entry_Red_block	pss_scratch	2344394	2344394	1	isabelle/layerC/pss_scratch.thy	20497	false	true	false
pss_scratch.y3x_npJ_parent	pss_scratch	2344404	2344404	1	isabelle/layerC/pss_scratch.thy	20556	false	true	false
pss_scratch.cexM_Lng	pss_scratch	2344464	2344464	1	isabelle/layerC/pss_scratch.thy	20619	false	false	false
pss_scratch.cexM_TPS	pss_scratch	2344474	2344474	1	isabelle/layerC/pss_scratch.thy	20621	false	false	false
pss_scratch.cexM_row0	pss_scratch	2344494	2344494	1	isabelle/layerC/pss_scratch.thy	20623	false	false	false
pss_scratch.cexM_row1	pss_scratch	2344526	2344534	5	isabelle/layerC/pss_scratch.thy	20630	false	false	false
pss_scratch.cexM_le0I	pss_scratch	2344554	2344554	1	isabelle/layerC/pss_scratch.thy	20637	false	true	false
pss_scratch.cexM_le0D	pss_scratch	2344570	2344570	1	isabelle/layerC/pss_scratch.thy	20651	false	false	false
pss_scratch.cexM_nx1	pss_scratch	2344612	2344612	1	isabelle/layerC/pss_scratch.thy	20654	false	true	false
pss_scratch.cexM_monoT	pss_scratch	2344632	2344632	1	isabelle/layerC/pss_scratch.thy	20662	false	true	false
pss_scratch.cexM_nmulti	pss_scratch	2344642	2344642	1	isabelle/layerC/pss_scratch.thy	20668	false	true	false
pss_scratch.cexM_nzero	pss_scratch	2344660	2344660	1	isabelle/layerC/pss_scratch.thy	20669	false	false	false
pss_scratch.cexM_PT	pss_scratch	2344674	2344674	1	isabelle/layerC/pss_scratch.thy	20670	false	true	false
pss_scratch.cexM_TrMax	pss_scratch	2344694	2344694	1	isabelle/layerC/pss_scratch.thy	20674	false	true	false
pss_scratch.cexM_tail_monoT	pss_scratch	2344718	2344718	1	isabelle/layerC/pss_scratch.thy	20686	false	true	false
pss_scratch.cexM_Br	pss_scratch	2344738	2344738	1	isabelle/layerC/pss_scratch.thy	20707	false	true	false
pss_scratch.cexM_LngBr	pss_scratch	2344758	2344758	1	isabelle/layerC/pss_scratch.thy	20722	false	true	false
pss_scratch.cexM_FirstNodes	pss_scratch	2344776	2344776	1	isabelle/layerC/pss_scratch.thy	20724	false	true	false
pss_scratch.cexM_nx0_2	pss_scratch	2344812	2344812	1	isabelle/layerC/pss_scratch.thy	20732	false	false	false
pss_scratch.cexM_Joints	pss_scratch	2344830	2344830	1	isabelle/layerC/pss_scratch.thy	20749	false	true	false
pss_scratch.cexM_nx1_2	pss_scratch	2344866	2344866	1	isabelle/layerC/pss_scratch.thy	20759	false	true	false
pss_scratch.cexM_npJ	pss_scratch	2344882	2344882	1	isabelle/layerC/pss_scratch.thy	20784	false	true	false
pss_scratch.cexM_NJ	pss_scratch	2344914	2344914	1	isabelle/layerC/pss_scratch.thy	20795	false	true	false
pss_scratch.cexM_redA	pss_scratch	2344948	2344948	1	isabelle/layerC/pss_scratch.thy	20803	false	true	false
pss_scratch.cexM_redNJ	pss_scratch	2345002	2345002	1	isabelle/layerC/pss_scratch.thy	20859	false	true	false
pss_scratch.cexM_Red	pss_scratch	2345046	2345046	1	isabelle/layerC/pss_scratch.thy	20931	false	true	false
pss_scratch.cexM_Red2	pss_scratch	2345068	2345068	1	isabelle/layerC/pss_scratch.thy	20953	false	true	false
pss_scratch.cexM_adm3	pss_scratch	2345084	2345084	1	isabelle/layerC/pss_scratch.thy	20964	false	true	false
pss_scratch.cexM_marked3	pss_scratch	2345104	2345104	1	isabelle/layerC/pss_scratch.thy	20971	false	true	false
pss_scratch.cexM_anc3	pss_scratch	2345126	2345126	1	isabelle/layerC/pss_scratch.thy	20977	false	true	false
pss_scratch.cexM_Red2_nadm3	pss_scratch	2345150	2345150	1	isabelle/layerC/pss_scratch.thy	20983	false	true	false
pss_scratch.y3z_C4_false	pss_scratch	2345158	2345158	1	isabelle/layerC/pss_scratch.thy	20994	false	true	false
pss_scratch.cexM_adm	pss_scratch	2345174	2345174	1	isabelle/layerC/pss_scratch.thy	21002	false	true	false
pss_scratch.cexM_nextAdm3	pss_scratch	2345190	2345190	1	isabelle/layerC/pss_scratch.thy	21026	false	true	false
pss_scratch.cexM_nextAdm_only3	pss_scratch	2345210	2345210	1	isabelle/layerC/pss_scratch.thy	21045	false	true	false
pss_scratch.cexM_nextAdm_ex1	pss_scratch	2345228	2345228	1	isabelle/layerC/pss_scratch.thy	21060	false	true	false
pss_scratch.cexM_nextAdm_unique	pss_scratch	2345250	2345250	1	isabelle/layerC/pss_scratch.thy	21063	false	true	false
pss_scratch.y3z_brickA_false	pss_scratch	2345318	2345318	1	isabelle/layerC/pss_scratch.thy	21066	false	true	false
pss_scratch.y3y_Mark_princ_aux	pss_scratch	2345508	2345508	1	isabelle/layerC/pss_scratch.thy	21137	false	true	false
pss_scratch.y3y_Mark_princ	pss_scratch	2345540	2345542	2	isabelle/layerC/pss_scratch.thy	21407	false	true	false
pss_scratch.y3y_Mark_isPTB	pss_scratch	2345562	2345562	1	isabelle/layerC/pss_scratch.thy	21413	false	true	false
pss_scratch.y4a_Mark_self_decomp	pss_scratch	2345586	2345586	1	isabelle/layerC/pss_scratch.thy	21460	false	true	false
pss_scratch.y4a_MarkedB_self	pss_scratch	2345614	2345614	1	isabelle/layerC/pss_scratch.thy	21465	false	true	false
pss_scratch.y4b_Mark_nest_free_aux	pss_scratch	2345774	2345774	1	isabelle/layerC/pss_scratch.thy	21493	false	true	false
pss_scratch.y4b_Mark_nest_free	pss_scratch	2345824	2345824	1	isabelle/layerC/pss_scratch.thy	21941	false	true	false
pss_scratch.y4c_Mark_nest_free_ex1	pss_scratch	2345884	2345884	1	isabelle/layerC/pss_scratch.thy	21955	false	true	false
pss_scratch.y4d_Mark_nest_Pred_aux	pss_scratch	2346098	2346098	1	isabelle/layerC/pss_scratch.thy	22029	false	true	false
pss_scratch.y4d_Mark_nest_Pred_joint	pss_scratch	2346226	2346226	1	isabelle/layerC/pss_scratch.thy	22417	false	true	false
pss_scratch.y4e_Mark_nest_relaxed	pss_scratch	2346258	2346258	1	isabelle/layerC/pss_scratch.thy	22458	false	true	false
pss_scratch.y4e_Mark_nest_relaxed_Pred	pss_scratch	2346330	2346330	1	isabelle/layerC/pss_scratch.thy	22464	false	true	false
pss_scratch.y4f_surg_guard_of_jm1	pss_scratch	2346372	2346372	1	isabelle/layerC/pss_scratch.thy	22532	false	true	false
pss_scratch.y4f_Mark_nest_Pred_joint_sharp_aux	pss_scratch	2346510	2346510	1	isabelle/layerC/pss_scratch.thy	22544	false	true	false
pss_scratch.y4f_Mark_nest_Pred_joint_sharp	pss_scratch	2346596	2346596	1	isabelle/layerC/pss_scratch.thy	22796	false	true	false
pss_scratch.y6_scb_self_unique	pss_scratch	2346668	2346668	1	isabelle/layerC/pss_scratch.thy	22883	false	true	false
pss_scratch.y6_scb_self	pss_scratch	2346700	2346700	1	isabelle/layerC/pss_scratch.thy	22895	false	false	false
pss_scratch.y6_Mark_selfnest_RT	pss_scratch	2346816	2346816	1	isabelle/layerC/pss_scratch.thy	22908	false	true	false
pss_scratch.y6_Mark_selfnest_TPS	pss_scratch	2347042	2347042	1	isabelle/layerC/pss_scratch.thy	22940	false	true	false
pss_scratch.y6_7_4_Mark_nextAdm_TPS	pss_scratch	2347282	2347282	1	isabelle/layerC/pss_scratch.thy	22982	false	true	false
pss_scratch.y6z_no_common_position	pss_scratch	2347328	2347328	1	isabelle/layerC/pss_scratch.thy	23086	false	true	false
pss_scratch.y6z_nest_false_at	pss_scratch	2347346	2347346	1	isabelle/layerC/pss_scratch.thy	23106	false	true	false
pss_scratch.y6x_Trans_t1z	pss_scratch	2347368	2347368	1	isabelle/layerC/pss_scratch.thy	23208	false	true	false
pss_scratch.y6x_Mark_t1z	pss_scratch	2347382	2347382	1	isabelle/layerC/pss_scratch.thy	23219	false	true	false
pss_scratch.y6x_Mark_ge	pss_scratch	2347390	2347390	1	isabelle/layerC/pss_scratch.thy	23231	false	true	false
pss_scratch.y6x_Mark_surg	pss_scratch	2347438	2347438	1	isabelle/layerC/pss_scratch.thy	23243	false	true	false
pss_scratch.y6x_Trans_surg	pss_scratch	2347454	2347454	1	isabelle/layerC/pss_scratch.thy	23301	false	true	false
pss_scratch.y6x_SOME_scb	pss_scratch	2347470	2347470	1	isabelle/layerC/pss_scratch.thy	23360	false	true	false
pss_scratch.y6x_scb_I	pss_scratch	2347488	2347488	1	isabelle/layerC/pss_scratch.thy	23372	false	false	false
pss_scratch.y6x_MarkedB_I	pss_scratch	2347510	2347510	1	isabelle/layerC/pss_scratch.thy	23379	false	false	false
pss_scratch.y6x_MarkedB_len	pss_scratch	2347520	2347520	1	isabelle/layerC/pss_scratch.thy	23387	false	true	false
pss_scratch.y6x_not_MarkedB	pss_scratch	2347528	2347528	1	isabelle/layerC/pss_scratch.thy	23396	false	true	false
pss_scratch.y6x_Adm_pred	pss_scratch	2347536	2347536	1	isabelle/layerC/pss_scratch.thy	23402	false	false	false
pss_scratch.y6x_Adm_self	pss_scratch	2347542	2347542	1	isabelle/layerC/pss_scratch.thy	23414	false	false	false
pss_scratch.y6x_scb_right	pss_scratch	2347548	2347548	1	isabelle/layerC/pss_scratch.thy	23419	false	true	false
pss_scratch.y6x_scb_self	pss_scratch	2347554	2347554	1	isabelle/layerC/pss_scratch.thy	23436	false	true	false
pss_scratch.y6_Lng	pss_scratch	2347634	2347646	7	isabelle/layerC/pss_scratch.thy	23459	false	false	false
pss_scratch.y6_TPS	pss_scratch	2347652	2347664	7	isabelle/layerC/pss_scratch.thy	23464	false	false	false
pss_scratch.y6_Pred	pss_scratch	2347670	2347678	5	isabelle/layerC/pss_scratch.thy	23469	false	true	false
pss_scratch.y6_L	pss_scratch	2347684	2347692	5	isabelle/layerC/pss_scratch.thy	23474	false	false	false
pss_scratch.y6B2_le0	pss_scratch	2347698	2347698	1	isabelle/layerC/pss_scratch.thy	23481	false	true	false
pss_scratch.y6B3_le0	pss_scratch	2347704	2347704	1	isabelle/layerC/pss_scratch.thy	23492	false	true	false
pss_scratch.y6B4_le0	pss_scratch	2347710	2347710	1	isabelle/layerC/pss_scratch.thy	23503	false	true	false
pss_scratch.y6B5_le0	pss_scratch	2347720	2347720	1	isabelle/layerC/pss_scratch.thy	23514	false	true	false
pss_scratch.y6B6_le0	pss_scratch	2347754	2347754	1	isabelle/layerC/pss_scratch.thy	23525	false	true	false
pss_scratch.y6_monoT	pss_scratch	2347824	2347832	5	isabelle/layerC/pss_scratch.thy	23536	false	true	false
pss_scratch.y6B3_par	pss_scratch	2347888	2347888	1	isabelle/layerC/pss_scratch.thy	23543	false	false	false
pss_scratch.y6B4_par	pss_scratch	2347916	2347916	1	isabelle/layerC/pss_scratch.thy	23572	false	true	false
pss_scratch.y6B5_par	pss_scratch	2347968	2347968	1	isabelle/layerC/pss_scratch.thy	23597	false	true	false
pss_scratch.y6B6_par	pss_scratch	2348026	2348026	1	isabelle/layerC/pss_scratch.thy	23622	false	false	false
pss_scratch.y6B3_jp	pss_scratch	2348086	2348086	1	isabelle/layerC/pss_scratch.thy	23671	false	false	false
pss_scratch.y6B4_jp	pss_scratch	2348144	2348144	1	isabelle/layerC/pss_scratch.thy	23672	false	true	false
pss_scratch.y6B5_jp	pss_scratch	2348200	2348200	1	isabelle/layerC/pss_scratch.thy	23673	false	true	false
pss_scratch.y6B6_jp	pss_scratch	2348208	2348208	1	isabelle/layerC/pss_scratch.thy	23674	false	false	false
pss_scratch.y6B4_adm2	pss_scratch	2348304	2348304	1	isabelle/layerC/pss_scratch.thy	23680	false	true	false
pss_scratch.y6B5_adm2	pss_scratch	2348414	2348414	1	isabelle/layerC/pss_scratch.thy	23687	false	true	false
pss_scratch.y6B5_nadm3	pss_scratch	2348596	2348596	1	isabelle/layerC/pss_scratch.thy	23694	false	true	false
pss_scratch.y6B6_adm2	pss_scratch	2348634	2348634	1	isabelle/layerC/pss_scratch.thy	23701	false	true	false
pss_scratch.y6B6_nadm3	pss_scratch	2348680	2348680	1	isabelle/layerC/pss_scratch.thy	23708	false	true	false
pss_scratch.y6B5_Adm3	pss_scratch	2348712	2348712	1	isabelle/layerC/pss_scratch.thy	23715	false	true	false
pss_scratch.y6B6_Adm3	pss_scratch	2348774	2348774	1	isabelle/layerC/pss_scratch.thy	23722	false	true	false
pss_scratch.y6B4_Adm2	pss_scratch	2348880	2348880	1	isabelle/layerC/pss_scratch.thy	23729	false	true	false
pss_scratch.y6B3_Adm0	pss_scratch	2348954	2348954	1	isabelle/layerC/pss_scratch.thy	23730	false	true	false
pss_scratch.y6M_le0_05	pss_scratch	2349064	2349064	1	isabelle/layerC/pss_scratch.thy	23735	false	true	false
pss_scratch.y6M_le0_03	pss_scratch	2349092	2349092	1	isabelle/layerC/pss_scratch.thy	23746	false	true	false
pss_scratch.y6M_le0_35	pss_scratch	2349124	2349124	1	isabelle/layerC/pss_scratch.thy	23757	false	true	false
pss_scratch.y6M_le0_02	pss_scratch	2349150	2349150	1	isabelle/layerC/pss_scratch.thy	23768	false	true	false
pss_scratch.y6M_nle0_45	pss_scratch	2349186	2349186	1	isabelle/layerC/pss_scratch.thy	23779	false	true	false
pss_scratch.y6M_nle0_12	pss_scratch	2349222	2349222	1	isabelle/layerC/pss_scratch.thy	23788	false	true	false
pss_scratch.y6M_monoT	pss_scratch	2349284	2349284	1	isabelle/layerC/pss_scratch.thy	23797	false	true	false
pss_scratch.y6M_nmulti	pss_scratch	2349366	2349366	1	isabelle/layerC/pss_scratch.thy	23800	false	true	false
pss_scratch.y6M_nzero	pss_scratch	2349414	2349414	1	isabelle/layerC/pss_scratch.thy	23801	false	false	false
pss_scratch.y6M_adm	pss_scratch	2349504	2349504	1	isabelle/layerC/pss_scratch.thy	23806	false	true	false
pss_scratch.y6M_adm3	pss_scratch	2349574	2349574	1	isabelle/layerC/pss_scratch.thy	23838	false	true	false
pss_scratch.y6M_TrMax	pss_scratch	2349640	2349640	1	isabelle/layerC/pss_scratch.thy	23840	false	true	false
pss_scratch.y6M_seg25	pss_scratch	2349704	2349704	1	isabelle/layerC/pss_scratch.thy	23853	false	true	false
pss_scratch.y6M_branch_monoT	pss_scratch	2349746	2349746	1	isabelle/layerC/pss_scratch.thy	23856	false	true	false
pss_scratch.y6M_Br	pss_scratch	2349798	2349798	1	isabelle/layerC/pss_scratch.thy	23874	false	true	false
pss_scratch.y6M_LngBr	pss_scratch	2349826	2349826	1	isabelle/layerC/pss_scratch.thy	23891	false	true	false
pss_scratch.y6M_FirstNodes	pss_scratch	2349844	2349844	1	isabelle/layerC/pss_scratch.thy	23893	false	true	false
pss_scratch.y6M_nx0_2	pss_scratch	2349880	2349880	1	isabelle/layerC/pss_scratch.thy	23901	false	false	false
pss_scratch.y6M_Joints	pss_scratch	2349906	2349906	1	isabelle/layerC/pss_scratch.thy	23923	false	true	false
pss_scratch.y6M_nx1_2	pss_scratch	2349920	2349920	1	isabelle/layerC/pss_scratch.thy	23933	false	true	false
pss_scratch.y6M_npJ	pss_scratch	2349940	2349940	1	isabelle/layerC/pss_scratch.thy	23956	false	true	false
pss_scratch.y6M_NJ	pss_scratch	2349954	2349954	1	isabelle/layerC/pss_scratch.thy	23967	false	true	false
pss_scratch.y6_redNarg	pss_scratch	2350130	2350130	1	isabelle/layerC/pss_scratch.thy	23973	false	true	false
pss_scratch.y6_redNJ	pss_scratch	2350316	2350316	1	isabelle/layerC/pss_scratch.thy	24192	false	true	false
pss_scratch.y6M_Red	pss_scratch	2350390	2350390	1	isabelle/layerC/pss_scratch.thy	24258	false	true	false
pss_scratch.y6B6_RT	pss_scratch	2350436	2350436	1	isabelle/layerC/pss_scratch.thy	24276	false	true	false
pss_scratch.y6B5_RT	pss_scratch	2350476	2350476	1	isabelle/layerC/pss_scratch.thy	24285	false	true	false
pss_scratch.y6B4_RT	pss_scratch	2350504	2350504	1	isabelle/layerC/pss_scratch.thy	24286	false	true	false
pss_scratch.y6B3_RT	pss_scratch	2350542	2350542	1	isabelle/layerC/pss_scratch.thy	24287	false	true	false
pss_scratch.y6B2_RT	pss_scratch	2350580	2350580	1	isabelle/layerC/pss_scratch.thy	24288	false	true	false
pss_scratch.y6_Trans_B1	pss_scratch	2350644	2350644	1	isabelle/layerC/pss_scratch.thy	24293	false	true	false
pss_scratch.y6_Trans_B2	pss_scratch	2350690	2350690	1	isabelle/layerC/pss_scratch.thy	24296	false	true	false
pss_scratch.y6_Mark_B2	pss_scratch	2350756	2350756	1	isabelle/layerC/pss_scratch.thy	24304	false	true	false
pss_scratch.y6_Mark_B2_0	pss_scratch	2350810	2350810	1	isabelle/layerC/pss_scratch.thy	24314	false	true	false
pss_scratch.y6B3_c1	pss_scratch	2350874	2350874	1	isabelle/layerC/pss_scratch.thy	24319	false	true	false
pss_scratch.y6B3_condV	pss_scratch	2350904	2350904	1	isabelle/layerC/pss_scratch.thy	24329	false	false	false
pss_scratch.y6B3_c2	pss_scratch	2350974	2350974	1	isabelle/layerC/pss_scratch.thy	24332	false	true	false
pss_scratch.y6_Trans_B3	pss_scratch	2351052	2351052	1	isabelle/layerC/pss_scratch.thy	24342	false	true	false
pss_scratch.y6_Mark_B3_0	pss_scratch	2351142	2351142	1	isabelle/layerC/pss_scratch.thy	24360	false	true	false
pss_scratch.y6_Mark_B3_2	pss_scratch	2351186	2351186	1	isabelle/layerC/pss_scratch.thy	24382	false	true	false
pss_scratch.y6B4_c1	pss_scratch	2351228	2351228	1	isabelle/layerC/pss_scratch.thy	24393	false	true	false
pss_scratch.y6B4_conds	pss_scratch	2351274	2351282	4	isabelle/layerC/pss_scratch.thy	24403	false	true	false
pss_scratch.y6B4_c2	pss_scratch	2351348	2351348	1	isabelle/layerC/pss_scratch.thy	24408	false	true	false
pss_scratch.y6_Trans_B4	pss_scratch	2351464	2351464	1	isabelle/layerC/pss_scratch.thy	24418	false	true	false
pss_scratch.y6_Mark_B4_0	pss_scratch	2351598	2351598	1	isabelle/layerC/pss_scratch.thy	24446	false	true	false
pss_scratch.y6_Mark_B4_2	pss_scratch	2351720	2351720	1	isabelle/layerC/pss_scratch.thy	24477	false	true	false
pss_scratch.y6_Mark_B4_3	pss_scratch	2351782	2351782	1	isabelle/layerC/pss_scratch.thy	24499	false	true	false
pss_scratch.y6B5_c1	pss_scratch	2351838	2351838	1	isabelle/layerC/pss_scratch.thy	24513	false	true	false
pss_scratch.y6B5_conds	pss_scratch	2351916	2351930	4	isabelle/layerC/pss_scratch.thy	24523	false	true	false
pss_scratch.y6B5_c2	pss_scratch	2352034	2352034	1	isabelle/layerC/pss_scratch.thy	24528	false	true	false
pss_scratch.y6_Trans_B5	pss_scratch	2352190	2352190	1	isabelle/layerC/pss_scratch.thy	24538	false	true	false
pss_scratch.y6_Mark_B5_0	pss_scratch	2352270	2352270	1	isabelle/layerC/pss_scratch.thy	24567	false	true	false
pss_scratch.y6_Mark_B5_2	pss_scratch	2352322	2352322	1	isabelle/layerC/pss_scratch.thy	24599	false	true	false
pss_scratch.y6_Mark_B5_3	pss_scratch	2352364	2352364	1	isabelle/layerC/pss_scratch.thy	24622	false	true	false
pss_scratch.y6B6_c1	pss_scratch	2352434	2352434	1	isabelle/layerC/pss_scratch.thy	24642	false	true	false
pss_scratch.y6B6_condV	pss_scratch	2352462	2352462	1	isabelle/layerC/pss_scratch.thy	24652	false	false	false
pss_scratch.y6B6_c2	pss_scratch	2352512	2352512	1	isabelle/layerC/pss_scratch.thy	24655	false	true	false
pss_scratch.y6_Mark_B6_3	pss_scratch	2352542	2352542	1	isabelle/layerC/pss_scratch.thy	24665	false	true	false
pss_scratch.y6_Mark_B6_0	pss_scratch	2352608	2352608	1	isabelle/layerC/pss_scratch.thy	24680	false	true	false
pss_scratch.y6M_Red2	pss_scratch	2352648	2352648	1	isabelle/layerC/pss_scratch.thy	24717	false	true	false
pss_scratch.y6M_Mark	pss_scratch	2352700	2352700	1	isabelle/layerC/pss_scratch.thy	24725	false	true	false
pss_scratch.y6M_Pred_Mark	pss_scratch	2352736	2352736	1	isabelle/layerC/pss_scratch.thy	24731	false	true	false
pss_scratch.y6M_nextAdm3	pss_scratch	2352782	2352782	1	isabelle/layerC/pss_scratch.thy	24743	false	true	false
pss_scratch.y6M_nextAdm_only3	pss_scratch	2352820	2352820	1	isabelle/layerC/pss_scratch.thy	24760	false	true	false
pss_scratch.y6M_nextAdm_ex1	pss_scratch	2352868	2352868	1	isabelle/layerC/pss_scratch.thy	24786	false	true	false
pss_scratch.y6M_nextAdm_THE	pss_scratch	2352924	2352924	1	isabelle/layerC/pss_scratch.thy	24789	false	true	false
pss_scratch.y6M_marked0	pss_scratch	2352972	2352972	1	isabelle/layerC/pss_scratch.thy	24792	false	true	false
pss_scratch.y6M_leR_0_3	pss_scratch	2353040	2353040	1	isabelle/layerC/pss_scratch.thy	24798	false	true	false
pss_scratch.y6M_cores_coincide	pss_scratch	2353132	2353132	1	isabelle/layerC/pss_scratch.thy	24804	false	true	false
pss_scratch.y6M_marks_differ	pss_scratch	2353208	2353208	1	isabelle/layerC/pss_scratch.thy	24807	false	true	false
pss_scratch.y6z_7_4_Mark_nextAdm_TPS_false	pss_scratch	2353666	2353666	1	isabelle/layerC/pss_scratch.thy	24810	false	true	false
