fact	theory	base_name	index	serial	source_file	source_line	concealed	group	hypotheses	has_skip_proof
pss_defs.T_PS_def	pss_defs	pss_defs.T_PS_def	0	450126	isabelle/pss_defs.thy	49	false	5058394	0	false
pss_defs.Idx_def	pss_defs	pss_defs.Idx_def	0	450162	isabelle/pss_defs.thy	54	false	5058766	0	false
pss_defs.entry_def	pss_defs	pss_defs.entry_def	0	450258	isabelle/pss_defs.thy	59	false	5059120	0	false
pss_defs.nextrel0_def	pss_defs	pss_defs.nextrel0_def	0	450422	isabelle/pss_defs.thy	81	false	5059772	0	false
pss_defs.le0_def	pss_defs	pss_defs.le0_def	0	450482	isabelle/pss_defs.thy	87	false	5060262	0	false
pss_defs.nextrel1_def	pss_defs	pss_defs.nextrel1_def	0	450660	isabelle/pss_defs.thy	90	false	5060546	0	false
pss_defs.le1_def	pss_defs	pss_defs.le1_def	0	450690	isabelle/pss_defs.thy	97	false	5061402	0	false
pss_defs.nextR_def	pss_defs	pss_defs.nextR_def	0	450734	isabelle/pss_defs.thy	102	false	5061842	0	false
pss_defs.leR_def	pss_defs	pss_defs.leR_def	0	450862	isabelle/pss_defs.thy	106	false	5062234	0	false
pss_defs.Pred_def	pss_defs	pss_defs.Pred_def	0	450918	isabelle/pss_defs.thy	115	false	5062706	0	false
pss_defs.Derp_def	pss_defs	pss_defs.Derp_def	0	450960	isabelle/pss_defs.thy	120	false	5062912	0	false
pss_defs.idx1_def	pss_defs	pss_defs.idx1_def	0	451004	isabelle/pss_defs.thy	130	false	5063194	0	false
pss_defs.hasParent_def	pss_defs	pss_defs.hasParent_def	0	451082	isabelle/pss_defs.thy	135	false	5063556	0	false
pss_defs.parent_def	pss_defs	pss_defs.parent_def	0	451116	isabelle/pss_defs.thy	138	false	5063850	0	false
pss_defs.oper_def	pss_defs	pss_defs.oper_def	0	451570	isabelle/pss_defs.thy	153	false	5064238	0	false
pss_defs.Fval.simps	pss_defs	pss_defs.Fval.simps	0	451776	isabelle/pss_defs.thy	184	false	5066454	0	false
pss_defs.Fval.mono	pss_defs	pss_defs.Fval.mono	0	451780	isabelle/pss_defs.thy	184	false	5066454	0	false
pss_defs.Fval.raw_induct	pss_defs	pss_defs.Fval.raw_induct	0	451786	isabelle/pss_defs.thy	184	false	5066454	0	false
pss_defs.Fval.fixp_induct	pss_defs	pss_defs.Fval.fixp_induct	0	451800	isabelle/pss_defs.thy	184	false	5066454	0	false
pss_defs.Fdom.Fdom_base	pss_defs	pss_defs.Fdom.Fdom_base	0	452048	isabelle/pss_defs.thy	193	false	5067836	0	true
pss_defs.Fdom.Fdom_step	pss_defs	pss_defs.Fdom.Fdom_step	0	452050	isabelle/pss_defs.thy	194	false	5067836	0	true
pss_defs.Fdom.intros(1)	pss_defs	pss_defs.Fdom.intros	1	452058	isabelle/pss_defs.thy	192	false	5067836	0	true
pss_defs.Fdom.intros(2)	pss_defs	pss_defs.Fdom.intros	2	452062	isabelle/pss_defs.thy	192	false	5067836	0	true
pss_defs.Fdom.cases	pss_defs	pss_defs.Fdom.cases	0	452074	isabelle/pss_defs.thy	192	false	5067836	0	true
pss_defs.Fdom.induct	pss_defs	pss_defs.Fdom.induct	0	452096	isabelle/pss_defs.thy	192	false	5067836	0	true
pss_defs.Fdom.simps	pss_defs	pss_defs.Fdom.simps	0	452114	isabelle/pss_defs.thy	192	false	5067836	0	true
pss_defs.Fdom.inducts	pss_defs	pss_defs.Fdom.inducts	0	452128	isabelle/pss_defs.thy	192	false	5067836	0	true
pss_defs.IncrFirst_def	pss_defs	pss_defs.IncrFirst_def	0	452282	isabelle/pss_defs.thy	213	false	5069664	0	false
pss_defs.seg_def	pss_defs	pss_defs.seg_def	0	452356	isabelle/pss_defs.thy	218	false	5070066	0	false
pss_defs.zeroT_def	pss_defs	pss_defs.zeroT_def	0	452450	isabelle/pss_defs.thy	226	false	5070448	0	false
pss_defs.monoT_def	pss_defs	pss_defs.monoT_def	0	452546	isabelle/pss_defs.thy	231	false	5070868	0	false
pss_defs.multiT_def	pss_defs	pss_defs.multiT_def	0	452596	isabelle/pss_defs.thy	236	false	5071264	0	false
pss_defs.ZT_PS_def	pss_defs	pss_defs.ZT_PS_def	0	452656	isabelle/pss_defs.thy	239	false	5071504	0	false
pss_defs.PT_PS_def	pss_defs	pss_defs.PT_PS_def	0	452716	isabelle/pss_defs.thy	240	false	5071862	0	false
pss_defs.MT_PS_def	pss_defs	pss_defs.MT_PS_def	0	452750	isabelle/pss_defs.thy	241	false	5072150	0	false
pss_defs.Pcut_def	pss_defs	pss_defs.Pcut_def	0	452796	isabelle/pss_defs.thy	251	false	5072542	0	false
pss_defs.P_graph.intros	pss_defs	pss_defs.P_graph.intros	0	452930	isabelle/pss_defs.thy	254	true	5073330	0	true
pss_defs.P_graph.cases	pss_defs	pss_defs.P_graph.cases	0	452934	isabelle/pss_defs.thy	254	true	5073330	0	true
pss_defs.P_graph.induct	pss_defs	pss_defs.P_graph.induct	0	452948	isabelle/pss_defs.thy	254	true	5073330	0	true
pss_defs.P_graph.simps	pss_defs	pss_defs.P_graph.simps	0	452956	isabelle/pss_defs.thy	254	true	5073330	0	true
pss_defs.P_graph.inducts	pss_defs	pss_defs.P_graph.inducts	0	452966	isabelle/pss_defs.thy	254	true	5073330	0	true
pss_defs.P_rel.intros	pss_defs	pss_defs.P_rel.intros	0	453042	isabelle/pss_defs.thy	254	true	5073330	0	true
pss_defs.P_rel.cases	pss_defs	pss_defs.P_rel.cases	0	453050	isabelle/pss_defs.thy	254	true	5073330	0	true
pss_defs.P_rel.induct	pss_defs	pss_defs.P_rel.induct	0	453056	isabelle/pss_defs.thy	254	true	5073330	0	true
pss_defs.P_rel.simps	pss_defs	pss_defs.P_rel.simps	0	453062	isabelle/pss_defs.thy	254	true	5073330	0	true
pss_defs.P_rel.inducts	pss_defs	pss_defs.P_rel.inducts	0	453076	isabelle/pss_defs.thy	254	true	5073330	0	true
pss_defs.P.psimps	pss_defs	pss_defs.P.psimps	0	453166	isabelle/pss_defs.thy	254	false	5073330	0	true
pss_defs.P.pinduct	pss_defs	pss_defs.P.pinduct	0	453168	isabelle/pss_defs.thy	254	false	5073330	0	true
pss_defs.P.termination	pss_defs	pss_defs.P.termination	0	453172	isabelle/pss_defs.thy	254	true	5073330	0	true
pss_defs.P.cases	pss_defs	pss_defs.P.cases	0	453176	isabelle/pss_defs.thy	254	false	5073330	0	true
pss_defs.P.pelims	pss_defs	pss_defs.P.pelims	0	453180	isabelle/pss_defs.thy	254	false	5073330	0	true
pss_defs.P.simps	pss_defs	pss_defs.P.simps	0	453206	isabelle/pss_defs.thy	259	false	5077062	0	true
pss_defs.P.induct	pss_defs	pss_defs.P.induct	0	453216	isabelle/pss_defs.thy	259	false	5077062	0	true
pss_defs.P.elims	pss_defs	pss_defs.P.elims	0	453220	isabelle/pss_defs.thy	259	false	5077062	0	true
pss_defs.nadm_def	pss_defs	pss_defs.nadm_def	0	453288	isabelle/pss_defs.thy	282	false	5077352	0	false
pss_defs.adm_def	pss_defs	pss_defs.adm_def	0	453316	isabelle/pss_defs.thy	287	false	5077764	0	false
pss_defs.AdmSet_def	pss_defs	pss_defs.AdmSet_def	0	453354	isabelle/pss_defs.thy	292	false	5078014	0	false
pss_defs.Adm_def	pss_defs	pss_defs.Adm_def	0	453402	isabelle/pss_defs.thy	297	false	5078246	0	false
pss_defs.Marked_def	pss_defs	pss_defs.Marked_def	0	453470	isabelle/pss_defs.thy	302	false	5078758	0	false
pss_defs.IdxSum_def	pss_defs	pss_defs.IdxSum_def	0	453534	isabelle/pss_defs.thy	313	false	5079368	0	false
pss_defs.TrMax_def	pss_defs	pss_defs.TrMax_def	0	453640	isabelle/pss_defs.thy	321	false	5080060	0	false
pss_defs.Br_def	pss_defs	pss_defs.Br_def	0	453724	isabelle/pss_defs.thy	326	false	5080668	0	false
pss_defs.FirstNodes_def	pss_defs	pss_defs.FirstNodes_def	0	453820	isabelle/pss_defs.thy	331	false	5081182	0	false
pss_defs.Joints_def	pss_defs	pss_defs.Joints_def	0	453890	isabelle/pss_defs.thy	339	false	5081606	0	false
pss_defs.diagSeq_def	pss_defs	pss_defs.diagSeq_def	0	454012	isabelle/pss_defs.thy	347	false	5082118	0	false
pss_defs.Red_graph.intros	pss_defs	pss_defs.Red_graph.intros	0	454874	isabelle/pss_defs.thy	374	true	5082518	0	true
pss_defs.Red_graph.cases	pss_defs	pss_defs.Red_graph.cases	0	454882	isabelle/pss_defs.thy	374	true	5082518	0	true
pss_defs.Red_graph.induct	pss_defs	pss_defs.Red_graph.induct	0	454940	isabelle/pss_defs.thy	374	true	5082518	0	true
pss_defs.Red_graph.simps	pss_defs	pss_defs.Red_graph.simps	0	454962	isabelle/pss_defs.thy	374	true	5082518	0	true
pss_defs.Red_graph.inducts	pss_defs	pss_defs.Red_graph.inducts	0	454984	isabelle/pss_defs.thy	374	true	5082518	0	true
pss_defs.Red_rel.intros(1)	pss_defs	pss_defs.Red_rel.intros	1	455416	isabelle/pss_defs.thy	374	true	5082518	0	true
pss_defs.Red_rel.intros(2)	pss_defs	pss_defs.Red_rel.intros	2	455424	isabelle/pss_defs.thy	374	true	5082518	0	true
pss_defs.Red_rel.intros(3)	pss_defs	pss_defs.Red_rel.intros	3	455428	isabelle/pss_defs.thy	374	true	5082518	0	true
pss_defs.Red_rel.intros(4)	pss_defs	pss_defs.Red_rel.intros	4	455430	isabelle/pss_defs.thy	374	true	5082518	0	true
pss_defs.Red_rel.cases	pss_defs	pss_defs.Red_rel.cases	0	455444	isabelle/pss_defs.thy	374	true	5082518	0	true
pss_defs.Red_rel.induct	pss_defs	pss_defs.Red_rel.induct	0	455580	isabelle/pss_defs.thy	374	true	5082518	0	true
pss_defs.Red_rel.simps	pss_defs	pss_defs.Red_rel.simps	0	455594	isabelle/pss_defs.thy	374	true	5082518	0	true
pss_defs.Red_rel.inducts	pss_defs	pss_defs.Red_rel.inducts	0	455614	isabelle/pss_defs.thy	374	true	5082518	0	true
pss_defs.Red.psimps	pss_defs	pss_defs.Red.psimps	0	456504	isabelle/pss_defs.thy	374	false	5082518	0	true
pss_defs.Red.pinduct	pss_defs	pss_defs.Red.pinduct	0	456506	isabelle/pss_defs.thy	374	false	5082518	0	true
pss_defs.Red.termination	pss_defs	pss_defs.Red.termination	0	456510	isabelle/pss_defs.thy	374	true	5082518	0	true
pss_defs.Red.cases	pss_defs	pss_defs.Red.cases	0	456526	isabelle/pss_defs.thy	374	false	5082518	0	true
pss_defs.Red.pelims	pss_defs	pss_defs.Red.pelims	0	456536	isabelle/pss_defs.thy	374	false	5082518	0	true
pss_defs.Red.domintros	pss_defs	pss_defs.Red.domintros	0	456570	isabelle/pss_defs.thy	374	false	5082518	0	true
pss_defs.RT_PS_def	pss_defs	pss_defs.RT_PS_def	0	456684	isabelle/pss_defs.thy	415	false	5100130	0	false
pss_defs.RedCondA_def	pss_defs	pss_defs.RedCondA_def	0	456714	isabelle/pss_defs.thy	426	false	5100242	0	false
pss_defs.RedCondB_def	pss_defs	pss_defs.RedCondB_def	0	456748	isabelle/pss_defs.thy	430	false	5100356	0	false
pss_defs.ST_PSp.diag	pss_defs	pss_defs.ST_PSp.diag	0	456838	isabelle/pss_defs.thy	444	false	5100482	0	true
pss_defs.ST_PSp.oper	pss_defs	pss_defs.ST_PSp.oper	0	456840	isabelle/pss_defs.thy	445	false	5100482	0	true
pss_defs.ST_PSp.intros(1)	pss_defs	pss_defs.ST_PSp.intros	1	456848	isabelle/pss_defs.thy	443	false	5100482	0	true
pss_defs.ST_PSp.intros(2)	pss_defs	pss_defs.ST_PSp.intros	2	456850	isabelle/pss_defs.thy	443	false	5100482	0	true
pss_defs.ST_PSp.cases	pss_defs	pss_defs.ST_PSp.cases	0	456858	isabelle/pss_defs.thy	443	false	5100482	0	true
pss_defs.ST_PSp.induct	pss_defs	pss_defs.ST_PSp.induct	0	456866	isabelle/pss_defs.thy	443	false	5100482	0	true
pss_defs.ST_PSp.simps	pss_defs	pss_defs.ST_PSp.simps	0	456870	isabelle/pss_defs.thy	443	false	5100482	0	true
pss_defs.ST_PSp.inducts	pss_defs	pss_defs.ST_PSp.inducts	0	456874	isabelle/pss_defs.thy	443	false	5100482	0	true
pss_defs.ST_PS_def	pss_defs	pss_defs.ST_PS_def	0	456908	isabelle/pss_defs.thy	443	false	5100482	0	false
pss_defs.ST_PSp_ST_PS_eq	pss_defs	pss_defs.ST_PSp_ST_PS_eq	0	456916	isabelle/pss_defs.thy	443	false	5100482	0	false
pss_defs.ST_PS.diag	pss_defs	pss_defs.ST_PS.diag	0	457082	isabelle/pss_defs.thy	444	false	5100482	0	true
pss_defs.ST_PS.oper	pss_defs	pss_defs.ST_PS.oper	0	457086	isabelle/pss_defs.thy	445	false	5100482	0	true
pss_defs.ST_PS.intros(1)	pss_defs	pss_defs.ST_PS.intros	1	457094	isabelle/pss_defs.thy	443	false	5100482	0	true
pss_defs.ST_PS.intros(2)	pss_defs	pss_defs.ST_PS.intros	2	457098	isabelle/pss_defs.thy	443	false	5100482	0	true
pss_defs.ST_PS.cases	pss_defs	pss_defs.ST_PS.cases	0	457102	isabelle/pss_defs.thy	443	false	5100482	0	true
pss_defs.ST_PS.induct	pss_defs	pss_defs.ST_PS.induct	0	457106	isabelle/pss_defs.thy	443	false	5100482	0	true
pss_defs.ST_PS.simps	pss_defs	pss_defs.ST_PS.simps	0	457108	isabelle/pss_defs.thy	443	false	5100482	0	true
pss_defs.ST_PS.inducts	pss_defs	pss_defs.ST_PS.inducts	0	457110	isabelle/pss_defs.thy	443	false	5100482	0	true
pss_defs.SkT_PS_graph.intros(1)	pss_defs	pss_defs.SkT_PS_graph.intros	1	457202	isabelle/pss_defs.thy	452	true	5101674	0	true
pss_defs.SkT_PS_graph.intros(2)	pss_defs	pss_defs.SkT_PS_graph.intros	2	457234	isabelle/pss_defs.thy	452	true	5101674	0	true
pss_defs.SkT_PS_graph.cases	pss_defs	pss_defs.SkT_PS_graph.cases	0	457242	isabelle/pss_defs.thy	452	true	5101674	0	true
pss_defs.SkT_PS_graph.induct	pss_defs	pss_defs.SkT_PS_graph.induct	0	457244	isabelle/pss_defs.thy	452	true	5101674	0	true
pss_defs.SkT_PS_graph.simps	pss_defs	pss_defs.SkT_PS_graph.simps	0	457246	isabelle/pss_defs.thy	452	true	5101674	0	true
pss_defs.SkT_PS_graph.inducts	pss_defs	pss_defs.SkT_PS_graph.inducts	0	457248	isabelle/pss_defs.thy	452	true	5101674	0	true
pss_defs.SkT_PS_rel.intros	pss_defs	pss_defs.SkT_PS_rel.intros	0	457308	isabelle/pss_defs.thy	452	true	5101674	0	true
pss_defs.SkT_PS_rel.cases	pss_defs	pss_defs.SkT_PS_rel.cases	0	457310	isabelle/pss_defs.thy	452	true	5101674	0	true
pss_defs.SkT_PS_rel.induct	pss_defs	pss_defs.SkT_PS_rel.induct	0	457316	isabelle/pss_defs.thy	452	true	5101674	0	true
pss_defs.SkT_PS_rel.simps	pss_defs	pss_defs.SkT_PS_rel.simps	0	457318	isabelle/pss_defs.thy	452	true	5101674	0	true
pss_defs.SkT_PS_rel.inducts	pss_defs	pss_defs.SkT_PS_rel.inducts	0	457320	isabelle/pss_defs.thy	452	true	5101674	0	true
pss_defs.SkT_PS.psimps(1)	pss_defs	pss_defs.SkT_PS.psimps	1	457346	isabelle/pss_defs.thy	452	true	5101674	0	true
pss_defs.SkT_PS.psimps(2)	pss_defs	pss_defs.SkT_PS.psimps	2	457348	isabelle/pss_defs.thy	452	true	5101674	0	true
pss_defs.SkT_PS.pinduct	pss_defs	pss_defs.SkT_PS.pinduct	0	457360	isabelle/pss_defs.thy	452	true	5101674	0	true
pss_defs.SkT_PS.termination	pss_defs	pss_defs.SkT_PS.termination	0	457364	isabelle/pss_defs.thy	452	true	5101674	0	true
pss_defs.SkT_PS.cases	pss_defs	pss_defs.SkT_PS.cases	0	457372	isabelle/pss_defs.thy	452	false	5101674	0	true
pss_defs.SkT_PS.pelims	pss_defs	pss_defs.SkT_PS.pelims	0	457378	isabelle/pss_defs.thy	452	false	5101674	0	true
pss_defs.SkT_PS.simps(1)	pss_defs	pss_defs.SkT_PS.simps	1	457388	isabelle/pss_defs.thy	452	false	5101674	0	true
pss_defs.SkT_PS.simps(2)	pss_defs	pss_defs.SkT_PS.simps	2	457390	isabelle/pss_defs.thy	452	false	5101674	0	true
pss_defs.SkT_PS.induct	pss_defs	pss_defs.SkT_PS.induct	0	457408	isabelle/pss_defs.thy	452	false	5101674	0	true
pss_defs.SkT_PS.elims	pss_defs	pss_defs.SkT_PS.elims	0	457412	isabelle/pss_defs.thy	452	false	5101674	0	true
pss_defs.anchored_slice_def	pss_defs	pss_defs.anchored_slice_def	0	457434	isabelle/pss_defs.thy	467	false	5103922	0	false
pss_defs.descending_def	pss_defs	pss_defs.descending_def	0	457442	isabelle/pss_defs.thy	480	false	5104066	0	false
pss_defs.nextAdm_def	pss_defs	pss_defs.nextAdm_def	0	457450	isabelle/pss_defs.thy	498	false	5104190	0	false
pss_defs.DT_PS_def	pss_defs	pss_defs.DT_PS_def	0	457458	isabelle/pss_defs.thy	511	false	5104338	0	false
pss_defs.LastStep_def	pss_defs	pss_defs.LastStep_def	0	457500	isabelle/pss_defs.thy	533	false	5104434	0	false
pss_paper.p_5_1_parent_exists_1	pss_paper	pss_paper.p_5_1_parent_exists_1	0	465592	isabelle/pss_paper.thy	26	false	5184484	0	true
pss_paper.p_5_1_parent_exists_2	pss_paper	pss_paper.p_5_1_parent_exists_2	0	465600	isabelle/pss_paper.thy	32	false	5184544	0	true
pss_paper.p_5_1_parent_exists_3	pss_paper	pss_paper.p_5_1_parent_exists_3	0	465608	isabelle/pss_paper.thy	38	false	5184604	0	true
pss_paper.p_5_1_parent_exists_4	pss_paper	pss_paper.p_5_1_parent_exists_4	0	465616	isabelle/pss_paper.thy	44	false	5184664	0	true
pss_paper.p_5_1_parent_basic_1	pss_paper	pss_paper.p_5_1_parent_basic_1	0	465622	isabelle/pss_paper.thy	53	false	5184740	0	true
pss_paper.p_5_1_parent_basic_2	pss_paper	pss_paper.p_5_1_parent_basic_2	0	465632	isabelle/pss_paper.thy	59	false	5184798	0	true
pss_paper.p_5_1_ancestor_basic_1	pss_paper	pss_paper.p_5_1_ancestor_basic_1	0	465640	isabelle/pss_paper.thy	67	false	5184872	0	true
pss_paper.p_5_1_ancestor_basic_2	pss_paper	pss_paper.p_5_1_ancestor_basic_2	0	465648	isabelle/pss_paper.thy	73	false	5184930	0	true
pss_paper.p_5_1_ancestor_tree_1	pss_paper	pss_paper.p_5_1_ancestor_tree_1	0	465656	isabelle/pss_paper.thy	81	false	5185004	0	true
pss_paper.p_5_1_ancestor_tree_2	pss_paper	pss_paper.p_5_1_ancestor_tree_2	0	465664	isabelle/pss_paper.thy	86	false	5185062	0	true
pss_paper.p_5_3_pred_is_oper1	pss_paper	pss_paper.p_5_3_pred_is_oper1	0	465672	isabelle/pss_paper.thy	96	false	5185152	0	true
pss_paper.p_5_4_F_oper_dom	pss_paper	pss_paper.p_5_4_F_oper_dom	0	465680	isabelle/pss_paper.thy	115	false	5185228	0	true
pss_paper.p_5_4_F_oper_val	pss_paper	pss_paper.p_5_4_F_oper_val	0	465688	isabelle/pss_paper.thy	120	false	5185288	0	true
pss_paper.p_6_1_le_IncrFirst_inv	pss_paper	pss_paper.p_6_1_le_IncrFirst_inv	0	465696	isabelle/pss_paper.thy	132	false	5185396	0	true
pss_paper.p_6_2_multi_crit_12	pss_paper	pss_paper.p_6_2_multi_crit_12	0	465704	isabelle/pss_paper.thy	142	false	5185484	0	true
pss_paper.p_6_2_multi_crit_23	pss_paper	pss_paper.p_6_2_multi_crit_23	0	465712	isabelle/pss_paper.thy	147	false	5185528	0	true
pss_paper.p_6_2_mono_prefix	pss_paper	pss_paper.p_6_2_mono_prefix	0	465720	isabelle/pss_paper.thy	155	false	5185588	0	true
pss_paper.p_6_2_mono_ancestor_slice	pss_paper	pss_paper.p_6_2_mono_ancestor_slice	0	465728	isabelle/pss_paper.thy	162	false	5185654	0	true
pss_paper.p_6_2_P_IncrFirst	pss_paper	pss_paper.p_6_2_P_IncrFirst	0	465736	isabelle/pss_paper.thy	169	false	5185722	0	true
pss_paper.p_6_2_P_components_1	pss_paper	pss_paper.p_6_2_P_components_1	0	465744	isabelle/pss_paper.thy	176	false	5185776	0	true
pss_paper.p_6_2_P_components_2	pss_paper	pss_paper.p_6_2_P_components_2	0	465752	isabelle/pss_paper.thy	181	false	5185818	0	true
pss_paper.p_6_2_P_additive	pss_paper	pss_paper.p_6_2_P_additive	0	465760	isabelle/pss_paper.thy	188	false	5185876	0	true
pss_paper.p_6_2_P_oper_1	pss_paper	pss_paper.p_6_2_P_oper_1	0	465768	isabelle/pss_paper.thy	197	false	5185944	0	true
pss_paper.p_6_2_P_oper_2	pss_paper	pss_paper.p_6_2_P_oper_2	0	465776	isabelle/pss_paper.thy	203	false	5185996	0	true
pss_paper.p_6_2_nonmulti_oper_1	pss_paper	pss_paper.p_6_2_nonmulti_oper_1	0	465784	isabelle/pss_paper.thy	212	false	5186064	0	true
pss_paper.p_6_2_nonmulti_oper_2	pss_paper	pss_paper.p_6_2_nonmulti_oper_2	0	465792	isabelle/pss_paper.thy	218	false	5186116	0	true
pss_paper.p_6_3_adm_slice	pss_paper	pss_paper.p_6_3_adm_slice	0	465800	isabelle/pss_paper.thy	229	false	5186200	0	true
pss_paper.p_6_3_admof_slice	pss_paper	pss_paper.p_6_3_admof_slice	0	465808	isabelle/pss_paper.thy	236	false	5186282	0	true
pss_paper.p_6_3_marked_slice	pss_paper	pss_paper.p_6_3_marked_slice	0	465816	isabelle/pss_paper.thy	243	false	5186364	0	true
pss_paper.p_6_4_P_IdxSum	pss_paper	pss_paper.p_6_4_P_IdxSum	0	465824	isabelle/pss_paper.thy	254	false	5186462	0	true
pss_paper.p_6_4_P_IdxSum_char_1	pss_paper	pss_paper.p_6_4_P_IdxSum_char_1	0	465832	isabelle/pss_paper.thy	261	false	5186528	0	true
pss_paper.p_6_4_P_IdxSum_char_2	pss_paper	pss_paper.p_6_4_P_IdxSum_char_2	0	465840	isabelle/pss_paper.thy	266	false	5186580	0	true
pss_paper.p_6_4_P_leftend_mono	pss_paper	pss_paper.p_6_4_P_leftend_mono	0	465848	isabelle/pss_paper.thy	273	false	5186650	0	true
pss_paper.p_6_4_mono_slice_next	pss_paper	pss_paper.p_6_4_mono_slice_next	0	465856	isabelle/pss_paper.thy	280	false	5186724	0	true
pss_paper.p_6_4_FirstNodes_TrMax_Joints	pss_paper	pss_paper.p_6_4_FirstNodes_TrMax_Joints	0	465864	isabelle/pss_paper.thy	292	false	5186798	0	true
pss_paper.p_6_4_FirstNodes_Joints_mono	pss_paper	pss_paper.p_6_4_FirstNodes_Joints_mono	0	465872	isabelle/pss_paper.thy	307	false	5186880	0	true
pss_paper.p_6_4_mono_slice	pss_paper	pss_paper.p_6_4_mono_slice	0	465880	isabelle/pss_paper.thy	316	false	5186954	0	true
pss_paper.p_6_5_Red_welldef	pss_paper	pss_paper.p_6_5_Red_welldef	0	465888	isabelle/pss_paper.thy	345	false	5187060	0	true
pss_paper.p_6_5_Red_IncrFirst	pss_paper	pss_paper.p_6_5_Red_IncrFirst	0	465896	isabelle/pss_paper.thy	352	false	5187118	0	true
pss_paper.p_6_5_Lng_Red	pss_paper	pss_paper.p_6_5_Lng_Red	0	465904	isabelle/pss_paper.thy	359	false	5187174	0	true
pss_paper.p_6_5_Red_zeroT	pss_paper	pss_paper.p_6_5_Red_zeroT	0	465912	isabelle/pss_paper.thy	366	false	5187232	0	true
pss_paper.p_6_5_Red_le	pss_paper	pss_paper.p_6_5_Red_le	0	465920	isabelle/pss_paper.thy	373	false	5187288	0	true
pss_paper.p_6_5_Red_monoT	pss_paper	pss_paper.p_6_5_Red_monoT	0	465928	isabelle/pss_paper.thy	380	false	5187362	0	true
pss_paper.p_6_5_P_Red	pss_paper	pss_paper.p_6_5_P_Red	0	465936	isabelle/pss_paper.thy	387	false	5187418	0	true
pss_paper.p_6_5_monoT_Red	pss_paper	pss_paper.p_6_5_monoT_Red	0	465944	isabelle/pss_paper.thy	404	false	5187490	0	true
pss_paper.p_6_5_Red_idem	pss_paper	pss_paper.p_6_5_Red_idem	0	465952	isabelle/pss_paper.thy	412	false	5187554	0	true
pss_paper.p_6_5_Red_Pred	pss_paper	pss_paper.p_6_5_Red_Pred	0	465960	isabelle/pss_paper.thy	419	false	5187610	0	true
pss_paper.p_6_5_Red_oper	pss_paper	pss_paper.p_6_5_Red_oper	0	465968	isabelle/pss_paper.thy	426	false	5187666	0	true
pss_paper.p_6_5_Red_adm	pss_paper	pss_paper.p_6_5_Red_adm	0	465976	isabelle/pss_paper.thy	433	false	5187730	0	true
pss_paper.p_6_5_admof_Red	pss_paper	pss_paper.p_6_5_admof_Red	0	465984	isabelle/pss_paper.thy	440	false	5187786	0	true
pss_paper.p_6_5_Red_marked	pss_paper	pss_paper.p_6_5_Red_marked	0	465992	isabelle/pss_paper.thy	449	false	5187848	0	true
pss_paper.p_6_6_reduced_slice	pss_paper	pss_paper.p_6_6_reduced_slice	0	466000	isabelle/pss_paper.thy	463	false	5187930	0	true
pss_paper.p_6_6_P_reduced	pss_paper	pss_paper.p_6_6_P_reduced	0	466008	isabelle/pss_paper.thy	470	false	5188004	0	true
pss_paper.p_6_6_reduced_oper	pss_paper	pss_paper.p_6_6_reduced_oper	0	466016	isabelle/pss_paper.thy	477	false	5188064	0	true
pss_paper.p_6_6_reduced_iff_cond	pss_paper	pss_paper.p_6_6_reduced_iff_cond	0	466024	isabelle/pss_paper.thy	484	false	5188128	0	true
pss_paper.p_6_6_Red_leftend_1	pss_paper	pss_paper.p_6_6_Red_leftend_1	0	466032	isabelle/pss_paper.thy	491	false	5188184	0	true
pss_paper.p_6_6_Red_leftend_2	pss_paper	pss_paper.p_6_6_Red_leftend_2	0	466040	isabelle/pss_paper.thy	498	false	5188240	0	true
pss_paper.p_6_6_reduced_coeff	pss_paper	pss_paper.p_6_6_reduced_coeff	0	466048	isabelle/pss_paper.thy	506	false	5188314	0	true
pss_paper.p_6_6_reduced_leftend	pss_paper	pss_paper.p_6_6_reduced_leftend	0	466056	isabelle/pss_paper.thy	514	false	5188380	0	true
pss_paper.p_6_6_condAB_coeff	pss_paper	pss_paper.p_6_6_condAB_coeff	0	466064	isabelle/pss_paper.thy	522	false	5188448	0	true
pss_paper.p_6_6_ancestor_slice_Red_IncrFirst	pss_paper	pss_paper.p_6_6_ancestor_slice_Red_IncrFirst	0	466072	isabelle/pss_paper.thy	535	false	5188518	0	true
pss_paper.p_6_6_oneColumn	pss_paper	pss_paper.p_6_6_oneColumn	0	466080	isabelle/pss_paper.thy	545	false	5188598	0	true
pss_paper.p_6_7_standard_reduced	pss_paper	pss_paper.p_6_7_standard_reduced	0	466088	isabelle/pss_paper.thy	555	false	5188674	0	true
pss_paper.p_6_7_ST_eq_Union_SkT	pss_paper	pss_paper.p_6_7_ST_eq_Union_SkT	0	466094	isabelle/pss_paper.thy	561	false	5188722	0	true
pss_paper.p_6_7_standard_P_components	pss_paper	pss_paper.p_6_7_standard_P_components	0	466104	isabelle/pss_paper.thy	567	false	5188772	0	true
pss_paper.p_6_7_standard_prefix	pss_paper	pss_paper.p_6_7_standard_prefix	0	466112	isabelle/pss_paper.thy	574	false	5188840	0	true
pss_paper.p_6_8_standard_slice_Br_descending	pss_paper	pss_paper.p_6_8_standard_slice_Br_descending	0	466120	isabelle/pss_paper.thy	584	false	5188922	0	true
pss_paper.p_6_8_standard_P_descending	pss_paper	pss_paper.p_6_8_standard_P_descending	0	466128	isabelle/pss_paper.thy	591	false	5188996	0	true
pss_paper.pre_BT.BT.map_pre_BT_def	pss_paper	pss_paper.pre_BT.BT.map_pre_BT_def	0	466480	isabelle/pss_paper.thy	620	true	5189118	0	false
pss_paper.pre_BT.BT.rel_pre_BT_def	pss_paper	pss_paper.pre_BT.BT.rel_pre_BT_def	0	466482	isabelle/pss_paper.thy	620	true	5189118	0	false
pss_paper.pre_BT.BT.set1_pre_BT_def	pss_paper	pss_paper.pre_BT.BT.set1_pre_BT_def	0	466484	isabelle/pss_paper.thy	620	true	5189118	0	false
pss_paper.pre_BT.BT.set2_pre_BT_def	pss_paper	pss_paper.pre_BT.BT.set2_pre_BT_def	0	466486	isabelle/pss_paper.thy	620	true	5189118	0	false
pss_paper.pre_BP.BP.map_pre_BP_def	pss_paper	pss_paper.pre_BP.BP.map_pre_BP_def	0	466550	isabelle/pss_paper.thy	620	true	5189118	0	false
pss_paper.pre_BP.BP.rel_pre_BP_def	pss_paper	pss_paper.pre_BP.BP.rel_pre_BP_def	0	466552	isabelle/pss_paper.thy	620	true	5189118	0	false
pss_paper.pre_BP.BP.set1_pre_BP_def	pss_paper	pss_paper.pre_BP.BP.set1_pre_BP_def	0	466554	isabelle/pss_paper.thy	620	true	5189118	0	false
pss_paper.pre_BP.BP.set2_pre_BP_def	pss_paper	pss_paper.pre_BP.BP.set2_pre_BP_def	0	466556	isabelle/pss_paper.thy	620	true	5189118	0	false
pss_paper.BT_BP.alg_BT_BP_def	pss_paper	pss_paper.BT_BP.alg_BT_BP_def	0	466606	isabelle/pss_paper.thy	620	true	5189118	0	false
pss_paper.BT_BP.mor_BT_BP_def	pss_paper	pss_paper.BT_BP.mor_BT_BP_def	0	466624	isabelle/pss_paper.thy	620	true	5189118	0	false
pss_paper.arity_type_BT_BP_sbdT_BT_BP	pss_paper	pss_paper.arity_type_BT_BP_sbdT_BT_BP	0	466656	isabelle/pss_paper.thy	620	true	5189118	0	false
pss_paper.BT_BP.BT_BP_sbdT_BT_BP.type_definition_BT_BP_sbdT_BT_BP	pss_paper	pss_paper.BT_BP.BT_BP_sbdT_BT_BP.type_definition_BT_BP_sbdT_BT_BP	0	466662	isabelle/pss_paper.thy	620	true	5189118	0	false
pss_paper.BT_BP.BT_BP_sbdT_BT_BP.Rep_BT_BP_sbdT_BT_BP	pss_paper	pss_paper.BT_BP.BT_BP_sbdT_BT_BP.Rep_BT_BP_sbdT_BT_BP	0	466664	isabelle/pss_paper.thy	620	true	5189118	0	false
pss_paper.BT_BP.BT_BP_sbdT_BT_BP.Rep_BT_BP_sbdT_BT_BP_inverse	pss_paper	pss_paper.BT_BP.BT_BP_sbdT_BT_BP.Rep_BT_BP_sbdT_BT_BP_inverse	0	466666	isabelle/pss_paper.thy	620	true	5189118	0	false
pss_paper.BT_BP.BT_BP_sbdT_BT_BP.Abs_BT_BP_sbdT_BT_BP_inverse	pss_paper	pss_paper.BT_BP.BT_BP_sbdT_BT_BP.Abs_BT_BP_sbdT_BT_BP_inverse	0	466668	isabelle/pss_paper.thy	620	true	5189118	0	false
pss_paper.BT_BP.BT_BP_sbdT_BT_BP.Rep_BT_BP_sbdT_BT_BP_inject	pss_paper	pss_paper.BT_BP.BT_BP_sbdT_BT_BP.Rep_BT_BP_sbdT_BT_BP_inject	0	466670	isabelle/pss_paper.thy	620	true	5189118	0	false
pss_paper.BT_BP.BT_BP_sbdT_BT_BP.Abs_BT_BP_sbdT_BT_BP_inject	pss_paper	pss_paper.BT_BP.BT_BP_sbdT_BT_BP.Abs_BT_BP_sbdT_BT_BP_inject	0	466672	isabelle/pss_paper.thy	620	true	5189118	0	false
pss_paper.BT_BP.BT_BP_sbdT_BT_BP.Rep_BT_BP_sbdT_BT_BP_cases	pss_paper	pss_paper.BT_BP.BT_BP_sbdT_BT_BP.Rep_BT_BP_sbdT_BT_BP_cases	0	466674	isabelle/pss_paper.thy	620	true	5189118	0	false
pss_paper.BT_BP.BT_BP_sbdT_BT_BP.Abs_BT_BP_sbdT_BT_BP_cases	pss_paper	pss_paper.BT_BP.BT_BP_sbdT_BT_BP.Abs_BT_BP_sbdT_BT_BP_cases	0	466676	isabelle/pss_paper.thy	620	true	5189118	0	false
pss_paper.BT_BP.BT_BP_sbdT_BT_BP.Rep_BT_BP_sbdT_BT_BP_induct	pss_paper	pss_paper.BT_BP.BT_BP_sbdT_BT_BP.Rep_BT_BP_sbdT_BT_BP_induct	0	466678	isabelle/pss_paper.thy	620	true	5189118	0	false
pss_paper.BT_BP.BT_BP_sbdT_BT_BP.Abs_BT_BP_sbdT_BT_BP_induct	pss_paper	pss_paper.BT_BP.BT_BP_sbdT_BT_BP.Abs_BT_BP_sbdT_BT_BP_induct	0	466680	isabelle/pss_paper.thy	620	true	5189118	0	false
pss_paper.BT_BP.typerep_BT_BP_sbdT_BT_BP_inst.typerep_BT_BP_sbdT_BT_BP	pss_paper	pss_paper.BT_BP.typerep_BT_BP_sbdT_BT_BP_inst.typerep_BT_BP_sbdT_BT_BP	0	466682	isabelle/pss_paper.thy	620	true	5189118	0	false
pss_paper.BT_BP.typerep_BT_BP_sbdT_BT_BP_def	pss_paper	pss_paper.BT_BP.typerep_BT_BP_sbdT_BT_BP_def	0	466688	isabelle/pss_paper.thy	620	false	5189118	0	false
pss_paper.BT_BP.arity_typerep_BT_BP_sbdT_BT_BP	pss_paper	pss_paper.BT_BP.arity_typerep_BT_BP_sbdT_BT_BP	0	466694	isabelle/pss_paper.thy	620	true	5189118	0	false
pss_paper.BT_BP.sbd_BT_BP_def	pss_paper	pss_paper.BT_BP.sbd_BT_BP_def	0	466698	isabelle/pss_paper.thy	620	true	5189118	0	false
pss_paper.BT_BP.min_alg_BT_def	pss_paper	pss_paper.BT_BP.min_alg_BT_def	0	466724	isabelle/pss_paper.thy	620	true	5189118	0	false
pss_paper.BT_BP.min_alg_BP_def	pss_paper	pss_paper.BT_BP.min_alg_BP_def	0	466726	isabelle/pss_paper.thy	620	true	5189118	0	false
pss_paper.arity_type_BT_BP_IITN_BT_BP	pss_paper	pss_paper.arity_type_BT_BP_IITN_BT_BP	0	466754	isabelle/pss_paper.thy	620	true	5189118	0	false
pss_paper.BT_BP.BT_BP_IITN_BT_BP.type_definition_BT_BP_IITN_BT_BP	pss_paper	pss_paper.BT_BP.BT_BP_IITN_BT_BP.type_definition_BT_BP_IITN_BT_BP	0	466760	isabelle/pss_paper.thy	620	true	5189118	0	false
pss_paper.BT_BP.BT_BP_IITN_BT_BP.Rep_BT_BP_IITN_BT_BP	pss_paper	pss_paper.BT_BP.BT_BP_IITN_BT_BP.Rep_BT_BP_IITN_BT_BP	0	466762	isabelle/pss_paper.thy	620	true	5189118	0	false
pss_paper.BT_BP.BT_BP_IITN_BT_BP.Rep_BT_BP_IITN_BT_BP_inverse	pss_paper	pss_paper.BT_BP.BT_BP_IITN_BT_BP.Rep_BT_BP_IITN_BT_BP_inverse	0	466764	isabelle/pss_paper.thy	620	true	5189118	0	false
pss_paper.BT_BP.BT_BP_IITN_BT_BP.Abs_BT_BP_IITN_BT_BP_inverse	pss_paper	pss_paper.BT_BP.BT_BP_IITN_BT_BP.Abs_BT_BP_IITN_BT_BP_inverse	0	466766	isabelle/pss_paper.thy	620	true	5189118	0	false
pss_paper.BT_BP.BT_BP_IITN_BT_BP.Rep_BT_BP_IITN_BT_BP_inject	pss_paper	pss_paper.BT_BP.BT_BP_IITN_BT_BP.Rep_BT_BP_IITN_BT_BP_inject	0	466768	isabelle/pss_paper.thy	620	true	5189118	0	false
pss_paper.BT_BP.BT_BP_IITN_BT_BP.Abs_BT_BP_IITN_BT_BP_inject	pss_paper	pss_paper.BT_BP.BT_BP_IITN_BT_BP.Abs_BT_BP_IITN_BT_BP_inject	0	466770	isabelle/pss_paper.thy	620	true	5189118	0	false
pss_paper.BT_BP.BT_BP_IITN_BT_BP.Rep_BT_BP_IITN_BT_BP_cases	pss_paper	pss_paper.BT_BP.BT_BP_IITN_BT_BP.Rep_BT_BP_IITN_BT_BP_cases	0	466772	isabelle/pss_paper.thy	620	true	5189118	0	false
pss_paper.BT_BP.BT_BP_IITN_BT_BP.Abs_BT_BP_IITN_BT_BP_cases	pss_paper	pss_paper.BT_BP.BT_BP_IITN_BT_BP.Abs_BT_BP_IITN_BT_BP_cases	0	466774	isabelle/pss_paper.thy	620	true	5189118	0	false
pss_paper.BT_BP.BT_BP_IITN_BT_BP.Rep_BT_BP_IITN_BT_BP_induct	pss_paper	pss_paper.BT_BP.BT_BP_IITN_BT_BP.Rep_BT_BP_IITN_BT_BP_induct	0	466776	isabelle/pss_paper.thy	620	true	5189118	0	false
pss_paper.BT_BP.BT_BP_IITN_BT_BP.Abs_BT_BP_IITN_BT_BP_induct	pss_paper	pss_paper.BT_BP.BT_BP_IITN_BT_BP.Abs_BT_BP_IITN_BT_BP_induct	0	466778	isabelle/pss_paper.thy	620	true	5189118	0	false
pss_paper.BT_BP.typerep_BT_BP_IITN_BT_BP_inst.typerep_BT_BP_IITN_BT_BP	pss_paper	pss_paper.BT_BP.typerep_BT_BP_IITN_BT_BP_inst.typerep_BT_BP_IITN_BT_BP	0	466780	isabelle/pss_paper.thy	620	true	5189118	0	false
pss_paper.BT_BP.typerep_BT_BP_IITN_BT_BP_def	pss_paper	pss_paper.BT_BP.typerep_BT_BP_IITN_BT_BP_def	0	466786	isabelle/pss_paper.thy	620	false	5189118	0	false
pss_paper.BT_BP.arity_typerep_BT_BP_IITN_BT_BP	pss_paper	pss_paper.BT_BP.arity_typerep_BT_BP_IITN_BT_BP	0	466792	isabelle/pss_paper.thy	620	true	5189118	0	false
pss_paper.BT_BP.str_init_BT_def	pss_paper	pss_paper.BT_BP.str_init_BT_def	0	466796	isabelle/pss_paper.thy	620	true	5189118	0	false
pss_paper.BT_BP.str_init_BP_def	pss_paper	pss_paper.BT_BP.str_init_BP_def	0	466798	isabelle/pss_paper.thy	620	true	5189118	0	false
pss_paper.arity_type_BT	pss_paper	pss_paper.arity_type_BT	0	466816	isabelle/pss_paper.thy	620	true	5189118	0	false
pss_paper.BT.type_definition_BT	pss_paper	pss_paper.BT.type_definition_BT	0	466822	isabelle/pss_paper.thy	620	true	5189118	0	true
pss_paper.BT.Rep_BT	pss_paper	pss_paper.BT.Rep_BT	0	466824	isabelle/pss_paper.thy	620	true	5189118	0	true
pss_paper.BT.Rep_BT_inverse	pss_paper	pss_paper.BT.Rep_BT_inverse	0	466826	isabelle/pss_paper.thy	620	true	5189118	0	true
pss_paper.BT.Abs_BT_inverse	pss_paper	pss_paper.BT.Abs_BT_inverse	0	466828	isabelle/pss_paper.thy	620	true	5189118	0	true
pss_paper.BT.Rep_BT_inject	pss_paper	pss_paper.BT.Rep_BT_inject	0	466830	isabelle/pss_paper.thy	620	true	5189118	0	true
pss_paper.BT.Abs_BT_inject	pss_paper	pss_paper.BT.Abs_BT_inject	0	466832	isabelle/pss_paper.thy	620	true	5189118	0	true
pss_paper.BT.Rep_BT_cases	pss_paper	pss_paper.BT.Rep_BT_cases	0	466834	isabelle/pss_paper.thy	620	true	5189118	0	true
pss_paper.BT.Abs_BT_cases	pss_paper	pss_paper.BT.Abs_BT_cases	0	466836	isabelle/pss_paper.thy	620	true	5189118	0	true
pss_paper.BT.Rep_BT_induct	pss_paper	pss_paper.BT.Rep_BT_induct	0	466838	isabelle/pss_paper.thy	620	true	5189118	0	true
pss_paper.BT.Abs_BT_induct	pss_paper	pss_paper.BT.Abs_BT_induct	0	466840	isabelle/pss_paper.thy	620	true	5189118	0	true
pss_paper.typerep_BT_inst.typerep_BT	pss_paper	pss_paper.typerep_BT_inst.typerep_BT	0	466842	isabelle/pss_paper.thy	620	true	5189118	0	false
pss_paper.typerep_BT_def	pss_paper	pss_paper.typerep_BT_def	0	466848	isabelle/pss_paper.thy	620	false	5189118	0	false
pss_paper.arity_typerep_BT	pss_paper	pss_paper.arity_typerep_BT	0	466854	isabelle/pss_paper.thy	620	true	5189118	0	false
pss_paper.arity_type_BP	pss_paper	pss_paper.arity_type_BP	0	466860	isabelle/pss_paper.thy	620	true	5189118	0	false
pss_paper.BP.type_definition_BP	pss_paper	pss_paper.BP.type_definition_BP	0	466866	isabelle/pss_paper.thy	620	true	5189118	0	true
pss_paper.BP.Rep_BP	pss_paper	pss_paper.BP.Rep_BP	0	466868	isabelle/pss_paper.thy	620	true	5189118	0	true
pss_paper.BP.Rep_BP_inverse	pss_paper	pss_paper.BP.Rep_BP_inverse	0	466870	isabelle/pss_paper.thy	620	true	5189118	0	true
pss_paper.BP.Abs_BP_inverse	pss_paper	pss_paper.BP.Abs_BP_inverse	0	466872	isabelle/pss_paper.thy	620	true	5189118	0	true
pss_paper.BP.Rep_BP_inject	pss_paper	pss_paper.BP.Rep_BP_inject	0	466874	isabelle/pss_paper.thy	620	true	5189118	0	true
pss_paper.BP.Abs_BP_inject	pss_paper	pss_paper.BP.Abs_BP_inject	0	466876	isabelle/pss_paper.thy	620	true	5189118	0	true
pss_paper.BP.Rep_BP_cases	pss_paper	pss_paper.BP.Rep_BP_cases	0	466878	isabelle/pss_paper.thy	620	true	5189118	0	true
pss_paper.BP.Abs_BP_cases	pss_paper	pss_paper.BP.Abs_BP_cases	0	466880	isabelle/pss_paper.thy	620	true	5189118	0	true
pss_paper.BP.Rep_BP_induct	pss_paper	pss_paper.BP.Rep_BP_induct	0	466882	isabelle/pss_paper.thy	620	true	5189118	0	true
pss_paper.BP.Abs_BP_induct	pss_paper	pss_paper.BP.Abs_BP_induct	0	466884	isabelle/pss_paper.thy	620	true	5189118	0	true
pss_paper.typerep_BP_inst.typerep_BP	pss_paper	pss_paper.typerep_BP_inst.typerep_BP	0	466886	isabelle/pss_paper.thy	620	true	5189118	0	false
pss_paper.typerep_BP_def	pss_paper	pss_paper.typerep_BP_def	0	466892	isabelle/pss_paper.thy	620	false	5189118	0	false
pss_paper.arity_typerep_BP	pss_paper	pss_paper.arity_typerep_BP	0	466898	isabelle/pss_paper.thy	620	true	5189118	0	false
pss_paper.BT.ctor_BT_def	pss_paper	pss_paper.BT.ctor_BT_def	0	466902	isabelle/pss_paper.thy	620	true	5189118	0	false
pss_paper.BP.ctor_BP_def	pss_paper	pss_paper.BP.ctor_BP_def	0	466904	isabelle/pss_paper.thy	620	true	5189118	0	false
pss_paper.BT.ctor_fold_BT_def	pss_paper	pss_paper.BT.ctor_fold_BT_def	0	466910	isabelle/pss_paper.thy	620	true	5189118	0	false
pss_paper.BP.ctor_fold_BP_def	pss_paper	pss_paper.BP.ctor_fold_BP_def	0	466912	isabelle/pss_paper.thy	620	true	5189118	0	false
pss_paper.BT.dtor_BT_def	pss_paper	pss_paper.BT.dtor_BT_def	0	466930	isabelle/pss_paper.thy	620	true	5189118	0	false
pss_paper.BP.dtor_BP_def	pss_paper	pss_paper.BP.dtor_BP_def	0	466932	isabelle/pss_paper.thy	620	true	5189118	0	false
pss_paper.BT.ctor_rec_BT_def	pss_paper	pss_paper.BT.ctor_rec_BT_def	0	466982	isabelle/pss_paper.thy	620	true	5189118	0	false
pss_paper.BP.ctor_rec_BP_def	pss_paper	pss_paper.BP.ctor_rec_BP_def	0	466984	isabelle/pss_paper.thy	620	true	5189118	0	false
pss_paper.BT.case_BT_def	pss_paper	pss_paper.BT.case_BT_def	0	467032	isabelle/pss_paper.thy	620	true	5189118	0	false
pss_paper.term_of_BT_inst.term_of_BT	pss_paper	pss_paper.term_of_BT_inst.term_of_BT	0	467070	isabelle/pss_paper.thy	620	true	5189118	0	false
pss_paper.term_of_BT_triv	pss_paper	pss_paper.term_of_BT_triv	0	467076	isabelle/pss_paper.thy	620	false	5189118	0	false
pss_paper.arity_term_of_BT	pss_paper	pss_paper.arity_term_of_BT	0	467082	isabelle/pss_paper.thy	620	true	5189118	0	false
pss_paper.partial_term_of_BT_inst.partial_term_of_BT	pss_paper	pss_paper.partial_term_of_BT_inst.partial_term_of_BT	0	467088	isabelle/pss_paper.thy	620	true	5189118	0	false
pss_paper.partial_term_of_BT_triv	pss_paper	pss_paper.partial_term_of_BT_triv	0	467094	isabelle/pss_paper.thy	620	false	5189118	0	false
pss_paper.arity_partial_term_of_BT	pss_paper	pss_paper.arity_partial_term_of_BT	0	467100	isabelle/pss_paper.thy	620	true	5189118	0	false
pss_paper.equal_BT_inst.equal_BT	pss_paper	pss_paper.equal_BT_inst.equal_BT	0	467114	isabelle/pss_paper.thy	620	true	5189118	0	false
pss_paper.equal_BT_def	pss_paper	pss_paper.equal_BT_def	0	467120	isabelle/pss_paper.thy	620	false	5189118	0	false
pss_paper.arity_equal_BT	pss_paper	pss_paper.arity_equal_BT	0	467126	isabelle/pss_paper.thy	620	true	5189118	0	false
pss_paper.BT.eq.refl	pss_paper	pss_paper.BT.eq.refl	0	467138	isabelle/pss_paper.thy	620	false	5189118	0	true
pss_paper.BT.eq.simps	pss_paper	pss_paper.BT.eq.simps	0	467140	isabelle/pss_paper.thy	620	false	5189118	0	true
pss_paper.BT.case	pss_paper	pss_paper.BT.case	0	467142	isabelle/pss_paper.thy	620	false	5189118	0	true
pss_paper.BT.case_cong	pss_paper	pss_paper.BT.case_cong	0	467144	isabelle/pss_paper.thy	620	false	5189118	0	true
pss_paper.BT.case_cong_weak	pss_paper	pss_paper.BT.case_cong_weak	0	467146	isabelle/pss_paper.thy	620	false	5189118	0	true
pss_paper.BT.case_distrib	pss_paper	pss_paper.BT.case_distrib	0	467148	isabelle/pss_paper.thy	620	false	5189118	0	true
pss_paper.BT.exhaust	pss_paper	pss_paper.BT.exhaust	0	467150	isabelle/pss_paper.thy	620	false	5189118	0	true
pss_paper.BT.inject	pss_paper	pss_paper.BT.inject	0	467152	isabelle/pss_paper.thy	620	false	5189118	0	true
pss_paper.BT.nchotomy	pss_paper	pss_paper.BT.nchotomy	0	467154	isabelle/pss_paper.thy	620	false	5189118	0	true
pss_paper.BT.split	pss_paper	pss_paper.BT.split	0	467156	isabelle/pss_paper.thy	620	false	5189118	0	true
pss_paper.BT.split_asm	pss_paper	pss_paper.BT.split_asm	0	467158	isabelle/pss_paper.thy	620	false	5189118	0	true
pss_paper.BT.splits(1)	pss_paper	pss_paper.BT.splits	1	467160	isabelle/pss_paper.thy	620	false	5189118	0	true
pss_paper.BT.splits(2)	pss_paper	pss_paper.BT.splits	2	467162	isabelle/pss_paper.thy	620	false	5189118	0	true
pss_paper.BT.case_transfer	pss_paper	pss_paper.BT.case_transfer	0	467176	isabelle/pss_paper.thy	620	false	5189118	0	true
pss_paper.BP.case_BP_def	pss_paper	pss_paper.BP.case_BP_def	0	467180	isabelle/pss_paper.thy	620	true	5189118	0	false
pss_paper.term_of_BP_inst.term_of_BP	pss_paper	pss_paper.term_of_BP_inst.term_of_BP	0	467218	isabelle/pss_paper.thy	620	true	5189118	0	false
pss_paper.term_of_BP_triv	pss_paper	pss_paper.term_of_BP_triv	0	467224	isabelle/pss_paper.thy	620	false	5189118	0	false
pss_paper.arity_term_of_BP	pss_paper	pss_paper.arity_term_of_BP	0	467230	isabelle/pss_paper.thy	620	true	5189118	0	false
pss_paper.partial_term_of_BP_inst.partial_term_of_BP	pss_paper	pss_paper.partial_term_of_BP_inst.partial_term_of_BP	0	467236	isabelle/pss_paper.thy	620	true	5189118	0	false
pss_paper.partial_term_of_BP_triv	pss_paper	pss_paper.partial_term_of_BP_triv	0	467242	isabelle/pss_paper.thy	620	false	5189118	0	false
pss_paper.arity_partial_term_of_BP	pss_paper	pss_paper.arity_partial_term_of_BP	0	467248	isabelle/pss_paper.thy	620	true	5189118	0	false
pss_paper.equal_BP_inst.equal_BP	pss_paper	pss_paper.equal_BP_inst.equal_BP	0	467262	isabelle/pss_paper.thy	620	true	5189118	0	false
pss_paper.equal_BP_def	pss_paper	pss_paper.equal_BP_def	0	467268	isabelle/pss_paper.thy	620	false	5189118	0	false
pss_paper.arity_equal_BP	pss_paper	pss_paper.arity_equal_BP	0	467274	isabelle/pss_paper.thy	620	true	5189118	0	false
pss_paper.BP.eq.refl	pss_paper	pss_paper.BP.eq.refl	0	467286	isabelle/pss_paper.thy	620	false	5189118	0	true
pss_paper.BP.eq.simps	pss_paper	pss_paper.BP.eq.simps	0	467288	isabelle/pss_paper.thy	620	false	5189118	0	true
pss_paper.BP.case	pss_paper	pss_paper.BP.case	0	467290	isabelle/pss_paper.thy	620	false	5189118	0	true
pss_paper.BP.case_cong	pss_paper	pss_paper.BP.case_cong	0	467292	isabelle/pss_paper.thy	620	false	5189118	0	true
pss_paper.BP.case_cong_weak	pss_paper	pss_paper.BP.case_cong_weak	0	467294	isabelle/pss_paper.thy	620	false	5189118	0	true
pss_paper.BP.case_distrib	pss_paper	pss_paper.BP.case_distrib	0	467296	isabelle/pss_paper.thy	620	false	5189118	0	true
pss_paper.BP.exhaust	pss_paper	pss_paper.BP.exhaust	0	467298	isabelle/pss_paper.thy	620	false	5189118	0	true
pss_paper.BP.inject	pss_paper	pss_paper.BP.inject	0	467300	isabelle/pss_paper.thy	620	false	5189118	0	true
pss_paper.BP.nchotomy	pss_paper	pss_paper.BP.nchotomy	0	467302	isabelle/pss_paper.thy	620	false	5189118	0	true
pss_paper.BP.split	pss_paper	pss_paper.BP.split	0	467304	isabelle/pss_paper.thy	620	false	5189118	0	true
pss_paper.BP.split_asm	pss_paper	pss_paper.BP.split_asm	0	467306	isabelle/pss_paper.thy	620	false	5189118	0	true
pss_paper.BP.splits(1)	pss_paper	pss_paper.BP.splits	1	467308	isabelle/pss_paper.thy	620	false	5189118	0	true
pss_paper.BP.splits(2)	pss_paper	pss_paper.BP.splits	2	467310	isabelle/pss_paper.thy	620	false	5189118	0	true
pss_paper.BP.case_transfer	pss_paper	pss_paper.BP.case_transfer	0	467324	isabelle/pss_paper.thy	620	false	5189118	0	true
pss_paper.BT_BP.induct	pss_paper	pss_paper.BT_BP.induct	0	467348	isabelle/pss_paper.thy	620	false	5189118	0	true
pss_paper.BT.induct	pss_paper	pss_paper.BT.induct	0	467350	isabelle/pss_paper.thy	620	false	5189118	0	true
pss_paper.BP.induct	pss_paper	pss_paper.BP.induct	0	467352	isabelle/pss_paper.thy	620	false	5189118	0	true
pss_paper.BT.rec	pss_paper	pss_paper.BT.rec	0	467354	isabelle/pss_paper.thy	620	false	5189118	0	true
pss_paper.BP.rec	pss_paper	pss_paper.BP.rec	0	467356	isabelle/pss_paper.thy	620	false	5189118	0	true
pss_paper.BT.rec_transfer	pss_paper	pss_paper.BT.rec_transfer	0	467358	isabelle/pss_paper.thy	620	false	5189118	0	true
pss_paper.BP.rec_transfer	pss_paper	pss_paper.BP.rec_transfer	0	467360	isabelle/pss_paper.thy	620	false	5189118	0	true
pss_paper.BT.simps(1)	pss_paper	pss_paper.BT.simps	1	467362	isabelle/pss_paper.thy	620	false	5189118	0	true
pss_paper.BT.simps(2)	pss_paper	pss_paper.BT.simps	2	467364	isabelle/pss_paper.thy	620	false	5189118	0	true
pss_paper.BT.simps(3)	pss_paper	pss_paper.BT.simps	3	467366	isabelle/pss_paper.thy	620	false	5189118	0	true
pss_paper.BP.simps(1)	pss_paper	pss_paper.BP.simps	1	467368	isabelle/pss_paper.thy	620	false	5189118	0	true
pss_paper.BP.simps(2)	pss_paper	pss_paper.BP.simps	2	467370	isabelle/pss_paper.thy	620	false	5189118	0	true
pss_paper.BP.simps(3)	pss_paper	pss_paper.BP.simps	3	467372	isabelle/pss_paper.thy	620	false	5189118	0	true
pss_paper.BT.size_BT_def	pss_paper	pss_paper.BT.size_BT_def	0	467376	isabelle/pss_paper.thy	620	true	5189118	0	false
pss_paper.BP.size_BP_def	pss_paper	pss_paper.BP.size_BP_def	0	467378	isabelle/pss_paper.thy	620	true	5189118	0	false
pss_paper.size_BT_inst.size_BT	pss_paper	pss_paper.size_BT_inst.size_BT	0	467380	isabelle/pss_paper.thy	620	true	5189118	0	false
pss_paper.BT.size_BT_overloaded_def	pss_paper	pss_paper.BT.size_BT_overloaded_def	0	467382	isabelle/pss_paper.thy	620	true	5189118	0	false
pss_paper.size_BP_inst.size_BP	pss_paper	pss_paper.size_BP_inst.size_BP	0	467384	isabelle/pss_paper.thy	620	true	5189118	0	false
pss_paper.BP.size_BP_overloaded_def	pss_paper	pss_paper.BP.size_BP_overloaded_def	0	467386	isabelle/pss_paper.thy	620	true	5189118	0	false
pss_paper.arity_size_BT	pss_paper	pss_paper.arity_size_BT	0	467392	isabelle/pss_paper.thy	620	true	5189118	0	false
pss_paper.arity_size_BP	pss_paper	pss_paper.arity_size_BP	0	467396	isabelle/pss_paper.thy	620	true	5189118	0	false
pss_paper.BT.size(1)	pss_paper	pss_paper.BT.size	1	467416	isabelle/pss_paper.thy	620	false	5189118	0	true
pss_paper.BT.size(2)	pss_paper	pss_paper.BT.size	2	467418	isabelle/pss_paper.thy	620	false	5189118	0	true
pss_paper.BP.size(1)	pss_paper	pss_paper.BP.size	1	467420	isabelle/pss_paper.thy	620	false	5189118	0	true
pss_paper.BP.size(2)	pss_paper	pss_paper.BP.size	2	467422	isabelle/pss_paper.thy	620	false	5189118	0	true
pss_paper.BT.size_gen	pss_paper	pss_paper.BT.size_gen	0	467424	isabelle/pss_paper.thy	620	false	5189118	0	true
pss_paper.BP.size_gen	pss_paper	pss_paper.BP.size_gen	0	467426	isabelle/pss_paper.thy	620	false	5189118	0	true
pss_paper.BT.size_neq	pss_paper	pss_paper.BT.size_neq	0	467428	isabelle/pss_paper.thy	620	false	5189118	0	true
pss_paper.BP.size_neq	pss_paper	pss_paper.BP.size_neq	0	467430	isabelle/pss_paper.thy	620	false	5189118	0	true
pss_paper.lessBT_lessBP_graph.intros(1)	pss_paper	pss_paper.lessBT_lessBP_graph.intros	1	467474	isabelle/pss_paper.thy	629	true	5194372	0	true
pss_paper.lessBT_lessBP_graph.intros(2)	pss_paper	pss_paper.lessBT_lessBP_graph.intros	2	467476	isabelle/pss_paper.thy	629	true	5194372	0	true
pss_paper.lessBT_lessBP_graph.intros(3)	pss_paper	pss_paper.lessBT_lessBP_graph.intros	3	467478	isabelle/pss_paper.thy	629	true	5194372	0	true
pss_paper.lessBT_lessBP_graph.intros(4)	pss_paper	pss_paper.lessBT_lessBP_graph.intros	4	467480	isabelle/pss_paper.thy	629	true	5194372	0	true
pss_paper.lessBT_lessBP_graph.cases	pss_paper	pss_paper.lessBT_lessBP_graph.cases	0	467482	isabelle/pss_paper.thy	629	true	5194372	0	true
pss_paper.lessBT_lessBP_graph.induct	pss_paper	pss_paper.lessBT_lessBP_graph.induct	0	467484	isabelle/pss_paper.thy	629	true	5194372	0	true
pss_paper.lessBT_lessBP_graph.simps	pss_paper	pss_paper.lessBT_lessBP_graph.simps	0	467486	isabelle/pss_paper.thy	629	true	5194372	0	true
pss_paper.lessBT_lessBP_graph.inducts	pss_paper	pss_paper.lessBT_lessBP_graph.inducts	0	467488	isabelle/pss_paper.thy	629	true	5194372	0	true
pss_paper.lessBT_lessBP_rel.intros(1)	pss_paper	pss_paper.lessBT_lessBP_rel.intros	1	467518	isabelle/pss_paper.thy	629	true	5194372	0	true
pss_paper.lessBT_lessBP_rel.intros(2)	pss_paper	pss_paper.lessBT_lessBP_rel.intros	2	467520	isabelle/pss_paper.thy	629	true	5194372	0	true
pss_paper.lessBT_lessBP_rel.intros(3)	pss_paper	pss_paper.lessBT_lessBP_rel.intros	3	467522	isabelle/pss_paper.thy	629	true	5194372	0	true
pss_paper.lessBT_lessBP_rel.cases	pss_paper	pss_paper.lessBT_lessBP_rel.cases	0	467524	isabelle/pss_paper.thy	629	true	5194372	0	true
pss_paper.lessBT_lessBP_rel.induct	pss_paper	pss_paper.lessBT_lessBP_rel.induct	0	467526	isabelle/pss_paper.thy	629	true	5194372	0	true
pss_paper.lessBT_lessBP_rel.simps	pss_paper	pss_paper.lessBT_lessBP_rel.simps	0	467528	isabelle/pss_paper.thy	629	true	5194372	0	true
pss_paper.lessBT_lessBP_rel.inducts	pss_paper	pss_paper.lessBT_lessBP_rel.inducts	0	467530	isabelle/pss_paper.thy	629	true	5194372	0	true
pss_paper.lessBT.psimps(1)	pss_paper	pss_paper.lessBT.psimps	1	467564	isabelle/pss_paper.thy	629	true	5194372	0	true
pss_paper.lessBT.psimps(2)	pss_paper	pss_paper.lessBT.psimps	2	467566	isabelle/pss_paper.thy	629	true	5194372	0	true
pss_paper.lessBT.psimps(3)	pss_paper	pss_paper.lessBT.psimps	3	467568	isabelle/pss_paper.thy	629	true	5194372	0	true
pss_paper.lessBP.psimps	pss_paper	pss_paper.lessBP.psimps	0	467570	isabelle/pss_paper.thy	629	true	5194372	0	true
pss_paper.lessBT_lessBP.pinduct(1)	pss_paper	pss_paper.lessBT_lessBP.pinduct	1	467572	isabelle/pss_paper.thy	629	true	5194372	0	true
pss_paper.lessBT_lessBP.pinduct(2)	pss_paper	pss_paper.lessBT_lessBP.pinduct	2	467574	isabelle/pss_paper.thy	629	true	5194372	0	true
pss_paper.lessBT_lessBP.termination	pss_paper	pss_paper.lessBT_lessBP.termination	0	467576	isabelle/pss_paper.thy	629	true	5194372	0	true
pss_paper.lessBT.cases	pss_paper	pss_paper.lessBT.cases	0	467578	isabelle/pss_paper.thy	629	false	5194372	0	true
pss_paper.lessBP.cases	pss_paper	pss_paper.lessBP.cases	0	467580	isabelle/pss_paper.thy	629	false	5194372	0	true
pss_paper.lessBT.pelims(1)	pss_paper	pss_paper.lessBT.pelims	1	467582	isabelle/pss_paper.thy	629	false	5194372	0	true
pss_paper.lessBT.pelims(2)	pss_paper	pss_paper.lessBT.pelims	2	467584	isabelle/pss_paper.thy	629	false	5194372	0	true
pss_paper.lessBT.pelims(3)	pss_paper	pss_paper.lessBT.pelims	3	467586	isabelle/pss_paper.thy	629	false	5194372	0	true
pss_paper.lessBP.pelims(1)	pss_paper	pss_paper.lessBP.pelims	1	467588	isabelle/pss_paper.thy	629	false	5194372	0	true
pss_paper.lessBP.pelims(2)	pss_paper	pss_paper.lessBP.pelims	2	467590	isabelle/pss_paper.thy	629	false	5194372	0	true
pss_paper.lessBP.pelims(3)	pss_paper	pss_paper.lessBP.pelims	3	467592	isabelle/pss_paper.thy	629	false	5194372	0	true
pss_paper.lessBT.simps(1)	pss_paper	pss_paper.lessBT.simps	1	467604	isabelle/pss_paper.thy	629	false	5194372	0	true
pss_paper.lessBT.simps(2)	pss_paper	pss_paper.lessBT.simps	2	467606	isabelle/pss_paper.thy	629	false	5194372	0	true
pss_paper.lessBT.simps(3)	pss_paper	pss_paper.lessBT.simps	3	467608	isabelle/pss_paper.thy	629	false	5194372	0	true
pss_paper.lessBP.simps	pss_paper	pss_paper.lessBP.simps	0	467610	isabelle/pss_paper.thy	629	false	5194372	0	true
pss_paper.lessBT_lessBP.induct(1)	pss_paper	pss_paper.lessBT_lessBP.induct	1	467620	isabelle/pss_paper.thy	629	false	5194372	0	true
pss_paper.lessBT_lessBP.induct(2)	pss_paper	pss_paper.lessBT_lessBP.induct	2	467622	isabelle/pss_paper.thy	629	false	5194372	0	true
pss_paper.lessBT.elims(1)	pss_paper	pss_paper.lessBT.elims	1	467624	isabelle/pss_paper.thy	629	false	5194372	0	true
pss_paper.lessBT.elims(2)	pss_paper	pss_paper.lessBT.elims	2	467626	isabelle/pss_paper.thy	629	false	5194372	0	true
pss_paper.lessBT.elims(3)	pss_paper	pss_paper.lessBT.elims	3	467628	isabelle/pss_paper.thy	629	false	5194372	0	true
pss_paper.lessBP.elims(1)	pss_paper	pss_paper.lessBP.elims	1	467630	isabelle/pss_paper.thy	629	false	5194372	0	true
pss_paper.lessBP.elims(2)	pss_paper	pss_paper.lessBP.elims	2	467632	isabelle/pss_paper.thy	629	false	5194372	0	true
pss_paper.lessBP.elims(3)	pss_paper	pss_paper.lessBP.elims	3	467634	isabelle/pss_paper.thy	629	false	5194372	0	true
pss_paper.p_7_1_lessBT_linord(1)	pss_paper	pss_paper.p_7_1_lessBT_linord	1	467642	isabelle/pss_paper.thy	642	false	5196948	0	true
pss_paper.p_7_1_lessBT_linord(2)	pss_paper	pss_paper.p_7_1_lessBT_linord	2	467644	isabelle/pss_paper.thy	642	false	5196948	0	true
pss_paper.p_7_1_lessBT_linord(3)	pss_paper	pss_paper.p_7_1_lessBT_linord	3	467646	isabelle/pss_paper.thy	642	false	5196948	0	true
pss_paper.GBT_GBP_graph.intros(1)	pss_paper	pss_paper.GBT_GBP_graph.intros	1	467670	isabelle/pss_paper.thy	650	true	5197024	0	true
pss_paper.GBT_GBP_graph.intros(2)	pss_paper	pss_paper.GBT_GBP_graph.intros	2	467672	isabelle/pss_paper.thy	650	true	5197024	0	true
pss_paper.GBT_GBP_graph.cases	pss_paper	pss_paper.GBT_GBP_graph.cases	0	467674	isabelle/pss_paper.thy	650	true	5197024	0	true
pss_paper.GBT_GBP_graph.induct	pss_paper	pss_paper.GBT_GBP_graph.induct	0	467676	isabelle/pss_paper.thy	650	true	5197024	0	true
pss_paper.GBT_GBP_graph.simps	pss_paper	pss_paper.GBT_GBP_graph.simps	0	467678	isabelle/pss_paper.thy	650	true	5197024	0	true
pss_paper.GBT_GBP_graph.inducts	pss_paper	pss_paper.GBT_GBP_graph.inducts	0	467680	isabelle/pss_paper.thy	650	true	5197024	0	true
pss_paper.GBT_GBP_rel.intros(1)	pss_paper	pss_paper.GBT_GBP_rel.intros	1	467706	isabelle/pss_paper.thy	650	true	5197024	0	true
pss_paper.GBT_GBP_rel.intros(2)	pss_paper	pss_paper.GBT_GBP_rel.intros	2	467708	isabelle/pss_paper.thy	650	true	5197024	0	true
pss_paper.GBT_GBP_rel.cases	pss_paper	pss_paper.GBT_GBP_rel.cases	0	467710	isabelle/pss_paper.thy	650	true	5197024	0	true
pss_paper.GBT_GBP_rel.induct	pss_paper	pss_paper.GBT_GBP_rel.induct	0	467712	isabelle/pss_paper.thy	650	true	5197024	0	true
pss_paper.GBT_GBP_rel.simps	pss_paper	pss_paper.GBT_GBP_rel.simps	0	467714	isabelle/pss_paper.thy	650	true	5197024	0	true
pss_paper.GBT_GBP_rel.inducts	pss_paper	pss_paper.GBT_GBP_rel.inducts	0	467716	isabelle/pss_paper.thy	650	true	5197024	0	true
pss_paper.GBT.psimps	pss_paper	pss_paper.GBT.psimps	0	467742	isabelle/pss_paper.thy	650	true	5197024	0	true
pss_paper.GBP.psimps	pss_paper	pss_paper.GBP.psimps	0	467744	isabelle/pss_paper.thy	650	true	5197024	0	true
pss_paper.GBT_GBP.pinduct(1)	pss_paper	pss_paper.GBT_GBP.pinduct	1	467746	isabelle/pss_paper.thy	650	true	5197024	0	true
pss_paper.GBT_GBP.pinduct(2)	pss_paper	pss_paper.GBT_GBP.pinduct	2	467748	isabelle/pss_paper.thy	650	true	5197024	0	true
pss_paper.GBT_GBP.termination	pss_paper	pss_paper.GBT_GBP.termination	0	467750	isabelle/pss_paper.thy	650	true	5197024	0	true
pss_paper.GBT.cases	pss_paper	pss_paper.GBT.cases	0	467752	isabelle/pss_paper.thy	650	false	5197024	0	true
pss_paper.GBP.cases	pss_paper	pss_paper.GBP.cases	0	467754	isabelle/pss_paper.thy	650	false	5197024	0	true
pss_paper.GBT.pelims	pss_paper	pss_paper.GBT.pelims	0	467756	isabelle/pss_paper.thy	650	false	5197024	0	true
pss_paper.GBP.pelims	pss_paper	pss_paper.GBP.pelims	0	467758	isabelle/pss_paper.thy	650	false	5197024	0	true
pss_paper.GBT.simps	pss_paper	pss_paper.GBT.simps	0	467766	isabelle/pss_paper.thy	650	false	5197024	0	true
pss_paper.GBP.simps	pss_paper	pss_paper.GBP.simps	0	467768	isabelle/pss_paper.thy	650	false	5197024	0	true
pss_paper.GBT_GBP.induct(1)	pss_paper	pss_paper.GBT_GBP.induct	1	467774	isabelle/pss_paper.thy	650	false	5197024	0	true
pss_paper.GBT_GBP.induct(2)	pss_paper	pss_paper.GBT_GBP.induct	2	467776	isabelle/pss_paper.thy	650	false	5197024	0	true
pss_paper.GBT.elims	pss_paper	pss_paper.GBT.elims	0	467778	isabelle/pss_paper.thy	650	false	5197024	0	true
pss_paper.GBP.elims	pss_paper	pss_paper.GBP.elims	0	467780	isabelle/pss_paper.thy	650	false	5197024	0	true
pss_paper.addBT_graph.intros	pss_paper	pss_paper.addBT_graph.intros	0	467800	isabelle/pss_paper.thy	656	true	5198588	0	true
pss_paper.addBT_graph.cases	pss_paper	pss_paper.addBT_graph.cases	0	467802	isabelle/pss_paper.thy	656	true	5198588	0	true
pss_paper.addBT_graph.induct	pss_paper	pss_paper.addBT_graph.induct	0	467804	isabelle/pss_paper.thy	656	true	5198588	0	true
pss_paper.addBT_graph.simps	pss_paper	pss_paper.addBT_graph.simps	0	467806	isabelle/pss_paper.thy	656	true	5198588	0	true
pss_paper.addBT_graph.inducts	pss_paper	pss_paper.addBT_graph.inducts	0	467808	isabelle/pss_paper.thy	656	true	5198588	0	true
pss_paper.addBT_rel.cases	pss_paper	pss_paper.addBT_rel.cases	0	467826	isabelle/pss_paper.thy	656	true	5198588	0	true
pss_paper.addBT_rel.induct	pss_paper	pss_paper.addBT_rel.induct	0	467828	isabelle/pss_paper.thy	656	true	5198588	0	true
pss_paper.addBT_rel.simps	pss_paper	pss_paper.addBT_rel.simps	0	467830	isabelle/pss_paper.thy	656	true	5198588	0	true
pss_paper.addBT_rel.inducts	pss_paper	pss_paper.addBT_rel.inducts	0	467832	isabelle/pss_paper.thy	656	true	5198588	0	true
pss_paper.addBT.psimps	pss_paper	pss_paper.addBT.psimps	0	467846	isabelle/pss_paper.thy	656	true	5198588	0	true
pss_paper.addBT.pinduct	pss_paper	pss_paper.addBT.pinduct	0	467848	isabelle/pss_paper.thy	656	true	5198588	0	true
pss_paper.addBT.termination	pss_paper	pss_paper.addBT.termination	0	467850	isabelle/pss_paper.thy	656	true	5198588	0	true
pss_paper.addBT.cases	pss_paper	pss_paper.addBT.cases	0	467852	isabelle/pss_paper.thy	656	false	5198588	0	true
pss_paper.addBT.pelims	pss_paper	pss_paper.addBT.pelims	0	467854	isabelle/pss_paper.thy	656	false	5198588	0	true
pss_paper.addBT.simps	pss_paper	pss_paper.addBT.simps	0	467860	isabelle/pss_paper.thy	656	false	5198588	0	true
pss_paper.addBT.induct	pss_paper	pss_paper.addBT.induct	0	467864	isabelle/pss_paper.thy	656	false	5198588	0	true
pss_paper.addBT.elims	pss_paper	pss_paper.addBT.elims	0	467866	isabelle/pss_paper.thy	656	false	5198588	0	true
pss_paper.multBT_graph.intros(1)	pss_paper	pss_paper.multBT_graph.intros	1	467890	isabelle/pss_paper.thy	659	true	5199224	0	true
pss_paper.multBT_graph.intros(2)	pss_paper	pss_paper.multBT_graph.intros	2	467892	isabelle/pss_paper.thy	659	true	5199224	0	true
pss_paper.multBT_graph.cases	pss_paper	pss_paper.multBT_graph.cases	0	467894	isabelle/pss_paper.thy	659	true	5199224	0	true
pss_paper.multBT_graph.induct	pss_paper	pss_paper.multBT_graph.induct	0	467896	isabelle/pss_paper.thy	659	true	5199224	0	true
pss_paper.multBT_graph.simps	pss_paper	pss_paper.multBT_graph.simps	0	467898	isabelle/pss_paper.thy	659	true	5199224	0	true
pss_paper.multBT_graph.inducts	pss_paper	pss_paper.multBT_graph.inducts	0	467900	isabelle/pss_paper.thy	659	true	5199224	0	true
pss_paper.multBT_rel.intros	pss_paper	pss_paper.multBT_rel.intros	0	467922	isabelle/pss_paper.thy	659	true	5199224	0	true
pss_paper.multBT_rel.cases	pss_paper	pss_paper.multBT_rel.cases	0	467924	isabelle/pss_paper.thy	659	true	5199224	0	true
pss_paper.multBT_rel.induct	pss_paper	pss_paper.multBT_rel.induct	0	467926	isabelle/pss_paper.thy	659	true	5199224	0	true
pss_paper.multBT_rel.simps	pss_paper	pss_paper.multBT_rel.simps	0	467928	isabelle/pss_paper.thy	659	true	5199224	0	true
pss_paper.multBT_rel.inducts	pss_paper	pss_paper.multBT_rel.inducts	0	467930	isabelle/pss_paper.thy	659	true	5199224	0	true
pss_paper.multBT.psimps(1)	pss_paper	pss_paper.multBT.psimps	1	467950	isabelle/pss_paper.thy	659	true	5199224	0	true
pss_paper.multBT.psimps(2)	pss_paper	pss_paper.multBT.psimps	2	467952	isabelle/pss_paper.thy	659	true	5199224	0	true
pss_paper.multBT.pinduct	pss_paper	pss_paper.multBT.pinduct	0	467954	isabelle/pss_paper.thy	659	true	5199224	0	true
pss_paper.multBT.termination	pss_paper	pss_paper.multBT.termination	0	467956	isabelle/pss_paper.thy	659	true	5199224	0	true
pss_paper.multBT.cases	pss_paper	pss_paper.multBT.cases	0	467958	isabelle/pss_paper.thy	659	false	5199224	0	true
pss_paper.multBT.pelims	pss_paper	pss_paper.multBT.pelims	0	467960	isabelle/pss_paper.thy	659	false	5199224	0	true
pss_paper.multBT.simps(1)	pss_paper	pss_paper.multBT.simps	1	467968	isabelle/pss_paper.thy	659	false	5199224	0	true
pss_paper.multBT.simps(2)	pss_paper	pss_paper.multBT.simps	2	467970	isabelle/pss_paper.thy	659	false	5199224	0	true
pss_paper.multBT.induct	pss_paper	pss_paper.multBT.induct	0	467976	isabelle/pss_paper.thy	659	false	5199224	0	true
pss_paper.multBT.elims	pss_paper	pss_paper.multBT.elims	0	467978	isabelle/pss_paper.thy	659	false	5199224	0	true
pss_paper.TBv_def	pss_paper	pss_paper.TBv_def	0	467984	isabelle/pss_paper.thy	666	false	5200128	0	false
pss_paper.dfree_BT_dfree_BP_graph.intros(1)	pss_paper	pss_paper.dfree_BT_dfree_BP_graph.intros	1	468010	isabelle/pss_paper.thy	671	true	5200282	0	true
pss_paper.dfree_BT_dfree_BP_graph.intros(2)	pss_paper	pss_paper.dfree_BT_dfree_BP_graph.intros	2	468012	isabelle/pss_paper.thy	671	true	5200282	0	true
pss_paper.dfree_BT_dfree_BP_graph.cases	pss_paper	pss_paper.dfree_BT_dfree_BP_graph.cases	0	468014	isabelle/pss_paper.thy	671	true	5200282	0	true
pss_paper.dfree_BT_dfree_BP_graph.induct	pss_paper	pss_paper.dfree_BT_dfree_BP_graph.induct	0	468016	isabelle/pss_paper.thy	671	true	5200282	0	true
pss_paper.dfree_BT_dfree_BP_graph.simps	pss_paper	pss_paper.dfree_BT_dfree_BP_graph.simps	0	468018	isabelle/pss_paper.thy	671	true	5200282	0	true
pss_paper.dfree_BT_dfree_BP_graph.inducts	pss_paper	pss_paper.dfree_BT_dfree_BP_graph.inducts	0	468020	isabelle/pss_paper.thy	671	true	5200282	0	true
pss_paper.dfree_BT_dfree_BP_rel.intros(1)	pss_paper	pss_paper.dfree_BT_dfree_BP_rel.intros	1	468046	isabelle/pss_paper.thy	671	true	5200282	0	true
pss_paper.dfree_BT_dfree_BP_rel.intros(2)	pss_paper	pss_paper.dfree_BT_dfree_BP_rel.intros	2	468048	isabelle/pss_paper.thy	671	true	5200282	0	true
pss_paper.dfree_BT_dfree_BP_rel.cases	pss_paper	pss_paper.dfree_BT_dfree_BP_rel.cases	0	468050	isabelle/pss_paper.thy	671	true	5200282	0	true
pss_paper.dfree_BT_dfree_BP_rel.induct	pss_paper	pss_paper.dfree_BT_dfree_BP_rel.induct	0	468052	isabelle/pss_paper.thy	671	true	5200282	0	true
pss_paper.dfree_BT_dfree_BP_rel.simps	pss_paper	pss_paper.dfree_BT_dfree_BP_rel.simps	0	468054	isabelle/pss_paper.thy	671	true	5200282	0	true
pss_paper.dfree_BT_dfree_BP_rel.inducts	pss_paper	pss_paper.dfree_BT_dfree_BP_rel.inducts	0	468056	isabelle/pss_paper.thy	671	true	5200282	0	true
pss_paper.dfree_BT.psimps	pss_paper	pss_paper.dfree_BT.psimps	0	468078	isabelle/pss_paper.thy	671	true	5200282	0	true
pss_paper.dfree_BP.psimps	pss_paper	pss_paper.dfree_BP.psimps	0	468080	isabelle/pss_paper.thy	671	true	5200282	0	true
pss_paper.dfree_BT_dfree_BP.pinduct(1)	pss_paper	pss_paper.dfree_BT_dfree_BP.pinduct	1	468082	isabelle/pss_paper.thy	671	true	5200282	0	true
pss_paper.dfree_BT_dfree_BP.pinduct(2)	pss_paper	pss_paper.dfree_BT_dfree_BP.pinduct	2	468084	isabelle/pss_paper.thy	671	true	5200282	0	true
pss_paper.dfree_BT_dfree_BP.termination	pss_paper	pss_paper.dfree_BT_dfree_BP.termination	0	468086	isabelle/pss_paper.thy	671	true	5200282	0	true
pss_paper.dfree_BT.cases	pss_paper	pss_paper.dfree_BT.cases	0	468088	isabelle/pss_paper.thy	671	false	5200282	0	true
pss_paper.dfree_BP.cases	pss_paper	pss_paper.dfree_BP.cases	0	468090	isabelle/pss_paper.thy	671	false	5200282	0	true
pss_paper.dfree_BT.pelims(1)	pss_paper	pss_paper.dfree_BT.pelims	1	468092	isabelle/pss_paper.thy	671	false	5200282	0	true
pss_paper.dfree_BT.pelims(2)	pss_paper	pss_paper.dfree_BT.pelims	2	468094	isabelle/pss_paper.thy	671	false	5200282	0	true
pss_paper.dfree_BT.pelims(3)	pss_paper	pss_paper.dfree_BT.pelims	3	468096	isabelle/pss_paper.thy	671	false	5200282	0	true
pss_paper.dfree_BP.pelims(1)	pss_paper	pss_paper.dfree_BP.pelims	1	468098	isabelle/pss_paper.thy	671	false	5200282	0	true
pss_paper.dfree_BP.pelims(2)	pss_paper	pss_paper.dfree_BP.pelims	2	468100	isabelle/pss_paper.thy	671	false	5200282	0	true
pss_paper.dfree_BP.pelims(3)	pss_paper	pss_paper.dfree_BP.pelims	3	468102	isabelle/pss_paper.thy	671	false	5200282	0	true
pss_paper.dfree_BT.simps	pss_paper	pss_paper.dfree_BT.simps	0	468110	isabelle/pss_paper.thy	671	false	5200282	0	true
pss_paper.dfree_BP.simps	pss_paper	pss_paper.dfree_BP.simps	0	468112	isabelle/pss_paper.thy	671	false	5200282	0	true
pss_paper.dfree_BT_dfree_BP.induct(1)	pss_paper	pss_paper.dfree_BT_dfree_BP.induct	1	468118	isabelle/pss_paper.thy	671	false	5200282	0	true
pss_paper.dfree_BT_dfree_BP.induct(2)	pss_paper	pss_paper.dfree_BT_dfree_BP.induct	2	468120	isabelle/pss_paper.thy	671	false	5200282	0	true
pss_paper.dfree_BT.elims(1)	pss_paper	pss_paper.dfree_BT.elims	1	468122	isabelle/pss_paper.thy	671	false	5200282	0	true
pss_paper.dfree_BT.elims(2)	pss_paper	pss_paper.dfree_BT.elims	2	468124	isabelle/pss_paper.thy	671	false	5200282	0	true
pss_paper.dfree_BT.elims(3)	pss_paper	pss_paper.dfree_BT.elims	3	468126	isabelle/pss_paper.thy	671	false	5200282	0	true
pss_paper.dfree_BP.elims(1)	pss_paper	pss_paper.dfree_BP.elims	1	468128	isabelle/pss_paper.thy	671	false	5200282	0	true
pss_paper.dfree_BP.elims(2)	pss_paper	pss_paper.dfree_BP.elims	2	468130	isabelle/pss_paper.thy	671	false	5200282	0	true
pss_paper.dfree_BP.elims(3)	pss_paper	pss_paper.dfree_BP.elims	3	468132	isabelle/pss_paper.thy	671	false	5200282	0	true
pss_paper.T_B_def	pss_paper	pss_paper.T_B_def	0	468138	isabelle/pss_paper.thy	675	false	5201548	0	false
pss_paper.descP_graph.intros(1)	pss_paper	pss_paper.descP_graph.intros	1	468168	isabelle/pss_paper.thy	683	true	5201622	0	true
pss_paper.descP_graph.intros(2)	pss_paper	pss_paper.descP_graph.intros	2	468170	isabelle/pss_paper.thy	683	true	5201622	0	true
pss_paper.descP_graph.intros(3)	pss_paper	pss_paper.descP_graph.intros	3	468172	isabelle/pss_paper.thy	683	true	5201622	0	true
pss_paper.descP_graph.cases	pss_paper	pss_paper.descP_graph.cases	0	468174	isabelle/pss_paper.thy	683	true	5201622	0	true
pss_paper.descP_graph.induct	pss_paper	pss_paper.descP_graph.induct	0	468176	isabelle/pss_paper.thy	683	true	5201622	0	true
pss_paper.descP_graph.simps	pss_paper	pss_paper.descP_graph.simps	0	468178	isabelle/pss_paper.thy	683	true	5201622	0	true
pss_paper.descP_graph.inducts	pss_paper	pss_paper.descP_graph.inducts	0	468180	isabelle/pss_paper.thy	683	true	5201622	0	true
pss_paper.descP_rel.intros	pss_paper	pss_paper.descP_rel.intros	0	468202	isabelle/pss_paper.thy	683	true	5201622	0	true
pss_paper.descP_rel.cases	pss_paper	pss_paper.descP_rel.cases	0	468204	isabelle/pss_paper.thy	683	true	5201622	0	true
pss_paper.descP_rel.induct	pss_paper	pss_paper.descP_rel.induct	0	468206	isabelle/pss_paper.thy	683	true	5201622	0	true
pss_paper.descP_rel.simps	pss_paper	pss_paper.descP_rel.simps	0	468208	isabelle/pss_paper.thy	683	true	5201622	0	true
pss_paper.descP_rel.inducts	pss_paper	pss_paper.descP_rel.inducts	0	468210	isabelle/pss_paper.thy	683	true	5201622	0	true
pss_paper.descP.psimps(1)	pss_paper	pss_paper.descP.psimps	1	468236	isabelle/pss_paper.thy	683	true	5201622	0	true
pss_paper.descP.psimps(2)	pss_paper	pss_paper.descP.psimps	2	468238	isabelle/pss_paper.thy	683	true	5201622	0	true
pss_paper.descP.psimps(3)	pss_paper	pss_paper.descP.psimps	3	468240	isabelle/pss_paper.thy	683	true	5201622	0	true
pss_paper.descP.pinduct	pss_paper	pss_paper.descP.pinduct	0	468242	isabelle/pss_paper.thy	683	true	5201622	0	true
pss_paper.descP.termination	pss_paper	pss_paper.descP.termination	0	468244	isabelle/pss_paper.thy	683	true	5201622	0	true
pss_paper.descP.cases	pss_paper	pss_paper.descP.cases	0	468246	isabelle/pss_paper.thy	683	false	5201622	0	true
pss_paper.descP.pelims(1)	pss_paper	pss_paper.descP.pelims	1	468248	isabelle/pss_paper.thy	683	false	5201622	0	true
pss_paper.descP.pelims(2)	pss_paper	pss_paper.descP.pelims	2	468250	isabelle/pss_paper.thy	683	false	5201622	0	true
pss_paper.descP.pelims(3)	pss_paper	pss_paper.descP.pelims	3	468252	isabelle/pss_paper.thy	683	false	5201622	0	true
pss_paper.descP.simps(1)	pss_paper	pss_paper.descP.simps	1	468262	isabelle/pss_paper.thy	683	false	5201622	0	true
pss_paper.descP.simps(2)	pss_paper	pss_paper.descP.simps	2	468264	isabelle/pss_paper.thy	683	false	5201622	0	true
pss_paper.descP.simps(3)	pss_paper	pss_paper.descP.simps	3	468266	isabelle/pss_paper.thy	683	false	5201622	0	true
pss_paper.descP.induct	pss_paper	pss_paper.descP.induct	0	468274	isabelle/pss_paper.thy	683	false	5201622	0	true
pss_paper.descP.elims(1)	pss_paper	pss_paper.descP.elims	1	468276	isabelle/pss_paper.thy	683	false	5201622	0	true
pss_paper.descP.elims(2)	pss_paper	pss_paper.descP.elims	2	468278	isabelle/pss_paper.thy	683	false	5201622	0	true
pss_paper.descP.elims(3)	pss_paper	pss_paper.descP.elims	3	468280	isabelle/pss_paper.thy	683	false	5201622	0	true
pss_paper.isOT_BT_isOT_BP_graph.intros(1)	pss_paper	pss_paper.isOT_BT_isOT_BP_graph.intros	1	468304	isabelle/pss_paper.thy	688	true	5202694	0	true
pss_paper.isOT_BT_isOT_BP_graph.intros(2)	pss_paper	pss_paper.isOT_BT_isOT_BP_graph.intros	2	468306	isabelle/pss_paper.thy	688	true	5202694	0	true
pss_paper.isOT_BT_isOT_BP_graph.cases	pss_paper	pss_paper.isOT_BT_isOT_BP_graph.cases	0	468308	isabelle/pss_paper.thy	688	true	5202694	0	true
pss_paper.isOT_BT_isOT_BP_graph.induct	pss_paper	pss_paper.isOT_BT_isOT_BP_graph.induct	0	468310	isabelle/pss_paper.thy	688	true	5202694	0	true
pss_paper.isOT_BT_isOT_BP_graph.simps	pss_paper	pss_paper.isOT_BT_isOT_BP_graph.simps	0	468312	isabelle/pss_paper.thy	688	true	5202694	0	true
pss_paper.isOT_BT_isOT_BP_graph.inducts	pss_paper	pss_paper.isOT_BT_isOT_BP_graph.inducts	0	468314	isabelle/pss_paper.thy	688	true	5202694	0	true
pss_paper.isOT_BT_isOT_BP_rel.intros(1)	pss_paper	pss_paper.isOT_BT_isOT_BP_rel.intros	1	468340	isabelle/pss_paper.thy	688	true	5202694	0	true
pss_paper.isOT_BT_isOT_BP_rel.intros(2)	pss_paper	pss_paper.isOT_BT_isOT_BP_rel.intros	2	468342	isabelle/pss_paper.thy	688	true	5202694	0	true
pss_paper.isOT_BT_isOT_BP_rel.cases	pss_paper	pss_paper.isOT_BT_isOT_BP_rel.cases	0	468344	isabelle/pss_paper.thy	688	true	5202694	0	true
pss_paper.isOT_BT_isOT_BP_rel.induct	pss_paper	pss_paper.isOT_BT_isOT_BP_rel.induct	0	468346	isabelle/pss_paper.thy	688	true	5202694	0	true
pss_paper.isOT_BT_isOT_BP_rel.simps	pss_paper	pss_paper.isOT_BT_isOT_BP_rel.simps	0	468348	isabelle/pss_paper.thy	688	true	5202694	0	true
pss_paper.isOT_BT_isOT_BP_rel.inducts	pss_paper	pss_paper.isOT_BT_isOT_BP_rel.inducts	0	468350	isabelle/pss_paper.thy	688	true	5202694	0	true
pss_paper.isOT_BT.psimps	pss_paper	pss_paper.isOT_BT.psimps	0	468372	isabelle/pss_paper.thy	688	true	5202694	0	true
pss_paper.isOT_BP.psimps	pss_paper	pss_paper.isOT_BP.psimps	0	468374	isabelle/pss_paper.thy	688	true	5202694	0	true
pss_paper.isOT_BT_isOT_BP.pinduct(1)	pss_paper	pss_paper.isOT_BT_isOT_BP.pinduct	1	468376	isabelle/pss_paper.thy	688	true	5202694	0	true
pss_paper.isOT_BT_isOT_BP.pinduct(2)	pss_paper	pss_paper.isOT_BT_isOT_BP.pinduct	2	468378	isabelle/pss_paper.thy	688	true	5202694	0	true
pss_paper.isOT_BT_isOT_BP.termination	pss_paper	pss_paper.isOT_BT_isOT_BP.termination	0	468380	isabelle/pss_paper.thy	688	true	5202694	0	true
pss_paper.isOT_BT.cases	pss_paper	pss_paper.isOT_BT.cases	0	468382	isabelle/pss_paper.thy	688	false	5202694	0	true
pss_paper.isOT_BP.cases	pss_paper	pss_paper.isOT_BP.cases	0	468384	isabelle/pss_paper.thy	688	false	5202694	0	true
pss_paper.isOT_BT.pelims(1)	pss_paper	pss_paper.isOT_BT.pelims	1	468386	isabelle/pss_paper.thy	688	false	5202694	0	true
pss_paper.isOT_BT.pelims(2)	pss_paper	pss_paper.isOT_BT.pelims	2	468388	isabelle/pss_paper.thy	688	false	5202694	0	true
pss_paper.isOT_BT.pelims(3)	pss_paper	pss_paper.isOT_BT.pelims	3	468390	isabelle/pss_paper.thy	688	false	5202694	0	true
pss_paper.isOT_BP.pelims(1)	pss_paper	pss_paper.isOT_BP.pelims	1	468392	isabelle/pss_paper.thy	688	false	5202694	0	true
pss_paper.isOT_BP.pelims(2)	pss_paper	pss_paper.isOT_BP.pelims	2	468394	isabelle/pss_paper.thy	688	false	5202694	0	true
pss_paper.isOT_BP.pelims(3)	pss_paper	pss_paper.isOT_BP.pelims	3	468396	isabelle/pss_paper.thy	688	false	5202694	0	true
pss_paper.isOT_BT.simps	pss_paper	pss_paper.isOT_BT.simps	0	468404	isabelle/pss_paper.thy	688	false	5202694	0	true
pss_paper.isOT_BP.simps	pss_paper	pss_paper.isOT_BP.simps	0	468406	isabelle/pss_paper.thy	688	false	5202694	0	true
pss_paper.isOT_BT_isOT_BP.induct(1)	pss_paper	pss_paper.isOT_BT_isOT_BP.induct	1	468412	isabelle/pss_paper.thy	688	false	5202694	0	true
pss_paper.isOT_BT_isOT_BP.induct(2)	pss_paper	pss_paper.isOT_BT_isOT_BP.induct	2	468414	isabelle/pss_paper.thy	688	false	5202694	0	true
pss_paper.isOT_BT.elims(1)	pss_paper	pss_paper.isOT_BT.elims	1	468416	isabelle/pss_paper.thy	688	false	5202694	0	true
pss_paper.isOT_BT.elims(2)	pss_paper	pss_paper.isOT_BT.elims	2	468418	isabelle/pss_paper.thy	688	false	5202694	0	true
pss_paper.isOT_BT.elims(3)	pss_paper	pss_paper.isOT_BT.elims	3	468420	isabelle/pss_paper.thy	688	false	5202694	0	true
pss_paper.isOT_BP.elims(1)	pss_paper	pss_paper.isOT_BP.elims	1	468422	isabelle/pss_paper.thy	688	false	5202694	0	true
pss_paper.isOT_BP.elims(2)	pss_paper	pss_paper.isOT_BP.elims	2	468424	isabelle/pss_paper.thy	688	false	5202694	0	true
pss_paper.isOT_BP.elims(3)	pss_paper	pss_paper.isOT_BP.elims	3	468426	isabelle/pss_paper.thy	688	false	5202694	0	true
pss_paper.OT_def	pss_paper	pss_paper.OT_def	0	468432	isabelle/pss_paper.thy	692	false	5204044	0	false
pss_paper.OT_B_def	pss_paper	pss_paper.OT_B_def	0	468440	isabelle/pss_paper.thy	699	false	5204118	0	false
pss_paper.numBT_def	pss_paper	pss_paper.numBT_def	0	468448	isabelle/pss_paper.thy	712	false	5204254	0	false
pss_paper.numNat_def	pss_paper	pss_paper.numNat_def	0	468456	isabelle/pss_paper.thy	715	false	5204310	0	false
pss_paper.NatSet_def	pss_paper	pss_paper.NatSet_def	0	468464	isabelle/pss_paper.thy	718	false	5204376	0	false
pss_paper.tbvIdx_def	pss_paper	pss_paper.tbvIdx_def	0	468472	isabelle/pss_paper.thy	723	false	5204440	0	false
pss_paper.domB_operB_xseq_graph.intros(1)	pss_paper	pss_paper.domB_operB_xseq_graph.intros	1	468502	isabelle/pss_paper.thy	742	true	5204530	0	true
pss_paper.domB_operB_xseq_graph.intros(2)	pss_paper	pss_paper.domB_operB_xseq_graph.intros	2	468504	isabelle/pss_paper.thy	742	true	5204530	0	true
pss_paper.domB_operB_xseq_graph.intros(3)	pss_paper	pss_paper.domB_operB_xseq_graph.intros	3	468506	isabelle/pss_paper.thy	742	true	5204530	0	true
pss_paper.domB_operB_xseq_graph.cases	pss_paper	pss_paper.domB_operB_xseq_graph.cases	0	468508	isabelle/pss_paper.thy	742	true	5204530	0	true
pss_paper.domB_operB_xseq_graph.induct	pss_paper	pss_paper.domB_operB_xseq_graph.induct	0	468510	isabelle/pss_paper.thy	742	true	5204530	0	true
pss_paper.domB_operB_xseq_graph.simps	pss_paper	pss_paper.domB_operB_xseq_graph.simps	0	468512	isabelle/pss_paper.thy	742	true	5204530	0	true
pss_paper.domB_operB_xseq_graph.inducts	pss_paper	pss_paper.domB_operB_xseq_graph.inducts	0	468514	isabelle/pss_paper.thy	742	true	5204530	0	true
pss_paper.domB_operB_xseq_rel.intros(1)	pss_paper	pss_paper.domB_operB_xseq_rel.intros	1	468572	isabelle/pss_paper.thy	742	true	5204530	0	true
pss_paper.domB_operB_xseq_rel.intros(2)	pss_paper	pss_paper.domB_operB_xseq_rel.intros	2	468574	isabelle/pss_paper.thy	742	true	5204530	0	true
pss_paper.domB_operB_xseq_rel.intros(3)	pss_paper	pss_paper.domB_operB_xseq_rel.intros	3	468576	isabelle/pss_paper.thy	742	true	5204530	0	true
pss_paper.domB_operB_xseq_rel.intros(4)	pss_paper	pss_paper.domB_operB_xseq_rel.intros	4	468578	isabelle/pss_paper.thy	742	true	5204530	0	true
pss_paper.domB_operB_xseq_rel.intros(5)	pss_paper	pss_paper.domB_operB_xseq_rel.intros	5	468580	isabelle/pss_paper.thy	742	true	5204530	0	true
pss_paper.domB_operB_xseq_rel.intros(6)	pss_paper	pss_paper.domB_operB_xseq_rel.intros	6	468582	isabelle/pss_paper.thy	742	true	5204530	0	true
pss_paper.domB_operB_xseq_rel.intros(7)	pss_paper	pss_paper.domB_operB_xseq_rel.intros	7	468584	isabelle/pss_paper.thy	742	true	5204530	0	true
pss_paper.domB_operB_xseq_rel.intros(8)	pss_paper	pss_paper.domB_operB_xseq_rel.intros	8	468586	isabelle/pss_paper.thy	742	true	5204530	0	true
pss_paper.domB_operB_xseq_rel.intros(9)	pss_paper	pss_paper.domB_operB_xseq_rel.intros	9	468588	isabelle/pss_paper.thy	742	true	5204530	0	true
pss_paper.domB_operB_xseq_rel.intros(10)	pss_paper	pss_paper.domB_operB_xseq_rel.intros	10	468590	isabelle/pss_paper.thy	742	true	5204530	0	true
pss_paper.domB_operB_xseq_rel.cases	pss_paper	pss_paper.domB_operB_xseq_rel.cases	0	468592	isabelle/pss_paper.thy	742	true	5204530	0	true
pss_paper.domB_operB_xseq_rel.induct	pss_paper	pss_paper.domB_operB_xseq_rel.induct	0	468594	isabelle/pss_paper.thy	742	true	5204530	0	true
pss_paper.domB_operB_xseq_rel.simps	pss_paper	pss_paper.domB_operB_xseq_rel.simps	0	468596	isabelle/pss_paper.thy	742	true	5204530	0	true
pss_paper.domB_operB_xseq_rel.inducts	pss_paper	pss_paper.domB_operB_xseq_rel.inducts	0	468598	isabelle/pss_paper.thy	742	true	5204530	0	true
pss_paper.domB.psimps	pss_paper	pss_paper.domB.psimps	0	468700	isabelle/pss_paper.thy	742	false	5204530	0	true
pss_paper.operB.psimps	pss_paper	pss_paper.operB.psimps	0	468702	isabelle/pss_paper.thy	742	false	5204530	0	true
pss_paper.xseq.psimps	pss_paper	pss_paper.xseq.psimps	0	468704	isabelle/pss_paper.thy	742	false	5204530	0	true
pss_paper.domB_operB_xseq.pinduct(1)	pss_paper	pss_paper.domB_operB_xseq.pinduct	1	468706	isabelle/pss_paper.thy	742	false	5204530	0	true
pss_paper.domB_operB_xseq.pinduct(2)	pss_paper	pss_paper.domB_operB_xseq.pinduct	2	468708	isabelle/pss_paper.thy	742	false	5204530	0	true
pss_paper.domB_operB_xseq.pinduct(3)	pss_paper	pss_paper.domB_operB_xseq.pinduct	3	468710	isabelle/pss_paper.thy	742	false	5204530	0	true
pss_paper.domB_operB_xseq.termination	pss_paper	pss_paper.domB_operB_xseq.termination	0	468712	isabelle/pss_paper.thy	742	true	5204530	0	true
pss_paper.domB.cases	pss_paper	pss_paper.domB.cases	0	468714	isabelle/pss_paper.thy	742	false	5204530	0	true
pss_paper.operB.cases	pss_paper	pss_paper.operB.cases	0	468716	isabelle/pss_paper.thy	742	false	5204530	0	true
pss_paper.xseq.cases	pss_paper	pss_paper.xseq.cases	0	468718	isabelle/pss_paper.thy	742	false	5204530	0	true
pss_paper.domB.pelims	pss_paper	pss_paper.domB.pelims	0	468720	isabelle/pss_paper.thy	742	false	5204530	0	true
pss_paper.operB.pelims	pss_paper	pss_paper.operB.pelims	0	468722	isabelle/pss_paper.thy	742	false	5204530	0	true
pss_paper.xseq.pelims	pss_paper	pss_paper.xseq.pelims	0	468724	isabelle/pss_paper.thy	742	false	5204530	0	true
pss_paper.domB_operB_xseq.domintros(1)	pss_paper	pss_paper.domB_operB_xseq.domintros	1	468726	isabelle/pss_paper.thy	742	false	5204530	0	true
pss_paper.domB_operB_xseq.domintros(2)	pss_paper	pss_paper.domB_operB_xseq.domintros	2	468728	isabelle/pss_paper.thy	742	false	5204530	0	true
pss_paper.domB_operB_xseq.domintros(3)	pss_paper	pss_paper.domB_operB_xseq.domintros	3	468730	isabelle/pss_paper.thy	742	false	5204530	0	true
pss_paper.untrm_graph.intros	pss_paper	pss_paper.untrm_graph.intros	0	468750	isabelle/pss_paper.thy	790	true	5223326	0	true
pss_paper.untrm_graph.cases	pss_paper	pss_paper.untrm_graph.cases	0	468752	isabelle/pss_paper.thy	790	true	5223326	0	true
pss_paper.untrm_graph.induct	pss_paper	pss_paper.untrm_graph.induct	0	468754	isabelle/pss_paper.thy	790	true	5223326	0	true
pss_paper.untrm_graph.simps	pss_paper	pss_paper.untrm_graph.simps	0	468756	isabelle/pss_paper.thy	790	true	5223326	0	true
pss_paper.untrm_graph.inducts	pss_paper	pss_paper.untrm_graph.inducts	0	468758	isabelle/pss_paper.thy	790	true	5223326	0	true
pss_paper.untrm_rel.cases	pss_paper	pss_paper.untrm_rel.cases	0	468776	isabelle/pss_paper.thy	790	true	5223326	0	true
pss_paper.untrm_rel.induct	pss_paper	pss_paper.untrm_rel.induct	0	468778	isabelle/pss_paper.thy	790	true	5223326	0	true
pss_paper.untrm_rel.simps	pss_paper	pss_paper.untrm_rel.simps	0	468780	isabelle/pss_paper.thy	790	true	5223326	0	true
pss_paper.untrm_rel.inducts	pss_paper	pss_paper.untrm_rel.inducts	0	468782	isabelle/pss_paper.thy	790	true	5223326	0	true
pss_paper.untrm.psimps	pss_paper	pss_paper.untrm.psimps	0	468796	isabelle/pss_paper.thy	790	true	5223326	0	true
pss_paper.untrm.pinduct	pss_paper	pss_paper.untrm.pinduct	0	468798	isabelle/pss_paper.thy	790	true	5223326	0	true
pss_paper.untrm.termination	pss_paper	pss_paper.untrm.termination	0	468800	isabelle/pss_paper.thy	790	true	5223326	0	true
pss_paper.untrm.cases	pss_paper	pss_paper.untrm.cases	0	468802	isabelle/pss_paper.thy	790	false	5223326	0	true
pss_paper.untrm.pelims	pss_paper	pss_paper.untrm.pelims	0	468804	isabelle/pss_paper.thy	790	false	5223326	0	true
pss_paper.untrm.simps	pss_paper	pss_paper.untrm.simps	0	468810	isabelle/pss_paper.thy	790	false	5223326	0	true
pss_paper.untrm.induct	pss_paper	pss_paper.untrm.induct	0	468814	isabelle/pss_paper.thy	790	false	5223326	0	true
pss_paper.untrm.elims	pss_paper	pss_paper.untrm.elims	0	468816	isabelle/pss_paper.thy	790	false	5223326	0	true
pss_paper.PB_def	pss_paper	pss_paper.PB_def	0	468822	isabelle/pss_paper.thy	793	false	5223846	0	false
pss_paper.SigmaB_def	pss_paper	pss_paper.SigmaB_def	0	468830	isabelle/pss_paper.thy	796	false	5223924	0	false
pss_paper.p_7_1_term_components	pss_paper	pss_paper.p_7_1_term_components	0	468840	isabelle/pss_paper.thy	802	false	5223996	0	true
pss_paper.buc1_2_2_OT_B_wf	pss_paper	pss_paper.buc1_2_2_OT_B_wf	0	468848	isabelle/pss_paper.thy	817	false	5224054	0	true
pss_paper.buc1_3_2a_fseq_lt	pss_paper	pss_paper.buc1_3_2a_fseq_lt	0	468856	isabelle/pss_paper.thy	822	false	5224090	0	true
pss_paper.buc1_3_2_OT_B_closed	pss_paper	pss_paper.buc1_3_2_OT_B_closed	0	468862	isabelle/pss_paper.thy	828	false	5224140	0	true
pss_paper.arity_type_Sym_pre_Sym	pss_paper	pss_paper.arity_type_Sym_pre_Sym	0	468920	isabelle/pss_paper.thy	845	true	5224222	0	false
pss_paper.Sym.Sym_pre_Sym.type_definition_Sym_pre_Sym	pss_paper	pss_paper.Sym.Sym_pre_Sym.type_definition_Sym_pre_Sym	0	468926	isabelle/pss_paper.thy	845	true	5224222	0	false
pss_paper.Sym.Sym_pre_Sym.Rep_Sym_pre_Sym	pss_paper	pss_paper.Sym.Sym_pre_Sym.Rep_Sym_pre_Sym	0	468928	isabelle/pss_paper.thy	845	true	5224222	0	false
pss_paper.Sym.Sym_pre_Sym.Rep_Sym_pre_Sym_inverse	pss_paper	pss_paper.Sym.Sym_pre_Sym.Rep_Sym_pre_Sym_inverse	0	468930	isabelle/pss_paper.thy	845	true	5224222	0	false
pss_paper.Sym.Sym_pre_Sym.Abs_Sym_pre_Sym_inverse	pss_paper	pss_paper.Sym.Sym_pre_Sym.Abs_Sym_pre_Sym_inverse	0	468932	isabelle/pss_paper.thy	845	true	5224222	0	false
pss_paper.Sym.Sym_pre_Sym.Rep_Sym_pre_Sym_inject	pss_paper	pss_paper.Sym.Sym_pre_Sym.Rep_Sym_pre_Sym_inject	0	468934	isabelle/pss_paper.thy	845	true	5224222	0	false
pss_paper.Sym.Sym_pre_Sym.Abs_Sym_pre_Sym_inject	pss_paper	pss_paper.Sym.Sym_pre_Sym.Abs_Sym_pre_Sym_inject	0	468936	isabelle/pss_paper.thy	845	true	5224222	0	false
pss_paper.Sym.Sym_pre_Sym.Rep_Sym_pre_Sym_cases	pss_paper	pss_paper.Sym.Sym_pre_Sym.Rep_Sym_pre_Sym_cases	0	468938	isabelle/pss_paper.thy	845	true	5224222	0	false
pss_paper.Sym.Sym_pre_Sym.Abs_Sym_pre_Sym_cases	pss_paper	pss_paper.Sym.Sym_pre_Sym.Abs_Sym_pre_Sym_cases	0	468940	isabelle/pss_paper.thy	845	true	5224222	0	false
pss_paper.Sym.Sym_pre_Sym.Rep_Sym_pre_Sym_induct	pss_paper	pss_paper.Sym.Sym_pre_Sym.Rep_Sym_pre_Sym_induct	0	468942	isabelle/pss_paper.thy	845	true	5224222	0	false
pss_paper.Sym.Sym_pre_Sym.Abs_Sym_pre_Sym_induct	pss_paper	pss_paper.Sym.Sym_pre_Sym.Abs_Sym_pre_Sym_induct	0	468944	isabelle/pss_paper.thy	845	true	5224222	0	false
pss_paper.Sym.typerep_Sym_pre_Sym_inst.typerep_Sym_pre_Sym	pss_paper	pss_paper.Sym.typerep_Sym_pre_Sym_inst.typerep_Sym_pre_Sym	0	468946	isabelle/pss_paper.thy	845	true	5224222	0	false
pss_paper.Sym.typerep_Sym_pre_Sym_def	pss_paper	pss_paper.Sym.typerep_Sym_pre_Sym_def	0	468952	isabelle/pss_paper.thy	845	false	5224222	0	false
pss_paper.Sym.arity_typerep_Sym_pre_Sym	pss_paper	pss_paper.Sym.arity_typerep_Sym_pre_Sym	0	468958	isabelle/pss_paper.thy	845	true	5224222	0	false
pss_paper.pre_Sym.Sym.map_pre_Sym_def	pss_paper	pss_paper.pre_Sym.Sym.map_pre_Sym_def	0	469014	isabelle/pss_paper.thy	845	true	5224222	0	false
pss_paper.pre_Sym.Sym.rel_pre_Sym_def	pss_paper	pss_paper.pre_Sym.Sym.rel_pre_Sym_def	0	469016	isabelle/pss_paper.thy	845	true	5224222	0	false
pss_paper.pre_Sym.Sym.set_pre_Sym_def	pss_paper	pss_paper.pre_Sym.Sym.set_pre_Sym_def	0	469018	isabelle/pss_paper.thy	845	true	5224222	0	false
pss_paper.Sym.alg_Sym_def	pss_paper	pss_paper.Sym.alg_Sym_def	0	469044	isabelle/pss_paper.thy	845	true	5224222	0	false
pss_paper.Sym.mor_Sym_def	pss_paper	pss_paper.Sym.mor_Sym_def	0	469054	isabelle/pss_paper.thy	845	true	5224222	0	false
pss_paper.Sym.min_alg_Sym_def	pss_paper	pss_paper.Sym.min_alg_Sym_def	0	469100	isabelle/pss_paper.thy	845	true	5224222	0	false
pss_paper.arity_type_Sym_IITN_Sym	pss_paper	pss_paper.arity_type_Sym_IITN_Sym	0	469120	isabelle/pss_paper.thy	845	true	5224222	0	false
pss_paper.Sym.Sym_IITN_Sym.type_definition_Sym_IITN_Sym	pss_paper	pss_paper.Sym.Sym_IITN_Sym.type_definition_Sym_IITN_Sym	0	469126	isabelle/pss_paper.thy	845	true	5224222	0	false
pss_paper.Sym.Sym_IITN_Sym.Rep_Sym_IITN_Sym	pss_paper	pss_paper.Sym.Sym_IITN_Sym.Rep_Sym_IITN_Sym	0	469128	isabelle/pss_paper.thy	845	true	5224222	0	false
pss_paper.Sym.Sym_IITN_Sym.Rep_Sym_IITN_Sym_inverse	pss_paper	pss_paper.Sym.Sym_IITN_Sym.Rep_Sym_IITN_Sym_inverse	0	469130	isabelle/pss_paper.thy	845	true	5224222	0	false
pss_paper.Sym.Sym_IITN_Sym.Abs_Sym_IITN_Sym_inverse	pss_paper	pss_paper.Sym.Sym_IITN_Sym.Abs_Sym_IITN_Sym_inverse	0	469132	isabelle/pss_paper.thy	845	true	5224222	0	false
pss_paper.Sym.Sym_IITN_Sym.Rep_Sym_IITN_Sym_inject	pss_paper	pss_paper.Sym.Sym_IITN_Sym.Rep_Sym_IITN_Sym_inject	0	469134	isabelle/pss_paper.thy	845	true	5224222	0	false
pss_paper.Sym.Sym_IITN_Sym.Abs_Sym_IITN_Sym_inject	pss_paper	pss_paper.Sym.Sym_IITN_Sym.Abs_Sym_IITN_Sym_inject	0	469136	isabelle/pss_paper.thy	845	true	5224222	0	false
pss_paper.Sym.Sym_IITN_Sym.Rep_Sym_IITN_Sym_cases	pss_paper	pss_paper.Sym.Sym_IITN_Sym.Rep_Sym_IITN_Sym_cases	0	469138	isabelle/pss_paper.thy	845	true	5224222	0	false
pss_paper.Sym.Sym_IITN_Sym.Abs_Sym_IITN_Sym_cases	pss_paper	pss_paper.Sym.Sym_IITN_Sym.Abs_Sym_IITN_Sym_cases	0	469140	isabelle/pss_paper.thy	845	true	5224222	0	false
pss_paper.Sym.Sym_IITN_Sym.Rep_Sym_IITN_Sym_induct	pss_paper	pss_paper.Sym.Sym_IITN_Sym.Rep_Sym_IITN_Sym_induct	0	469142	isabelle/pss_paper.thy	845	true	5224222	0	false
pss_paper.Sym.Sym_IITN_Sym.Abs_Sym_IITN_Sym_induct	pss_paper	pss_paper.Sym.Sym_IITN_Sym.Abs_Sym_IITN_Sym_induct	0	469144	isabelle/pss_paper.thy	845	true	5224222	0	false
pss_paper.Sym.typerep_Sym_IITN_Sym_inst.typerep_Sym_IITN_Sym	pss_paper	pss_paper.Sym.typerep_Sym_IITN_Sym_inst.typerep_Sym_IITN_Sym	0	469146	isabelle/pss_paper.thy	845	true	5224222	0	false
pss_paper.Sym.typerep_Sym_IITN_Sym_def	pss_paper	pss_paper.Sym.typerep_Sym_IITN_Sym_def	0	469152	isabelle/pss_paper.thy	845	false	5224222	0	false
pss_paper.Sym.arity_typerep_Sym_IITN_Sym	pss_paper	pss_paper.Sym.arity_typerep_Sym_IITN_Sym	0	469158	isabelle/pss_paper.thy	845	true	5224222	0	false
pss_paper.Sym.str_init_Sym_def	pss_paper	pss_paper.Sym.str_init_Sym_def	0	469162	isabelle/pss_paper.thy	845	true	5224222	0	false
pss_paper.arity_type_Sym	pss_paper	pss_paper.arity_type_Sym	0	469180	isabelle/pss_paper.thy	845	true	5224222	0	false
pss_paper.Sym.type_definition_Sym	pss_paper	pss_paper.Sym.type_definition_Sym	0	469186	isabelle/pss_paper.thy	845	true	5224222	0	true
pss_paper.Sym.Rep_Sym	pss_paper	pss_paper.Sym.Rep_Sym	0	469188	isabelle/pss_paper.thy	845	true	5224222	0	true
pss_paper.Sym.Rep_Sym_inverse	pss_paper	pss_paper.Sym.Rep_Sym_inverse	0	469190	isabelle/pss_paper.thy	845	true	5224222	0	true
pss_paper.Sym.Abs_Sym_inverse	pss_paper	pss_paper.Sym.Abs_Sym_inverse	0	469192	isabelle/pss_paper.thy	845	true	5224222	0	true
pss_paper.Sym.Rep_Sym_inject	pss_paper	pss_paper.Sym.Rep_Sym_inject	0	469194	isabelle/pss_paper.thy	845	true	5224222	0	true
pss_paper.Sym.Abs_Sym_inject	pss_paper	pss_paper.Sym.Abs_Sym_inject	0	469196	isabelle/pss_paper.thy	845	true	5224222	0	true
pss_paper.Sym.Rep_Sym_cases	pss_paper	pss_paper.Sym.Rep_Sym_cases	0	469198	isabelle/pss_paper.thy	845	true	5224222	0	true
pss_paper.Sym.Abs_Sym_cases	pss_paper	pss_paper.Sym.Abs_Sym_cases	0	469200	isabelle/pss_paper.thy	845	true	5224222	0	true
pss_paper.Sym.Rep_Sym_induct	pss_paper	pss_paper.Sym.Rep_Sym_induct	0	469202	isabelle/pss_paper.thy	845	true	5224222	0	true
pss_paper.Sym.Abs_Sym_induct	pss_paper	pss_paper.Sym.Abs_Sym_induct	0	469204	isabelle/pss_paper.thy	845	true	5224222	0	true
pss_paper.typerep_Sym_inst.typerep_Sym	pss_paper	pss_paper.typerep_Sym_inst.typerep_Sym	0	469206	isabelle/pss_paper.thy	845	true	5224222	0	false
pss_paper.typerep_Sym_def	pss_paper	pss_paper.typerep_Sym_def	0	469212	isabelle/pss_paper.thy	845	false	5224222	0	false
pss_paper.arity_typerep_Sym	pss_paper	pss_paper.arity_typerep_Sym	0	469218	isabelle/pss_paper.thy	845	true	5224222	0	false
pss_paper.Sym.ctor_Sym_def	pss_paper	pss_paper.Sym.ctor_Sym_def	0	469222	isabelle/pss_paper.thy	845	true	5224222	0	false
pss_paper.Sym.ctor_fold_Sym_def	pss_paper	pss_paper.Sym.ctor_fold_Sym_def	0	469228	isabelle/pss_paper.thy	845	true	5224222	0	false
pss_paper.Sym.dtor_Sym_def	pss_paper	pss_paper.Sym.dtor_Sym_def	0	469246	isabelle/pss_paper.thy	845	true	5224222	0	false
pss_paper.Sym.ctor_rec_Sym_def	pss_paper	pss_paper.Sym.ctor_rec_Sym_def	0	469280	isabelle/pss_paper.thy	845	true	5224222	0	false
pss_paper.Sym.case_Sym_def	pss_paper	pss_paper.Sym.case_Sym_def	0	469320	isabelle/pss_paper.thy	845	true	5224222	0	false
pss_paper.term_of_Sym_inst.term_of_Sym	pss_paper	pss_paper.term_of_Sym_inst.term_of_Sym	0	469410	isabelle/pss_paper.thy	845	true	5224222	0	false
pss_paper.term_of_Sym_triv	pss_paper	pss_paper.term_of_Sym_triv	0	469416	isabelle/pss_paper.thy	845	false	5224222	0	false
pss_paper.arity_term_of_Sym	pss_paper	pss_paper.arity_term_of_Sym	0	469422	isabelle/pss_paper.thy	845	true	5224222	0	false
pss_paper.partial_term_of_Sym_inst.partial_term_of_Sym	pss_paper	pss_paper.partial_term_of_Sym_inst.partial_term_of_Sym	0	469436	isabelle/pss_paper.thy	845	true	5224222	0	false
pss_paper.partial_term_of_Sym_triv	pss_paper	pss_paper.partial_term_of_Sym_triv	0	469442	isabelle/pss_paper.thy	845	false	5224222	0	false
pss_paper.arity_partial_term_of_Sym	pss_paper	pss_paper.arity_partial_term_of_Sym	0	469448	isabelle/pss_paper.thy	845	true	5224222	0	false
pss_paper.equal_Sym_inst.equal_Sym	pss_paper	pss_paper.equal_Sym_inst.equal_Sym	0	469478	isabelle/pss_paper.thy	845	true	5224222	0	false
pss_paper.equal_Sym_def	pss_paper	pss_paper.equal_Sym_def	0	469484	isabelle/pss_paper.thy	845	false	5224222	0	false
pss_paper.arity_equal_Sym	pss_paper	pss_paper.arity_equal_Sym	0	469490	isabelle/pss_paper.thy	845	true	5224222	0	false
pss_paper.Sym.eq.refl	pss_paper	pss_paper.Sym.eq.refl	0	469502	isabelle/pss_paper.thy	845	false	5224222	0	true
pss_paper.Sym.eq.simps(1)	pss_paper	pss_paper.Sym.eq.simps	1	469504	isabelle/pss_paper.thy	845	false	5224222	0	true
pss_paper.Sym.eq.simps(2)	pss_paper	pss_paper.Sym.eq.simps	2	469506	isabelle/pss_paper.thy	845	false	5224222	0	true
pss_paper.Sym.eq.simps(3)	pss_paper	pss_paper.Sym.eq.simps	3	469508	isabelle/pss_paper.thy	845	false	5224222	0	true
pss_paper.Sym.eq.simps(4)	pss_paper	pss_paper.Sym.eq.simps	4	469510	isabelle/pss_paper.thy	845	false	5224222	0	true
pss_paper.Sym.eq.simps(5)	pss_paper	pss_paper.Sym.eq.simps	5	469512	isabelle/pss_paper.thy	845	false	5224222	0	true
pss_paper.Sym.eq.simps(6)	pss_paper	pss_paper.Sym.eq.simps	6	469514	isabelle/pss_paper.thy	845	false	5224222	0	true
pss_paper.Sym.eq.simps(7)	pss_paper	pss_paper.Sym.eq.simps	7	469516	isabelle/pss_paper.thy	845	false	5224222	0	true
pss_paper.Sym.eq.simps(8)	pss_paper	pss_paper.Sym.eq.simps	8	469518	isabelle/pss_paper.thy	845	false	5224222	0	true
pss_paper.Sym.eq.simps(9)	pss_paper	pss_paper.Sym.eq.simps	9	469520	isabelle/pss_paper.thy	845	false	5224222	0	true
pss_paper.Sym.eq.simps(10)	pss_paper	pss_paper.Sym.eq.simps	10	469522	isabelle/pss_paper.thy	845	false	5224222	0	true
pss_paper.Sym.eq.simps(11)	pss_paper	pss_paper.Sym.eq.simps	11	469524	isabelle/pss_paper.thy	845	false	5224222	0	true
pss_paper.Sym.eq.simps(12)	pss_paper	pss_paper.Sym.eq.simps	12	469526	isabelle/pss_paper.thy	845	false	5224222	0	true
pss_paper.Sym.eq.simps(13)	pss_paper	pss_paper.Sym.eq.simps	13	469528	isabelle/pss_paper.thy	845	false	5224222	0	true
pss_paper.Sym.eq.simps(14)	pss_paper	pss_paper.Sym.eq.simps	14	469530	isabelle/pss_paper.thy	845	false	5224222	0	true
pss_paper.Sym.eq.simps(15)	pss_paper	pss_paper.Sym.eq.simps	15	469532	isabelle/pss_paper.thy	845	false	5224222	0	true
pss_paper.Sym.eq.simps(16)	pss_paper	pss_paper.Sym.eq.simps	16	469534	isabelle/pss_paper.thy	845	false	5224222	0	true
pss_paper.Sym.eq.simps(17)	pss_paper	pss_paper.Sym.eq.simps	17	469536	isabelle/pss_paper.thy	845	false	5224222	0	true
pss_paper.Sym.eq.simps(18)	pss_paper	pss_paper.Sym.eq.simps	18	469538	isabelle/pss_paper.thy	845	false	5224222	0	true
pss_paper.Sym.eq.simps(19)	pss_paper	pss_paper.Sym.eq.simps	19	469540	isabelle/pss_paper.thy	845	false	5224222	0	true
pss_paper.Sym.eq.simps(20)	pss_paper	pss_paper.Sym.eq.simps	20	469542	isabelle/pss_paper.thy	845	false	5224222	0	true
pss_paper.Sym.eq.simps(21)	pss_paper	pss_paper.Sym.eq.simps	21	469544	isabelle/pss_paper.thy	845	false	5224222	0	true
pss_paper.Sym.eq.simps(22)	pss_paper	pss_paper.Sym.eq.simps	22	469546	isabelle/pss_paper.thy	845	false	5224222	0	true
pss_paper.Sym.eq.simps(23)	pss_paper	pss_paper.Sym.eq.simps	23	469548	isabelle/pss_paper.thy	845	false	5224222	0	true
pss_paper.Sym.eq.simps(24)	pss_paper	pss_paper.Sym.eq.simps	24	469550	isabelle/pss_paper.thy	845	false	5224222	0	true
pss_paper.Sym.eq.simps(25)	pss_paper	pss_paper.Sym.eq.simps	25	469552	isabelle/pss_paper.thy	845	false	5224222	0	true
pss_paper.Sym.eq.simps(26)	pss_paper	pss_paper.Sym.eq.simps	26	469554	isabelle/pss_paper.thy	845	false	5224222	0	true
pss_paper.Sym.eq.simps(27)	pss_paper	pss_paper.Sym.eq.simps	27	469556	isabelle/pss_paper.thy	845	false	5224222	0	true
pss_paper.Sym.eq.simps(28)	pss_paper	pss_paper.Sym.eq.simps	28	469558	isabelle/pss_paper.thy	845	false	5224222	0	true
pss_paper.Sym.eq.simps(29)	pss_paper	pss_paper.Sym.eq.simps	29	469560	isabelle/pss_paper.thy	845	false	5224222	0	true
pss_paper.Sym.eq.simps(30)	pss_paper	pss_paper.Sym.eq.simps	30	469562	isabelle/pss_paper.thy	845	false	5224222	0	true
pss_paper.Sym.eq.simps(31)	pss_paper	pss_paper.Sym.eq.simps	31	469564	isabelle/pss_paper.thy	845	false	5224222	0	true
pss_paper.Sym.eq.simps(32)	pss_paper	pss_paper.Sym.eq.simps	32	469566	isabelle/pss_paper.thy	845	false	5224222	0	true
pss_paper.Sym.eq.simps(33)	pss_paper	pss_paper.Sym.eq.simps	33	469568	isabelle/pss_paper.thy	845	false	5224222	0	true
pss_paper.Sym.eq.simps(34)	pss_paper	pss_paper.Sym.eq.simps	34	469570	isabelle/pss_paper.thy	845	false	5224222	0	true
pss_paper.Sym.eq.simps(35)	pss_paper	pss_paper.Sym.eq.simps	35	469572	isabelle/pss_paper.thy	845	false	5224222	0	true
pss_paper.Sym.eq.simps(36)	pss_paper	pss_paper.Sym.eq.simps	36	469574	isabelle/pss_paper.thy	845	false	5224222	0	true
pss_paper.Sym.eq.simps(37)	pss_paper	pss_paper.Sym.eq.simps	37	469576	isabelle/pss_paper.thy	845	false	5224222	0	true
pss_paper.Sym.eq.simps(38)	pss_paper	pss_paper.Sym.eq.simps	38	469578	isabelle/pss_paper.thy	845	false	5224222	0	true
pss_paper.Sym.eq.simps(39)	pss_paper	pss_paper.Sym.eq.simps	39	469580	isabelle/pss_paper.thy	845	false	5224222	0	true
pss_paper.Sym.eq.simps(40)	pss_paper	pss_paper.Sym.eq.simps	40	469582	isabelle/pss_paper.thy	845	false	5224222	0	true
pss_paper.Sym.eq.simps(41)	pss_paper	pss_paper.Sym.eq.simps	41	469584	isabelle/pss_paper.thy	845	false	5224222	0	true
pss_paper.Sym.eq.simps(42)	pss_paper	pss_paper.Sym.eq.simps	42	469586	isabelle/pss_paper.thy	845	false	5224222	0	true
pss_paper.Sym.eq.simps(43)	pss_paper	pss_paper.Sym.eq.simps	43	469588	isabelle/pss_paper.thy	845	false	5224222	0	true
pss_paper.Sym.eq.simps(44)	pss_paper	pss_paper.Sym.eq.simps	44	469590	isabelle/pss_paper.thy	845	false	5224222	0	true
pss_paper.Sym.eq.simps(45)	pss_paper	pss_paper.Sym.eq.simps	45	469592	isabelle/pss_paper.thy	845	false	5224222	0	true
pss_paper.Sym.case(1)	pss_paper	pss_paper.Sym.case	1	469634	isabelle/pss_paper.thy	845	false	5224222	0	true
pss_paper.Sym.case(2)	pss_paper	pss_paper.Sym.case	2	469636	isabelle/pss_paper.thy	845	false	5224222	0	true
pss_paper.Sym.case(3)	pss_paper	pss_paper.Sym.case	3	469638	isabelle/pss_paper.thy	845	false	5224222	0	true
pss_paper.Sym.case(4)	pss_paper	pss_paper.Sym.case	4	469640	isabelle/pss_paper.thy	845	false	5224222	0	true
pss_paper.Sym.case(5)	pss_paper	pss_paper.Sym.case	5	469642	isabelle/pss_paper.thy	845	false	5224222	0	true
pss_paper.Sym.case_cong	pss_paper	pss_paper.Sym.case_cong	0	469644	isabelle/pss_paper.thy	845	false	5224222	0	true
pss_paper.Sym.case_cong_weak	pss_paper	pss_paper.Sym.case_cong_weak	0	469646	isabelle/pss_paper.thy	845	false	5224222	0	true
pss_paper.Sym.case_distrib	pss_paper	pss_paper.Sym.case_distrib	0	469648	isabelle/pss_paper.thy	845	false	5224222	0	true
pss_paper.Sym.distinct(1)	pss_paper	pss_paper.Sym.distinct	1	469650	isabelle/pss_paper.thy	845	false	5224222	0	true
pss_paper.Sym.distinct(2)	pss_paper	pss_paper.Sym.distinct	2	469652	isabelle/pss_paper.thy	845	false	5224222	0	true
pss_paper.Sym.distinct(3)	pss_paper	pss_paper.Sym.distinct	3	469654	isabelle/pss_paper.thy	845	false	5224222	0	true
pss_paper.Sym.distinct(4)	pss_paper	pss_paper.Sym.distinct	4	469656	isabelle/pss_paper.thy	845	false	5224222	0	true
pss_paper.Sym.distinct(5)	pss_paper	pss_paper.Sym.distinct	5	469658	isabelle/pss_paper.thy	845	false	5224222	0	true
pss_paper.Sym.distinct(6)	pss_paper	pss_paper.Sym.distinct	6	469660	isabelle/pss_paper.thy	845	false	5224222	0	true
pss_paper.Sym.distinct(7)	pss_paper	pss_paper.Sym.distinct	7	469662	isabelle/pss_paper.thy	845	false	5224222	0	true
pss_paper.Sym.distinct(8)	pss_paper	pss_paper.Sym.distinct	8	469664	isabelle/pss_paper.thy	845	false	5224222	0	true
pss_paper.Sym.distinct(9)	pss_paper	pss_paper.Sym.distinct	9	469666	isabelle/pss_paper.thy	845	false	5224222	0	true
pss_paper.Sym.distinct(10)	pss_paper	pss_paper.Sym.distinct	10	469668	isabelle/pss_paper.thy	845	false	5224222	0	true
pss_paper.Sym.distinct(11)	pss_paper	pss_paper.Sym.distinct	11	469670	isabelle/pss_paper.thy	845	false	5224222	0	true
pss_paper.Sym.distinct(12)	pss_paper	pss_paper.Sym.distinct	12	469672	isabelle/pss_paper.thy	845	false	5224222	0	true
pss_paper.Sym.distinct(13)	pss_paper	pss_paper.Sym.distinct	13	469674	isabelle/pss_paper.thy	845	false	5224222	0	true
pss_paper.Sym.distinct(14)	pss_paper	pss_paper.Sym.distinct	14	469676	isabelle/pss_paper.thy	845	false	5224222	0	true
pss_paper.Sym.distinct(15)	pss_paper	pss_paper.Sym.distinct	15	469678	isabelle/pss_paper.thy	845	false	5224222	0	true
pss_paper.Sym.distinct(16)	pss_paper	pss_paper.Sym.distinct	16	469680	isabelle/pss_paper.thy	845	false	5224222	0	true
pss_paper.Sym.distinct(17)	pss_paper	pss_paper.Sym.distinct	17	469682	isabelle/pss_paper.thy	845	false	5224222	0	true
pss_paper.Sym.distinct(18)	pss_paper	pss_paper.Sym.distinct	18	469684	isabelle/pss_paper.thy	845	false	5224222	0	true
pss_paper.Sym.distinct(19)	pss_paper	pss_paper.Sym.distinct	19	469686	isabelle/pss_paper.thy	845	false	5224222	0	true
pss_paper.Sym.distinct(20)	pss_paper	pss_paper.Sym.distinct	20	469688	isabelle/pss_paper.thy	845	false	5224222	0	true
pss_paper.Sym.exhaust	pss_paper	pss_paper.Sym.exhaust	0	469690	isabelle/pss_paper.thy	845	false	5224222	0	true
pss_paper.Sym.inject	pss_paper	pss_paper.Sym.inject	0	469692	isabelle/pss_paper.thy	845	false	5224222	0	true
pss_paper.Sym.nchotomy	pss_paper	pss_paper.Sym.nchotomy	0	469694	isabelle/pss_paper.thy	845	false	5224222	0	true
pss_paper.Sym.split	pss_paper	pss_paper.Sym.split	0	469696	isabelle/pss_paper.thy	845	false	5224222	0	true
pss_paper.Sym.split_asm	pss_paper	pss_paper.Sym.split_asm	0	469698	isabelle/pss_paper.thy	845	false	5224222	0	true
pss_paper.Sym.splits(1)	pss_paper	pss_paper.Sym.splits	1	469700	isabelle/pss_paper.thy	845	false	5224222	0	true
pss_paper.Sym.splits(2)	pss_paper	pss_paper.Sym.splits	2	469702	isabelle/pss_paper.thy	845	false	5224222	0	true
pss_paper.Sym.case_transfer	pss_paper	pss_paper.Sym.case_transfer	0	469716	isabelle/pss_paper.thy	845	false	5224222	0	true
pss_paper.Sym.induct	pss_paper	pss_paper.Sym.induct	0	469758	isabelle/pss_paper.thy	845	false	5224222	0	true
pss_paper.Sym.rec(1)	pss_paper	pss_paper.Sym.rec	1	469760	isabelle/pss_paper.thy	845	false	5224222	0	true
pss_paper.Sym.rec(2)	pss_paper	pss_paper.Sym.rec	2	469762	isabelle/pss_paper.thy	845	false	5224222	0	true
pss_paper.Sym.rec(3)	pss_paper	pss_paper.Sym.rec	3	469764	isabelle/pss_paper.thy	845	false	5224222	0	true
pss_paper.Sym.rec(4)	pss_paper	pss_paper.Sym.rec	4	469766	isabelle/pss_paper.thy	845	false	5224222	0	true
pss_paper.Sym.rec(5)	pss_paper	pss_paper.Sym.rec	5	469768	isabelle/pss_paper.thy	845	false	5224222	0	true
pss_paper.Sym.rec_transfer	pss_paper	pss_paper.Sym.rec_transfer	0	469770	isabelle/pss_paper.thy	845	false	5224222	0	true
pss_paper.Sym.simps(1)	pss_paper	pss_paper.Sym.simps	1	469772	isabelle/pss_paper.thy	845	false	5224222	0	true
pss_paper.Sym.simps(2)	pss_paper	pss_paper.Sym.simps	2	469774	isabelle/pss_paper.thy	845	false	5224222	0	true
pss_paper.Sym.simps(3)	pss_paper	pss_paper.Sym.simps	3	469776	isabelle/pss_paper.thy	845	false	5224222	0	true
pss_paper.Sym.simps(4)	pss_paper	pss_paper.Sym.simps	4	469778	isabelle/pss_paper.thy	845	false	5224222	0	true
pss_paper.Sym.simps(5)	pss_paper	pss_paper.Sym.simps	5	469780	isabelle/pss_paper.thy	845	false	5224222	0	true
pss_paper.Sym.simps(6)	pss_paper	pss_paper.Sym.simps	6	469782	isabelle/pss_paper.thy	845	false	5224222	0	true
pss_paper.Sym.simps(7)	pss_paper	pss_paper.Sym.simps	7	469784	isabelle/pss_paper.thy	845	false	5224222	0	true
pss_paper.Sym.simps(8)	pss_paper	pss_paper.Sym.simps	8	469786	isabelle/pss_paper.thy	845	false	5224222	0	true
pss_paper.Sym.simps(9)	pss_paper	pss_paper.Sym.simps	9	469788	isabelle/pss_paper.thy	845	false	5224222	0	true
pss_paper.Sym.simps(10)	pss_paper	pss_paper.Sym.simps	10	469790	isabelle/pss_paper.thy	845	false	5224222	0	true
pss_paper.Sym.simps(11)	pss_paper	pss_paper.Sym.simps	11	469792	isabelle/pss_paper.thy	845	false	5224222	0	true
pss_paper.Sym.simps(12)	pss_paper	pss_paper.Sym.simps	12	469794	isabelle/pss_paper.thy	845	false	5224222	0	true
pss_paper.Sym.simps(13)	pss_paper	pss_paper.Sym.simps	13	469796	isabelle/pss_paper.thy	845	false	5224222	0	true
pss_paper.Sym.simps(14)	pss_paper	pss_paper.Sym.simps	14	469798	isabelle/pss_paper.thy	845	false	5224222	0	true
pss_paper.Sym.simps(15)	pss_paper	pss_paper.Sym.simps	15	469800	isabelle/pss_paper.thy	845	false	5224222	0	true
pss_paper.Sym.simps(16)	pss_paper	pss_paper.Sym.simps	16	469802	isabelle/pss_paper.thy	845	false	5224222	0	true
pss_paper.Sym.simps(17)	pss_paper	pss_paper.Sym.simps	17	469804	isabelle/pss_paper.thy	845	false	5224222	0	true
pss_paper.Sym.simps(18)	pss_paper	pss_paper.Sym.simps	18	469806	isabelle/pss_paper.thy	845	false	5224222	0	true
pss_paper.Sym.simps(19)	pss_paper	pss_paper.Sym.simps	19	469808	isabelle/pss_paper.thy	845	false	5224222	0	true
pss_paper.Sym.simps(20)	pss_paper	pss_paper.Sym.simps	20	469810	isabelle/pss_paper.thy	845	false	5224222	0	true
pss_paper.Sym.simps(21)	pss_paper	pss_paper.Sym.simps	21	469812	isabelle/pss_paper.thy	845	false	5224222	0	true
pss_paper.Sym.simps(22)	pss_paper	pss_paper.Sym.simps	22	469814	isabelle/pss_paper.thy	845	false	5224222	0	true
pss_paper.Sym.simps(23)	pss_paper	pss_paper.Sym.simps	23	469816	isabelle/pss_paper.thy	845	false	5224222	0	true
pss_paper.Sym.simps(24)	pss_paper	pss_paper.Sym.simps	24	469818	isabelle/pss_paper.thy	845	false	5224222	0	true
pss_paper.Sym.simps(25)	pss_paper	pss_paper.Sym.simps	25	469820	isabelle/pss_paper.thy	845	false	5224222	0	true
pss_paper.Sym.simps(26)	pss_paper	pss_paper.Sym.simps	26	469822	isabelle/pss_paper.thy	845	false	5224222	0	true
pss_paper.Sym.simps(27)	pss_paper	pss_paper.Sym.simps	27	469824	isabelle/pss_paper.thy	845	false	5224222	0	true
pss_paper.Sym.simps(28)	pss_paper	pss_paper.Sym.simps	28	469826	isabelle/pss_paper.thy	845	false	5224222	0	true
pss_paper.Sym.simps(29)	pss_paper	pss_paper.Sym.simps	29	469828	isabelle/pss_paper.thy	845	false	5224222	0	true
pss_paper.Sym.simps(30)	pss_paper	pss_paper.Sym.simps	30	469830	isabelle/pss_paper.thy	845	false	5224222	0	true
pss_paper.Sym.simps(31)	pss_paper	pss_paper.Sym.simps	31	469832	isabelle/pss_paper.thy	845	false	5224222	0	true
pss_paper.Sym.size_Sym_def	pss_paper	pss_paper.Sym.size_Sym_def	0	469836	isabelle/pss_paper.thy	845	true	5224222	0	false
pss_paper.size_Sym_inst.size_Sym	pss_paper	pss_paper.size_Sym_inst.size_Sym	0	469838	isabelle/pss_paper.thy	845	true	5224222	0	false
pss_paper.Sym.size_Sym_overloaded_def	pss_paper	pss_paper.Sym.size_Sym_overloaded_def	0	469840	isabelle/pss_paper.thy	845	true	5224222	0	false
pss_paper.arity_size_Sym	pss_paper	pss_paper.arity_size_Sym	0	469844	isabelle/pss_paper.thy	845	true	5224222	0	false
pss_paper.Sym.size(1)	pss_paper	pss_paper.Sym.size	1	469868	isabelle/pss_paper.thy	845	false	5224222	0	true
pss_paper.Sym.size(2)	pss_paper	pss_paper.Sym.size	2	469870	isabelle/pss_paper.thy	845	false	5224222	0	true
pss_paper.Sym.size(3)	pss_paper	pss_paper.Sym.size	3	469872	isabelle/pss_paper.thy	845	false	5224222	0	true
pss_paper.Sym.size(4)	pss_paper	pss_paper.Sym.size	4	469874	isabelle/pss_paper.thy	845	false	5224222	0	true
pss_paper.Sym.size(5)	pss_paper	pss_paper.Sym.size	5	469876	isabelle/pss_paper.thy	845	false	5224222	0	true
pss_paper.Sym.size(6)	pss_paper	pss_paper.Sym.size	6	469878	isabelle/pss_paper.thy	845	false	5224222	0	true
pss_paper.Sym.size(7)	pss_paper	pss_paper.Sym.size	7	469880	isabelle/pss_paper.thy	845	false	5224222	0	true
pss_paper.Sym.size(8)	pss_paper	pss_paper.Sym.size	8	469882	isabelle/pss_paper.thy	845	false	5224222	0	true
pss_paper.Sym.size(9)	pss_paper	pss_paper.Sym.size	9	469884	isabelle/pss_paper.thy	845	false	5224222	0	true
pss_paper.Sym.size(10)	pss_paper	pss_paper.Sym.size	10	469886	isabelle/pss_paper.thy	845	false	5224222	0	true
pss_paper.Sym.size_gen(1)	pss_paper	pss_paper.Sym.size_gen	1	469888	isabelle/pss_paper.thy	845	false	5224222	0	true
pss_paper.Sym.size_gen(2)	pss_paper	pss_paper.Sym.size_gen	2	469890	isabelle/pss_paper.thy	845	false	5224222	0	true
pss_paper.Sym.size_gen(3)	pss_paper	pss_paper.Sym.size_gen	3	469892	isabelle/pss_paper.thy	845	false	5224222	0	true
pss_paper.Sym.size_gen(4)	pss_paper	pss_paper.Sym.size_gen	4	469894	isabelle/pss_paper.thy	845	false	5224222	0	true
pss_paper.Sym.size_gen(5)	pss_paper	pss_paper.Sym.size_gen	5	469896	isabelle/pss_paper.thy	845	false	5224222	0	true
pss_paper.random_aux_Sym_def	pss_paper	pss_paper.random_aux_Sym_def	0	469898	isabelle/pss_paper.thy	845	true	5224222	0	false
pss_paper.Sym.random_aux.simps	pss_paper	pss_paper.Sym.random_aux.simps	0	469908	isabelle/pss_paper.thy	845	true	5224222	0	true
pss_paper.random_Sym_inst.random_Sym	pss_paper	pss_paper.random_Sym_inst.random_Sym	0	469912	isabelle/pss_paper.thy	845	true	5224222	0	false
pss_paper.random_Sym_def	pss_paper	pss_paper.random_Sym_def	0	469918	isabelle/pss_paper.thy	845	false	5224222	0	false
pss_paper.arity_random_Sym	pss_paper	pss_paper.arity_random_Sym	0	469924	isabelle/pss_paper.thy	845	true	5224222	0	false
pss_paper.narrowing_Sym_inst.narrowing_Sym	pss_paper	pss_paper.narrowing_Sym_inst.narrowing_Sym	0	469928	isabelle/pss_paper.thy	845	true	5224222	0	false
pss_paper.Sym.narrowing_Sym.simps	pss_paper	pss_paper.Sym.narrowing_Sym.simps	0	469934	isabelle/pss_paper.thy	845	false	5224222	0	true
pss_paper.arity_narrowing_Sym	pss_paper	pss_paper.arity_narrowing_Sym	0	469940	isabelle/pss_paper.thy	845	true	5224222	0	false
pss_paper.full_exhaustive_Sym_inst.full_exhaustive_Sym	pss_paper	pss_paper.full_exhaustive_Sym_inst.full_exhaustive_Sym	0	469944	isabelle/pss_paper.thy	845	true	5224222	0	false
pss_paper.Sym.full_exhaustive_Sym.simps	pss_paper	pss_paper.Sym.full_exhaustive_Sym.simps	0	469950	isabelle/pss_paper.thy	845	false	5224222	0	true
pss_paper.arity_full_exhaustive_Sym	pss_paper	pss_paper.arity_full_exhaustive_Sym	0	469956	isabelle/pss_paper.thy	845	true	5224222	0	false
pss_paper.flatBT_flatBP_graph.intros(1)	pss_paper	pss_paper.flatBT_flatBP_graph.intros	1	469990	isabelle/pss_paper.thy	851	true	5227050	0	true
pss_paper.flatBT_flatBP_graph.intros(2)	pss_paper	pss_paper.flatBT_flatBP_graph.intros	2	469992	isabelle/pss_paper.thy	851	true	5227050	0	true
pss_paper.flatBT_flatBP_graph.intros(3)	pss_paper	pss_paper.flatBT_flatBP_graph.intros	3	469994	isabelle/pss_paper.thy	851	true	5227050	0	true
pss_paper.flatBT_flatBP_graph.intros(4)	pss_paper	pss_paper.flatBT_flatBP_graph.intros	4	469996	isabelle/pss_paper.thy	851	true	5227050	0	true
pss_paper.flatBT_flatBP_graph.cases	pss_paper	pss_paper.flatBT_flatBP_graph.cases	0	469998	isabelle/pss_paper.thy	851	true	5227050	0	true
pss_paper.flatBT_flatBP_graph.induct	pss_paper	pss_paper.flatBT_flatBP_graph.induct	0	470000	isabelle/pss_paper.thy	851	true	5227050	0	true
pss_paper.flatBT_flatBP_graph.simps	pss_paper	pss_paper.flatBT_flatBP_graph.simps	0	470002	isabelle/pss_paper.thy	851	true	5227050	0	true
pss_paper.flatBT_flatBP_graph.inducts	pss_paper	pss_paper.flatBT_flatBP_graph.inducts	0	470004	isabelle/pss_paper.thy	851	true	5227050	0	true
pss_paper.flatBT_flatBP_rel.intros(1)	pss_paper	pss_paper.flatBT_flatBP_rel.intros	1	470038	isabelle/pss_paper.thy	851	true	5227050	0	true
pss_paper.flatBT_flatBP_rel.intros(2)	pss_paper	pss_paper.flatBT_flatBP_rel.intros	2	470040	isabelle/pss_paper.thy	851	true	5227050	0	true
pss_paper.flatBT_flatBP_rel.intros(3)	pss_paper	pss_paper.flatBT_flatBP_rel.intros	3	470042	isabelle/pss_paper.thy	851	true	5227050	0	true
pss_paper.flatBT_flatBP_rel.intros(4)	pss_paper	pss_paper.flatBT_flatBP_rel.intros	4	470044	isabelle/pss_paper.thy	851	true	5227050	0	true
pss_paper.flatBT_flatBP_rel.cases	pss_paper	pss_paper.flatBT_flatBP_rel.cases	0	470046	isabelle/pss_paper.thy	851	true	5227050	0	true
pss_paper.flatBT_flatBP_rel.induct	pss_paper	pss_paper.flatBT_flatBP_rel.induct	0	470048	isabelle/pss_paper.thy	851	true	5227050	0	true
pss_paper.flatBT_flatBP_rel.simps	pss_paper	pss_paper.flatBT_flatBP_rel.simps	0	470050	isabelle/pss_paper.thy	851	true	5227050	0	true
pss_paper.flatBT_flatBP_rel.inducts	pss_paper	pss_paper.flatBT_flatBP_rel.inducts	0	470052	isabelle/pss_paper.thy	851	true	5227050	0	true
pss_paper.flatBT.psimps(1)	pss_paper	pss_paper.flatBT.psimps	1	470086	isabelle/pss_paper.thy	851	true	5227050	0	true
pss_paper.flatBT.psimps(2)	pss_paper	pss_paper.flatBT.psimps	2	470088	isabelle/pss_paper.thy	851	true	5227050	0	true
pss_paper.flatBT.psimps(3)	pss_paper	pss_paper.flatBT.psimps	3	470090	isabelle/pss_paper.thy	851	true	5227050	0	true
pss_paper.flatBP.psimps	pss_paper	pss_paper.flatBP.psimps	0	470092	isabelle/pss_paper.thy	851	true	5227050	0	true
pss_paper.flatBT_flatBP.pinduct(1)	pss_paper	pss_paper.flatBT_flatBP.pinduct	1	470094	isabelle/pss_paper.thy	851	true	5227050	0	true
pss_paper.flatBT_flatBP.pinduct(2)	pss_paper	pss_paper.flatBT_flatBP.pinduct	2	470096	isabelle/pss_paper.thy	851	true	5227050	0	true
pss_paper.flatBT_flatBP.termination	pss_paper	pss_paper.flatBT_flatBP.termination	0	470098	isabelle/pss_paper.thy	851	true	5227050	0	true
pss_paper.flatBT.cases	pss_paper	pss_paper.flatBT.cases	0	470100	isabelle/pss_paper.thy	851	false	5227050	0	true
pss_paper.flatBP.cases	pss_paper	pss_paper.flatBP.cases	0	470102	isabelle/pss_paper.thy	851	false	5227050	0	true
pss_paper.flatBT.pelims	pss_paper	pss_paper.flatBT.pelims	0	470104	isabelle/pss_paper.thy	851	false	5227050	0	true
pss_paper.flatBP.pelims	pss_paper	pss_paper.flatBP.pelims	0	470106	isabelle/pss_paper.thy	851	false	5227050	0	true
pss_paper.flatBT.simps(1)	pss_paper	pss_paper.flatBT.simps	1	470124	isabelle/pss_paper.thy	851	false	5227050	0	true
pss_paper.flatBT.simps(2)	pss_paper	pss_paper.flatBT.simps	2	470126	isabelle/pss_paper.thy	851	false	5227050	0	true
pss_paper.flatBT.simps(3)	pss_paper	pss_paper.flatBT.simps	3	470128	isabelle/pss_paper.thy	851	false	5227050	0	true
pss_paper.flatBP.simps	pss_paper	pss_paper.flatBP.simps	0	470130	isabelle/pss_paper.thy	851	false	5227050	0	true
pss_paper.flatBT_flatBP.induct(1)	pss_paper	pss_paper.flatBT_flatBP.induct	1	470140	isabelle/pss_paper.thy	851	false	5227050	0	true
pss_paper.flatBT_flatBP.induct(2)	pss_paper	pss_paper.flatBT_flatBP.induct	2	470142	isabelle/pss_paper.thy	851	false	5227050	0	true
pss_paper.flatBT.elims	pss_paper	pss_paper.flatBT.elims	0	470144	isabelle/pss_paper.thy	851	false	5227050	0	true
pss_paper.flatBP.elims	pss_paper	pss_paper.flatBP.elims	0	470146	isabelle/pss_paper.thy	851	false	5227050	0	true
pss_paper.p_7_1_paren_balance	pss_paper	pss_paper.p_7_1_paren_balance	0	470154	isabelle/pss_paper.thy	861	false	5229106	0	true
pss_paper.RightNodes_graph.intros	pss_paper	pss_paper.RightNodes_graph.intros	0	470174	isabelle/pss_paper.thy	870	true	5229168	0	true
pss_paper.RightNodes_graph.cases	pss_paper	pss_paper.RightNodes_graph.cases	0	470176	isabelle/pss_paper.thy	870	true	5229168	0	true
pss_paper.RightNodes_graph.induct	pss_paper	pss_paper.RightNodes_graph.induct	0	470178	isabelle/pss_paper.thy	870	true	5229168	0	true
pss_paper.RightNodes_graph.simps	pss_paper	pss_paper.RightNodes_graph.simps	0	470180	isabelle/pss_paper.thy	870	true	5229168	0	true
pss_paper.RightNodes_graph.inducts	pss_paper	pss_paper.RightNodes_graph.inducts	0	470182	isabelle/pss_paper.thy	870	true	5229168	0	true
pss_paper.RightNodes_rel.intros	pss_paper	pss_paper.RightNodes_rel.intros	0	470204	isabelle/pss_paper.thy	870	true	5229168	0	true
pss_paper.RightNodes_rel.cases	pss_paper	pss_paper.RightNodes_rel.cases	0	470206	isabelle/pss_paper.thy	870	true	5229168	0	true
pss_paper.RightNodes_rel.induct	pss_paper	pss_paper.RightNodes_rel.induct	0	470208	isabelle/pss_paper.thy	870	true	5229168	0	true
pss_paper.RightNodes_rel.simps	pss_paper	pss_paper.RightNodes_rel.simps	0	470210	isabelle/pss_paper.thy	870	true	5229168	0	true
pss_paper.RightNodes_rel.inducts	pss_paper	pss_paper.RightNodes_rel.inducts	0	470212	isabelle/pss_paper.thy	870	true	5229168	0	true
pss_paper.RightNodes.psimps	pss_paper	pss_paper.RightNodes.psimps	0	470232	isabelle/pss_paper.thy	870	false	5229168	0	true
pss_paper.RightNodes.pinduct	pss_paper	pss_paper.RightNodes.pinduct	0	470234	isabelle/pss_paper.thy	870	false	5229168	0	true
pss_paper.RightNodes.termination	pss_paper	pss_paper.RightNodes.termination	0	470236	isabelle/pss_paper.thy	870	true	5229168	0	true
pss_paper.RightNodes.cases	pss_paper	pss_paper.RightNodes.cases	0	470238	isabelle/pss_paper.thy	870	false	5229168	0	true
pss_paper.RightNodes.pelims	pss_paper	pss_paper.RightNodes.pelims	0	470240	isabelle/pss_paper.thy	870	false	5229168	0	true
pss_paper.isPTB_str_def	pss_paper	pss_paper.isPTB_str_def	0	470246	isabelle/pss_paper.thy	883	false	5230610	0	false
pss_paper.scb_decomp_def	pss_paper	pss_paper.scb_decomp_def	0	470254	isabelle/pss_paper.thy	886	false	5230684	0	false
pss_paper.scb_kind0_def	pss_paper	pss_paper.scb_kind0_def	0	470262	isabelle/pss_paper.thy	895	false	5230816	0	false
pss_paper.scb_kind1_def	pss_paper	pss_paper.scb_kind1_def	0	470270	isabelle/pss_paper.thy	901	false	5230940	0	false
pss_paper.MarkedB_def	pss_paper	pss_paper.MarkedB_def	0	470278	isabelle/pss_paper.thy	911	false	5231154	0	false
pss_paper.p_7_2_scb_replaceable	pss_paper	pss_paper.p_7_2_scb_replaceable	0	470288	isabelle/pss_paper.thy	933	false	5231292	0	true
pss_paper.p_7_2_scb_compose(1)	pss_paper	pss_paper.p_7_2_scb_compose	1	470296	isabelle/pss_paper.thy	949	false	5231392	0	true
pss_paper.p_7_2_scb_compose(2)	pss_paper	pss_paper.p_7_2_scb_compose	2	470298	isabelle/pss_paper.thy	949	false	5231392	0	true
pss_paper.p_7_2_scb_triviality(1)	pss_paper	pss_paper.p_7_2_scb_triviality	1	470306	isabelle/pss_paper.thy	965	false	5231514	0	true
pss_paper.p_7_2_scb_triviality(2)	pss_paper	pss_paper.p_7_2_scb_triviality	2	470308	isabelle/pss_paper.thy	965	false	5231514	0	true
pss_paper.p_7_2_scb_unique(1)	pss_paper	pss_paper.p_7_2_scb_unique	1	470316	isabelle/pss_paper.thy	989	false	5231686	0	true
pss_paper.p_7_2_scb_unique(2)	pss_paper	pss_paper.p_7_2_scb_unique	2	470318	isabelle/pss_paper.thy	989	false	5231686	0	true
pss_paper.p_7_2_scb_unique(3)	pss_paper	pss_paper.p_7_2_scb_unique	3	470320	isabelle/pss_paper.thy	989	false	5231686	0	true
pss_paper.p_7_2_scb_unique(4)	pss_paper	pss_paper.p_7_2_scb_unique	4	470322	isabelle/pss_paper.thy	989	false	5231686	0	true
pss_paper.p_7_2_scb_unique(5)	pss_paper	pss_paper.p_7_2_scb_unique	5	470324	isabelle/pss_paper.thy	989	false	5231686	0	true
pss_paper.p_7_2_add_scb(1)	pss_paper	pss_paper.p_7_2_add_scb	1	470332	isabelle/pss_paper.thy	1012	false	5231822	0	true
pss_paper.p_7_2_add_scb(2)	pss_paper	pss_paper.p_7_2_add_scb	2	470334	isabelle/pss_paper.thy	1012	false	5231822	0	true
pss_paper.p_7_2_add_scb(3)	pss_paper	pss_paper.p_7_2_add_scb	3	470336	isabelle/pss_paper.thy	1012	false	5231822	0	true
pss_paper.p_7_2_scb_fseq(1)	pss_paper	pss_paper.p_7_2_scb_fseq	1	470344	isabelle/pss_paper.thy	1038	false	5231974	0	true
pss_paper.p_7_2_scb_fseq(2)	pss_paper	pss_paper.p_7_2_scb_fseq	2	470346	isabelle/pss_paper.thy	1038	false	5231974	0	true
pss_paper.p_7_2_scb_fseq(3)	pss_paper	pss_paper.p_7_2_scb_fseq	3	470348	isabelle/pss_paper.thy	1038	false	5231974	0	true
pss_paper.p_7_2_RightNodes_subexpr	pss_paper	pss_paper.p_7_2_RightNodes_subexpr	0	470356	isabelle/pss_paper.thy	1071	false	5232160	0	true
pss_paper.transCondI_def	pss_paper	pss_paper.transCondI_def	0	470362	isabelle/pss_paper.thy	1098	false	5232342	0	false
pss_paper.transCondII_def	pss_paper	pss_paper.transCondII_def	0	470370	isabelle/pss_paper.thy	1101	false	5232398	0	false
pss_paper.transCondIII_def	pss_paper	pss_paper.transCondIII_def	0	470378	isabelle/pss_paper.thy	1104	false	5232454	0	false
pss_paper.transCondIV_def	pss_paper	pss_paper.transCondIV_def	0	470386	isabelle/pss_paper.thy	1109	false	5232510	0	false
pss_paper.transCondV_def	pss_paper	pss_paper.transCondV_def	0	470394	isabelle/pss_paper.thy	1114	false	5232566	0	false
pss_paper.transCondVI_def	pss_paper	pss_paper.transCondVI_def	0	470402	isabelle/pss_paper.thy	1119	false	5232622	0	false
pss_paper.unflatBT_def	pss_paper	pss_paper.unflatBT_def	0	470410	isabelle/pss_paper.thy	1128	false	5232694	0	false
pss_paper.bpHeadV_graph.intros(1)	pss_paper	pss_paper.bpHeadV_graph.intros	1	470436	isabelle/pss_paper.thy	1135	true	5232784	0	true
pss_paper.bpHeadV_graph.intros(2)	pss_paper	pss_paper.bpHeadV_graph.intros	2	470438	isabelle/pss_paper.thy	1135	true	5232784	0	true
pss_paper.bpHeadV_graph.cases	pss_paper	pss_paper.bpHeadV_graph.cases	0	470440	isabelle/pss_paper.thy	1135	true	5232784	0	true
pss_paper.bpHeadV_graph.induct	pss_paper	pss_paper.bpHeadV_graph.induct	0	470442	isabelle/pss_paper.thy	1135	true	5232784	0	true
pss_paper.bpHeadV_graph.simps	pss_paper	pss_paper.bpHeadV_graph.simps	0	470444	isabelle/pss_paper.thy	1135	true	5232784	0	true
pss_paper.bpHeadV_graph.inducts	pss_paper	pss_paper.bpHeadV_graph.inducts	0	470446	isabelle/pss_paper.thy	1135	true	5232784	0	true
pss_paper.bpHeadV_rel.cases	pss_paper	pss_paper.bpHeadV_rel.cases	0	470464	isabelle/pss_paper.thy	1135	true	5232784	0	true
pss_paper.bpHeadV_rel.induct	pss_paper	pss_paper.bpHeadV_rel.induct	0	470466	isabelle/pss_paper.thy	1135	true	5232784	0	true
pss_paper.bpHeadV_rel.simps	pss_paper	pss_paper.bpHeadV_rel.simps	0	470468	isabelle/pss_paper.thy	1135	true	5232784	0	true
pss_paper.bpHeadV_rel.inducts	pss_paper	pss_paper.bpHeadV_rel.inducts	0	470470	isabelle/pss_paper.thy	1135	true	5232784	0	true
pss_paper.bpHeadV.psimps(1)	pss_paper	pss_paper.bpHeadV.psimps	1	470490	isabelle/pss_paper.thy	1135	true	5232784	0	true
pss_paper.bpHeadV.psimps(2)	pss_paper	pss_paper.bpHeadV.psimps	2	470492	isabelle/pss_paper.thy	1135	true	5232784	0	true
pss_paper.bpHeadV.pinduct	pss_paper	pss_paper.bpHeadV.pinduct	0	470494	isabelle/pss_paper.thy	1135	true	5232784	0	true
pss_paper.bpHeadV.termination	pss_paper	pss_paper.bpHeadV.termination	0	470496	isabelle/pss_paper.thy	1135	true	5232784	0	true
pss_paper.bpHeadV.cases	pss_paper	pss_paper.bpHeadV.cases	0	470498	isabelle/pss_paper.thy	1135	false	5232784	0	true
pss_paper.bpHeadV.pelims	pss_paper	pss_paper.bpHeadV.pelims	0	470500	isabelle/pss_paper.thy	1135	false	5232784	0	true
pss_paper.bpHeadV.simps(1)	pss_paper	pss_paper.bpHeadV.simps	1	470508	isabelle/pss_paper.thy	1135	false	5232784	0	true
pss_paper.bpHeadV.simps(2)	pss_paper	pss_paper.bpHeadV.simps	2	470510	isabelle/pss_paper.thy	1135	false	5232784	0	true
pss_paper.bpHeadV.induct	pss_paper	pss_paper.bpHeadV.induct	0	470516	isabelle/pss_paper.thy	1135	false	5232784	0	true
pss_paper.bpHeadV.elims	pss_paper	pss_paper.bpHeadV.elims	0	470518	isabelle/pss_paper.thy	1135	false	5232784	0	true
pss_paper.bpHeadT_graph.intros(1)	pss_paper	pss_paper.bpHeadT_graph.intros	1	470542	isabelle/pss_paper.thy	1139	true	5233512	0	true
pss_paper.bpHeadT_graph.intros(2)	pss_paper	pss_paper.bpHeadT_graph.intros	2	470544	isabelle/pss_paper.thy	1139	true	5233512	0	true
pss_paper.bpHeadT_graph.cases	pss_paper	pss_paper.bpHeadT_graph.cases	0	470546	isabelle/pss_paper.thy	1139	true	5233512	0	true
pss_paper.bpHeadT_graph.induct	pss_paper	pss_paper.bpHeadT_graph.induct	0	470548	isabelle/pss_paper.thy	1139	true	5233512	0	true
pss_paper.bpHeadT_graph.simps	pss_paper	pss_paper.bpHeadT_graph.simps	0	470550	isabelle/pss_paper.thy	1139	true	5233512	0	true
pss_paper.bpHeadT_graph.inducts	pss_paper	pss_paper.bpHeadT_graph.inducts	0	470552	isabelle/pss_paper.thy	1139	true	5233512	0	true
pss_paper.bpHeadT_rel.cases	pss_paper	pss_paper.bpHeadT_rel.cases	0	470570	isabelle/pss_paper.thy	1139	true	5233512	0	true
pss_paper.bpHeadT_rel.induct	pss_paper	pss_paper.bpHeadT_rel.induct	0	470572	isabelle/pss_paper.thy	1139	true	5233512	0	true
pss_paper.bpHeadT_rel.simps	pss_paper	pss_paper.bpHeadT_rel.simps	0	470574	isabelle/pss_paper.thy	1139	true	5233512	0	true
pss_paper.bpHeadT_rel.inducts	pss_paper	pss_paper.bpHeadT_rel.inducts	0	470576	isabelle/pss_paper.thy	1139	true	5233512	0	true
pss_paper.bpHeadT.psimps(1)	pss_paper	pss_paper.bpHeadT.psimps	1	470596	isabelle/pss_paper.thy	1139	true	5233512	0	true
pss_paper.bpHeadT.psimps(2)	pss_paper	pss_paper.bpHeadT.psimps	2	470598	isabelle/pss_paper.thy	1139	true	5233512	0	true
pss_paper.bpHeadT.pinduct	pss_paper	pss_paper.bpHeadT.pinduct	0	470600	isabelle/pss_paper.thy	1139	true	5233512	0	true
pss_paper.bpHeadT.termination	pss_paper	pss_paper.bpHeadT.termination	0	470602	isabelle/pss_paper.thy	1139	true	5233512	0	true
pss_paper.bpHeadT.cases	pss_paper	pss_paper.bpHeadT.cases	0	470604	isabelle/pss_paper.thy	1139	false	5233512	0	true
pss_paper.bpHeadT.pelims	pss_paper	pss_paper.bpHeadT.pelims	0	470606	isabelle/pss_paper.thy	1139	false	5233512	0	true
pss_paper.bpHeadT.simps(1)	pss_paper	pss_paper.bpHeadT.simps	1	470614	isabelle/pss_paper.thy	1139	false	5233512	0	true
pss_paper.bpHeadT.simps(2)	pss_paper	pss_paper.bpHeadT.simps	2	470616	isabelle/pss_paper.thy	1139	false	5233512	0	true
pss_paper.bpHeadT.induct	pss_paper	pss_paper.bpHeadT.induct	0	470622	isabelle/pss_paper.thy	1139	false	5233512	0	true
pss_paper.bpHeadT.elims	pss_paper	pss_paper.bpHeadT.elims	0	470624	isabelle/pss_paper.thy	1139	false	5233512	0	true
pss_paper.Trans_Mark_graph.intros(1)	pss_paper	pss_paper.Trans_Mark_graph.intros	1	470648	isabelle/pss_paper.thy	1148	true	5234256	0	true
pss_paper.Trans_Mark_graph.intros(2)	pss_paper	pss_paper.Trans_Mark_graph.intros	2	470650	isabelle/pss_paper.thy	1148	true	5234256	0	true
pss_paper.Trans_Mark_graph.cases	pss_paper	pss_paper.Trans_Mark_graph.cases	0	470652	isabelle/pss_paper.thy	1148	true	5234256	0	true
pss_paper.Trans_Mark_graph.induct	pss_paper	pss_paper.Trans_Mark_graph.induct	0	470654	isabelle/pss_paper.thy	1148	true	5234256	0	true
pss_paper.Trans_Mark_graph.simps	pss_paper	pss_paper.Trans_Mark_graph.simps	0	470656	isabelle/pss_paper.thy	1148	true	5234256	0	true
pss_paper.Trans_Mark_graph.inducts	pss_paper	pss_paper.Trans_Mark_graph.inducts	0	470658	isabelle/pss_paper.thy	1148	true	5234256	0	true
pss_paper.Trans_Mark_rel.intros(1)	pss_paper	pss_paper.Trans_Mark_rel.intros	1	470720	isabelle/pss_paper.thy	1148	true	5234256	0	true
pss_paper.Trans_Mark_rel.intros(2)	pss_paper	pss_paper.Trans_Mark_rel.intros	2	470722	isabelle/pss_paper.thy	1148	true	5234256	0	true
pss_paper.Trans_Mark_rel.intros(3)	pss_paper	pss_paper.Trans_Mark_rel.intros	3	470724	isabelle/pss_paper.thy	1148	true	5234256	0	true
pss_paper.Trans_Mark_rel.intros(4)	pss_paper	pss_paper.Trans_Mark_rel.intros	4	470726	isabelle/pss_paper.thy	1148	true	5234256	0	true
pss_paper.Trans_Mark_rel.intros(5)	pss_paper	pss_paper.Trans_Mark_rel.intros	5	470728	isabelle/pss_paper.thy	1148	true	5234256	0	true
pss_paper.Trans_Mark_rel.intros(6)	pss_paper	pss_paper.Trans_Mark_rel.intros	6	470730	isabelle/pss_paper.thy	1148	true	5234256	0	true
pss_paper.Trans_Mark_rel.intros(7)	pss_paper	pss_paper.Trans_Mark_rel.intros	7	470732	isabelle/pss_paper.thy	1148	true	5234256	0	true
pss_paper.Trans_Mark_rel.intros(8)	pss_paper	pss_paper.Trans_Mark_rel.intros	8	470734	isabelle/pss_paper.thy	1148	true	5234256	0	true
pss_paper.Trans_Mark_rel.intros(9)	pss_paper	pss_paper.Trans_Mark_rel.intros	9	470736	isabelle/pss_paper.thy	1148	true	5234256	0	true
pss_paper.Trans_Mark_rel.intros(10)	pss_paper	pss_paper.Trans_Mark_rel.intros	10	470738	isabelle/pss_paper.thy	1148	true	5234256	0	true
pss_paper.Trans_Mark_rel.intros(11)	pss_paper	pss_paper.Trans_Mark_rel.intros	11	470740	isabelle/pss_paper.thy	1148	true	5234256	0	true
pss_paper.Trans_Mark_rel.cases	pss_paper	pss_paper.Trans_Mark_rel.cases	0	470742	isabelle/pss_paper.thy	1148	true	5234256	0	true
pss_paper.Trans_Mark_rel.induct	pss_paper	pss_paper.Trans_Mark_rel.induct	0	470744	isabelle/pss_paper.thy	1148	true	5234256	0	true
pss_paper.Trans_Mark_rel.simps	pss_paper	pss_paper.Trans_Mark_rel.simps	0	470746	isabelle/pss_paper.thy	1148	true	5234256	0	true
pss_paper.Trans_Mark_rel.inducts	pss_paper	pss_paper.Trans_Mark_rel.inducts	0	470748	isabelle/pss_paper.thy	1148	true	5234256	0	true
pss_paper.Trans.psimps	pss_paper	pss_paper.Trans.psimps	0	475908	isabelle/pss_paper.thy	1148	false	5234256	0	true
pss_paper.Mark.psimps	pss_paper	pss_paper.Mark.psimps	0	475910	isabelle/pss_paper.thy	1148	false	5234256	0	true
pss_paper.Trans_Mark.pinduct(1)	pss_paper	pss_paper.Trans_Mark.pinduct	1	475912	isabelle/pss_paper.thy	1148	false	5234256	0	true
pss_paper.Trans_Mark.pinduct(2)	pss_paper	pss_paper.Trans_Mark.pinduct	2	475914	isabelle/pss_paper.thy	1148	false	5234256	0	true
pss_paper.Trans_Mark.termination	pss_paper	pss_paper.Trans_Mark.termination	0	475916	isabelle/pss_paper.thy	1148	true	5234256	0	true
pss_paper.Trans.cases	pss_paper	pss_paper.Trans.cases	0	475918	isabelle/pss_paper.thy	1148	false	5234256	0	true
pss_paper.Mark.cases	pss_paper	pss_paper.Mark.cases	0	475920	isabelle/pss_paper.thy	1148	false	5234256	0	true
pss_paper.Trans.pelims	pss_paper	pss_paper.Trans.pelims	0	475922	isabelle/pss_paper.thy	1148	false	5234256	0	true
pss_paper.Mark.pelims	pss_paper	pss_paper.Mark.pelims	0	475924	isabelle/pss_paper.thy	1148	false	5234256	0	true
pss_paper.Trans_Mark.domintros(1)	pss_paper	pss_paper.Trans_Mark.domintros	1	475926	isabelle/pss_paper.thy	1148	false	5234256	0	true
pss_paper.Trans_Mark.domintros(2)	pss_paper	pss_paper.Trans_Mark.domintros	2	475928	isabelle/pss_paper.thy	1148	false	5234256	0	true
pss_paper.transJ1_def	pss_paper	pss_paper.transJ1_def	0	475934	isabelle/pss_paper.thy	1226	false	5249342	0	false
pss_paper.transJ0_def	pss_paper	pss_paper.transJ0_def	0	475942	isabelle/pss_paper.thy	1228	false	5249398	0	false
pss_paper.transJm1_def	pss_paper	pss_paper.transJm1_def	0	475950	isabelle/pss_paper.thy	1230	false	5249454	0	false
pss_paper.transT1_def	pss_paper	pss_paper.transT1_def	0	475958	isabelle/pss_paper.thy	1232	false	5249510	0	false
pss_paper.transC1_def	pss_paper	pss_paper.transC1_def	0	475966	isabelle/pss_paper.thy	1234	false	5249566	0	false
pss_paper.transV_def	pss_paper	pss_paper.transV_def	0	475974	isabelle/pss_paper.thy	1236	false	5249622	0	false
pss_paper.transT2_def	pss_paper	pss_paper.transT2_def	0	475982	isabelle/pss_paper.thy	1238	false	5249678	0	false
pss_paper.transC2_def	pss_paper	pss_paper.transC2_def	0	475990	isabelle/pss_paper.thy	1240	false	5249734	0	false
pss_paper.p_7_3_twoColumn(1)	pss_paper	pss_paper.p_7_3_twoColumn	1	476000	isabelle/pss_paper.thy	1263	false	5249984	0	true
pss_paper.p_7_3_twoColumn(2)	pss_paper	pss_paper.p_7_3_twoColumn	2	476002	isabelle/pss_paper.thy	1263	false	5249984	0	true
pss_paper.p_7_3_twoColumn(3)	pss_paper	pss_paper.p_7_3_twoColumn	3	476004	isabelle/pss_paper.thy	1263	false	5249984	0	true
pss_paper.p_7_3_twoColumn(4)	pss_paper	pss_paper.p_7_3_twoColumn	4	476006	isabelle/pss_paper.thy	1263	false	5249984	0	true
pss_paper.p_7_3_twoColumn(5)	pss_paper	pss_paper.p_7_3_twoColumn	5	476008	isabelle/pss_paper.thy	1263	false	5249984	0	true
pss_paper.p_7_3_Trans_IncrFirst_Red(1)	pss_paper	pss_paper.p_7_3_Trans_IncrFirst_Red	1	476014	isabelle/pss_paper.thy	1273	false	5250058	0	true
pss_paper.p_7_3_Trans_IncrFirst_Red(2)	pss_paper	pss_paper.p_7_3_Trans_IncrFirst_Red	2	476018	isabelle/pss_paper.thy	1273	false	5250058	0	true
pss_paper.p_7_3_Mark_IncrFirst_Red(1)	pss_paper	pss_paper.p_7_3_Mark_IncrFirst_Red	1	476026	isabelle/pss_paper.thy	1280	false	5250116	0	true
pss_paper.p_7_3_Mark_IncrFirst_Red(2)	pss_paper	pss_paper.p_7_3_Mark_IncrFirst_Red	2	476028	isabelle/pss_paper.thy	1280	false	5250116	0	true
pss_paper.p_7_3_Trans_zeroT	pss_paper	pss_paper.p_7_3_Trans_zeroT	0	476036	isabelle/pss_paper.thy	1287	false	5250182	0	true
pss_paper.p_7_3_c1_c2(1)	pss_paper	pss_paper.p_7_3_c1_c2	1	476044	isabelle/pss_paper.thy	1298	false	5250240	0	true
pss_paper.p_7_3_c1_c2(2)	pss_paper	pss_paper.p_7_3_c1_c2	2	476046	isabelle/pss_paper.thy	1298	false	5250240	0	true
pss_paper.p_7_3_c1_c2(3)	pss_paper	pss_paper.p_7_3_c1_c2	3	476048	isabelle/pss_paper.thy	1298	false	5250240	0	true
pss_paper.p_7_3_Pred_Trans_descend	pss_paper	pss_paper.p_7_3_Pred_Trans_descend	0	476056	isabelle/pss_paper.thy	1306	false	5250306	0	true
pss_paper.p_7_3_Mark_rightmost1	pss_paper	pss_paper.p_7_3_Mark_rightmost1	0	476064	isabelle/pss_paper.thy	1313	false	5250364	0	true
pss_paper.p_7_3_Trans_monoT	pss_paper	pss_paper.p_7_3_Trans_monoT	0	476072	isabelle/pss_paper.thy	1330	false	5250430	0	true
pss_paper.p_7_4_Adm_nextAdm	pss_paper	pss_paper.p_7_4_Adm_nextAdm	0	476080	isabelle/pss_paper.thy	1343	false	5250504	0	true
pss_paper.p_7_4_Trans_nextAdm	pss_paper	pss_paper.p_7_4_Trans_nextAdm	0	476088	isabelle/pss_paper.thy	1356	false	5250570	0	true
pss_paper.p_7_4_Mark_nextAdm	pss_paper	pss_paper.p_7_4_Mark_nextAdm	0	476096	isabelle/pss_paper.thy	1371	false	5250636	0	true
pss_paper.p_7_4_Trans_Mark_Pred	pss_paper	pss_paper.p_7_4_Trans_Mark_Pred	0	476104	isabelle/pss_paper.thy	1387	false	5250712	0	true
pss_paper.p_7_4_Mark_Trans_repr	pss_paper	pss_paper.p_7_4_Mark_Trans_repr	0	476112	isabelle/pss_paper.thy	1403	false	5250780	0	true
pss_paper.p_7_4_Trans_Mark_seg	pss_paper	pss_paper.p_7_4_Trans_Mark_seg	0	476118	isabelle/pss_paper.thy	1416	false	5250846	0	true
pss_paper.p_7_4_RightNodes_Mark	pss_paper	pss_paper.p_7_4_RightNodes_Mark	0	476128	isabelle/pss_paper.thy	1432	false	5250914	0	true
pss_paper.RightAnces_graph.intros	pss_paper	pss_paper.RightAnces_graph.intros	0	476148	isabelle/pss_paper.thy	1445	true	5250984	0	true
pss_paper.RightAnces_graph.cases	pss_paper	pss_paper.RightAnces_graph.cases	0	476150	isabelle/pss_paper.thy	1445	true	5250984	0	true
pss_paper.RightAnces_graph.induct	pss_paper	pss_paper.RightAnces_graph.induct	0	476152	isabelle/pss_paper.thy	1445	true	5250984	0	true
pss_paper.RightAnces_graph.simps	pss_paper	pss_paper.RightAnces_graph.simps	0	476154	isabelle/pss_paper.thy	1445	true	5250984	0	true
pss_paper.RightAnces_graph.inducts	pss_paper	pss_paper.RightAnces_graph.inducts	0	476156	isabelle/pss_paper.thy	1445	true	5250984	0	true
pss_paper.RightAnces_rel.intros(1)	pss_paper	pss_paper.RightAnces_rel.intros	1	476186	isabelle/pss_paper.thy	1445	true	5250984	0	true
pss_paper.RightAnces_rel.intros(2)	pss_paper	pss_paper.RightAnces_rel.intros	2	476188	isabelle/pss_paper.thy	1445	true	5250984	0	true
pss_paper.RightAnces_rel.intros(3)	pss_paper	pss_paper.RightAnces_rel.intros	3	476190	isabelle/pss_paper.thy	1445	true	5250984	0	true
pss_paper.RightAnces_rel.cases	pss_paper	pss_paper.RightAnces_rel.cases	0	476192	isabelle/pss_paper.thy	1445	true	5250984	0	true
pss_paper.RightAnces_rel.induct	pss_paper	pss_paper.RightAnces_rel.induct	0	476194	isabelle/pss_paper.thy	1445	true	5250984	0	true
pss_paper.RightAnces_rel.simps	pss_paper	pss_paper.RightAnces_rel.simps	0	476196	isabelle/pss_paper.thy	1445	true	5250984	0	true
pss_paper.RightAnces_rel.inducts	pss_paper	pss_paper.RightAnces_rel.inducts	0	476198	isabelle/pss_paper.thy	1445	true	5250984	0	true
pss_paper.RightAnces.psimps	pss_paper	pss_paper.RightAnces.psimps	0	476490	isabelle/pss_paper.thy	1445	false	5250984	0	true
pss_paper.RightAnces.pinduct	pss_paper	pss_paper.RightAnces.pinduct	0	476492	isabelle/pss_paper.thy	1445	false	5250984	0	true
pss_paper.RightAnces.termination	pss_paper	pss_paper.RightAnces.termination	0	476494	isabelle/pss_paper.thy	1445	true	5250984	0	true
pss_paper.RightAnces.cases	pss_paper	pss_paper.RightAnces.cases	0	476496	isabelle/pss_paper.thy	1445	false	5250984	0	true
pss_paper.RightAnces.pelims	pss_paper	pss_paper.RightAnces.pelims	0	476498	isabelle/pss_paper.thy	1445	false	5250984	0	true
pss_paper.RightAnces.domintros	pss_paper	pss_paper.RightAnces.domintros	0	476500	isabelle/pss_paper.thy	1445	false	5250984	0	true
pss_paper.p_7_4_RightAnces_RightNodes	pss_paper	pss_paper.p_7_4_RightAnces_RightNodes	0	476508	isabelle/pss_paper.thy	1464	false	5253408	0	true
pss_paper.p_7_4_RightAnces_zeroT	pss_paper	pss_paper.p_7_4_RightAnces_zeroT	0	476514	isabelle/pss_paper.thy	1471	false	5253464	0	true
pss_paper.p_8_2_standard_slice_Red_strongmono	pss_paper	pss_paper.p_8_2_standard_slice_Red_strongmono	0	476524	isabelle/pss_paper.thy	1499	false	5253568	0	true
pss_paper.p_8_2_strongmono_slice	pss_paper	pss_paper.p_8_2_strongmono_slice	0	476532	isabelle/pss_paper.thy	1509	false	5253642	0	true
pss_paper.p_8_2_subexpr_component_Pred	pss_paper	pss_paper.p_8_2_subexpr_component_Pred	0	476540	isabelle/pss_paper.thy	1523	false	5253722	0	true
pss_paper.p_8_2_subexpr_component_strongmono	pss_paper	pss_paper.p_8_2_subexpr_component_strongmono	0	476548	isabelle/pss_paper.thy	1563	false	5253812	0	true
pss_paper.p_8_2_condV_rightmost_parent	pss_paper	pss_paper.p_8_2_condV_rightmost_parent	0	476556	isabelle/pss_paper.thy	1588	false	5253896	0	true
pss_paper.p_8_2_condV_terminal_slice_Trans	pss_paper	pss_paper.p_8_2_condV_terminal_slice_Trans	0	476564	isabelle/pss_paper.thy	1607	false	5253988	0	true
pss_paper.p_8_2_condIIIV_terminal_slice_Trans	pss_paper	pss_paper.p_8_2_condIIIV_terminal_slice_Trans	0	476572	isabelle/pss_paper.thy	1627	false	5254086	0	true
pss_paper.p_8_1_diagSeq_Trans	pss_paper	pss_paper.p_8_1_diagSeq_Trans	0	476580	isabelle/pss_paper.thy	1658	false	5254216	0	true
pss_paper.p_8_1_Pred_diagSeq_Trans	pss_paper	pss_paper.p_8_1_Pred_diagSeq_Trans	0	476588	isabelle/pss_paper.thy	1670	false	5254282	0	true
pss_paper.p_8_1_condI_III_c1_around	pss_paper	pss_paper.p_8_1_condI_III_c1_around	0	476596	isabelle/pss_paper.thy	1710	false	5254364	0	true
pss_paper.p_8_1_Trans_fseq_condI(1)	pss_paper	pss_paper.p_8_1_Trans_fseq_condI	1	476604	isabelle/pss_paper.thy	1769	false	5254672	0	true
pss_paper.p_8_1_Trans_fseq_condI(2)	pss_paper	pss_paper.p_8_1_Trans_fseq_condI	2	476606	isabelle/pss_paper.thy	1769	false	5254672	0	true
pss_paper.p_8_3_kind0_base_ineq	pss_paper	pss_paper.p_8_3_kind0_base_ineq	0	476614	isabelle/pss_paper.thy	1795	false	5254782	0	true
pss_paper.p_8_3_kind0_branch_rule	pss_paper	pss_paper.p_8_3_kind0_branch_rule	0	476622	isabelle/pss_paper.thy	1813	false	5254874	0	true
pss_paper.p_8_3_kind0_base_basepoint(1)	pss_paper	pss_paper.p_8_3_kind0_base_basepoint	1	476630	isabelle/pss_paper.thy	1832	false	5254950	0	true
pss_paper.p_8_3_kind0_base_basepoint(2)	pss_paper	pss_paper.p_8_3_kind0_base_basepoint	2	476632	isabelle/pss_paper.thy	1832	false	5254950	0	true
pss_paper.p_8_3_TransCondII_oper_descend	pss_paper	pss_paper.p_8_3_TransCondII_oper_descend	0	476640	isabelle/pss_paper.thy	1863	false	5255028	0	true
pss_paper.p_8_4_Trans_oper_exchange(1)	pss_paper	pss_paper.p_8_4_Trans_oper_exchange	1	476648	isabelle/pss_paper.thy	1909	false	5255128	0	true
pss_paper.p_8_4_Trans_oper_exchange(2)	pss_paper	pss_paper.p_8_4_Trans_oper_exchange	2	476650	isabelle/pss_paper.thy	1909	false	5255128	0	true
pss_paper.p_8_4_Trans_oper_exchange(3)	pss_paper	pss_paper.p_8_4_Trans_oper_exchange	3	476652	isabelle/pss_paper.thy	1909	false	5255128	0	true
pss_paper.p_8_4_rightmost_nonadm_ancestor(1)	pss_paper	pss_paper.p_8_4_rightmost_nonadm_ancestor	1	476660	isabelle/pss_paper.thy	1931	false	5255216	0	true
pss_paper.p_8_4_rightmost_nonadm_ancestor(2)	pss_paper	pss_paper.p_8_4_rightmost_nonadm_ancestor	2	476662	isabelle/pss_paper.thy	1931	false	5255216	0	true
pss_paper.p_8_4_rightmost_nonadm_ancestor(3)	pss_paper	pss_paper.p_8_4_rightmost_nonadm_ancestor	3	476664	isabelle/pss_paper.thy	1931	false	5255216	0	true
pss_paper.p_8_4_rightmost_nonadm_ancestor(4)	pss_paper	pss_paper.p_8_4_rightmost_nonadm_ancestor	4	476666	isabelle/pss_paper.thy	1931	false	5255216	0	true
pss_paper.p_8_4_oper_basic(1)	pss_paper	pss_paper.p_8_4_oper_basic	1	476674	isabelle/pss_paper.thy	2017	false	5255434	0	true
pss_paper.p_8_4_oper_basic(2)	pss_paper	pss_paper.p_8_4_oper_basic	2	476676	isabelle/pss_paper.thy	2017	false	5255434	0	true
pss_paper.p_8_4_oper_basic(3)	pss_paper	pss_paper.p_8_4_oper_basic	3	476678	isabelle/pss_paper.thy	2017	false	5255434	0	true
pss_paper.p_8_5_Trans_oper_exchange(1)	pss_paper	pss_paper.p_8_5_Trans_oper_exchange	1	476686	isabelle/pss_paper.thy	2070	false	5255594	0	true
pss_paper.p_8_5_Trans_oper_exchange(2)	pss_paper	pss_paper.p_8_5_Trans_oper_exchange	2	476688	isabelle/pss_paper.thy	2070	false	5255594	0	true
pss_paper.p_8_5_Trans_oper_exchange(3)	pss_paper	pss_paper.p_8_5_Trans_oper_exchange	3	476690	isabelle/pss_paper.thy	2070	false	5255594	0	true
pss_paper.p_8_5_Joints_FirstNodes_basic(1)	pss_paper	pss_paper.p_8_5_Joints_FirstNodes_basic	1	476698	isabelle/pss_paper.thy	2098	false	5255694	0	true
pss_paper.p_8_5_Joints_FirstNodes_basic(2)	pss_paper	pss_paper.p_8_5_Joints_FirstNodes_basic	2	476700	isabelle/pss_paper.thy	2098	false	5255694	0	true
pss_paper.p_8_5_Joints_FirstNodes_basic(3)	pss_paper	pss_paper.p_8_5_Joints_FirstNodes_basic	3	476702	isabelle/pss_paper.thy	2098	false	5255694	0	true
pss_paper.p_8_5_Joints_FirstNodes_basic(4)	pss_paper	pss_paper.p_8_5_Joints_FirstNodes_basic	4	476704	isabelle/pss_paper.thy	2098	false	5255694	0	true
pss_paper.p_8_6_const2nd_Trans	pss_paper	pss_paper.p_8_6_const2nd_Trans	0	476712	isabelle/pss_paper.thy	2162	false	5255840	0	true
pss_paper.p_8_6_diagSeq_Trans_oper	pss_paper	pss_paper.p_8_6_diagSeq_Trans_oper	0	476720	isabelle/pss_paper.thy	2176	false	5255922	0	true
pss_paper.p_8_6_trailing_principal_annihilable	pss_paper	pss_paper.p_8_6_trailing_principal_annihilable	0	476728	isabelle/pss_paper.thy	2191	false	5256004	0	true
pss_paper.p_8_6_Trans_fseq_condVI	pss_paper	pss_paper.p_8_6_Trans_fseq_condVI	0	476736	isabelle/pss_paper.thy	2218	false	5256106	0	true
pss_paper.p_8_7_const00_Trans	pss_paper	pss_paper.p_8_7_const00_Trans	0	476744	isabelle/pss_paper.thy	2243	false	5256228	0	true
pss_paper.p_8_7_fseq_descend	pss_paper	pss_paper.p_8_7_fseq_descend	0	476752	isabelle/pss_paper.thy	2253	false	5256292	0	true
pss_paper.p_8_7_OT_scb_recursive	pss_paper	pss_paper.p_8_7_OT_scb_recursive	0	476760	isabelle/pss_paper.thy	2263	false	5256360	0	true
pss_paper.p_8_7_OT_dom_hereditary	pss_paper	pss_paper.p_8_7_OT_dom_hereditary	0	476768	isabelle/pss_paper.thy	2273	false	5256434	0	true
pss_paper.p_8_7_OT_tail_annihilable	pss_paper	pss_paper.p_8_7_OT_tail_annihilable	0	476776	isabelle/pss_paper.thy	2284	false	5256508	0	true
pss_paper.p_8_7_Pred_oper0	pss_paper	pss_paper.p_8_7_Pred_oper0	0	476784	isabelle/pss_paper.thy	2298	false	5256602	0	true
pss_paper.p_8_7_OT_examples(1)	pss_paper	pss_paper.p_8_7_OT_examples	1	476792	isabelle/pss_paper.thy	2307	false	5256664	0	true
pss_paper.p_8_7_OT_examples(2)	pss_paper	pss_paper.p_8_7_OT_examples	2	476794	isabelle/pss_paper.thy	2307	false	5256664	0	true
pss_paper.p_8_7_OT_examples(3)	pss_paper	pss_paper.p_8_7_OT_examples	3	476796	isabelle/pss_paper.thy	2307	false	5256664	0	true
pss_paper.p_8_7_OT_examples(4)	pss_paper	pss_paper.p_8_7_OT_examples	4	476798	isabelle/pss_paper.thy	2307	false	5256664	0	true
pss_paper.p_8_7_Trans_preserves_OT	pss_paper	pss_paper.p_8_7_Trans_preserves_OT	0	476806	isabelle/pss_paper.thy	2317	false	5256752	0	true
pss_paper.p_8_7_termination	pss_paper	pss_paper.p_8_7_termination	0	476814	isabelle/pss_paper.thy	2329	false	5256808	0	true
pss_mechanized.Pred_preserves_T_PS	pss_mechanized	pss_mechanized.Pred_preserves_T_PS	0	476820	isabelle/pss_mechanized.thy	19	false	5256900	0	false
pss_mechanized.Lng_Pred_lt	pss_mechanized	pss_mechanized.Lng_Pred_lt	0	476828	isabelle/pss_mechanized.thy	31	false	5256938	0	false
pss_mechanized.le0_refl	pss_mechanized	pss_mechanized.le0_refl	0	476850	isabelle/pss_mechanized.thy	38	false	5257034	0	false
pss_mechanized.leR_refl	pss_mechanized	pss_mechanized.leR_refl	0	476884	isabelle/pss_mechanized.thy	43	false	5257092	0	false
pss_mechanized.nextrel0_rtrancl_mono	pss_mechanized	pss_mechanized.nextrel0_rtrancl_mono	0	476900	isabelle/pss_mechanized.thy	53	false	5257196	0	false
pss_mechanized.m_5_1_parent_exists_1	pss_mechanized	pss_mechanized.m_5_1_parent_exists_1	0	476928	isabelle/pss_mechanized.thy	60	false	5257310	0	false
pss_mechanized.m_5_1_parent_basic_1	pss_mechanized	pss_mechanized.m_5_1_parent_basic_1	0	476936	isabelle/pss_mechanized.thy	89	false	5257406	0	false
pss_mechanized.m_5_1_parent_basic_2	pss_mechanized	pss_mechanized.m_5_1_parent_basic_2	0	476962	isabelle/pss_mechanized.thy	102	false	5257536	0	false
pss_mechanized.le0_ances_aux	pss_mechanized	pss_mechanized.le0_ances_aux	0	476986	isabelle/pss_mechanized.thy	118	false	5257654	0	false
pss_mechanized.m_5_1_ancestor_basic_1	pss_mechanized	pss_mechanized.m_5_1_ancestor_basic_1	0	477034	isabelle/pss_mechanized.thy	166	false	5257824	0	false
pss_mechanized.m_5_1_parent_exists_2	pss_mechanized	pss_mechanized.m_5_1_parent_exists_2	0	477058	isabelle/pss_mechanized.thy	176	false	5258034	0	false
pss_mechanized.le0_build	pss_mechanized	pss_mechanized.le0_build	0	477112	isabelle/pss_mechanized.thy	214	false	5258222	0	false
pss_mechanized.m_5_1_parent_exists_3	pss_mechanized	pss_mechanized.m_5_1_parent_exists_3	0	477138	isabelle/pss_mechanized.thy	247	false	5258476	0	false
pss_mechanized.m_5_1_ancestor_tree_1	pss_mechanized	pss_mechanized.m_5_1_ancestor_tree_1	0	477158	isabelle/pss_mechanized.thy	259	false	5258700	0	false
pss_mechanized.nextrel1_rtrancl_mono	pss_mechanized	pss_mechanized.nextrel1_rtrancl_mono	0	477174	isabelle/pss_mechanized.thy	282	false	5258956	0	false
pss_mechanized.le1_ances_aux	pss_mechanized	pss_mechanized.le1_ances_aux	0	477250	isabelle/pss_mechanized.thy	289	false	5259114	0	false
pss_mechanized.m_5_1_ancestor_basic_2	pss_mechanized	pss_mechanized.m_5_1_ancestor_basic_2	0	477352	isabelle/pss_mechanized.thy	336	false	5259346	0	false
pss_mechanized.le0_trans	pss_mechanized	pss_mechanized.le0_trans	0	477422	isabelle/pss_mechanized.thy	347	false	5259544	0	false
pss_mechanized.nextrel1_imp_nextrel0_rtrancl	pss_mechanized	pss_mechanized.nextrel1_imp_nextrel0_rtrancl	0	477490	isabelle/pss_mechanized.thy	352	false	5259682	0	false
pss_mechanized.m_le1_imp_le0	pss_mechanized	pss_mechanized.m_le1_imp_le0	0	477540	isabelle/pss_mechanized.thy	365	false	5259834	0	false
pss_mechanized.le1_build	pss_mechanized	pss_mechanized.le1_build	0	477620	isabelle/pss_mechanized.thy	372	false	5260028	0	false
pss_mechanized.m_5_1_parent_exists_4	pss_mechanized	pss_mechanized.m_5_1_parent_exists_4	0	477662	isabelle/pss_mechanized.thy	420	false	5260304	0	false
pss_mechanized.m_5_1_ancestor_tree_2	pss_mechanized	pss_mechanized.m_5_1_ancestor_tree_2	0	477686	isabelle/pss_mechanized.thy	438	false	5260562	0	false
pss_mechanized.take_append_map_nth	pss_mechanized	pss_mechanized.take_append_map_nth	0	477722	isabelle/pss_mechanized.thy	480	false	5260714	0	false
pss_mechanized.entry_pair	pss_mechanized	pss_mechanized.entry_pair	0	477764	isabelle/pss_mechanized.thy	493	false	5261000	0	false
pss_mechanized.oper1_eq	pss_mechanized	pss_mechanized.oper1_eq	0	478186	isabelle/pss_mechanized.thy	501	false	5261110	0	false
pss_mechanized.m_5_3_pred_is_oper1	pss_mechanized	pss_mechanized.m_5_3_pred_is_oper1	0	478242	isabelle/pss_mechanized.thy	513	false	5261664	0	false
pss_mechanized.m_5_4_F_oper_dom	pss_mechanized	pss_mechanized.m_5_4_F_oper_dom	0	478312	isabelle/pss_mechanized.thy	560	false	5261808	0	true
pss_mechanized.m_5_4_F_oper_val	pss_mechanized	pss_mechanized.m_5_4_F_oper_val	0	478408	isabelle/pss_mechanized.thy	580	false	5261944	0	false
pss_mechanized.Lng_IncrFirst	pss_mechanized	pss_mechanized.Lng_IncrFirst	0	478456	isabelle/pss_mechanized.thy	588	false	5262168	0	false
pss_mechanized.entry_IncrFirst	pss_mechanized	pss_mechanized.entry_IncrFirst	0	478520	isabelle/pss_mechanized.thy	591	false	5262292	0	false
pss_mechanized.nextrel0_IncrFirst_eq	pss_mechanized	pss_mechanized.nextrel0_IncrFirst_eq	0	478572	isabelle/pss_mechanized.thy	596	false	5262456	0	false
pss_mechanized.le0_IncrFirst_eq	pss_mechanized	pss_mechanized.le0_IncrFirst_eq	0	478622	isabelle/pss_mechanized.thy	603	false	5262524	0	false
pss_mechanized.nextrel1_IncrFirst_eq	pss_mechanized	pss_mechanized.nextrel1_IncrFirst_eq	0	478644	isabelle/pss_mechanized.thy	606	false	5262656	0	false
pss_mechanized.le1_IncrFirst_eq	pss_mechanized	pss_mechanized.le1_IncrFirst_eq	0	478658	isabelle/pss_mechanized.thy	614	false	5262710	0	false
pss_mechanized.m_6_1_le_IncrFirst_inv	pss_mechanized	pss_mechanized.m_6_1_le_IncrFirst_inv	0	478678	isabelle/pss_mechanized.thy	619	false	5262806	0	false
pss_mechanized.T_PS_Lng_gt1	pss_mechanized	pss_mechanized.T_PS_Lng_gt1	0	478702	isabelle/pss_mechanized.thy	627	false	5262920	0	true
pss_mechanized.m_6_2_not_multi_iff_le	pss_mechanized	pss_mechanized.m_6_2_not_multi_iff_le	0	478754	isabelle/pss_mechanized.thy	634	false	5263018	0	false
pss_mechanized.m_6_2_multi_crit_23	pss_mechanized	pss_mechanized.m_6_2_multi_crit_23	0	478868	isabelle/pss_mechanized.thy	663	false	5263168	0	true
pss_mechanized.m_6_2_multi_crit_12	pss_mechanized	pss_mechanized.m_6_2_multi_crit_12	0	478940	isabelle/pss_mechanized.thy	696	false	5263374	0	true
pss_mechanized.Lng_seg	pss_mechanized	pss_mechanized.Lng_seg	0	478982	isabelle/pss_mechanized.thy	703	false	5263482	0	false
pss_mechanized.entry_seg	pss_mechanized	pss_mechanized.entry_seg	0	479150	isabelle/pss_mechanized.thy	706	false	5263594	0	false
pss_mechanized.m_6_2_mono_ancestor_slice	pss_mechanized	pss_mechanized.m_6_2_mono_ancestor_slice	0	479374	isabelle/pss_mechanized.thy	720	false	5263820	0	false
pss_mechanized.m_6_2_mono_prefix	pss_mechanized	pss_mechanized.m_6_2_mono_prefix	0	479504	isabelle/pss_mechanized.thy	749	false	5263972	0	true
pss_mechanized.multiT_imp_Lng_gt1	pss_mechanized	pss_mechanized.multiT_imp_Lng_gt1	0	479528	isabelle/pss_mechanized.thy	766	false	5264088	0	true
pss_mechanized.P_nonempty	pss_mechanized	pss_mechanized.P_nonempty	0	479566	isabelle/pss_mechanized.thy	779	false	5264168	0	true
pss_mechanized.m_6_2_P_components_2	pss_mechanized	pss_mechanized.m_6_2_P_components_2	0	479644	isabelle/pss_mechanized.thy	784	false	5264258	0	true
pss_mechanized.IncrFirst_zeroT_eq	pss_mechanized	pss_mechanized.IncrFirst_zeroT_eq	0	479724	isabelle/pss_mechanized.thy	809	false	5264328	0	false
pss_mechanized.IncrFirst_monoT_eq	pss_mechanized	pss_mechanized.IncrFirst_monoT_eq	0	479812	isabelle/pss_mechanized.thy	818	false	5264384	0	false
pss_mechanized.IncrFirst_multiT_eq	pss_mechanized	pss_mechanized.IncrFirst_multiT_eq	0	479882	isabelle/pss_mechanized.thy	821	false	5264438	0	false
pss_mechanized.IncrFirst_Pcut_eq	pss_mechanized	pss_mechanized.IncrFirst_Pcut_eq	0	479968	isabelle/pss_mechanized.thy	824	false	5264522	0	false
pss_mechanized.IncrFirst_take	pss_mechanized	pss_mechanized.IncrFirst_take	0	480022	isabelle/pss_mechanized.thy	827	false	5264604	0	false
pss_mechanized.IncrFirst_drop	pss_mechanized	pss_mechanized.IncrFirst_drop	0	480044	isabelle/pss_mechanized.thy	830	false	5264776	0	false
pss_mechanized.m_6_2_P_IncrFirst	pss_mechanized	pss_mechanized.m_6_2_P_IncrFirst	0	480108	isabelle/pss_mechanized.thy	833	false	5264842	0	true
pss_mechanized.P_funpow_IncrFirst	pss_mechanized	pss_mechanized.P_funpow_IncrFirst	0	480144	isabelle/pss_mechanized.thy	865	false	5264950	0	true
pss_mechanized.drop_eq_map_nth	pss_mechanized	pss_mechanized.drop_eq_map_nth	0	480246	isabelle/pss_mechanized.thy	887	false	5265102	0	false
pss_mechanized.seg_0_eq_take	pss_mechanized	pss_mechanized.seg_0_eq_take	0	480300	isabelle/pss_mechanized.thy	890	false	5265194	0	false
pss_mechanized.seg_to_last_eq_drop	pss_mechanized	pss_mechanized.seg_to_last_eq_drop	0	480370	isabelle/pss_mechanized.thy	896	false	5265298	0	false
pss_mechanized.P_add_drop_eq_map_nth	pss_mechanized	pss_mechanized.P_add_drop_eq_map_nth	0	480422	isabelle/pss_mechanized.thy	907	false	5265392	0	false
pss_mechanized.P_add_seg_0_eq_take	pss_mechanized	pss_mechanized.P_add_seg_0_eq_take	0	480462	isabelle/pss_mechanized.thy	911	false	5265504	0	false
pss_mechanized.P_add_seg_to_last_eq_drop	pss_mechanized	pss_mechanized.P_add_seg_to_last_eq_drop	0	480500	isabelle/pss_mechanized.thy	917	false	5265572	0	false
pss_mechanized.P_add_Pcut_props	pss_mechanized	pss_mechanized.P_add_Pcut_props	0	480548	isabelle/pss_mechanized.thy	932	false	5265798	0	false
pss_mechanized.P_add_Pcut_left_min	pss_mechanized	pss_mechanized.P_add_Pcut_left_min	0	480642	isabelle/pss_mechanized.thy	949	false	5265948	0	false
pss_mechanized.P_add_drop_ancestor	pss_mechanized	pss_mechanized.P_add_drop_ancestor	0	480730	isabelle/pss_mechanized.thy	994	false	5266144	0	true
pss_mechanized.m_6_2_P_additive	pss_mechanized	pss_mechanized.m_6_2_P_additive	0	480978	isabelle/pss_mechanized.thy	1033	false	5266362	0	true
pss_mechanized.Pcut_le	pss_mechanized	pss_mechanized.Pcut_le	0	481020	isabelle/pss_mechanized.thy	1163	false	5266534	0	false
pss_mechanized.drop_eq_seg	pss_mechanized	pss_mechanized.drop_eq_seg	0	481098	isabelle/pss_mechanized.thy	1177	false	5266626	0	false
pss_mechanized.m_6_2_P_components_1	pss_mechanized	pss_mechanized.m_6_2_P_components_1	0	481216	isabelle/pss_mechanized.thy	1191	false	5266802	0	true
pss_mechanized.adm_nextrel0_seg	pss_mechanized	pss_mechanized.adm_nextrel0_seg	0	481310	isabelle/pss_mechanized.thy	1280	false	5266964	0	false
pss_mechanized.adm_le0_seg_M_to_N	pss_mechanized	pss_mechanized.adm_le0_seg_M_to_N	0	481416	isabelle/pss_mechanized.thy	1333	false	5267132	0	false
pss_mechanized.adm_le0_seg_N_to_M	pss_mechanized	pss_mechanized.adm_le0_seg_N_to_M	0	481544	isabelle/pss_mechanized.thy	1357	false	5267296	0	false
pss_mechanized.adm_le0_seg	pss_mechanized	pss_mechanized.adm_le0_seg	0	481600	isabelle/pss_mechanized.thy	1379	false	5267468	0	false
pss_mechanized.adm_nextrel1_seg	pss_mechanized	pss_mechanized.adm_nextrel1_seg	0	481698	isabelle/pss_mechanized.thy	1411	false	5267804	0	false
pss_mechanized.adm_nextR1_seg	pss_mechanized	pss_mechanized.adm_nextR1_seg	0	481770	isabelle/pss_mechanized.thy	1485	false	5268006	0	false
pss_mechanized.m_6_3_adm_slice	pss_mechanized	pss_mechanized.m_6_3_adm_slice	0	481882	isabelle/pss_mechanized.thy	1492	false	5268174	0	true
pss_mechanized.adm_zero	pss_mechanized	pss_mechanized.adm_zero	0	481896	isabelle/pss_mechanized.thy	1560	false	5268322	0	true
pss_mechanized.adm_below_set_finite	pss_mechanized	pss_mechanized.adm_below_set_finite	0	481920	isabelle/pss_mechanized.thy	1569	false	5268432	0	false
pss_mechanized.adm_below_set_nonempty	pss_mechanized	pss_mechanized.adm_below_set_nonempty	0	481956	isabelle/pss_mechanized.thy	1572	false	5268562	0	true
pss_mechanized.adm_Adm_adm	pss_mechanized	pss_mechanized.adm_Adm_adm	0	481974	isabelle/pss_mechanized.thy	1587	false	5268718	0	true
pss_mechanized.adm_Adm_le	pss_mechanized	pss_mechanized.adm_Adm_le	0	481992	isabelle/pss_mechanized.thy	1601	false	5268824	0	true
pss_mechanized.adm_Adm_max	pss_mechanized	pss_mechanized.adm_Adm_max	0	482052	isabelle/pss_mechanized.thy	1615	false	5268898	0	false
pss_mechanized.m_6_3_admof_slice	pss_mechanized	pss_mechanized.m_6_3_admof_slice	0	482116	isabelle/pss_mechanized.thy	1631	false	5269012	0	true
pss_mechanized.m_6_3_marked_slice	pss_mechanized	pss_mechanized.m_6_3_marked_slice	0	482200	isabelle/pss_mechanized.thy	1691	false	5269238	0	true
pss_mechanized.poper_P_multi	pss_mechanized	pss_mechanized.poper_P_multi	0	482312	isabelle/pss_mechanized.thy	1735	false	5269390	0	true
pss_mechanized.poper_P_nonmulti	pss_mechanized	pss_mechanized.poper_P_nonmulti	0	482394	isabelle/pss_mechanized.thy	1740	false	5269480	0	true
pss_mechanized.poper_concat_P	pss_mechanized	pss_mechanized.poper_concat_P	0	482450	isabelle/pss_mechanized.thy	1745	false	5269580	0	true
pss_mechanized.poper_last_P_multi	pss_mechanized	pss_mechanized.poper_last_P_multi	0	482506	isabelle/pss_mechanized.thy	1768	false	5269660	0	true
pss_mechanized.poper_entry_drop	pss_mechanized	pss_mechanized.poper_entry_drop	0	482564	isabelle/pss_mechanized.thy	1779	false	5269762	0	false
pss_mechanized.poper_nextrel0_drop	pss_mechanized	pss_mechanized.poper_nextrel0_drop	0	482700	isabelle/pss_mechanized.thy	1786	false	5269922	0	false
pss_mechanized.poper_le0_drop_fwd	pss_mechanized	pss_mechanized.poper_le0_drop_fwd	0	482740	isabelle/pss_mechanized.thy	1841	false	5270070	0	false
pss_mechanized.poper_le0_drop_bwd	pss_mechanized	pss_mechanized.poper_le0_drop_bwd	0	482802	isabelle/pss_mechanized.thy	1856	false	5270166	0	false
pss_mechanized.poper_le0_drop	pss_mechanized	pss_mechanized.poper_le0_drop	0	482904	isabelle/pss_mechanized.thy	1878	false	5270288	0	true
pss_mechanized.poper_nextrel1_drop	pss_mechanized	pss_mechanized.poper_nextrel1_drop	0	482958	isabelle/pss_mechanized.thy	1900	false	5270534	0	true
pss_mechanized.poper_le1_drop_fwd	pss_mechanized	pss_mechanized.poper_le1_drop_fwd	0	483016	isabelle/pss_mechanized.thy	1964	false	5270720	0	true
pss_mechanized.poper_le1_drop_bwd	pss_mechanized	pss_mechanized.poper_le1_drop_bwd	0	483182	isabelle/pss_mechanized.thy	1979	false	5270828	0	true
pss_mechanized.poper_le1_drop	pss_mechanized	pss_mechanized.poper_le1_drop	0	483376	isabelle/pss_mechanized.thy	2001	false	5271006	0	true
pss_mechanized.poper_nextR_drop	pss_mechanized	pss_mechanized.poper_nextR_drop	0	483542	isabelle/pss_mechanized.thy	2023	false	5271184	0	true
pss_mechanized.poper_leR_drop	pss_mechanized	pss_mechanized.poper_leR_drop	0	483700	isabelle/pss_mechanized.thy	2029	false	5271338	0	true
pss_mechanized.poper_nextR_imp_le0	pss_mechanized	pss_mechanized.poper_nextR_imp_le0	0	483834	isabelle/pss_mechanized.thy	2037	false	5271472	0	false
pss_mechanized.poper_parent_ge_c	pss_mechanized	pss_mechanized.poper_parent_ge_c	0	483978	isabelle/pss_mechanized.thy	2058	false	5271574	0	false
pss_mechanized.poper_parent_set_drop	pss_mechanized	pss_mechanized.poper_parent_set_drop	0	484142	isabelle/pss_mechanized.thy	2091	false	5271716	0	true
pss_mechanized.poper_hasParent_drop	pss_mechanized	pss_mechanized.poper_hasParent_drop	0	484288	isabelle/pss_mechanized.thy	2130	false	5271968	0	true
pss_mechanized.poper_parent_drop	pss_mechanized	pss_mechanized.poper_parent_drop	0	484436	isabelle/pss_mechanized.thy	2171	false	5272094	0	true
pss_mechanized.poper_oper_expand	pss_mechanized	pss_mechanized.poper_oper_expand	0	484954	isabelle/pss_mechanized.thy	2203	false	5272284	0	false
pss_mechanized.poper_oper_nth0	pss_mechanized	pss_mechanized.poper_oper_nth0	0	485304	isabelle/pss_mechanized.thy	2227	false	5273118	0	true
pss_mechanized.poper_take_append_take_drop	pss_mechanized	pss_mechanized.poper_take_append_take_drop	0	485378	isabelle/pss_mechanized.thy	2297	false	5273404	0	false
pss_mechanized.poper_Pred_split	pss_mechanized	pss_mechanized.poper_Pred_split	0	485486	isabelle/pss_mechanized.thy	2302	false	5273564	0	false
pss_mechanized.poper_oper_drop	pss_mechanized	pss_mechanized.poper_oper_drop	0	485896	isabelle/pss_mechanized.thy	2324	false	5273748	0	true
pss_mechanized.m_6_2_P_oper_1	pss_mechanized	pss_mechanized.m_6_2_P_oper_1	0	486548	isabelle/pss_mechanized.thy	2470	false	5274112	0	true
pss_mechanized.m_6_2_P_oper_2	pss_mechanized	pss_mechanized.m_6_2_P_oper_2	0	487142	isabelle/pss_mechanized.thy	2539	false	5274572	0	true
pss_mechanized.idxsum_concat_P	pss_mechanized	pss_mechanized.idxsum_concat_P	0	487196	isabelle/pss_mechanized.thy	2658	false	5275098	0	true
pss_mechanized.idxsum_nth	pss_mechanized	pss_mechanized.idxsum_nth	0	487242	isabelle/pss_mechanized.thy	2682	false	5275152	0	true
pss_mechanized.idxsum_sum_take_mono	pss_mechanized	pss_mechanized.idxsum_sum_take_mono	0	487348	isabelle/pss_mechanized.thy	2695	false	5275246	0	true
pss_mechanized.idxsum_diff	pss_mechanized	pss_mechanized.idxsum_diff	0	487440	isabelle/pss_mechanized.thy	2709	false	5275382	0	true
pss_mechanized.idxsum_concat_block	pss_mechanized	pss_mechanized.idxsum_concat_block	0	487566	isabelle/pss_mechanized.thy	2727	false	5275494	0	false
pss_mechanized.map_nth_range_eq_take_drop	pss_mechanized	pss_mechanized.map_nth_range_eq_take_drop	0	487644	isabelle/pss_mechanized.thy	2748	false	5275606	0	false
pss_mechanized.idxsum_P_component_nonempty	pss_mechanized	pss_mechanized.idxsum_P_component_nonempty	0	487716	isabelle/pss_mechanized.thy	2755	false	5275764	0	true
pss_mechanized.m_6_4_P_IdxSum	pss_mechanized	pss_mechanized.m_6_4_P_IdxSum	0	487918	isabelle/pss_mechanized.thy	2776	false	5275894	0	true
pss_mechanized.idxsum_parent0_unique	pss_mechanized	pss_mechanized.idxsum_parent0_unique	0	488004	isabelle/pss_mechanized.thy	2823	false	5276004	0	false
pss_mechanized.idxsum_ex1_parent0_iff	pss_mechanized	pss_mechanized.idxsum_ex1_parent0_iff	0	488038	isabelle/pss_mechanized.thy	2854	false	5276098	0	false
pss_mechanized.idxsum_no_parent0_iff	pss_mechanized	pss_mechanized.idxsum_no_parent0_iff	0	488114	isabelle/pss_mechanized.thy	2860	false	5276196	0	false
pss_mechanized.idxsum_leftend_lmin	pss_mechanized	pss_mechanized.idxsum_leftend_lmin	0	488282	isabelle/pss_mechanized.thy	2888	false	5276324	0	true
pss_mechanized.idxsum_lmin_leftend	pss_mechanized	pss_mechanized.idxsum_lmin_leftend	0	488506	isabelle/pss_mechanized.thy	2983	false	5276510	0	true
pss_mechanized.m_6_4_P_IdxSum_char_1	pss_mechanized	pss_mechanized.m_6_4_P_IdxSum_char_1	0	488542	isabelle/pss_mechanized.thy	3097	false	5276612	0	true
pss_mechanized.m_6_4_P_IdxSum_char_2	pss_mechanized	pss_mechanized.m_6_4_P_IdxSum_char_2	0	488682	isabelle/pss_mechanized.thy	3117	false	5276716	0	true
pss_mechanized.idxsum_mono	pss_mechanized	pss_mechanized.idxsum_mono	0	488728	isabelle/pss_mechanized.thy	3133	false	5276852	0	true
pss_mechanized.m_6_4_P_leftend_mono	pss_mechanized	pss_mechanized.m_6_4_P_leftend_mono	0	488762	isabelle/pss_mechanized.thy	3149	false	5276956	0	true
pss_mechanized.nonmulti_Pred	pss_mechanized	pss_mechanized.nonmulti_Pred	0	488798	isabelle/pss_mechanized.thy	3217	false	5277178	0	true
pss_mechanized.entry_concat_replicate_lt	pss_mechanized	pss_mechanized.entry_concat_replicate_lt	0	488848	isabelle/pss_mechanized.thy	3243	false	5277256	0	false
pss_mechanized.P_concat_replicate_nonmulti	pss_mechanized	pss_mechanized.P_concat_replicate_nonmulti	0	488904	isabelle/pss_mechanized.thy	3254	false	5277386	0	true
pss_mechanized.m_6_2_nonmulti_oper_1	pss_mechanized	pss_mechanized.m_6_2_nonmulti_oper_1	0	489002	isabelle/pss_mechanized.thy	3329	false	5277546	0	true
pss_mechanized.m_6_2_nonmulti_oper_2	pss_mechanized	pss_mechanized.m_6_2_nonmulti_oper_2	0	489204	isabelle/pss_mechanized.thy	3399	false	5277718	0	true
pss_mechanized.m_6_4_mono_slice_next	pss_mechanized	pss_mechanized.m_6_4_mono_slice_next	0	489440	isabelle/pss_mechanized.thy	3633	false	5277866	0	true
pss_mechanized.TrMax_bound	pss_mechanized	pss_mechanized.TrMax_bound	0	489582	isabelle/pss_mechanized.thy	3706	false	5278004	0	true
pss_mechanized.m_6_4_FirstNodes_TrMax_Joints	pss_mechanized	pss_mechanized.m_6_4_FirstNodes_TrMax_Joints	0	489672	isabelle/pss_mechanized.thy	3744	false	5278100	0	true
pss_mechanized.FirstNodes_nth	pss_mechanized	pss_mechanized.FirstNodes_nth	0	489774	isabelle/pss_mechanized.thy	3786	false	5278218	0	true
pss_mechanized.Joints_nth	pss_mechanized	pss_mechanized.Joints_nth	0	489868	isabelle/pss_mechanized.thy	3794	false	5278290	0	false
pss_mechanized.nextR0_largest_below	pss_mechanized	pss_mechanized.nextR0_largest_below	0	489878	isabelle/pss_mechanized.thy	3802	false	5278382	0	false
pss_mechanized.entry_FirstNodes_eq_component	pss_mechanized	pss_mechanized.entry_FirstNodes_eq_component	0	490000	isabelle/pss_mechanized.thy	3817	false	5278506	0	true
pss_mechanized.m_6_4_FirstNodes_Joints_mono_aux	pss_mechanized	pss_mechanized.m_6_4_FirstNodes_Joints_mono_aux	0	490146	isabelle/pss_mechanized.thy	3871	false	5278654	0	true
pss_mechanized.m_6_4_FirstNodes_Joints_mono	pss_mechanized	pss_mechanized.m_6_4_FirstNodes_Joints_mono	0	490306	isabelle/pss_mechanized.thy	3977	false	5278766	0	true
pss_mechanized.TrMax_trunk_step	pss_mechanized	pss_mechanized.TrMax_trunk_step	0	490364	isabelle/pss_mechanized.thy	3987	false	5278888	0	false
pss_mechanized.trunk_le1	pss_mechanized	pss_mechanized.trunk_le1	0	490452	isabelle/pss_mechanized.thy	4016	false	5278968	0	true
pss_mechanized.trunk_le0	pss_mechanized	pss_mechanized.trunk_le0	0	490496	isabelle/pss_mechanized.thy	4047	false	5279044	0	true
pss_mechanized.idxsum_locate	pss_mechanized	pss_mechanized.idxsum_locate	0	490538	isabelle/pss_mechanized.thy	4055	false	5279130	0	true
pss_mechanized.branch_component_le0	pss_mechanized	pss_mechanized.branch_component_le0	0	490672	isabelle/pss_mechanized.thy	4090	false	5279234	0	true
pss_mechanized.le0_monoT_seg_into_list	pss_mechanized	pss_mechanized.le0_monoT_seg_into_list	0	490796	isabelle/pss_mechanized.thy	4206	false	5279324	0	true
pss_mechanized.slice_le0_to_index	pss_mechanized	pss_mechanized.slice_le0_to_index	0	490996	isabelle/pss_mechanized.thy	4240	false	5279442	0	true
pss_mechanized.m_6_4_mono_slice	pss_mechanized	pss_mechanized.m_6_4_mono_slice	0	491096	isabelle/pss_mechanized.thy	4321	false	5279538	0	true
pss_mechanized.nextR1_unique	pss_mechanized	pss_mechanized.nextR1_unique	0	491128	isabelle/pss_mechanized.thy	4370	false	5279644	0	false
pss_mechanized.condAB_row1_noparent_zero	pss_mechanized	pss_mechanized.condAB_row1_noparent_zero	0	491238	isabelle/pss_mechanized.thy	4407	false	5279736	0	true
pss_mechanized.m_6_6_condAB_coeff	pss_mechanized	pss_mechanized.m_6_6_condAB_coeff	0	491404	isabelle/pss_mechanized.thy	4551	false	5279874	0	true
pss_mechanized.le1_trans	pss_mechanized	pss_mechanized.le1_trans	0	491488	isabelle/pss_mechanized.thy	4870	false	5280002	0	false
pss_mechanized.leR_trans	pss_mechanized	pss_mechanized.leR_trans	0	491536	isabelle/pss_mechanized.thy	4875	false	5280068	0	false
pss_mechanized.nextR_imp_leR	pss_mechanized	pss_mechanized.nextR_imp_leR	0	491614	isabelle/pss_mechanized.thy	4882	false	5280170	0	false
pss_mechanized.nextrel1_chain	pss_mechanized	pss_mechanized.nextrel1_chain	0	491672	isabelle/pss_mechanized.thy	4902	false	5280248	0	false
pss_mechanized.adm_row1_ancestry	pss_mechanized	pss_mechanized.adm_row1_ancestry	0	491746	isabelle/pss_mechanized.thy	4935	false	5280326	0	true
pss_mechanized.parent_max	pss_mechanized	pss_mechanized.parent_max	0	491786	isabelle/pss_mechanized.thy	4969	false	5280392	0	false
pss_mechanized.m_7_4_Adm_nextAdm	pss_mechanized	pss_mechanized.m_7_4_Adm_nextAdm	0	491846	isabelle/pss_mechanized.thy	4998	false	5280478	0	true
pss_mechanized.chain_imp_rtranclp	pss_mechanized	pss_mechanized.chain_imp_rtranclp	0	491896	isabelle/pss_mechanized.thy	5068	false	5280598	0	true
pss_mechanized.rtranclp_imp_chain	pss_mechanized	pss_mechanized.rtranclp_imp_chain	0	491976	isabelle/pss_mechanized.thy	5100	false	5280654	0	true
pss_mechanized.rtranclp_iff_chain	pss_mechanized	pss_mechanized.rtranclp_iff_chain	0	492070	isabelle/pss_mechanized.thy	5134	false	5280722	0	true
pss_mechanized.leR_eq_chain	pss_mechanized	pss_mechanized.leR_eq_chain	0	492212	isabelle/pss_mechanized.thy	5144	false	5280814	0	true
pss_mechanized.oper_degenerate_eq_Pred	pss_mechanized	pss_mechanized.oper_degenerate_eq_Pred	0	492408	isabelle/pss_mechanized.thy	5169	false	5280974	0	false
pss_mechanized.Lng_diagSeq	pss_mechanized	pss_mechanized.Lng_diagSeq	0	492486	isabelle/pss_mechanized.thy	5200	false	5281096	0	false
pss_mechanized.diagSeq_nth	pss_mechanized	pss_mechanized.diagSeq_nth	0	492498	isabelle/pss_mechanized.thy	5203	false	5281164	0	false
pss_mechanized.entry_diagSeq	pss_mechanized	pss_mechanized.entry_diagSeq	0	492512	isabelle/pss_mechanized.thy	5212	false	5281218	0	false
pss_mechanized.length_nth_le_concat	pss_mechanized	pss_mechanized.length_nth_le_concat	0	492522	isabelle/pss_mechanized.thy	5221	false	5281306	0	true
pss_mechanized.Lng_Br_le	pss_mechanized	pss_mechanized.Lng_Br_le	0	492528	isabelle/pss_mechanized.thy	5237	false	5281402	0	true
pss_mechanized.nextR1_diagSeq	pss_mechanized	pss_mechanized.nextR1_diagSeq	0	492554	isabelle/pss_mechanized.thy	5264	false	5281500	0	false
pss_mechanized.TrMax_diagSeq	pss_mechanized	pss_mechanized.TrMax_diagSeq	0	492598	isabelle/pss_mechanized.thy	5296	false	5281584	0	false
pss_mechanized.nextrel0_diagSeq_step	pss_mechanized	pss_mechanized.nextrel0_diagSeq_step	0	492646	isabelle/pss_mechanized.thy	5348	false	5281726	0	false
pss_mechanized.nextrel0_diagSeq_rtrancl	pss_mechanized	pss_mechanized.nextrel0_diagSeq_rtrancl	0	492714	isabelle/pss_mechanized.thy	5362	false	5281848	0	false
pss_mechanized.nextrel1_diagSeq_rtrancl	pss_mechanized	pss_mechanized.nextrel1_diagSeq_rtrancl	0	492740	isabelle/pss_mechanized.thy	5386	false	5281962	0	false
pss_mechanized.le0_diagSeq	pss_mechanized	pss_mechanized.le0_diagSeq	0	492780	isabelle/pss_mechanized.thy	5408	false	5282084	0	false
pss_mechanized.le1_diagSeq	pss_mechanized	pss_mechanized.le1_diagSeq	0	492884	isabelle/pss_mechanized.thy	5424	false	5282184	0	false
pss_mechanized.leR_diagSeq	pss_mechanized	pss_mechanized.leR_diagSeq	0	492922	isabelle/pss_mechanized.thy	5443	false	5282290	0	false
pss_mechanized.TrMax_IncrFirst	pss_mechanized	pss_mechanized.TrMax_IncrFirst	0	492960	isabelle/pss_mechanized.thy	5455	false	5282438	0	false
pss_mechanized.Lng_funpow_IncrFirst	pss_mechanized	pss_mechanized.Lng_funpow_IncrFirst	0	493008	isabelle/pss_mechanized.thy	5458	false	5282486	0	false
pss_mechanized.TrMax_funpow_IncrFirst	pss_mechanized	pss_mechanized.TrMax_funpow_IncrFirst	0	493034	isabelle/pss_mechanized.thy	5461	false	5282546	0	false
pss_mechanized.nextR1_consecutive	pss_mechanized	pss_mechanized.nextR1_consecutive	0	493102	isabelle/pss_mechanized.thy	5471	false	5282638	0	false
pss_mechanized.entry_diagSeq_append_lo	pss_mechanized	pss_mechanized.entry_diagSeq_append_lo	0	493132	isabelle/pss_mechanized.thy	5496	false	5282842	0	false
pss_mechanized.entry_diagSeq_append_junction	pss_mechanized	pss_mechanized.entry_diagSeq_append_junction	0	493160	isabelle/pss_mechanized.thy	5507	false	5282932	0	false
pss_mechanized.nextrel0_diagSeq_append_step	pss_mechanized	pss_mechanized.nextrel0_diagSeq_append_step	0	493174	isabelle/pss_mechanized.thy	5520	false	5282996	0	false
pss_mechanized.nextrel0_diagSeq_append_rtrancl	pss_mechanized	pss_mechanized.nextrel0_diagSeq_append_rtrancl	0	493200	isabelle/pss_mechanized.thy	5533	false	5283064	0	false
pss_mechanized.le0_diagSeq_append_prefix	pss_mechanized	pss_mechanized.le0_diagSeq_append_prefix	0	493246	isabelle/pss_mechanized.thy	5554	false	5283136	0	false
pss_mechanized.nextR1_diagSeq_append	pss_mechanized	pss_mechanized.nextR1_diagSeq_append	0	493296	isabelle/pss_mechanized.thy	5573	false	5283252	0	false
pss_mechanized.le_TrMax_intro	pss_mechanized	pss_mechanized.le_TrMax_intro	0	493308	isabelle/pss_mechanized.thy	5600	false	5283422	0	false
pss_mechanized.TrMax_diagSeq_append_ge	pss_mechanized	pss_mechanized.TrMax_diagSeq_append_ge	0	493322	isabelle/pss_mechanized.thy	5625	false	5283632	0	false
pss_mechanized.entry_funpow_IncrFirst0	pss_mechanized	pss_mechanized.entry_funpow_IncrFirst0	0	493348	isabelle/pss_mechanized.thy	5644	false	5283772	0	false
pss_mechanized.entry_funpow_IncrFirst1	pss_mechanized	pss_mechanized.entry_funpow_IncrFirst1	0	493368	isabelle/pss_mechanized.thy	5658	false	5283876	0	false
pss_mechanized.betaM_def	pss_mechanized	pss_mechanized.betaM_def	0	493390	isabelle/pss_mechanized.thy	5678	false	5284038	0	false
pss_mechanized.coreReduce_def	pss_mechanized	pss_mechanized.coreReduce_def	0	493490	isabelle/pss_mechanized.thy	5681	false	5284126	0	false
pss_mechanized.coreReduce_core	pss_mechanized	pss_mechanized.coreReduce_core	0	493534	isabelle/pss_mechanized.thy	5690	false	5284300	0	true
pss_mechanized.betaM_coreReduce_le	pss_mechanized	pss_mechanized.betaM_coreReduce_le	0	493572	isabelle/pss_mechanized.thy	5713	false	5284398	0	false
pss_mechanized.P_blocks_nonempty	pss_mechanized	pss_mechanized.P_blocks_nonempty	0	493628	isabelle/pss_mechanized.thy	5750	false	5284460	0	true
pss_mechanized.monoT_row0_min	pss_mechanized	pss_mechanized.monoT_row0_min	0	493652	isabelle/pss_mechanized.thy	5787	false	5284566	0	false
pss_mechanized.shiftRow0_def	pss_mechanized	pss_mechanized.shiftRow0_def	0	493660	isabelle/pss_mechanized.thy	5801	false	5284648	0	false
pss_mechanized.Lng_shiftRow0	pss_mechanized	pss_mechanized.Lng_shiftRow0	0	493668	isabelle/pss_mechanized.thy	5804	false	5284762	0	false
pss_mechanized.entry_shiftRow0_0	pss_mechanized	pss_mechanized.entry_shiftRow0_0	0	493674	isabelle/pss_mechanized.thy	5807	false	5284800	0	false
pss_mechanized.entry_shiftRow0_1	pss_mechanized	pss_mechanized.entry_shiftRow0_1	0	493682	isabelle/pss_mechanized.thy	5811	false	5284848	0	false
pss_mechanized.entry0_ge_min	pss_mechanized	pss_mechanized.entry0_ge_min	0	493692	isabelle/pss_mechanized.thy	5815	false	5284904	0	false
pss_mechanized.nextrel0_shiftRow0_eq	pss_mechanized	pss_mechanized.nextrel0_shiftRow0_eq	0	493704	isabelle/pss_mechanized.thy	5826	false	5284974	0	false
pss_mechanized.le0_shiftRow0_eq	pss_mechanized	pss_mechanized.le0_shiftRow0_eq	0	493734	isabelle/pss_mechanized.thy	5859	false	5285062	0	false
pss_mechanized.nextrel1_shiftRow0_eq	pss_mechanized	pss_mechanized.nextrel1_shiftRow0_eq	0	493750	isabelle/pss_mechanized.thy	5871	false	5285192	0	false
pss_mechanized.le1_shiftRow0_eq	pss_mechanized	pss_mechanized.le1_shiftRow0_eq	0	493790	isabelle/pss_mechanized.thy	5923	false	5285276	0	false
pss_mechanized.leR_shiftRow0_eq	pss_mechanized	pss_mechanized.leR_shiftRow0_eq	0	493914	isabelle/pss_mechanized.thy	5935	false	5285430	0	false
pss_mechanized.monoT_shiftRow0	pss_mechanized	pss_mechanized.monoT_shiftRow0	0	493976	isabelle/pss_mechanized.thy	5940	false	5285530	0	false
pss_mechanized.coreReduce_monoT_m10_0	pss_mechanized	pss_mechanized.coreReduce_monoT_m10_0	0	494046	isabelle/pss_mechanized.thy	5967	false	5285602	0	false
pss_mechanized.entry_diagSeq_append_hi	pss_mechanized	pss_mechanized.entry_diagSeq_append_hi	0	494112	isabelle/pss_mechanized.thy	5977	false	5285686	0	true
pss_mechanized.monoT_funpow_IncrFirst	pss_mechanized	pss_mechanized.monoT_funpow_IncrFirst	0	494124	isabelle/pss_mechanized.thy	5985	false	5285770	0	false
pss_mechanized.monoT_diagSeq_append	pss_mechanized	pss_mechanized.monoT_diagSeq_append	0	494152	isabelle/pss_mechanized.thy	5994	false	5285862	0	true
pss_mechanized.coreReduce_monoT_m10_pos	pss_mechanized	pss_mechanized.coreReduce_monoT_m10_pos	0	494214	isabelle/pss_mechanized.thy	6038	false	5285950	0	true
pss_mechanized.coreReduce_nonmulti	pss_mechanized	pss_mechanized.coreReduce_nonmulti	0	494308	isabelle/pss_mechanized.thy	6058	false	5286038	0	true
pss_mechanized.TrMax_in_S	pss_mechanized	pss_mechanized.TrMax_in_S	0	494368	isabelle/pss_mechanized.thy	6074	false	5286144	0	true
pss_mechanized.trunk_row0_inc	pss_mechanized	pss_mechanized.trunk_row0_inc	0	494434	isabelle/pss_mechanized.thy	6104	false	5286234	0	true
pss_mechanized.trunk_step_lt	pss_mechanized	pss_mechanized.trunk_step_lt	0	494510	isabelle/pss_mechanized.thy	6125	false	5286326	0	true
pss_mechanized.trunk_lt	pss_mechanized	pss_mechanized.trunk_lt	0	494526	isabelle/pss_mechanized.thy	6144	false	5286416	0	true
pss_mechanized.Joints_parent_nextR	pss_mechanized	pss_mechanized.Joints_parent_nextR	0	494574	isabelle/pss_mechanized.thy	6170	false	5286634	0	true
pss_mechanized.joints_lt_branch_first	pss_mechanized	pss_mechanized.joints_lt_branch_first	0	494632	isabelle/pss_mechanized.thy	6205	false	5286742	0	true
pss_mechanized.Br_component_nonempty	pss_mechanized	pss_mechanized.Br_component_nonempty	0	494732	isabelle/pss_mechanized.thy	6228	false	5286900	0	true
pss_mechanized.Br_component_nonmulti	pss_mechanized	pss_mechanized.Br_component_nonmulti	0	494794	isabelle/pss_mechanized.thy	6250	false	5286996	0	true
pss_mechanized.nth_Cons_tl	pss_mechanized	pss_mechanized.nth_Cons_tl	0	494890	isabelle/pss_mechanized.thy	6275	false	5287164	0	false
pss_mechanized.npJ_def	pss_mechanized	pss_mechanized.npJ_def	0	494982	isabelle/pss_mechanized.thy	6288	false	5287366	0	false
pss_mechanized.NJ_def	pss_mechanized	pss_mechanized.NJ_def	0	495100	isabelle/pss_mechanized.thy	6292	false	5287518	0	false
pss_mechanized.Lng_NJ	pss_mechanized	pss_mechanized.Lng_NJ	0	495134	isabelle/pss_mechanized.thy	6295	false	5287628	0	false
pss_mechanized.entry_NJ_0_0	pss_mechanized	pss_mechanized.entry_NJ_0_0	0	495148	isabelle/pss_mechanized.thy	6298	false	5287686	0	false
pss_mechanized.entry_NJ_1_0	pss_mechanized	pss_mechanized.entry_NJ_1_0	0	495158	isabelle/pss_mechanized.thy	6301	false	5287756	0	false
pss_mechanized.entry_NJ_hi	pss_mechanized	pss_mechanized.entry_NJ_hi	0	495176	isabelle/pss_mechanized.thy	6304	false	5287804	0	false
pss_mechanized.NJ_nonmulti	pss_mechanized	pss_mechanized.NJ_nonmulti	0	495214	isabelle/pss_mechanized.thy	6319	false	5287912	0	true
pss_mechanized.muMono_def	pss_mechanized	pss_mechanized.muMono_def	0	495222	isabelle/pss_mechanized.thy	6391	false	5288022	0	false
pss_mechanized.nu_def	pss_mechanized	pss_mechanized.nu_def	0	495234	isabelle/pss_mechanized.thy	6395	false	5288096	0	false
pss_mechanized.betaM_pos	pss_mechanized	pss_mechanized.betaM_pos	0	495254	isabelle/pss_mechanized.thy	6398	false	5288184	0	true
pss_mechanized.nu_Pblock_lt	pss_mechanized	pss_mechanized.nu_Pblock_lt	0	495294	isabelle/pss_mechanized.thy	6409	false	5288276	0	true
pss_mechanized.nu_coreReduce_lt	pss_mechanized	pss_mechanized.nu_coreReduce_lt	0	495384	isabelle/pss_mechanized.thy	6421	false	5288356	0	true
pss_mechanized.nu_NJ_lt	pss_mechanized	pss_mechanized.nu_NJ_lt	0	495502	isabelle/pss_mechanized.thy	6438	false	5288450	0	true
pss_mechanized.m_6_5_Red_welldef	pss_mechanized	pss_mechanized.m_6_5_Red_welldef	0	495596	isabelle/pss_mechanized.thy	6471	false	5288580	0	true
pss_mechanized.m_6_5_Lng_Red	pss_mechanized	pss_mechanized.m_6_5_Lng_Red	0	495636	isabelle/pss_mechanized.thy	6570	false	5288764	0	true
pss_mechanized.m_6_5_monoT_Red_fact1_Lng	pss_mechanized	pss_mechanized.m_6_5_monoT_Red_fact1_Lng	0	495658	isabelle/pss_mechanized.thy	6867	false	5288882	0	true
pss_mechanized.le0_funpow_IncrFirst_eq	pss_mechanized	pss_mechanized.le0_funpow_IncrFirst_eq	0	495674	isabelle/pss_mechanized.thy	6888	false	5289014	0	false
pss_mechanized.le1_funpow_IncrFirst_eq	pss_mechanized	pss_mechanized.le1_funpow_IncrFirst_eq	0	495696	isabelle/pss_mechanized.thy	6891	false	5289082	0	false
pss_mechanized.adm_le1_seg_M_to_N	pss_mechanized	pss_mechanized.adm_le1_seg_M_to_N	0	495708	isabelle/pss_mechanized.thy	6898	false	5289172	0	false
pss_mechanized.adm_le1_seg_N_to_M	pss_mechanized	pss_mechanized.adm_le1_seg_N_to_M	0	495720	isabelle/pss_mechanized.thy	6920	false	5289332	0	false
pss_mechanized.adm_le1_seg	pss_mechanized	pss_mechanized.adm_le1_seg	0	495738	isabelle/pss_mechanized.thy	6937	false	5289448	0	false
pss_mechanized.m_6_5_monoT_Red_fact2a_leR_shift	pss_mechanized	pss_mechanized.m_6_5_monoT_Red_fact2a_leR_shift	0	495856	isabelle/pss_mechanized.thy	6972	false	5289644	0	false
pss_mechanized.rebaseRow0_def	pss_mechanized	pss_mechanized.rebaseRow0_def	0	495966	isabelle/pss_mechanized.thy	7044	false	5289840	0	false
pss_mechanized.Lng_rebaseRow0	pss_mechanized	pss_mechanized.Lng_rebaseRow0	0	495998	isabelle/pss_mechanized.thy	7047	false	5289988	0	false
pss_mechanized.entry_rebaseRow0_0	pss_mechanized	pss_mechanized.entry_rebaseRow0_0	0	496064	isabelle/pss_mechanized.thy	7050	false	5290062	0	false
pss_mechanized.entry_rebaseRow0_1	pss_mechanized	pss_mechanized.entry_rebaseRow0_1	0	496146	isabelle/pss_mechanized.thy	7054	false	5290154	0	false
pss_mechanized.nextrel0_rebaseRow0_eq	pss_mechanized	pss_mechanized.nextrel0_rebaseRow0_eq	0	496232	isabelle/pss_mechanized.thy	7061	false	5290258	0	false
pss_mechanized.le0_rebaseRow0_eq	pss_mechanized	pss_mechanized.le0_rebaseRow0_eq	0	496280	isabelle/pss_mechanized.thy	7096	false	5290408	0	false
pss_mechanized.nextrel1_rebaseRow0_eq	pss_mechanized	pss_mechanized.nextrel1_rebaseRow0_eq	0	496336	isabelle/pss_mechanized.thy	7108	false	5290584	0	false
pss_mechanized.le1_rebaseRow0_eq	pss_mechanized	pss_mechanized.le1_rebaseRow0_eq	0	496424	isabelle/pss_mechanized.thy	7148	false	5290724	0	false
pss_mechanized.leR_rebaseRow0_eq	pss_mechanized	pss_mechanized.leR_rebaseRow0_eq	0	496480	isabelle/pss_mechanized.thy	7157	false	5290868	0	false
pss_mechanized.redle_branch5_rebase	pss_mechanized	pss_mechanized.redle_branch5_rebase	0	496598	isabelle/pss_mechanized.thy	7168	false	5291022	0	false
pss_mechanized.anchored_slice_imp_T_PS	pss_mechanized	pss_mechanized.anchored_slice_imp_T_PS	0	496630	isabelle/pss_mechanized.thy	7236	false	5291350	0	false
pss_mechanized.rz_Red_entry1_nz	pss_mechanized	pss_mechanized.rz_Red_entry1_nz	0	496742	isabelle/pss_mechanized.thy	7250	false	5291506	0	true
pss_mechanized.m_6_5_Red_zeroT	pss_mechanized	pss_mechanized.m_6_5_Red_zeroT	0	496810	isabelle/pss_mechanized.thy	7324	false	5291654	0	true
pss_mechanized.SkT_PS_subset_ST_PS	pss_mechanized	pss_mechanized.SkT_PS_subset_ST_PS	0	496836	isabelle/pss_mechanized.thy	7358	false	5291814	0	true
pss_mechanized.in_some_SkT_def	pss_mechanized	pss_mechanized.in_some_SkT_def	0	496974	isabelle/pss_mechanized.thy	7392	false	5292052	0	false
pss_mechanized.ST_PS_in_some_SkT	pss_mechanized	pss_mechanized.ST_PS_in_some_SkT	0	497006	isabelle/pss_mechanized.thy	7395	false	5292286	0	true
pss_mechanized.ST_PS_subset_Union_SkT	pss_mechanized	pss_mechanized.ST_PS_subset_Union_SkT	0	497042	isabelle/pss_mechanized.thy	7412	false	5292344	0	true
pss_mechanized.m_6_7_ST_eq_Union_SkT	pss_mechanized	pss_mechanized.m_6_7_ST_eq_Union_SkT	0	497064	isabelle/pss_mechanized.thy	7416	false	5292422	0	true
pss_mechanized.m_6_6_Red_leftend_1	pss_mechanized	pss_mechanized.m_6_6_Red_leftend_1	0	497148	isabelle/pss_mechanized.thy	7435	false	5292754	0	true
pss_mechanized.m_6_5_Red_leftend_row0_min	pss_mechanized	pss_mechanized.m_6_5_Red_leftend_row0_min	0	497280	isabelle/pss_mechanized.thy	7776	false	5292922	0	true
pss_mechanized.ST_PS_T_PS	pss_mechanized	pss_mechanized.ST_PS_T_PS	0	497364	isabelle/pss_mechanized.thy	7967	false	5293206	0	true
pss_mechanized.seg_0_diagSeq	pss_mechanized	pss_mechanized.seg_0_diagSeq	0	497464	isabelle/pss_mechanized.thy	7999	false	5293346	0	false
pss_mechanized.ST_PS_seg_0_inner	pss_mechanized	pss_mechanized.ST_PS_seg_0_inner	0	497530	isabelle/pss_mechanized.thy	8041	false	5293534	0	true
pss_mechanized.ST_PS_seg_0_aux	pss_mechanized	pss_mechanized.ST_PS_seg_0_aux	0	497594	isabelle/pss_mechanized.thy	8115	false	5293818	0	true
pss_mechanized.m_6_7_standard_prefix	pss_mechanized	pss_mechanized.m_6_7_standard_prefix	0	497648	isabelle/pss_mechanized.thy	8126	false	5293902	0	true
pss_mechanized.Row1Zero_def	pss_mechanized	pss_mechanized.Row1Zero_def	0	497758	isabelle/pss_mechanized.thy	8149	false	5294040	0	false
pss_mechanized.Row1Zero_iff_entry	pss_mechanized	pss_mechanized.Row1Zero_iff_entry	0	497796	isabelle/pss_mechanized.thy	8152	false	5294160	0	false
pss_mechanized.row1z_P_component	pss_mechanized	pss_mechanized.row1z_P_component	0	497808	isabelle/pss_mechanized.thy	8168	false	5294272	0	true
pss_mechanized.diagSeq_Suc_snoc	pss_mechanized	pss_mechanized.diagSeq_Suc_snoc	0	497860	isabelle/pss_mechanized.thy	8190	false	5294510	0	false
pss_mechanized.Pred_diagSeq_Suc	pss_mechanized	pss_mechanized.Pred_diagSeq_Suc	0	497916	isabelle/pss_mechanized.thy	8195	false	5294594	0	false
pss_mechanized.not_multiT_diagSeq	pss_mechanized	pss_mechanized.not_multiT_diagSeq	0	497976	isabelle/pss_mechanized.thy	8210	false	5294702	0	true
pss_mechanized.SkT_PS_mono	pss_mechanized	pss_mechanized.SkT_PS_mono	0	498044	isabelle/pss_mechanized.thy	8241	false	5294766	0	true
pss_mechanized.SkT_P_comp	pss_mechanized	pss_mechanized.SkT_P_comp	0	498100	isabelle/pss_mechanized.thy	8281	false	5294884	0	true
pss_mechanized.m_6_7_standard_P_components	pss_mechanized	pss_mechanized.m_6_7_standard_P_components	0	498172	isabelle/pss_mechanized.thy	8400	false	5294980	0	true
pss_mechanized.oper_entry_0	pss_mechanized	pss_mechanized.oper_entry_0	0	498290	isabelle/pss_mechanized.thy	8416	false	5295106	0	true
pss_mechanized.nonmulti_oper_components_leftcol	pss_mechanized	pss_mechanized.nonmulti_oper_components_leftcol	0	498360	isabelle/pss_mechanized.thy	8430	false	5295268	0	true
pss_mechanized.SkT_P_descending	pss_mechanized	pss_mechanized.SkT_P_descending	0	498574	isabelle/pss_mechanized.thy	8466	false	5295676	0	true
pss_mechanized.m_6_8_standard_P_descending	pss_mechanized	pss_mechanized.m_6_8_standard_P_descending	0	498610	isabelle/pss_mechanized.thy	8641	false	5295908	0	true
pss_mechanized.descending_P_of_ST	pss_mechanized	pss_mechanized.descending_P_of_ST	0	498646	isabelle/pss_mechanized.thy	8658	false	5296090	0	true
pss_mechanized.entry_FirstNodes_eq_component_gen	pss_mechanized	pss_mechanized.entry_FirstNodes_eq_component_gen	0	498706	isabelle/pss_mechanized.thy	8683	false	5296166	0	true
pss_mechanized.descending_Br_of_FN_tiebreak	pss_mechanized	pss_mechanized.descending_Br_of_FN_tiebreak	0	498870	isabelle/pss_mechanized.thy	8735	false	5296336	0	true
pss_mechanized.seg_nth_eq	pss_mechanized	pss_mechanized.seg_nth_eq	0	498948	isabelle/pss_mechanized.thy	8799	false	5296504	0	false
pss_mechanized.seg_of_seg	pss_mechanized	pss_mechanized.seg_of_seg	0	499018	isabelle/pss_mechanized.thy	8804	false	5296586	0	false
pss_mechanized.descendingD	pss_mechanized	pss_mechanized.descendingD	0	499126	isabelle/pss_mechanized.thy	8827	false	5296698	0	false
pss_mechanized.descending_snoc	pss_mechanized	pss_mechanized.descending_snoc	0	499256	isabelle/pss_mechanized.thy	8839	false	5296882	0	false
pss_mechanized.slice_P_descending_of_drop	pss_mechanized	pss_mechanized.slice_P_descending_of_drop	0	499382	isabelle/pss_mechanized.thy	8908	false	5297038	0	true
pss_mechanized.m_6_8_standard_slice_Br_descending_of_drop	pss_mechanized	pss_mechanized.m_6_8_standard_slice_Br_descending_of_drop	0	499468	isabelle/pss_mechanized.thy	8932	false	5297246	0	true
pss_mechanized.take_seg	pss_mechanized	pss_mechanized.take_seg	0	499516	isabelle/pss_mechanized.thy	8981	false	5297472	0	false
pss_mechanized.P_seg_butlast_bridge	pss_mechanized	pss_mechanized.P_seg_butlast_bridge	0	499598	isabelle/pss_mechanized.thy	9005	false	5297580	0	true
pss_mechanized.drop_seg	pss_mechanized	pss_mechanized.drop_seg	0	499634	isabelle/pss_mechanized.thy	9023	false	5297760	0	false
pss_mechanized.seg_diagSeq	pss_mechanized	pss_mechanized.seg_diagSeq	0	499700	isabelle/pss_mechanized.thy	9036	false	5297876	0	false
pss_mechanized.not_multiT_seg_diagSeq	pss_mechanized	pss_mechanized.not_multiT_seg_diagSeq	0	499776	isabelle/pss_mechanized.thy	9055	false	5298014	0	true
pss_mechanized.oper_nth_lt	pss_mechanized	pss_mechanized.oper_nth_lt	0	499924	isabelle/pss_mechanized.thy	9070	false	5298214	0	true
pss_mechanized.Br_diagSeq	pss_mechanized	pss_mechanized.Br_diagSeq	0	499992	isabelle/pss_mechanized.thy	9144	false	5298366	0	false
pss_mechanized.cdom_def	pss_mechanized	pss_mechanized.cdom_def	0	500094	isabelle/pss_mechanized.thy	9160	false	5298458	0	false
pss_mechanized.cdom_refl	pss_mechanized	pss_mechanized.cdom_refl	0	500166	isabelle/pss_mechanized.thy	9164	false	5298590	0	false
pss_mechanized.cdom_trans	pss_mechanized	pss_mechanized.cdom_trans	0	500218	isabelle/pss_mechanized.thy	9166	false	5298654	0	false
pss_mechanized.descending_via_cdom	pss_mechanized	pss_mechanized.descending_via_cdom	0	500316	isabelle/pss_mechanized.thy	9186	false	5298784	0	true
pss_mechanized.descendingI_cdom	pss_mechanized	pss_mechanized.descendingI_cdom	0	500342	isabelle/pss_mechanized.thy	9199	false	5299084	0	true
pss_mechanized.descending_cdomD	pss_mechanized	pss_mechanized.descending_cdomD	0	500386	isabelle/pss_mechanized.thy	9204	false	5299178	0	true
pss_mechanized.descending_append	pss_mechanized	pss_mechanized.descending_append	0	500474	isabelle/pss_mechanized.thy	9213	false	5299460	0	true
pss_mechanized.descending_take	pss_mechanized	pss_mechanized.descending_take	0	500486	isabelle/pss_mechanized.thy	9259	false	5299706	0	true
pss_mechanized.descending_const_head	pss_mechanized	pss_mechanized.descending_const_head	0	500528	isabelle/pss_mechanized.thy	9274	false	5299870	0	true
pss_mechanized.descending_replicate	pss_mechanized	pss_mechanized.descending_replicate	0	500548	isabelle/pss_mechanized.thy	9289	false	5300002	0	true
pss_mechanized.descending_map_IncrFirst	pss_mechanized	pss_mechanized.descending_map_IncrFirst	0	500620	isabelle/pss_mechanized.thy	9305	false	5300110	0	true
pss_mechanized.descending_shift_append	pss_mechanized	pss_mechanized.descending_shift_append	0	500806	isabelle/pss_mechanized.thy	9346	false	5300248	0	true
pss_mechanized.nth_concat_replicate	pss_mechanized	pss_mechanized.nth_concat_replicate	0	500864	isabelle/pss_mechanized.thy	9423	false	5300540	0	true
pss_mechanized.oper_d0zero_expand	pss_mechanized	pss_mechanized.oper_d0zero_expand	0	500894	isabelle/pss_mechanized.thy	9444	false	5300614	0	true
pss_mechanized.oper_d1pos_expand	pss_mechanized	pss_mechanized.oper_d1pos_expand	0	500990	isabelle/pss_mechanized.thy	9478	false	5300744	0	false
pss_mechanized.oper_d1pos_LngM	pss_mechanized	pss_mechanized.oper_d1pos_LngM	0	501078	isabelle/pss_mechanized.thy	9514	false	5301178	0	true
pss_mechanized.nth_concat_map_const_len	pss_mechanized	pss_mechanized.nth_concat_map_const_len	0	501120	isabelle/pss_mechanized.thy	9545	false	5301478	0	true
pss_mechanized.oper_d1pos_nth	pss_mechanized	pss_mechanized.oper_d1pos_nth	0	501310	isabelle/pss_mechanized.thy	9595	false	5301672	0	true
pss_mechanized.oper_d1pos_entry0	pss_mechanized	pss_mechanized.oper_d1pos_entry0	0	501554	isabelle/pss_mechanized.thy	9630	false	5302090	0	true
pss_mechanized.oper_d1pos_entry1	pss_mechanized	pss_mechanized.oper_d1pos_entry1	0	501806	isabelle/pss_mechanized.thy	9656	false	5302362	0	true
pss_mechanized.oper_d1pos_nth_prefix	pss_mechanized	pss_mechanized.oper_d1pos_nth_prefix	0	501900	isabelle/pss_mechanized.thy	9681	false	5302670	0	false
pss_mechanized.oper_d1pos_seg_period_reduce	pss_mechanized	pss_mechanized.oper_d1pos_seg_period_reduce	0	502006	isabelle/pss_mechanized.thy	9712	false	5302842	0	true
pss_mechanized.oper_d1pos_LOW_source_eq	pss_mechanized	pss_mechanized.oper_d1pos_LOW_source_eq	0	502180	isabelle/pss_mechanized.thy	9780	false	5303018	0	true
pss_mechanized.oper_d0zero_nth	pss_mechanized	pss_mechanized.oper_d0zero_nth	0	502360	isabelle/pss_mechanized.thy	9855	false	5303492	0	true
pss_mechanized.oper_d0zero_entry0	pss_mechanized	pss_mechanized.oper_d0zero_entry0	0	502504	isabelle/pss_mechanized.thy	9887	false	5303940	0	true
pss_mechanized.parent_block_entry0_min(1)	pss_mechanized	pss_mechanized.parent_block_entry0_min	1	502572	isabelle/pss_mechanized.thy	9917	false	5304166	0	true
pss_mechanized.parent_block_entry0_min(2)	pss_mechanized	pss_mechanized.parent_block_entry0_min	2	502576	isabelle/pss_mechanized.thy	9917	false	5304166	0	true
pss_mechanized.parent_block_le0	pss_mechanized	pss_mechanized.parent_block_le0	0	502650	isabelle/pss_mechanized.thy	9944	false	5304394	0	true
pss_mechanized.nextrel0_above_parent_trivial	pss_mechanized	pss_mechanized.nextrel0_above_parent_trivial	0	502712	isabelle/pss_mechanized.thy	10034	false	5304534	0	false
pss_mechanized.oper_d0zero_le0_confined	pss_mechanized	pss_mechanized.oper_d0zero_le0_confined	0	502942	isabelle/pss_mechanized.thy	10068	false	5304776	0	true
pss_mechanized.nextrel0_rtrancl_entry0_mono	pss_mechanized	pss_mechanized.nextrel0_rtrancl_entry0_mono	0	502984	isabelle/pss_mechanized.thy	10203	false	5305182	0	false
pss_mechanized.oper_d1pos_le0_confined	pss_mechanized	pss_mechanized.oper_d1pos_le0_confined	0	503210	isabelle/pss_mechanized.thy	10234	false	5305288	0	false
pss_mechanized.oper_d1pos_entry0_boundary	pss_mechanized	pss_mechanized.oper_d1pos_entry0_boundary	0	503450	isabelle/pss_mechanized.thy	10266	false	5305752	0	true
pss_mechanized.oper_d1pos_nextrel0_transfer	pss_mechanized	pss_mechanized.oper_d1pos_nextrel0_transfer	0	503668	isabelle/pss_mechanized.thy	10313	false	5306104	0	true
pss_mechanized.oper_d1pos_block_chain	pss_mechanized	pss_mechanized.oper_d1pos_block_chain	0	503986	isabelle/pss_mechanized.thy	10443	false	5306416	0	true
pss_mechanized.oper_d1pos_le0_blockstarts	pss_mechanized	pss_mechanized.oper_d1pos_le0_blockstarts	0	504096	isabelle/pss_mechanized.thy	10538	false	5306936	0	true
pss_mechanized.oper_d1pos_seg_mono	pss_mechanized	pss_mechanized.oper_d1pos_seg_mono	0	504188	isabelle/pss_mechanized.thy	10593	false	5307136	0	true
pss_mechanized.oper_gen_block_nth	pss_mechanized	pss_mechanized.oper_gen_block_nth	0	504310	isabelle/pss_mechanized.thy	10658	false	5307430	0	true
pss_mechanized.oper_gen_block_entry0	pss_mechanized	pss_mechanized.oper_gen_block_entry0	0	504632	isabelle/pss_mechanized.thy	10697	false	5308114	0	true
pss_mechanized.oper_gen_block_entry1	pss_mechanized	pss_mechanized.oper_gen_block_entry1	0	504874	isabelle/pss_mechanized.thy	10713	false	5308610	0	true
pss_mechanized.oper_gen_nth_prefix	pss_mechanized	pss_mechanized.oper_gen_nth_prefix	0	504992	isabelle/pss_mechanized.thy	10728	false	5308992	0	false
pss_mechanized.nlocal_adj_tie	pss_mechanized	pss_mechanized.nlocal_adj_tie	0	505194	isabelle/pss_mechanized.thy	10761	false	5309372	0	true
pss_mechanized.oper_d1pos_Br_comp_mono	pss_mechanized	pss_mechanized.oper_d1pos_Br_comp_mono	0	505328	isabelle/pss_mechanized.thy	11066	false	5309492	0	true
pss_mechanized.oper_d0zero_nth_prefix	pss_mechanized	pss_mechanized.oper_d0zero_nth_prefix	0	505416	isabelle/pss_mechanized.thy	11087	false	5309746	0	true
pss_mechanized.oper_d0zero_nth_le_parent	pss_mechanized	pss_mechanized.oper_d0zero_nth_le_parent	0	505520	isabelle/pss_mechanized.thy	11110	false	5309966	0	true
pss_mechanized.oper_d0zero_seg_period_reduce	pss_mechanized	pss_mechanized.oper_d0zero_seg_period_reduce	0	505608	isabelle/pss_mechanized.thy	11137	false	5310150	0	true
pss_mechanized.nextrel0_prefix_imp	pss_mechanized	pss_mechanized.nextrel0_prefix_imp	0	505732	isabelle/pss_mechanized.thy	11192	false	5310392	0	false
pss_mechanized.le0_prefix_agree	pss_mechanized	pss_mechanized.le0_prefix_agree	0	505794	isabelle/pss_mechanized.thy	11218	false	5310588	0	false
pss_mechanized.nextrel1_prefix_imp	pss_mechanized	pss_mechanized.nextrel1_prefix_imp	0	505852	isabelle/pss_mechanized.thy	11255	false	5310768	0	false
pss_mechanized.TrMax_eqI	pss_mechanized	pss_mechanized.TrMax_eqI	0	505860	isabelle/pss_mechanized.thy	11295	false	5310938	0	false
pss_mechanized.TrMax_eq_of_prefix_agree	pss_mechanized	pss_mechanized.TrMax_eq_of_prefix_agree	0	505956	isabelle/pss_mechanized.thy	11347	false	5311074	0	false
pss_mechanized.TrMax_eq_of_prefix_agree_sym	pss_mechanized	pss_mechanized.TrMax_eq_of_prefix_agree_sym	0	506132	isabelle/pss_mechanized.thy	11378	false	5311344	0	false
pss_mechanized.TrMax_stop	pss_mechanized	pss_mechanized.TrMax_stop	0	506174	isabelle/pss_mechanized.thy	11421	false	5311590	0	true
pss_mechanized.TrMax_lt_last_of_row1_zero	pss_mechanized	pss_mechanized.TrMax_lt_last_of_row1_zero	0	506226	isabelle/pss_mechanized.thy	11460	false	5311722	0	true
pss_mechanized.le1_imp_entry1_le	pss_mechanized	pss_mechanized.le1_imp_entry1_le	0	506268	isabelle/pss_mechanized.thy	11486	false	5311836	0	false
pss_mechanized.nextR1_boundary_stop_of_prefix	pss_mechanized	pss_mechanized.nextR1_boundary_stop_of_prefix	0	506332	isabelle/pss_mechanized.thy	11525	false	5311972	0	true
pss_mechanized.nextR1_boundary_stop_d0zero_caseA	pss_mechanized	pss_mechanized.nextR1_boundary_stop_d0zero_caseA	0	506608	isabelle/pss_mechanized.thy	11568	false	5312198	0	true
pss_mechanized.nextR1_boundary_stop_d1pos	pss_mechanized	pss_mechanized.nextR1_boundary_stop_d1pos	0	506704	isabelle/pss_mechanized.thy	11771	false	5312502	0	true
pss_mechanized.TrMax_seg_oper_d0zero_eq	pss_mechanized	pss_mechanized.TrMax_seg_oper_d0zero_eq	0	506800	isabelle/pss_mechanized.thy	12005	false	5312848	0	true
pss_mechanized.TrMax_seg_oper_d0zero_eq_caseA	pss_mechanized	pss_mechanized.TrMax_seg_oper_d0zero_eq_caseA	0	507030	isabelle/pss_mechanized.thy	12073	false	5313256	0	true
pss_mechanized.TrMax_seg_oper_d1pos_eq	pss_mechanized	pss_mechanized.TrMax_seg_oper_d1pos_eq	0	507164	isabelle/pss_mechanized.thy	12118	false	5313750	0	true
pss_mechanized.TrMax_seg_oper_d1pos_eq_span	pss_mechanized	pss_mechanized.TrMax_seg_oper_d1pos_eq_span	0	507564	isabelle/pss_mechanized.thy	12253	false	5314372	0	true
pss_mechanized.TrMax_seg_oper_d1pos_eq_notbrle_uncapped	pss_mechanized	pss_mechanized.TrMax_seg_oper_d1pos_eq_notbrle_uncapped	0	508024	isabelle/pss_mechanized.thy	12385	false	5315114	0	true
pss_mechanized.TrMax_seg_oper_d1pos_brle_uncapped	pss_mechanized	pss_mechanized.TrMax_seg_oper_d1pos_brle_uncapped	0	508922	isabelle/pss_mechanized.thy	12522	false	5316226	0	true
pss_mechanized.oper_d1pos_nextrel0_within	pss_mechanized	pss_mechanized.oper_d1pos_nextrel0_within	0	509478	isabelle/pss_mechanized.thy	12605	false	5317990	0	true
pss_mechanized.oper_d1pos_le0_within	pss_mechanized	pss_mechanized.oper_d1pos_le0_within	0	509790	isabelle/pss_mechanized.thy	12702	false	5318666	0	true
pss_mechanized.oper_d1pos_le0_start_to_start	pss_mechanized	pss_mechanized.oper_d1pos_le0_start_to_start	0	510044	isabelle/pss_mechanized.thy	12809	false	5319166	0	true
pss_mechanized.oper_d1pos_le0_start_to_any	pss_mechanized	pss_mechanized.oper_d1pos_le0_start_to_any	0	510524	isabelle/pss_mechanized.thy	12869	false	5319716	0	true
pss_mechanized.oper_d1pos_seg_le0_boundary	pss_mechanized	pss_mechanized.oper_d1pos_seg_le0_boundary	0	510962	isabelle/pss_mechanized.thy	12927	false	5320500	0	true
pss_mechanized.oper_d1pos_b3n_boundary	pss_mechanized	pss_mechanized.oper_d1pos_b3n_boundary	0	511058	isabelle/pss_mechanized.thy	13051	false	5321504	0	true
pss_mechanized.oper_d1pos_ctx_b3n	pss_mechanized	pss_mechanized.oper_d1pos_ctx_b3n	0	511198	isabelle/pss_mechanized.thy	13155	false	5321884	0	false
pss_mechanized.oper_d1pos_ctx_tnc	pss_mechanized	pss_mechanized.oper_d1pos_ctx_tnc	0	511246	isabelle/pss_mechanized.thy	13206	false	5322350	0	false
pss_mechanized.TrMax_seg_oper_d1pos_brle_capped	pss_mechanized	pss_mechanized.TrMax_seg_oper_d1pos_brle_capped	0	511572	isabelle/pss_mechanized.thy	13278	false	5322900	0	true
pss_mechanized.oper_d1pos_ctx_tnc_capped	pss_mechanized	pss_mechanized.oper_d1pos_ctx_tnc_capped	0	511922	isabelle/pss_mechanized.thy	13593	false	5324106	0	true
pss_mechanized.oper_d0zero_entry0_min	pss_mechanized	pss_mechanized.oper_d0zero_entry0_min	0	512218	isabelle/pss_mechanized.thy	13652	false	5325372	0	true
pss_mechanized.oper_d0zero_seg_P_split	pss_mechanized	pss_mechanized.oper_d0zero_seg_P_split	0	512564	isabelle/pss_mechanized.thy	13686	false	5325860	0	true
pss_mechanized.oper_d0zero_seg_P_hfold	pss_mechanized	pss_mechanized.oper_d0zero_seg_P_hfold	0	512730	isabelle/pss_mechanized.thy	13830	false	5327418	0	true
pss_mechanized.oper_d0zero_seg_P_blk1fold	pss_mechanized	pss_mechanized.oper_d0zero_seg_P_blk1fold	0	513126	isabelle/pss_mechanized.thy	13928	false	5328070	0	true
pss_mechanized.oper_d0zero_seg_P_blk0fold	pss_mechanized	pss_mechanized.oper_d0zero_seg_P_blk0fold	0	513456	isabelle/pss_mechanized.thy	14079	false	5328782	0	true
pss_mechanized.monoT_seg_of_le0	pss_mechanized	pss_mechanized.monoT_seg_of_le0	0	513506	isabelle/pss_mechanized.thy	14337	false	5329730	0	true
pss_mechanized.oper_d1pos_notbrle_P_split	pss_mechanized	pss_mechanized.oper_d1pos_notbrle_P_split	0	513532	isabelle/pss_mechanized.thy	14393	false	5329894	0	true
pss_mechanized.oper_d1pos_notbrle_LOW_eq	pss_mechanized	pss_mechanized.oper_d1pos_notbrle_LOW_eq	0	513622	isabelle/pss_mechanized.thy	14428	false	5330170	0	true
pss_mechanized.oper_d1pos_notbrle_take_map	pss_mechanized	pss_mechanized.oper_d1pos_notbrle_take_map	0	513638	isabelle/pss_mechanized.thy	14466	false	5331046	0	true
pss_mechanized.oper_d1pos_collapse	pss_mechanized	pss_mechanized.oper_d1pos_collapse	0	513760	isabelle/pss_mechanized.thy	14510	false	5331230	0	true
pss_mechanized.oper_d1pos_branch_anchor(1)	pss_mechanized	pss_mechanized.oper_d1pos_branch_anchor	1	513900	isabelle/pss_mechanized.thy	14553	false	5331614	0	true
pss_mechanized.oper_d1pos_branch_anchor(2)	pss_mechanized	pss_mechanized.oper_d1pos_branch_anchor	2	513902	isabelle/pss_mechanized.thy	14553	false	5331614	0	true
pss_mechanized.oper_d1pos_branch_anchor(3)	pss_mechanized	pss_mechanized.oper_d1pos_branch_anchor	3	513904	isabelle/pss_mechanized.thy	14553	false	5331614	0	true
pss_mechanized.oper_d1pos_branch_anchor(4)	pss_mechanized	pss_mechanized.oper_d1pos_branch_anchor	4	513906	isabelle/pss_mechanized.thy	14553	false	5331614	0	true
pss_mechanized.oper_d1pos_branch_anchor(5)	pss_mechanized	pss_mechanized.oper_d1pos_branch_anchor	5	513908	isabelle/pss_mechanized.thy	14553	false	5331614	0	true
pss_mechanized.oper_d1pos_branch_anchor(6)	pss_mechanized	pss_mechanized.oper_d1pos_branch_anchor	6	513910	isabelle/pss_mechanized.thy	14553	false	5331614	0	true
pss_mechanized.oper_d1pos_branch_collapse_concrete	pss_mechanized	pss_mechanized.oper_d1pos_branch_collapse_concrete	0	513962	isabelle/pss_mechanized.thy	14656	false	5331906	0	true
pss_mechanized.oper_d1pos_branch_butl	pss_mechanized	pss_mechanized.oper_d1pos_branch_butl	0	513988	isabelle/pss_mechanized.thy	14688	false	5332226	0	true
pss_mechanized.oper_d1pos_branch_lowshift_regB	pss_mechanized	pss_mechanized.oper_d1pos_branch_lowshift_regB	0	514228	isabelle/pss_mechanized.thy	14724	false	5332404	0	true
pss_mechanized.oper_d1pos_anchor_tail_entry	pss_mechanized	pss_mechanized.oper_d1pos_anchor_tail_entry	0	514250	isabelle/pss_mechanized.thy	14790	false	5333018	0	true
pss_mechanized.oper_d1pos_tail_junction(1)	pss_mechanized	pss_mechanized.oper_d1pos_tail_junction	1	514354	isabelle/pss_mechanized.thy	14825	false	5333236	0	true
pss_mechanized.oper_d1pos_tail_junction(2)	pss_mechanized	pss_mechanized.oper_d1pos_tail_junction	2	514358	isabelle/pss_mechanized.thy	14825	false	5333236	0	true
pss_mechanized.Br_seg_reshape	pss_mechanized	pss_mechanized.Br_seg_reshape	0	514410	isabelle/pss_mechanized.thy	14861	false	5333640	0	false
pss_mechanized.oper_d1pos_notbrle_Br_align	pss_mechanized	pss_mechanized.oper_d1pos_notbrle_Br_align	0	514976	isabelle/pss_mechanized.thy	14900	false	5333826	0	true
pss_mechanized.oper_d1pos_nth_low_verbatim	pss_mechanized	pss_mechanized.oper_d1pos_nth_low_verbatim	0	515126	isabelle/pss_mechanized.thy	14977	false	5336682	0	true
pss_mechanized.oper_d1pos_ctx_tnc_prefix	pss_mechanized	pss_mechanized.oper_d1pos_ctx_tnc_prefix	0	515384	isabelle/pss_mechanized.thy	15041	false	5337150	0	true
pss_mechanized.TrMax_seg_oper_d1pos_eq_regA	pss_mechanized	pss_mechanized.TrMax_seg_oper_d1pos_eq_regA	0	515512	isabelle/pss_mechanized.thy	15332	false	5338470	0	true
pss_mechanized.oper_d1pos_notbrle_Br_align_regA	pss_mechanized	pss_mechanized.oper_d1pos_notbrle_Br_align_regA	0	516208	isabelle/pss_mechanized.thy	15399	false	5338962	0	true
pss_mechanized.oper_d1pos_seg_low_verbatim	pss_mechanized	pss_mechanized.oper_d1pos_seg_low_verbatim	0	516336	isabelle/pss_mechanized.thy	15460	false	5341522	0	true
pss_mechanized.notmulti_seg_prefix	pss_mechanized	pss_mechanized.notmulti_seg_prefix	0	516374	isabelle/pss_mechanized.thy	15500	false	5341828	0	true
pss_mechanized.P_butlast_take_at_anchor	pss_mechanized	pss_mechanized.P_butlast_take_at_anchor	0	516466	isabelle/pss_mechanized.thy	15535	false	5342050	0	true
pss_mechanized.oper_d1pos_branch_lowshift_regA	pss_mechanized	pss_mechanized.oper_d1pos_branch_lowshift_regA	0	516562	isabelle/pss_mechanized.thy	15654	false	5342400	0	true
pss_mechanized.oper_d1pos_anchor_coincide_regA(1)	pss_mechanized	pss_mechanized.oper_d1pos_anchor_coincide_regA	1	516662	isabelle/pss_mechanized.thy	15714	false	5343010	0	true
pss_mechanized.oper_d1pos_anchor_coincide_regA(2)	pss_mechanized	pss_mechanized.oper_d1pos_anchor_coincide_regA	2	516664	isabelle/pss_mechanized.thy	15714	false	5343010	0	true
pss_mechanized.oper_d1pos_anchor_coincide_regA(3)	pss_mechanized	pss_mechanized.oper_d1pos_anchor_coincide_regA	3	516666	isabelle/pss_mechanized.thy	15714	false	5343010	0	true
pss_mechanized.anchor_lt_of_uniform_witness	pss_mechanized	pss_mechanized.anchor_lt_of_uniform_witness	0	516764	isabelle/pss_mechanized.thy	15865	false	5343678	0	true
pss_mechanized.oper_d1pos_cNlt_of_Ajm2	pss_mechanized	pss_mechanized.oper_d1pos_cNlt_of_Ajm2	0	516814	isabelle/pss_mechanized.thy	15902	false	5344170	0	true
pss_mechanized.oper_d1pos_period_row0_floor	pss_mechanized	pss_mechanized.oper_d1pos_period_row0_floor	0	516856	isabelle/pss_mechanized.thy	15971	false	5344708	0	true
pss_mechanized.oper_d1pos_strict_period_floor	pss_mechanized	pss_mechanized.oper_d1pos_strict_period_floor	0	516886	isabelle/pss_mechanized.thy	16017	false	5345130	0	true
pss_mechanized.oper_d1pos_clt_regA	pss_mechanized	pss_mechanized.oper_d1pos_clt_regA	0	517158	isabelle/pss_mechanized.thy	16068	false	5345648	0	true
pss_mechanized.oper_d1pos_clt_regB	pss_mechanized	pss_mechanized.oper_d1pos_clt_regB	0	517588	isabelle/pss_mechanized.thy	16200	false	5346626	0	true
pss_mechanized.oper_d1pos_anchor_coincide_regA2(1)	pss_mechanized	pss_mechanized.oper_d1pos_anchor_coincide_regA2	1	518088	isabelle/pss_mechanized.thy	16390	false	5347102	0	true
pss_mechanized.oper_d1pos_anchor_coincide_regA2(2)	pss_mechanized	pss_mechanized.oper_d1pos_anchor_coincide_regA2	2	518094	isabelle/pss_mechanized.thy	16390	false	5347102	0	true
pss_mechanized.oper_d1pos_anchor_coincide_regA2(3)	pss_mechanized	pss_mechanized.oper_d1pos_anchor_coincide_regA2	3	518102	isabelle/pss_mechanized.thy	16390	false	5347102	0	true
pss_mechanized.oper_d1pos_anchor_coincide_regB(1)	pss_mechanized	pss_mechanized.oper_d1pos_anchor_coincide_regB	1	518286	isabelle/pss_mechanized.thy	16463	false	5347818	0	true
pss_mechanized.oper_d1pos_anchor_coincide_regB(2)	pss_mechanized	pss_mechanized.oper_d1pos_anchor_coincide_regB	2	518288	isabelle/pss_mechanized.thy	16463	false	5347818	0	true
pss_mechanized.oper_d1pos_anchor_coincide_regB(3)	pss_mechanized	pss_mechanized.oper_d1pos_anchor_coincide_regB	3	518290	isabelle/pss_mechanized.thy	16463	false	5347818	0	true
pss_mechanized.anchor_ge_of_leftmin	pss_mechanized	pss_mechanized.anchor_ge_of_leftmin	0	518342	isabelle/pss_mechanized.thy	16580	false	5348182	0	true
pss_mechanized.oper_d1pos_anchor_coincide_regB2(1)	pss_mechanized	pss_mechanized.oper_d1pos_anchor_coincide_regB2	1	518684	isabelle/pss_mechanized.thy	16617	false	5348436	0	true
pss_mechanized.oper_d1pos_anchor_coincide_regB2(2)	pss_mechanized	pss_mechanized.oper_d1pos_anchor_coincide_regB2	2	518690	isabelle/pss_mechanized.thy	16617	false	5348436	0	true
pss_mechanized.oper_d1pos_anchor_coincide_regB2(3)	pss_mechanized	pss_mechanized.oper_d1pos_anchor_coincide_regB2	3	518696	isabelle/pss_mechanized.thy	16617	false	5348436	0	true
pss_mechanized.oper_d1pos_branch_lowshift_regB_plug	pss_mechanized	pss_mechanized.oper_d1pos_branch_lowshift_regB_plug	0	519146	isabelle/pss_mechanized.thy	16760	false	5349312	0	true
pss_mechanized.descending_Br_of_branch_le0	pss_mechanized	pss_mechanized.descending_Br_of_branch_le0	0	519238	isabelle/pss_mechanized.thy	16788	false	5349832	0	true
pss_mechanized.oper_d1pos_ctx_dpos	pss_mechanized	pss_mechanized.oper_d1pos_ctx_dpos	0	519370	isabelle/pss_mechanized.thy	16864	false	5350078	0	false
pss_mechanized.oper_d1pos_ctx_r1le	pss_mechanized	pss_mechanized.oper_d1pos_ctx_r1le	0	519448	isabelle/pss_mechanized.thy	16879	false	5350384	0	false
pss_mechanized.oper_d1pos_ctx_j0lt	pss_mechanized	pss_mechanized.oper_d1pos_ctx_j0lt	0	519540	isabelle/pss_mechanized.thy	16904	false	5350478	0	false
pss_mechanized.oper_d1pos_ctx_multiM	pss_mechanized	pss_mechanized.oper_d1pos_ctx_multiM	0	519752	isabelle/pss_mechanized.thy	16927	false	5350722	0	true
pss_mechanized.oper_d1pos_row0_agree	pss_mechanized	pss_mechanized.oper_d1pos_row0_agree	0	520018	isabelle/pss_mechanized.thy	17021	false	5351042	0	true
pss_mechanized.nextrel0_prefix_row0	pss_mechanized	pss_mechanized.nextrel0_prefix_row0	0	520128	isabelle/pss_mechanized.thy	17090	false	5351428	0	false
pss_mechanized.le0_prefix_row0	pss_mechanized	pss_mechanized.le0_prefix_row0	0	520236	isabelle/pss_mechanized.thy	17117	false	5351662	0	false
pss_mechanized.oper_d1pos_ctx_le0Np	pss_mechanized	pss_mechanized.oper_d1pos_ctx_le0Np	0	520540	isabelle/pss_mechanized.thy	17159	false	5351890	0	true
pss_mechanized.oper_d1pos_nth_below	pss_mechanized	pss_mechanized.oper_d1pos_nth_below	0	520760	isabelle/pss_mechanized.thy	17207	false	5352266	0	true
pss_mechanized.oper_d1pos_ctx_stop_of_tnc	pss_mechanized	pss_mechanized.oper_d1pos_ctx_stop_of_tnc	0	520942	isabelle/pss_mechanized.thy	17277	false	5352634	0	true
pss_mechanized.oper_d1pos_anchor_coincide_period_unified(1)	pss_mechanized	pss_mechanized.oper_d1pos_anchor_coincide_period_unified	1	521186	isabelle/pss_mechanized.thy	17364	false	5353014	0	true
pss_mechanized.oper_d1pos_anchor_coincide_period_unified(2)	pss_mechanized	pss_mechanized.oper_d1pos_anchor_coincide_period_unified	2	521190	isabelle/pss_mechanized.thy	17364	false	5353014	0	true
pss_mechanized.oper_d1pos_anchor_coincide_period_unified(3)	pss_mechanized	pss_mechanized.oper_d1pos_anchor_coincide_period_unified	3	521192	isabelle/pss_mechanized.thy	17364	false	5353014	0	true
pss_mechanized.idxsum_lastcut_lmin_at	pss_mechanized	pss_mechanized.idxsum_lastcut_lmin_at	0	521246	isabelle/pss_mechanized.thy	17563	false	5353500	0	true
pss_mechanized.oper_d1pos_lenPSeq_unified	pss_mechanized	pss_mechanized.oper_d1pos_lenPSeq_unified	0	521422	isabelle/pss_mechanized.thy	17601	false	5353720	0	true
pss_mechanized.oper_d1pos_notbrle_LOW_take_eq_regA	pss_mechanized	pss_mechanized.oper_d1pos_notbrle_LOW_take_eq_regA	0	522036	isabelle/pss_mechanized.thy	17737	false	5354046	0	true
pss_mechanized.oper_d1pos_notbrle_LOW_take_eq_regB	pss_mechanized	pss_mechanized.oper_d1pos_notbrle_LOW_take_eq_regB	0	523244	isabelle/pss_mechanized.thy	18008	false	5355264	0	true
pss_mechanized.oper_d1pos_notbrle_LOW_take_eq_boundary	pss_mechanized	pss_mechanized.oper_d1pos_notbrle_LOW_take_eq_boundary	0	524326	isabelle/pss_mechanized.thy	18323	false	5357064	0	true
pss_mechanized.seg_IncrFirst0	pss_mechanized	pss_mechanized.seg_IncrFirst0	0	524446	isabelle/pss_mechanized.thy	18619	false	5358472	0	false
pss_mechanized.seg_funpow_IncrFirst0	pss_mechanized	pss_mechanized.seg_funpow_IncrFirst0	0	524484	isabelle/pss_mechanized.thy	18644	false	5358552	0	false
pss_mechanized.oper_d1pos_anchor_coincide_period_interior(1)	pss_mechanized	pss_mechanized.oper_d1pos_anchor_coincide_period_interior	1	524622	isabelle/pss_mechanized.thy	18671	false	5358802	0	true
pss_mechanized.oper_d1pos_anchor_coincide_period_interior(2)	pss_mechanized	pss_mechanized.oper_d1pos_anchor_coincide_period_interior	2	524626	isabelle/pss_mechanized.thy	18671	false	5358802	0	true
pss_mechanized.oper_d1pos_anchor_coincide_period_interior(3)	pss_mechanized	pss_mechanized.oper_d1pos_anchor_coincide_period_interior	3	524632	isabelle/pss_mechanized.thy	18671	false	5358802	0	true
pss_mechanized.oper_d1pos_anchor_coincide_period_boundary(1)	pss_mechanized	pss_mechanized.oper_d1pos_anchor_coincide_period_boundary	1	524740	isabelle/pss_mechanized.thy	18732	false	5359156	0	true
pss_mechanized.oper_d1pos_anchor_coincide_period_boundary(2)	pss_mechanized	pss_mechanized.oper_d1pos_anchor_coincide_period_boundary	2	524744	isabelle/pss_mechanized.thy	18732	false	5359156	0	true
pss_mechanized.oper_d1pos_anchor_coincide_period_boundary(3)	pss_mechanized	pss_mechanized.oper_d1pos_anchor_coincide_period_boundary	3	524746	isabelle/pss_mechanized.thy	18732	false	5359156	0	true
pss_mechanized.oper_d1pos_notbrle_period_fullShift	pss_mechanized	pss_mechanized.oper_d1pos_notbrle_period_fullShift	0	525070	isabelle/pss_mechanized.thy	18791	false	5359658	0	true
pss_mechanized.oper_d1pos_notbrle_period_boundary_geom	pss_mechanized	pss_mechanized.oper_d1pos_notbrle_period_boundary_geom	0	525948	isabelle/pss_mechanized.thy	18956	false	5361228	0	true
pss_mechanized.oper_d1pos_period_row0_unif	pss_mechanized	pss_mechanized.oper_d1pos_period_row0_unif	0	526188	isabelle/pss_mechanized.thy	19267	false	5362952	0	true
pss_mechanized.nextrel0_prefix_row0_shift	pss_mechanized	pss_mechanized.nextrel0_prefix_row0_shift	0	526266	isabelle/pss_mechanized.thy	19378	false	5363500	0	false
pss_mechanized.le0_prefix_row0_shift	pss_mechanized	pss_mechanized.le0_prefix_row0_shift	0	526282	isabelle/pss_mechanized.thy	19402	false	5363728	0	false
pss_mechanized.oper_d1pos_ctx_period_le0Np	pss_mechanized	pss_mechanized.oper_d1pos_ctx_period_le0Np	0	526316	isabelle/pss_mechanized.thy	19442	false	5363974	0	true
pss_mechanized.oper_d1pos_ctx_stop_direct	pss_mechanized	pss_mechanized.oper_d1pos_ctx_stop_direct	0	526704	isabelle/pss_mechanized.thy	19581	false	5364628	0	true
pss_mechanized.oper_d1pos_ctx_stop_direct_strict	pss_mechanized	pss_mechanized.oper_d1pos_ctx_stop_direct_strict	0	526890	isabelle/pss_mechanized.thy	19891	false	5365998	0	true
pss_mechanized.oper_d1pos_ctx_period_tncstrict_uncapped	pss_mechanized	pss_mechanized.oper_d1pos_ctx_period_tncstrict_uncapped	0	527116	isabelle/pss_mechanized.thy	20019	false	5366956	0	true
pss_mechanized.nextrel0_prefix_row0_shift_rev	pss_mechanized	pss_mechanized.nextrel0_prefix_row0_shift_rev	0	527138	isabelle/pss_mechanized.thy	20093	false	5370430	0	false
pss_mechanized.le0_prefix_row0_shift_rev	pss_mechanized	pss_mechanized.le0_prefix_row0_shift_rev	0	527154	isabelle/pss_mechanized.thy	20117	false	5370694	0	false
pss_mechanized.oper_d1pos_ctx_notbrleNp	pss_mechanized	pss_mechanized.oper_d1pos_ctx_notbrleNp	0	527348	isabelle/pss_mechanized.thy	20172	false	5370968	0	true
pss_mechanized.oper_d1pos_ctx_notbrleNp_verbatim	pss_mechanized	pss_mechanized.oper_d1pos_ctx_notbrleNp_verbatim	0	527752	isabelle/pss_mechanized.thy	20322	false	5371804	0	true
pss_mechanized.oper_d1pos_ctx_period_multiNp	pss_mechanized	pss_mechanized.oper_d1pos_ctx_period_multiNp	0	527908	isabelle/pss_mechanized.thy	20469	false	5372552	0	true
pss_mechanized.oper_d1pos_period_boundary_undercut	pss_mechanized	pss_mechanized.oper_d1pos_period_boundary_undercut	0	528058	isabelle/pss_mechanized.thy	20488	false	5372806	0	false
pss_mechanized.oper_d1pos_period_boundary_mLmin	pss_mechanized	pss_mechanized.oper_d1pos_period_boundary_mLmin	0	528262	isabelle/pss_mechanized.thy	20513	false	5373050	0	true
pss_mechanized.oper_d1pos_period_boundary_cle	pss_mechanized	pss_mechanized.oper_d1pos_period_boundary_cle	0	528514	isabelle/pss_mechanized.thy	20557	false	5373340	0	true
pss_mechanized.oper_d1pos_notbrle_LOW_take_eq_periodic	pss_mechanized	pss_mechanized.oper_d1pos_notbrle_LOW_take_eq_periodic	0	529576	isabelle/pss_mechanized.thy	20584	false	5373756	0	true
pss_mechanized.oper_d1pos_low_anchor_shamt0	pss_mechanized	pss_mechanized.oper_d1pos_low_anchor_shamt0	0	530034	isabelle/pss_mechanized.thy	20904	false	5375394	0	true
pss_mechanized.oper_d1pos_period_boundary_cleMB	pss_mechanized	pss_mechanized.oper_d1pos_period_boundary_cleMB	0	530332	isabelle/pss_mechanized.thy	21135	false	5376496	0	true
pss_mechanized.oper_d1pos_notbrle_LOW_take_eq	pss_mechanized	pss_mechanized.oper_d1pos_notbrle_LOW_take_eq	0	530620	isabelle/pss_mechanized.thy	21497	false	5377376	0	true
pss_mechanized.m_6_8_slice_Br_descending_monoT	pss_mechanized	pss_mechanized.m_6_8_slice_Br_descending_monoT	0	530980	isabelle/pss_mechanized.thy	21961	false	5378774	0	true
pss_mechanized.m_6_8_standard_slice_Br_descending	pss_mechanized	pss_mechanized.m_6_8_standard_slice_Br_descending	0	531020	isabelle/pss_mechanized.thy	24002	false	5379030	0	true
pss_mechanized.m_7_1_term_components	pss_mechanized	pss_mechanized.m_7_1_term_components	0	531050	isabelle/pss_mechanized.thy	24124	false	5379210	0	true
pss_mechanized.filter_concat_bal	pss_mechanized	pss_mechanized.filter_concat_bal	0	531100	isabelle/pss_mechanized.thy	24142	false	5379364	0	false
pss_mechanized.flatBT_paren_balance	pss_mechanized	pss_mechanized.flatBT_paren_balance	0	531134	isabelle/pss_mechanized.thy	24148	false	5379530	0	true
pss_mechanized.flatBP_paren_balance	pss_mechanized	pss_mechanized.flatBP_paren_balance	0	531136	isabelle/pss_mechanized.thy	24150	false	5379530	0	true
pss_mechanized.m_7_1_paren_balance	pss_mechanized	pss_mechanized.m_7_1_paren_balance	0	531146	isabelle/pss_mechanized.thy	24198	false	5379676	0	true
pss_mechanized.lessBT_list_irrefl	pss_mechanized	pss_mechanized.lessBT_list_irrefl	0	531192	isabelle/pss_mechanized.thy	24221	false	5379802	0	true
pss_mechanized.lessBT_lessBP_irrefl	pss_mechanized	pss_mechanized.lessBT_lessBP_irrefl	0	531200	isabelle/pss_mechanized.thy	24232	false	5379846	0	true
pss_mechanized.lessBT_irrefl	pss_mechanized	pss_mechanized.lessBT_irrefl	0	531210	isabelle/pss_mechanized.thy	24248	false	5379982	0	true
pss_mechanized.lessBP_irrefl	pss_mechanized	pss_mechanized.lessBP_irrefl	0	531216	isabelle/pss_mechanized.thy	24251	false	5380044	0	true
pss_mechanized.lessBT_trans	pss_mechanized	pss_mechanized.lessBT_trans	0	531278	isabelle/pss_mechanized.thy	24260	false	5380110	0	true
pss_mechanized.lessBP_trans	pss_mechanized	pss_mechanized.lessBP_trans	0	531280	isabelle/pss_mechanized.thy	24262	false	5380110	0	true
pss_mechanized.lessBT_list_total	pss_mechanized	pss_mechanized.lessBT_list_total	0	531330	isabelle/pss_mechanized.thy	24365	false	5380272	0	true
pss_mechanized.lessBT_lessBP_total	pss_mechanized	pss_mechanized.lessBT_lessBP_total	0	531380	isabelle/pss_mechanized.thy	24394	false	5380428	0	true
pss_mechanized.lessBT_total	pss_mechanized	pss_mechanized.lessBT_total	0	531398	isabelle/pss_mechanized.thy	24424	false	5380490	0	true
pss_mechanized.m_7_1_lessBT_linord(1)	pss_mechanized	pss_mechanized.m_7_1_lessBT_linord	1	531422	isabelle/pss_mechanized.thy	24429	false	5380546	0	true
pss_mechanized.m_7_1_lessBT_linord(2)	pss_mechanized	pss_mechanized.m_7_1_lessBT_linord	2	531424	isabelle/pss_mechanized.thy	24429	false	5380546	0	true
pss_mechanized.m_7_1_lessBT_linord(3)	pss_mechanized	pss_mechanized.m_7_1_lessBT_linord	3	531426	isabelle/pss_mechanized.thy	24429	false	5380546	0	true
pss_mechanized.otb_Dpt_0	pss_mechanized	pss_mechanized.otb_Dpt_0	0	531460	isabelle/pss_mechanized.thy	24442	false	5380720	0	true
pss_mechanized.otb_tower_Suc	pss_mechanized	pss_mechanized.otb_tower_Suc	0	531500	isabelle/pss_mechanized.thy	24446	false	5380782	0	false
pss_mechanized.otb_tower_dfree	pss_mechanized	pss_mechanized.otb_tower_dfree	0	531516	isabelle/pss_mechanized.thy	24451	false	5380906	0	true
pss_mechanized.otb_tower_lessBT	pss_mechanized	pss_mechanized.otb_tower_lessBT	0	531582	isabelle/pss_mechanized.thy	24456	false	5381002	0	true
pss_mechanized.otb_tower_G_and_OT	pss_mechanized	pss_mechanized.otb_tower_G_and_OT	0	531606	isabelle/pss_mechanized.thy	24481	false	5381068	0	true
pss_mechanized.otb_descP_replicate	pss_mechanized	pss_mechanized.otb_descP_replicate	0	531624	isabelle/pss_mechanized.thy	24516	false	5381268	0	true
pss_mechanized.otb_mult_eq_replicate	pss_mechanized	pss_mechanized.otb_mult_eq_replicate	0	531672	isabelle/pss_mechanized.thy	24532	false	5381406	0	true
pss_mechanized.m_8_7_OT_examples(1)	pss_mechanized	pss_mechanized.m_8_7_OT_examples	1	531768	isabelle/pss_mechanized.thy	24537	false	5381520	0	true
pss_mechanized.m_8_7_OT_examples(2)	pss_mechanized	pss_mechanized.m_8_7_OT_examples	2	531770	isabelle/pss_mechanized.thy	24537	false	5381520	0	true
pss_mechanized.m_8_7_OT_examples(3)	pss_mechanized	pss_mechanized.m_8_7_OT_examples	3	531774	isabelle/pss_mechanized.thy	24537	false	5381520	0	true
pss_mechanized.m_8_7_OT_examples(4)	pss_mechanized	pss_mechanized.m_8_7_OT_examples	4	531780	isabelle/pss_mechanized.thy	24537	false	5381520	0	true
pss_mechanized.m_6_6_rebase_row0_ge_row1	pss_mechanized	pss_mechanized.m_6_6_rebase_row0_ge_row1	0	531922	isabelle/pss_mechanized.thy	24603	false	5381686	0	true
pss_mechanized.le0_diagSeq_junction_into_block	pss_mechanized	pss_mechanized.le0_diagSeq_junction_into_block	0	532016	isabelle/pss_mechanized.thy	24658	false	5381930	0	true
pss_mechanized.nth_concat_block	pss_mechanized	pss_mechanized.nth_concat_block	0	532064	isabelle/pss_mechanized.thy	24701	false	5382198	0	true
pss_mechanized.Red_leftend_ge_row1	pss_mechanized	pss_mechanized.Red_leftend_ge_row1	0	532158	isabelle/pss_mechanized.thy	24736	false	5382456	0	true
pss_mechanized.joints_coreReduce_ge_m10	pss_mechanized	pss_mechanized.joints_coreReduce_ge_m10	0	532346	isabelle/pss_mechanized.thy	24956	false	5382664	0	true
pss_mechanized.npJ_le_Joints_Suc	pss_mechanized	pss_mechanized.npJ_le_Joints_Suc	0	532410	isabelle/pss_mechanized.thy	25040	false	5382852	0	true
pss_mechanized.redB_tail_row0_above_anchor	pss_mechanized	pss_mechanized.redB_tail_row0_above_anchor	0	532520	isabelle/pss_mechanized.thy	25114	false	5383088	0	true
pss_mechanized.coreReduce_m10_le_TrMax	pss_mechanized	pss_mechanized.coreReduce_m10_le_TrMax	0	532576	isabelle/pss_mechanized.thy	25335	false	5383360	0	false
pss_mechanized.redB_prefix_diag	pss_mechanized	pss_mechanized.redB_prefix_diag	0	532682	isabelle/pss_mechanized.thy	25366	false	5383606	0	true
pss_mechanized.redB_row0_strict_above_anchor	pss_mechanized	pss_mechanized.redB_row0_strict_above_anchor	0	532846	isabelle/pss_mechanized.thy	25460	false	5383878	0	true
pss_mechanized.redB_row0_strict_suffix_min	pss_mechanized	pss_mechanized.redB_row0_strict_suffix_min	0	532920	isabelle/pss_mechanized.thy	25533	false	5384018	0	true
pss_mechanized.redB_row1_anchor	pss_mechanized	pss_mechanized.redB_row1_anchor	0	533002	isabelle/pss_mechanized.thy	25550	false	5384220	0	true
pss_mechanized.redB_le0_anchor_jN	pss_mechanized	pss_mechanized.redB_le0_anchor_jN	0	533138	isabelle/pss_mechanized.thy	25560	false	5384564	0	true
pss_mechanized.m_6_5_monoT_Red_m10pos	pss_mechanized	pss_mechanized.m_6_5_monoT_Red_m10pos	0	533262	isabelle/pss_mechanized.thy	25615	false	5385008	0	true
pss_mechanized.bumpv_def	pss_mechanized	pss_mechanized.bumpv_def	0	533342	isabelle/pss_mechanized.thy	25705	false	5385448	0	false
pss_mechanized.bumpv_strict_mono	pss_mechanized	pss_mechanized.bumpv_strict_mono	0	533386	isabelle/pss_mechanized.thy	25708	false	5385640	0	false
pss_mechanized.bumpv_le	pss_mechanized	pss_mechanized.bumpv_le	0	533420	isabelle/pss_mechanized.thy	25711	false	5385792	0	false
pss_mechanized.tail_bump_def	pss_mechanized	pss_mechanized.tail_bump_def	0	533482	isabelle/pss_mechanized.thy	25718	false	0	0	false
pss_mechanized.tail_bump.intro	pss_mechanized	pss_mechanized.tail_bump.intro	0	533506	isabelle/pss_mechanized.thy	25718	false	0	0	false
pss_mechanized.tail_bump.len_eq	pss_mechanized	pss_mechanized.tail_bump.len_eq	0	533520	isabelle/pss_mechanized.thy	25720	false	0	0	false
pss_mechanized.tail_bump.row0_bump	pss_mechanized	pss_mechanized.tail_bump.row0_bump	0	533524	isabelle/pss_mechanized.thy	25721	false	0	0	false
pss_mechanized.tail_bump.row1_eq	pss_mechanized	pss_mechanized.tail_bump.row1_eq	0	533526	isabelle/pss_mechanized.thy	25722	false	0	0	false
pss_mechanized.tail_bump.row0_lt	pss_mechanized	pss_mechanized.tail_bump.row0_lt	0	533566	isabelle/pss_mechanized.thy	25725	false	5386144	0	false
pss_mechanized.tail_bump.row0_ge	pss_mechanized	pss_mechanized.tail_bump.row0_ge	0	533636	isabelle/pss_mechanized.thy	25728	false	5386296	0	false
pss_mechanized.tail_bump.nextrel0_eq	pss_mechanized	pss_mechanized.tail_bump.nextrel0_eq	0	533664	isabelle/pss_mechanized.thy	25731	false	5386386	0	false
pss_mechanized.tail_bump.le0_eq	pss_mechanized	pss_mechanized.tail_bump.le0_eq	0	533684	isabelle/pss_mechanized.thy	25767	false	5386482	0	false
pss_mechanized.tail_bump.nextrel1_eq	pss_mechanized	pss_mechanized.tail_bump.nextrel1_eq	0	533730	isabelle/pss_mechanized.thy	25770	false	5386564	0	false
pss_mechanized.tail_bump.le1_eq	pss_mechanized	pss_mechanized.tail_bump.le1_eq	0	533746	isabelle/pss_mechanized.thy	25813	false	5386598	0	false
pss_mechanized.tail_bump.nextR_eq	pss_mechanized	pss_mechanized.tail_bump.nextR_eq	0	533754	isabelle/pss_mechanized.thy	25816	false	5386634	0	false
pss_mechanized.tail_bump.leR_eq	pss_mechanized	pss_mechanized.tail_bump.leR_eq	0	533762	isabelle/pss_mechanized.thy	25819	false	5386690	0	false
pss_mechanized.tail_bump.TrMax_eq	pss_mechanized	pss_mechanized.tail_bump.TrMax_eq	0	533776	isabelle/pss_mechanized.thy	25822	false	5386728	0	false
pss_mechanized.tail_bump.zeroT_eq	pss_mechanized	pss_mechanized.tail_bump.zeroT_eq	0	533782	isabelle/pss_mechanized.thy	25825	false	5386758	0	false
pss_mechanized.tail_bump.monoT_eq	pss_mechanized	pss_mechanized.tail_bump.monoT_eq	0	533798	isabelle/pss_mechanized.thy	25829	false	5386774	0	false
pss_mechanized.tail_bump.multiT_eq	pss_mechanized	pss_mechanized.tail_bump.multiT_eq	0	533824	isabelle/pss_mechanized.thy	25832	false	5386816	0	false
pss_mechanized.tail_bump.Pcut_eq	pss_mechanized	pss_mechanized.tail_bump.Pcut_eq	0	533840	isabelle/pss_mechanized.thy	25835	false	5386878	0	false
pss_mechanized.diag_tail_bump	pss_mechanized	pss_mechanized.diag_tail_bump	0	533952	isabelle/pss_mechanized.thy	25846	false	5387022	0	false
pss_mechanized.coreReduce_m10pos_form	pss_mechanized	pss_mechanized.coreReduce_m10pos_form	0	534024	isabelle/pss_mechanized.thy	25918	false	5387160	0	false
pss_mechanized.coreReduce_IncrFirst_m10pos_form	pss_mechanized	pss_mechanized.coreReduce_IncrFirst_m10pos_form	0	534110	isabelle/pss_mechanized.thy	25923	false	5387300	0	false
pss_mechanized.tail_bump_coreReduce	pss_mechanized	pss_mechanized.tail_bump_coreReduce	0	534170	isabelle/pss_mechanized.thy	25941	false	5387464	0	true
pss_mechanized.njA_TrMax_eq	pss_mechanized	pss_mechanized.njA_TrMax_eq	0	534232	isabelle/pss_mechanized.thy	25972	false	5387608	0	true
pss_mechanized.njA_TrMax_ge_m10	pss_mechanized	pss_mechanized.njA_TrMax_ge_m10	0	534304	isabelle/pss_mechanized.thy	25981	false	5387824	0	false
pss_mechanized.njA_seg_IncrFirst	pss_mechanized	pss_mechanized.njA_seg_IncrFirst	0	534376	isabelle/pss_mechanized.thy	26003	false	5387952	0	false
pss_mechanized.njA_Br_eq	pss_mechanized	pss_mechanized.njA_Br_eq	0	534448	isabelle/pss_mechanized.thy	26057	false	5388182	0	true
pss_mechanized.njA_length_Br_eq	pss_mechanized	pss_mechanized.njA_length_Br_eq	0	534500	isabelle/pss_mechanized.thy	26096	false	5388270	0	true
pss_mechanized.length_o_IncrFirst	pss_mechanized	pss_mechanized.length_o_IncrFirst	0	534528	isabelle/pss_mechanized.thy	26104	false	5388450	0	false
pss_mechanized.IdxSum_map_IncrFirst	pss_mechanized	pss_mechanized.IdxSum_map_IncrFirst	0	534556	isabelle/pss_mechanized.thy	26107	false	5388500	0	true
pss_mechanized.njA_FirstNodes_eq	pss_mechanized	pss_mechanized.njA_FirstNodes_eq	0	534602	isabelle/pss_mechanized.thy	26112	false	5388580	0	true
pss_mechanized.njA_Joints_eq	pss_mechanized	pss_mechanized.njA_Joints_eq	0	534648	isabelle/pss_mechanized.thy	26127	false	5388674	0	true
pss_mechanized.njA_npJ_eq	pss_mechanized	pss_mechanized.njA_npJ_eq	0	534694	isabelle/pss_mechanized.thy	26145	false	5388824	0	true
pss_mechanized.njA_eJ_eq	pss_mechanized	pss_mechanized.njA_eJ_eq	0	534752	isabelle/pss_mechanized.thy	26180	false	5389000	0	true
pss_mechanized.m_6_6_Red_leftend_2	pss_mechanized	pss_mechanized.m_6_6_Red_leftend_2	0	535024	isabelle/pss_mechanized.thy	26208	false	5389358	0	true
pss_mechanized.pred_P_decomp	pss_mechanized	pss_mechanized.pred_P_decomp	0	535190	isabelle/pss_mechanized.thy	26539	false	5389668	0	true
pss_mechanized.butlast_diagSeq	pss_mechanized	pss_mechanized.butlast_diagSeq	0	535254	isabelle/pss_mechanized.thy	26699	false	5390014	0	false
pss_mechanized.diagSeq_in_T_PS	pss_mechanized	pss_mechanized.diagSeq_in_T_PS	0	535286	isabelle/pss_mechanized.thy	26716	false	5390096	0	false
pss_mechanized.Red_core_diagSeq	pss_mechanized	pss_mechanized.Red_core_diagSeq	0	535316	isabelle/pss_mechanized.thy	26727	false	5390312	0	true
pss_mechanized.Red_Pred_core_diagSeq	pss_mechanized	pss_mechanized.Red_Pred_core_diagSeq	0	535340	isabelle/pss_mechanized.thy	26767	false	5390430	0	true
pss_mechanized.TrMax_Pred	pss_mechanized	pss_mechanized.TrMax_Pred	0	535372	isabelle/pss_mechanized.thy	26800	false	5390558	0	true
pss_mechanized.IncrFirst_butlast	pss_mechanized	pss_mechanized.IncrFirst_butlast	0	535384	isabelle/pss_mechanized.thy	26856	false	5390846	0	false
pss_mechanized.funpow_IncrFirst_butlast	pss_mechanized	pss_mechanized.funpow_IncrFirst_butlast	0	535406	isabelle/pss_mechanized.thy	26859	false	5390932	0	false
pss_mechanized.entry_Pred_0	pss_mechanized	pss_mechanized.entry_Pred_0	0	535436	isabelle/pss_mechanized.thy	26867	false	5391124	0	false
pss_mechanized.m_6_5_T4_coreArg_Pred	pss_mechanized	pss_mechanized.m_6_5_T4_coreArg_Pred	0	535486	isabelle/pss_mechanized.thy	26885	false	5391266	0	true
pss_mechanized.m_6_6_P_Pred_decomp	pss_mechanized	pss_mechanized.m_6_6_P_Pred_decomp	0	535514	isabelle/pss_mechanized.thy	26928	false	5391482	0	true
pss_mechanized.m_6_6_Br_Pred	pss_mechanized	pss_mechanized.m_6_6_Br_Pred	0	535530	isabelle/pss_mechanized.thy	27017	false	5391696	0	true
pss_mechanized.nextrel0_leftmin_no_cross	pss_mechanized	pss_mechanized.nextrel0_leftmin_no_cross	0	535542	isabelle/pss_mechanized.thy	27111	false	5391964	0	false
pss_mechanized.le0_leftmin_ancestor_ge	pss_mechanized	pss_mechanized.le0_leftmin_ancestor_ge	0	535586	isabelle/pss_mechanized.thy	27144	false	5392164	0	false
pss_mechanized.m_6_4_parent_in_block	pss_mechanized	pss_mechanized.m_6_4_parent_in_block	0	535688	isabelle/pss_mechanized.thy	27179	false	5392364	0	true
pss_mechanized.concat_eq_of_map_length_eq	pss_mechanized	pss_mechanized.concat_eq_of_map_length_eq	0	535738	isabelle/pss_mechanized.thy	27216	false	5392536	0	false
pss_mechanized.m_6_6_Red_P_stable	pss_mechanized	pss_mechanized.m_6_6_Red_P_stable	0	535768	isabelle/pss_mechanized.thy	27250	false	5392752	0	true
pss_mechanized.m_6_6_RedCondA_core_diag	pss_mechanized	pss_mechanized.m_6_6_RedCondA_core_diag	0	535808	isabelle/pss_mechanized.thy	27307	false	5393112	0	true
pss_mechanized.rcpb_block_eq	pss_mechanized	pss_mechanized.rcpb_block_eq	0	535826	isabelle/pss_mechanized.thy	27515	false	5393412	0	true
pss_mechanized.rcpb_nextR_seg	pss_mechanized	pss_mechanized.rcpb_nextR_seg	0	535888	isabelle/pss_mechanized.thy	27555	false	5393626	0	false
pss_mechanized.rcpb_parent_iff	pss_mechanized	pss_mechanized.rcpb_parent_iff	0	536032	isabelle/pss_mechanized.thy	27575	false	5393926	0	true
pss_mechanized.rcpb_hasParent_iff(1)	pss_mechanized	pss_mechanized.rcpb_hasParent_iff	1	536108	isabelle/pss_mechanized.thy	27616	false	5394240	0	true
pss_mechanized.rcpb_hasParent_iff(2)	pss_mechanized	pss_mechanized.rcpb_hasParent_iff	2	536110	isabelle/pss_mechanized.thy	27616	false	5394240	0	true
pss_mechanized.m_6_6_RedCond_P_block	pss_mechanized	pss_mechanized.m_6_6_RedCond_P_block	0	536136	isabelle/pss_mechanized.thy	27723	false	5394464	0	true
pss_mechanized.clift_block_bounds	pss_mechanized	pss_mechanized.clift_block_bounds	0	536182	isabelle/pss_mechanized.thy	27822	false	5394650	0	true
pss_mechanized.clift_nextR_lift	pss_mechanized	pss_mechanized.clift_nextR_lift	0	536238	isabelle/pss_mechanized.thy	27862	false	5394872	0	true
pss_mechanized.clift_local_imp_global_parent	pss_mechanized	pss_mechanized.clift_local_imp_global_parent	0	536270	isabelle/pss_mechanized.thy	27897	false	5395128	0	true
pss_mechanized.clift_global_imp_local_parent	pss_mechanized	pss_mechanized.clift_global_imp_local_parent	0	536342	isabelle/pss_mechanized.thy	27911	false	5395316	0	true
pss_mechanized.m_6_6_RedCond_concat_lift	pss_mechanized	pss_mechanized.m_6_6_RedCond_concat_lift	0	536520	isabelle/pss_mechanized.thy	27942	false	5395680	0	true
pss_mechanized.m_6_6_P_reduced	pss_mechanized	pss_mechanized.m_6_6_P_reduced	0	536598	isabelle/pss_mechanized.thy	28120	false	5395992	0	true
pss_mechanized.idem_anchored_not_multi	pss_mechanized	pss_mechanized.idem_anchored_not_multi	0	536644	isabelle/pss_mechanized.thy	28185	false	5396098	0	true
pss_mechanized.eng_Red_IncrFirst_zeroT	pss_mechanized	pss_mechanized.eng_Red_IncrFirst_zeroT	0	536660	isabelle/pss_mechanized.thy	28224	false	5396244	0	true
pss_mechanized.eng_Red_IncrFirst_core	pss_mechanized	pss_mechanized.eng_Red_IncrFirst_core	0	536730	isabelle/pss_mechanized.thy	28242	false	5396392	0	true
pss_mechanized.eng_Red_IncrFirst_shift	pss_mechanized	pss_mechanized.eng_Red_IncrFirst_shift	0	536744	isabelle/pss_mechanized.thy	28291	false	5396484	0	true
pss_mechanized.eng_Red_IncrFirst_multi_reduce	pss_mechanized	pss_mechanized.eng_Red_IncrFirst_multi_reduce	0	536774	isabelle/pss_mechanized.thy	28339	false	5396666	0	true
pss_mechanized.eng_Red_IncrFirst_m10pos_reduce	pss_mechanized	pss_mechanized.eng_Red_IncrFirst_m10pos_reduce	0	536818	isabelle/pss_mechanized.thy	28380	false	5396886	0	true
pss_mechanized.eng_Red_IncrFirst_modB2	pss_mechanized	pss_mechanized.eng_Red_IncrFirst_modB2	0	536872	isabelle/pss_mechanized.thy	28451	false	5397004	0	true
pss_mechanized.bumpAt_def	pss_mechanized	pss_mechanized.bumpAt_def	0	536884	isabelle/pss_mechanized.thy	28526	false	5397188	0	false
pss_mechanized.Lng_bumpAt	pss_mechanized	pss_mechanized.Lng_bumpAt	0	536900	isabelle/pss_mechanized.thy	28529	false	5397370	0	false
pss_mechanized.entry_bumpAt0	pss_mechanized	pss_mechanized.entry_bumpAt0	0	536908	isabelle/pss_mechanized.thy	28532	false	5397512	0	false
pss_mechanized.entry_bumpAt1	pss_mechanized	pss_mechanized.entry_bumpAt1	0	536918	isabelle/pss_mechanized.thy	28536	false	5397580	0	false
pss_mechanized.tail_bump_bumpAt	pss_mechanized	pss_mechanized.tail_bump_bumpAt	0	536942	isabelle/pss_mechanized.thy	28544	false	5397692	0	false
pss_mechanized.cut_bump_axioms_def	pss_mechanized	pss_mechanized.cut_bump_axioms_def	0	536952	isabelle/pss_mechanized.thy	28562	false	0	0	false
pss_mechanized.cut_bump_axioms.intro	pss_mechanized	pss_mechanized.cut_bump_axioms.intro	0	536960	isabelle/pss_mechanized.thy	28562	false	0	0	false
pss_mechanized.cut_bump_def	pss_mechanized	pss_mechanized.cut_bump_def	0	536966	isabelle/pss_mechanized.thy	28562	false	0	0	false
pss_mechanized.cut_bump.intro	pss_mechanized	pss_mechanized.cut_bump.intro	0	536984	isabelle/pss_mechanized.thy	28562	false	0	0	false
pss_mechanized.cut_bump.axioms(1)	pss_mechanized	pss_mechanized.cut_bump.axioms	1	536986	isabelle/pss_mechanized.thy	28562	false	0	0	false
pss_mechanized.cut_bump.axioms(2)	pss_mechanized	pss_mechanized.cut_bump.axioms	2	536988	isabelle/pss_mechanized.thy	28562	false	0	0	false
pss_mechanized.cut_bump.tail_low	pss_mechanized	pss_mechanized.cut_bump.tail_low	0	536998	isabelle/pss_mechanized.thy	28563	false	0	0	false
pss_mechanized.cut_bump.cb_branch_entry0	pss_mechanized	pss_mechanized.cut_bump.cb_branch_entry0	0	537024	isabelle/pss_mechanized.thy	28569	false	5398118	0	false
pss_mechanized.cut_bump.cb_seg_IncrFirst	pss_mechanized	pss_mechanized.cut_bump.cb_seg_IncrFirst	0	537060	isabelle/pss_mechanized.thy	28579	false	5398286	0	false
pss_mechanized.cut_bump.cb_Br_eq	pss_mechanized	pss_mechanized.cut_bump.cb_Br_eq	0	537112	isabelle/pss_mechanized.thy	28616	false	5398398	0	true
pss_mechanized.cut_bump.cb_length_Br_eq	pss_mechanized	pss_mechanized.cut_bump.cb_length_Br_eq	0	537120	isabelle/pss_mechanized.thy	28666	false	5398424	0	true
pss_mechanized.cut_bump.cb_FirstNodes_eq	pss_mechanized	pss_mechanized.cut_bump.cb_FirstNodes_eq	0	537126	isabelle/pss_mechanized.thy	28669	false	5398454	0	true
pss_mechanized.cut_bump.cb_Joints_eq	pss_mechanized	pss_mechanized.cut_bump.cb_Joints_eq	0	537136	isabelle/pss_mechanized.thy	28676	false	5398492	0	true
pss_mechanized.cut_bump.cb_npJ_eq	pss_mechanized	pss_mechanized.cut_bump.cb_npJ_eq	0	537150	isabelle/pss_mechanized.thy	28679	false	5398532	0	true
pss_mechanized.cut_bump.cb_NJ_bumpAt	pss_mechanized	pss_mechanized.cut_bump.cb_NJ_bumpAt	0	537196	isabelle/pss_mechanized.thy	28707	false	5398646	0	true
pss_mechanized.bumpAt_take	pss_mechanized	pss_mechanized.bumpAt_take	0	537202	isabelle/pss_mechanized.thy	28822	false	5398786	0	false
pss_mechanized.bumpAt_drop	pss_mechanized	pss_mechanized.bumpAt_drop	0	537208	isabelle/pss_mechanized.thy	28825	false	5398904	0	false
pss_mechanized.bumpAt_multiT_eq	pss_mechanized	pss_mechanized.bumpAt_multiT_eq	0	537216	isabelle/pss_mechanized.thy	28828	false	5399018	0	false
pss_mechanized.bumpAt_Pcut_eq	pss_mechanized	pss_mechanized.bumpAt_Pcut_eq	0	537224	isabelle/pss_mechanized.thy	28831	false	5399112	0	false
pss_mechanized.P_bumpAt	pss_mechanized	pss_mechanized.P_bumpAt	0	537230	isabelle/pss_mechanized.thy	28834	false	5399316	0	true
pss_mechanized.bumpv_shift	pss_mechanized	pss_mechanized.bumpv_shift	0	537236	isabelle/pss_mechanized.thy	28868	false	5399534	0	false
pss_mechanized.entry_diag_funpow_bumpAt0	pss_mechanized	pss_mechanized.entry_diag_funpow_bumpAt0	0	537242	isabelle/pss_mechanized.thy	28871	false	5399678	0	false
pss_mechanized.bumpAt_diag_funpow	pss_mechanized	pss_mechanized.bumpAt_diag_funpow	0	537250	isabelle/pss_mechanized.thy	28909	false	5400036	0	false
pss_mechanized.cutOK_def	pss_mechanized	pss_mechanized.cutOK_def	0	537256	isabelle/pss_mechanized.thy	28962	false	5400308	0	false
pss_mechanized.cut_bump_bumpAt	pss_mechanized	pss_mechanized.cut_bump_bumpAt	0	537268	isabelle/pss_mechanized.thy	28965	false	5400488	0	false
pss_mechanized.cut_bump_coreReduce	pss_mechanized	pss_mechanized.cut_bump_coreReduce	0	537294	isabelle/pss_mechanized.thy	28974	false	5400636	0	true
pss_mechanized.fin_shift_bumpv	pss_mechanized	pss_mechanized.fin_shift_bumpv	0	537310	isabelle/pss_mechanized.thy	29007	false	5400920	0	false
pss_mechanized.fin_TrMax_shiftRow0	pss_mechanized	pss_mechanized.fin_TrMax_shiftRow0	0	537448	isabelle/pss_mechanized.thy	29023	false	5401010	0	false
pss_mechanized.fin_cut_block_tail	pss_mechanized	pss_mechanized.fin_cut_block_tail	0	537504	isabelle/pss_mechanized.thy	29042	false	5401664	0	true
pss_mechanized.fin_TrMax_argX_ge	pss_mechanized	pss_mechanized.fin_TrMax_argX_ge	0	537600	isabelle/pss_mechanized.thy	29145	false	5401888	0	true
pss_mechanized.fin_cut_bump_Red	pss_mechanized	pss_mechanized.fin_cut_bump_Red	0	537722	isabelle/pss_mechanized.thy	29214	false	5402264	0	true
pss_mechanized.fin_cutOK_coreReduce	pss_mechanized	pss_mechanized.fin_cutOK_coreReduce	0	537784	isabelle/pss_mechanized.thy	29710	false	5402480	0	true
pss_mechanized.fin_coreReduce_IncrFirst_bumpAt	pss_mechanized	pss_mechanized.fin_coreReduce_IncrFirst_bumpAt	0	537842	isabelle/pss_mechanized.thy	29728	false	5402596	0	true
pss_mechanized.m_6_5_Red_IncrFirst_B2	pss_mechanized	pss_mechanized.m_6_5_Red_IncrFirst_B2	0	537904	isabelle/pss_mechanized.thy	29763	false	5402754	0	true
pss_mechanized.m_6_5_Red_IncrFirst	pss_mechanized	pss_mechanized.m_6_5_Red_IncrFirst	0	537922	isabelle/pss_mechanized.thy	29786	false	5402868	0	true
pss_mechanized.idem2_zeroT	pss_mechanized	pss_mechanized.idem2_zeroT	0	537958	isabelle/pss_mechanized.thy	29801	false	5402950	0	true
pss_mechanized.idem2_core_trunk	pss_mechanized	pss_mechanized.idem2_core_trunk	0	538028	isabelle/pss_mechanized.thy	29818	false	5403058	0	true
pss_mechanized.idem2_shift_reduce	pss_mechanized	pss_mechanized.idem2_shift_reduce	0	538158	isabelle/pss_mechanized.thy	29840	false	5403334	0	true
pss_mechanized.cong_struct_def	pss_mechanized	pss_mechanized.cong_struct_def	0	538216	isabelle/pss_mechanized.thy	29876	false	0	0	false
pss_mechanized.cong_struct.intro	pss_mechanized	pss_mechanized.cong_struct.intro	0	538232	isabelle/pss_mechanized.thy	29876	false	0	0	false
pss_mechanized.cong_struct.len_eq	pss_mechanized	pss_mechanized.cong_struct.len_eq	0	538250	isabelle/pss_mechanized.thy	29878	false	0	0	false
pss_mechanized.cong_struct.nextrel0_eq'	pss_mechanized	pss_mechanized.cong_struct.nextrel0_eq'	0	538252	isabelle/pss_mechanized.thy	29879	false	0	0	false
pss_mechanized.cong_struct.row1_eq	pss_mechanized	pss_mechanized.cong_struct.row1_eq	0	538254	isabelle/pss_mechanized.thy	29880	false	0	0	false
pss_mechanized.cong_struct.nextrel0_eq	pss_mechanized	pss_mechanized.cong_struct.nextrel0_eq	0	538274	isabelle/pss_mechanized.thy	29887	false	5403612	0	false
pss_mechanized.cong_struct.le0_eq	pss_mechanized	pss_mechanized.cong_struct.le0_eq	0	538288	isabelle/pss_mechanized.thy	29889	false	5403664	0	false
pss_mechanized.cong_struct.nextrel1_eq	pss_mechanized	pss_mechanized.cong_struct.nextrel1_eq	0	538308	isabelle/pss_mechanized.thy	29892	false	5403718	0	false
pss_mechanized.cong_struct.le1_eq	pss_mechanized	pss_mechanized.cong_struct.le1_eq	0	538328	isabelle/pss_mechanized.thy	29935	false	5403766	0	false
pss_mechanized.cong_struct.nextR_eq	pss_mechanized	pss_mechanized.cong_struct.nextR_eq	0	538350	isabelle/pss_mechanized.thy	29938	false	5403842	0	false
pss_mechanized.cong_struct.leR_eq	pss_mechanized	pss_mechanized.cong_struct.leR_eq	0	538360	isabelle/pss_mechanized.thy	29941	false	5403890	0	false
pss_mechanized.cong_struct.TrMax_eq	pss_mechanized	pss_mechanized.cong_struct.TrMax_eq	0	538386	isabelle/pss_mechanized.thy	29944	false	5403930	0	false
pss_mechanized.cong_struct.zeroT_eq	pss_mechanized	pss_mechanized.cong_struct.zeroT_eq	0	538404	isabelle/pss_mechanized.thy	29947	false	5403958	0	false
pss_mechanized.cong_struct.monoT_eq	pss_mechanized	pss_mechanized.cong_struct.monoT_eq	0	538434	isabelle/pss_mechanized.thy	29951	false	5403988	0	false
pss_mechanized.cong_struct.multiT_eq	pss_mechanized	pss_mechanized.cong_struct.multiT_eq	0	538458	isabelle/pss_mechanized.thy	29954	false	5404026	0	false
pss_mechanized.cong_struct.Pcut_eq	pss_mechanized	pss_mechanized.cong_struct.Pcut_eq	0	538464	isabelle/pss_mechanized.thy	29957	false	5404082	0	false
pss_mechanized.congR_def	pss_mechanized	pss_mechanized.congR_def	0	538524	isabelle/pss_mechanized.thy	29973	false	5404162	0	false
pss_mechanized.congR_cong_struct	pss_mechanized	pss_mechanized.congR_cong_struct	0	538570	isabelle/pss_mechanized.thy	29977	false	5404344	0	false
pss_mechanized.cong_struct_congR	pss_mechanized	pss_mechanized.cong_struct_congR	0	538598	isabelle/pss_mechanized.thy	29980	false	5404406	0	false
pss_mechanized.congR_refl	pss_mechanized	pss_mechanized.congR_refl	0	538616	isabelle/pss_mechanized.thy	29992	false	5404452	0	false
pss_mechanized.congR_trans	pss_mechanized	pss_mechanized.congR_trans	0	538654	isabelle/pss_mechanized.thy	29994	false	5404494	0	false
pss_mechanized.congR_Lng	pss_mechanized	pss_mechanized.congR_Lng	0	538688	isabelle/pss_mechanized.thy	29998	false	5404598	0	false
pss_mechanized.congR_nextR	pss_mechanized	pss_mechanized.congR_nextR	0	538754	isabelle/pss_mechanized.thy	29999	false	5404680	0	false
pss_mechanized.congR_leR	pss_mechanized	pss_mechanized.congR_leR	0	538790	isabelle/pss_mechanized.thy	30001	false	5404790	0	false
pss_mechanized.congR_TrMax	pss_mechanized	pss_mechanized.congR_TrMax	0	538828	isabelle/pss_mechanized.thy	30003	false	5404858	0	false
pss_mechanized.congR_zeroT	pss_mechanized	pss_mechanized.congR_zeroT	0	538870	isabelle/pss_mechanized.thy	30005	false	5404936	0	false
pss_mechanized.congR_monoT	pss_mechanized	pss_mechanized.congR_monoT	0	538902	isabelle/pss_mechanized.thy	30007	false	5404992	0	false
pss_mechanized.congR_multiT	pss_mechanized	pss_mechanized.congR_multiT	0	538918	isabelle/pss_mechanized.thy	30009	false	5405046	0	false
pss_mechanized.congR_Pcut	pss_mechanized	pss_mechanized.congR_Pcut	0	538954	isabelle/pss_mechanized.thy	30011	false	5405100	0	false
pss_mechanized.congR_seg	pss_mechanized	pss_mechanized.congR_seg	0	539010	isabelle/pss_mechanized.thy	30018	false	5405196	0	false
pss_mechanized.congR_take	pss_mechanized	pss_mechanized.congR_take	0	539070	isabelle/pss_mechanized.thy	30065	false	5405364	0	true
pss_mechanized.congR_drop	pss_mechanized	pss_mechanized.congR_drop	0	539122	isabelle/pss_mechanized.thy	30081	false	5405536	0	false
pss_mechanized.congR_P_maplen	pss_mechanized	pss_mechanized.congR_P_maplen	0	539154	isabelle/pss_mechanized.thy	30101	false	5405662	0	true
pss_mechanized.congR_P_length	pss_mechanized	pss_mechanized.congR_P_length	0	539170	isabelle/pss_mechanized.thy	30138	false	5405746	0	true
pss_mechanized.congR_P_IdxSum	pss_mechanized	pss_mechanized.congR_P_IdxSum	0	539204	isabelle/pss_mechanized.thy	30141	false	5405888	0	true
pss_mechanized.congR_P_block	pss_mechanized	pss_mechanized.congR_P_block	0	539296	isabelle/pss_mechanized.thy	30154	false	5406076	0	true
pss_mechanized.congR_IncrFirst	pss_mechanized	pss_mechanized.congR_IncrFirst	0	539350	isabelle/pss_mechanized.thy	30196	false	5406242	0	false
pss_mechanized.congR_funpow_IncrFirst	pss_mechanized	pss_mechanized.congR_funpow_IncrFirst	0	539384	isabelle/pss_mechanized.thy	30216	false	5406328	0	false
pss_mechanized.congR_shiftRow0	pss_mechanized	pss_mechanized.congR_shiftRow0	0	539456	isabelle/pss_mechanized.thy	30223	false	5406516	0	false
pss_mechanized.congR_brseg	pss_mechanized	pss_mechanized.congR_brseg	0	539562	isabelle/pss_mechanized.thy	30257	false	5406696	0	false
pss_mechanized.congR_Br_length	pss_mechanized	pss_mechanized.congR_Br_length	0	539600	isabelle/pss_mechanized.thy	30265	false	5406884	0	true
pss_mechanized.congR_Br_block	pss_mechanized	pss_mechanized.congR_Br_block	0	539642	isabelle/pss_mechanized.thy	30288	false	5406980	0	true
pss_mechanized.congR_Br_maplen	pss_mechanized	pss_mechanized.congR_Br_maplen	0	539710	isabelle/pss_mechanized.thy	30366	false	5407294	0	true
pss_mechanized.congR_IdxSum_Br	pss_mechanized	pss_mechanized.congR_IdxSum_Br	0	539736	isabelle/pss_mechanized.thy	30380	false	5407396	0	true
pss_mechanized.congR_FirstNodes	pss_mechanized	pss_mechanized.congR_FirstNodes	0	539770	isabelle/pss_mechanized.thy	30391	false	5407462	0	true
pss_mechanized.congR_Joints	pss_mechanized	pss_mechanized.congR_Joints	0	539782	isabelle/pss_mechanized.thy	30399	false	5407524	0	true
pss_mechanized.congR_npJ	pss_mechanized	pss_mechanized.congR_npJ	0	539796	isabelle/pss_mechanized.thy	30405	false	5407632	0	true
pss_mechanized.cdn_nextrel0_suc_cong	pss_mechanized	pss_mechanized.cdn_nextrel0_suc_cong	0	539918	isabelle/pss_mechanized.thy	30435	false	5407824	0	false
pss_mechanized.cdn_minhead_runmin_char	pss_mechanized	pss_mechanized.cdn_minhead_runmin_char	0	540016	isabelle/pss_mechanized.thy	30466	false	5408050	0	true
pss_mechanized.cdn_nextrel0_minhead_cong	pss_mechanized	pss_mechanized.cdn_nextrel0_minhead_cong	0	540138	isabelle/pss_mechanized.thy	30515	false	5408294	0	true
pss_mechanized.congR_NJ	pss_mechanized	pss_mechanized.congR_NJ	0	540236	isabelle/pss_mechanized.thy	30575	false	5408706	0	true
pss_mechanized.cdn_entry0_diagfun	pss_mechanized	pss_mechanized.cdn_entry0_diagfun	0	540292	isabelle/pss_mechanized.thy	30698	false	5408912	0	true
pss_mechanized.cdn_Lng_diagfun	pss_mechanized	pss_mechanized.cdn_Lng_diagfun	0	540306	isabelle/pss_mechanized.thy	30721	false	5408986	0	false
pss_mechanized.cdn_runmin_char	pss_mechanized	pss_mechanized.cdn_runmin_char	0	540326	isabelle/pss_mechanized.thy	30732	false	5409150	0	false
pss_mechanized.cdn_nextrel0_diagfun_cong	pss_mechanized	pss_mechanized.cdn_nextrel0_diagfun_cong	0	540358	isabelle/pss_mechanized.thy	30779	false	5409516	0	true
pss_mechanized.congR_diag_funpow	pss_mechanized	pss_mechanized.congR_diag_funpow	0	540408	isabelle/pss_mechanized.thy	31028	false	5409728	0	true
pss_mechanized.cdn_shiftRow0_id	pss_mechanized	pss_mechanized.cdn_shiftRow0_id	0	540416	isabelle/pss_mechanized.thy	31078	false	5409970	0	false
pss_mechanized.cdn_Red_shiftRow0_m10z	pss_mechanized	pss_mechanized.cdn_Red_shiftRow0_m10z	0	540432	isabelle/pss_mechanized.thy	31098	false	5410096	0	true
pss_mechanized.congR_self_shiftRow0	pss_mechanized	pss_mechanized.congR_self_shiftRow0	0	540450	isabelle/pss_mechanized.thy	31127	false	5410200	0	false
pss_mechanized.cdn_red_cong	pss_mechanized	pss_mechanized.cdn_red_cong	0	540618	isabelle/pss_mechanized.thy	31150	false	5410480	0	true
pss_mechanized.b2_entry0_diag_app	pss_mechanized	pss_mechanized.b2_entry0_diag_app	0	540696	isabelle/pss_mechanized.thy	31393	false	5410610	0	true
pss_mechanized.b2_Lng_diag_app	pss_mechanized	pss_mechanized.b2_Lng_diag_app	0	540746	isabelle/pss_mechanized.thy	31409	false	5410758	0	false
pss_mechanized.b2_nextrel0_tailbump	pss_mechanized	pss_mechanized.b2_nextrel0_tailbump	0	540808	isabelle/pss_mechanized.thy	31424	false	5411042	0	true
pss_mechanized.b2_congR_tailbump	pss_mechanized	pss_mechanized.b2_congR_tailbump	0	540840	isabelle/pss_mechanized.thy	31645	false	5411326	0	true
pss_mechanized.b2_RedM_eq_segN	pss_mechanized	pss_mechanized.b2_RedM_eq_segN	0	540858	isabelle/pss_mechanized.thy	31685	false	5411508	0	true
pss_mechanized.b2_N_eq_diag_RedM	pss_mechanized	pss_mechanized.b2_N_eq_diag_RedM	0	540866	isabelle/pss_mechanized.thy	31766	false	5411710	0	true
pss_mechanized.b2_idem_m10pos	pss_mechanized	pss_mechanized.b2_idem_m10pos	0	540888	isabelle/pss_mechanized.thy	31821	false	5411870	0	true
pss_mechanized.s_FirstNode0_eq_TrMax_Suc	pss_mechanized	pss_mechanized.s_FirstNode0_eq_TrMax_Suc	0	540918	isabelle/pss_mechanized.thy	31898	false	5412060	0	true
pss_mechanized.s_npJ0_le_TrMax	pss_mechanized	pss_mechanized.s_npJ0_le_TrMax	0	540940	isabelle/pss_mechanized.thy	31907	false	5412206	0	true
pss_mechanized.fl_s_TrMax_Red	pss_mechanized	pss_mechanized.fl_s_TrMax_Red	0	540966	isabelle/pss_mechanized.thy	31977	false	5412342	0	true
pss_mechanized.d_Red_core_nontrunk_unfold	pss_mechanized	pss_mechanized.d_Red_core_nontrunk_unfold	0	540992	isabelle/pss_mechanized.thy	32118	false	5412618	0	true
pss_mechanized.fin_Red_leftend_row0_eq_m10	pss_mechanized	pss_mechanized.fin_Red_leftend_row0_eq_m10	0	541012	isabelle/pss_mechanized.thy	32179	false	5412888	0	true
pss_mechanized.fin_Red_NJ_leftend	pss_mechanized	pss_mechanized.fin_Red_NJ_leftend	0	541044	isabelle/pss_mechanized.thy	32309	false	5412956	0	true
pss_mechanized.fin_block_head	pss_mechanized	pss_mechanized.fin_block_head	0	541122	isabelle/pss_mechanized.thy	32341	false	5413110	0	true
pss_mechanized.rmt_core_nontrunk_tail_pos	pss_mechanized	pss_mechanized.rmt_core_nontrunk_tail_pos	0	541186	isabelle/pss_mechanized.thy	32372	false	5413324	0	true
pss_mechanized.rmt_core_nontrunk_strict_suffix_min	pss_mechanized	pss_mechanized.rmt_core_nontrunk_strict_suffix_min	0	541246	isabelle/pss_mechanized.thy	32502	false	5413548	0	true
pss_mechanized.m_6_5_Red_preserves_monoT	pss_mechanized	pss_mechanized.m_6_5_Red_preserves_monoT	0	541258	isabelle/pss_mechanized.thy	32543	false	5413816	0	true
pss_mechanized.if2_P_concat_blocks	pss_mechanized	pss_mechanized.if2_P_concat_blocks	0	541352	isabelle/pss_mechanized.thy	32787	false	5413906	0	true
pss_mechanized.if2_multiT_funpow_IncrFirst	pss_mechanized	pss_mechanized.if2_multiT_funpow_IncrFirst	0	541374	isabelle/pss_mechanized.thy	32920	false	5414176	0	false
pss_mechanized.if2_block_props	pss_mechanized	pss_mechanized.if2_block_props	0	541388	isabelle/pss_mechanized.thy	32929	false	5414264	0	true
pss_mechanized.if2_block_row0_min	pss_mechanized	pss_mechanized.if2_block_row0_min	0	541474	isabelle/pss_mechanized.thy	32972	false	5414570	0	true
pss_mechanized.if2_Br_Red	pss_mechanized	pss_mechanized.if2_Br_Red	0	541528	isabelle/pss_mechanized.thy	33025	false	5414854	0	true
pss_mechanized.a1_Red_trunk_row0	pss_mechanized	pss_mechanized.a1_Red_trunk_row0	0	541538	isabelle/pss_mechanized.thy	33132	false	5415014	0	true
pss_mechanized.a1_FN_hasParent	pss_mechanized	pss_mechanized.a1_FN_hasParent	0	541544	isabelle/pss_mechanized.thy	33161	false	5415176	0	true
pss_mechanized.a1_FN_lt	pss_mechanized	pss_mechanized.a1_FN_lt	0	541552	isabelle/pss_mechanized.thy	33186	false	5415292	0	true
pss_mechanized.a1_concat_locate_raw	pss_mechanized	pss_mechanized.a1_concat_locate_raw	0	541560	isabelle/pss_mechanized.thy	33198	false	5415454	0	true
pss_mechanized.a1_concat_locate	pss_mechanized	pss_mechanized.a1_concat_locate	0	541624	isabelle/pss_mechanized.thy	33225	false	5415524	0	true
pss_mechanized.a1_sumlen_take_mono	pss_mechanized	pss_mechanized.a1_sumlen_take_mono	0	541694	isabelle/pss_mechanized.thy	33240	false	5415626	0	true
pss_mechanized.a1_if_Joints_Red	pss_mechanized	pss_mechanized.a1_if_Joints_Red	0	541764	isabelle/pss_mechanized.thy	33254	false	5415808	0	true
pss_mechanized.a1_BrRed_row1_head	pss_mechanized	pss_mechanized.a1_BrRed_row1_head	0	541786	isabelle/pss_mechanized.thy	33432	false	5415964	0	true
pss_mechanized.a1_if_npJ_Red_zero	pss_mechanized	pss_mechanized.a1_if_npJ_Red_zero	0	541808	isabelle/pss_mechanized.thy	33467	false	5416122	0	true
pss_mechanized.a1_Red_trunk_row1	pss_mechanized	pss_mechanized.a1_Red_trunk_row1	0	541836	isabelle/pss_mechanized.thy	33483	false	5416266	0	true
pss_mechanized.a1_Red_trunk_nextrel0_step	pss_mechanized	pss_mechanized.a1_Red_trunk_nextrel0_step	0	541846	isabelle/pss_mechanized.thy	33512	false	5416436	0	true
pss_mechanized.a1_Red_trunk_le0	pss_mechanized	pss_mechanized.a1_Red_trunk_le0	0	541930	isabelle/pss_mechanized.thy	33531	false	5416590	0	true
pss_mechanized.a1_le0_ancestor_le_parent	pss_mechanized	pss_mechanized.a1_le0_ancestor_le_parent	0	541978	isabelle/pss_mechanized.thy	33570	false	5416786	0	false
pss_mechanized.a1_if_npJ_Red_pos	pss_mechanized	pss_mechanized.a1_if_npJ_Red_pos	0	542110	isabelle/pss_mechanized.thy	33595	false	5416990	0	true
pss_mechanized.a1_if_npJ_Red	pss_mechanized	pss_mechanized.a1_if_npJ_Red	0	542150	isabelle/pss_mechanized.thy	33729	false	5417176	0	true
pss_mechanized.a1_Red_funpow_IncrFirst	pss_mechanized	pss_mechanized.a1_Red_funpow_IncrFirst	0	542190	isabelle/pss_mechanized.thy	33745	false	5417328	0	true
pss_mechanized.a1_NJ_Red_eq	pss_mechanized	pss_mechanized.a1_NJ_Red_eq	0	542358	isabelle/pss_mechanized.thy	33771	false	5417478	0	true
pss_mechanized.a1_Red_NJ_Red_residual	pss_mechanized	pss_mechanized.a1_Red_NJ_Red_residual	0	542408	isabelle/pss_mechanized.thy	33832	false	5417676	0	true
pss_mechanized.a1_idem_core_nontrunk	pss_mechanized	pss_mechanized.a1_idem_core_nontrunk	0	542510	isabelle/pss_mechanized.thy	33857	false	5417844	0	true
pss_mechanized.a1_idem_m10pos	pss_mechanized	pss_mechanized.a1_idem_m10pos	0	542618	isabelle/pss_mechanized.thy	33945	false	5418054	0	true
pss_mechanized.idem_nonmulti	pss_mechanized	pss_mechanized.idem_nonmulti	0	542658	isabelle/pss_mechanized.thy	34021	false	5418232	0	true
pss_mechanized.m_6_5_Red_idem	pss_mechanized	pss_mechanized.m_6_5_Red_idem	0	542676	isabelle/pss_mechanized.thy	34141	false	5418296	0	true
pss_mechanized.a3_butlast_concat	pss_mechanized	pss_mechanized.a3_butlast_concat	0	542726	isabelle/pss_mechanized.thy	34162	false	5418400	0	false
pss_mechanized.a3_map_butlast	pss_mechanized	pss_mechanized.a3_map_butlast	0	542770	isabelle/pss_mechanized.thy	34179	false	5418564	0	false
pss_mechanized.a3_butlast_Red_len1	pss_mechanized	pss_mechanized.a3_butlast_Red_len1	0	542800	isabelle/pss_mechanized.thy	34186	false	5418634	0	true
pss_mechanized.a3_shiftRow0_Pred	pss_mechanized	pss_mechanized.a3_shiftRow0_Pred	0	542834	isabelle/pss_mechanized.thy	34198	false	5418772	0	false
pss_mechanized.a3_Red_shiftRow0_Pred_m10z	pss_mechanized	pss_mechanized.a3_Red_shiftRow0_Pred_m10z	0	542876	isabelle/pss_mechanized.thy	34249	false	5418876	0	true
pss_mechanized.a3_TrMax_Pred_trunk	pss_mechanized	pss_mechanized.a3_TrMax_Pred_trunk	0	542930	isabelle/pss_mechanized.thy	34295	false	5418972	0	false
pss_mechanized.a3_Red_Pred_cond	pss_mechanized	pss_mechanized.a3_Red_Pred_cond	0	543208	isabelle/pss_mechanized.thy	34351	false	5419446	0	true
pss_mechanized.rpred_Br_Pred_prefix	pss_mechanized	pss_mechanized.rpred_Br_Pred_prefix	0	543340	isabelle/pss_mechanized.thy	34737	false	5419696	0	true
pss_mechanized.rpred_IdxSum_prefix_append	pss_mechanized	pss_mechanized.rpred_IdxSum_prefix_append	0	543408	isabelle/pss_mechanized.thy	34753	false	5419866	0	true
pss_mechanized.rpred_IdxSum_butlast	pss_mechanized	pss_mechanized.rpred_IdxSum_butlast	0	543456	isabelle/pss_mechanized.thy	34770	false	5419958	0	true
pss_mechanized.rpred_FirstNodes_Pred	pss_mechanized	pss_mechanized.rpred_FirstNodes_Pred	0	543654	isabelle/pss_mechanized.thy	34790	false	5420234	0	true
pss_mechanized.rpred_JBr_Pred_imp	pss_mechanized	pss_mechanized.rpred_JBr_Pred_imp	0	543802	isabelle/pss_mechanized.thy	34863	false	5420368	0	true
pss_mechanized.rpred_hasParent_FirstNodes	pss_mechanized	pss_mechanized.rpred_hasParent_FirstNodes	0	543862	isabelle/pss_mechanized.thy	34900	false	5420610	0	true
pss_mechanized.rpred_Joints_Pred	pss_mechanized	pss_mechanized.rpred_Joints_Pred	0	544088	isabelle/pss_mechanized.thy	34930	false	5420838	0	true
pss_mechanized.rpred_branch_e1_Pred	pss_mechanized	pss_mechanized.rpred_branch_e1_Pred	0	544336	isabelle/pss_mechanized.thy	35025	false	5421108	0	true
pss_mechanized.rpred_npJ_Pred	pss_mechanized	pss_mechanized.rpred_npJ_Pred	0	544654	isabelle/pss_mechanized.thy	35084	false	5421384	0	true
pss_mechanized.rpred_block_eq_interior	pss_mechanized	pss_mechanized.rpred_block_eq_interior	0	544842	isabelle/pss_mechanized.thy	35190	false	5421636	0	true
pss_mechanized.rpred_NJ_interior	pss_mechanized	pss_mechanized.rpred_NJ_interior	0	544938	isabelle/pss_mechanized.thy	35220	false	5421918	0	true
pss_mechanized.rpred_lastblock_Pred	pss_mechanized	pss_mechanized.rpred_lastblock_Pred	0	545028	isabelle/pss_mechanized.thy	35244	false	5422162	0	true
pss_mechanized.rpred_NJ_lastblock	pss_mechanized	pss_mechanized.rpred_NJ_lastblock	0	545102	isabelle/pss_mechanized.thy	35281	false	5422314	0	true
pss_mechanized.rpred_BL_nonempty	pss_mechanized	pss_mechanized.rpred_BL_nonempty	0	545156	isabelle/pss_mechanized.thy	35346	false	5422512	0	true
pss_mechanized.rpred_BL_lastlen1	pss_mechanized	pss_mechanized.rpred_BL_lastlen1	0	545182	isabelle/pss_mechanized.thy	35369	false	5422708	0	true
pss_mechanized.rpred_core_nontrunk_step	pss_mechanized	pss_mechanized.rpred_core_nontrunk_step	0	545314	isabelle/pss_mechanized.thy	35392	false	5423000	0	true
pss_mechanized.m_6_5_Red_Pred	pss_mechanized	pss_mechanized.m_6_5_Red_Pred	0	545546	isabelle/pss_mechanized.thy	35727	false	5423514	0	true
pss_mechanized.rnsub_size_arg_lt	pss_mechanized	pss_mechanized.rnsub_size_arg_lt	0	545616	isabelle/pss_mechanized.thy	36143	false	5423620	0	true
pss_mechanized.rnsub_size_arg_lt'	pss_mechanized	pss_mechanized.rnsub_size_arg_lt'	0	545670	isabelle/pss_mechanized.thy	36155	false	5423714	0	true
pss_mechanized.RightNodes.simps	pss_mechanized	pss_mechanized.RightNodes.simps	0	545738	isabelle/pss_mechanized.thy	36159	false	5423808	0	true
pss_mechanized.RightNodes.induct	pss_mechanized	pss_mechanized.RightNodes.induct	0	545756	isabelle/pss_mechanized.thy	36159	false	5423808	0	true
pss_mechanized.RightNodes.elims	pss_mechanized	pss_mechanized.RightNodes.elims	0	545766	isabelle/pss_mechanized.thy	36159	false	5423808	0	true
pss_mechanized.rnsub_RightNodes_cons	pss_mechanized	pss_mechanized.rnsub_RightNodes_cons	0	545840	isabelle/pss_mechanized.thy	36169	false	5423944	0	true
pss_mechanized.rnsub_RightNodes_zero	pss_mechanized	pss_mechanized.rnsub_RightNodes_zero	0	545856	isabelle/pss_mechanized.thy	36174	false	5424056	0	true
pss_mechanized.rnsub_RightNodes_Dpt	pss_mechanized	pss_mechanized.rnsub_RightNodes_Dpt	0	545886	isabelle/pss_mechanized.thy	36177	false	5424114	0	true
pss_mechanized.rnsub_RightNodes_last	pss_mechanized	pss_mechanized.rnsub_RightNodes_last	0	545920	isabelle/pss_mechanized.thy	36182	false	5424198	0	true
pss_mechanized.rnsub_flat_single	pss_mechanized	pss_mechanized.rnsub_flat_single	0	545982	isabelle/pss_mechanized.thy	36187	false	5424288	0	true
pss_mechanized.rnsub_flat_Dpt0	pss_mechanized	pss_mechanized.rnsub_flat_Dpt0	0	546018	isabelle/pss_mechanized.thy	36191	false	5424376	0	true
pss_mechanized.rnsub_flat_hd	pss_mechanized	pss_mechanized.rnsub_flat_hd	0	546068	isabelle/pss_mechanized.thy	36195	false	5424454	0	true
pss_mechanized.rnsub_flat_nonempty	pss_mechanized	pss_mechanized.rnsub_flat_nonempty	0	546088	isabelle/pss_mechanized.thy	36199	false	5424510	0	true
pss_mechanized.rnsub_Lng_PB	pss_mechanized	pss_mechanized.rnsub_Lng_PB	0	546120	isabelle/pss_mechanized.thy	36203	false	5424564	0	false
pss_mechanized.rnsub_align_lastZ	pss_mechanized	pss_mechanized.rnsub_align_lastZ	0	546210	isabelle/pss_mechanized.thy	36217	false	5424652	0	false
pss_mechanized.rnsub_flat_multi	pss_mechanized	pss_mechanized.rnsub_flat_multi	0	546324	isabelle/pss_mechanized.thy	36256	false	5424762	0	true
pss_mechanized.rnsub_flat_pre_post	pss_mechanized	pss_mechanized.rnsub_flat_pre_post	0	546452	isabelle/pss_mechanized.thy	36262	false	5424992	0	true
pss_mechanized.rnsub_Zsym_in_flat	pss_mechanized	pss_mechanized.rnsub_Zsym_in_flat	0	546488	isabelle/pss_mechanized.thy	36321	false	5425270	0	true
pss_mechanized.rnsub_Zsym_in_flatP	pss_mechanized	pss_mechanized.rnsub_Zsym_in_flatP	0	546490	isabelle/pss_mechanized.thy	36322	false	5425270	0	true
pss_mechanized.rnsub_allRP_no_Zsym	pss_mechanized	pss_mechanized.rnsub_allRP_no_Zsym	0	546498	isabelle/pss_mechanized.thy	36327	false	5425340	0	true
pss_mechanized.rnsub_TB_last	pss_mechanized	pss_mechanized.rnsub_TB_last	0	546522	isabelle/pss_mechanized.thy	36332	false	5425440	0	true
pss_mechanized.rnsub_TB_replace_last	pss_mechanized	pss_mechanized.rnsub_TB_replace_last	0	546538	isabelle/pss_mechanized.thy	36343	false	5425612	0	true
pss_mechanized.spineSub_graph.intros	pss_mechanized	pss_mechanized.spineSub_graph.intros	0	546624	isabelle/pss_mechanized.thy	36359	true	5425734	0	true
pss_mechanized.spineSub_graph.cases	pss_mechanized	pss_mechanized.spineSub_graph.cases	0	546626	isabelle/pss_mechanized.thy	36359	true	5425734	0	true
pss_mechanized.spineSub_graph.induct	pss_mechanized	pss_mechanized.spineSub_graph.induct	0	546636	isabelle/pss_mechanized.thy	36359	true	5425734	0	true
pss_mechanized.spineSub_graph.simps	pss_mechanized	pss_mechanized.spineSub_graph.simps	0	546644	isabelle/pss_mechanized.thy	36359	true	5425734	0	true
pss_mechanized.spineSub_graph.inducts	pss_mechanized	pss_mechanized.spineSub_graph.inducts	0	546654	isabelle/pss_mechanized.thy	36359	true	5425734	0	true
pss_mechanized.spineSub_rel.intros	pss_mechanized	pss_mechanized.spineSub_rel.intros	0	546738	isabelle/pss_mechanized.thy	36359	true	5425734	0	true
pss_mechanized.spineSub_rel.cases	pss_mechanized	pss_mechanized.spineSub_rel.cases	0	546746	isabelle/pss_mechanized.thy	36359	true	5425734	0	true
pss_mechanized.spineSub_rel.induct	pss_mechanized	pss_mechanized.spineSub_rel.induct	0	546754	isabelle/pss_mechanized.thy	36359	true	5425734	0	true
pss_mechanized.spineSub_rel.simps	pss_mechanized	pss_mechanized.spineSub_rel.simps	0	546760	isabelle/pss_mechanized.thy	36359	true	5425734	0	true
pss_mechanized.spineSub_rel.inducts	pss_mechanized	pss_mechanized.spineSub_rel.inducts	0	546762	isabelle/pss_mechanized.thy	36359	true	5425734	0	true
pss_mechanized.spineSub.psimps	pss_mechanized	pss_mechanized.spineSub.psimps	0	546840	isabelle/pss_mechanized.thy	36359	false	5425734	0	true
pss_mechanized.spineSub.pinduct	pss_mechanized	pss_mechanized.spineSub.pinduct	0	546842	isabelle/pss_mechanized.thy	36359	false	5425734	0	true
pss_mechanized.spineSub.termination	pss_mechanized	pss_mechanized.spineSub.termination	0	546844	isabelle/pss_mechanized.thy	36359	true	5425734	0	true
pss_mechanized.spineSub.cases	pss_mechanized	pss_mechanized.spineSub.cases	0	546846	isabelle/pss_mechanized.thy	36359	false	5425734	0	true
pss_mechanized.spineSub.pelims	pss_mechanized	pss_mechanized.spineSub.pelims	0	546848	isabelle/pss_mechanized.thy	36359	false	5425734	0	true
pss_mechanized.spineSub.simps	pss_mechanized	pss_mechanized.spineSub.simps	0	546904	isabelle/pss_mechanized.thy	36366	false	5428458	0	true
pss_mechanized.spineSub.induct	pss_mechanized	pss_mechanized.spineSub.induct	0	546916	isabelle/pss_mechanized.thy	36366	false	5428458	0	true
pss_mechanized.spineSub.elims	pss_mechanized	pss_mechanized.spineSub.elims	0	546922	isabelle/pss_mechanized.thy	36366	false	5428458	0	true
pss_mechanized.rnsub_spineSub_len	pss_mechanized	pss_mechanized.rnsub_spineSub_len	0	546988	isabelle/pss_mechanized.thy	36376	false	5428654	0	true
pss_mechanized.rnsub_RightNodes_spineSub	pss_mechanized	pss_mechanized.rnsub_RightNodes_spineSub	0	547010	isabelle/pss_mechanized.thy	36381	false	5428720	0	true
pss_mechanized.rnsub_flat_main	pss_mechanized	pss_mechanized.rnsub_flat_main	0	547030	isabelle/pss_mechanized.thy	36426	false	5428832	0	true
pss_mechanized.rnsub_Lng_spineSub	pss_mechanized	pss_mechanized.rnsub_Lng_spineSub	0	547090	isabelle/pss_mechanized.thy	36546	false	5429004	0	true
pss_mechanized.rnsub_RightNodes_t0_lastv	pss_mechanized	pss_mechanized.rnsub_RightNodes_t0_lastv	0	547160	isabelle/pss_mechanized.thy	36560	false	5429104	0	true
pss_mechanized.m_7_2_RightNodes_subexpr	pss_mechanized	pss_mechanized.m_7_2_RightNodes_subexpr	0	547302	isabelle/pss_mechanized.thy	36647	false	5429342	0	true
pss_mechanized.key_reduced_iff_cond_multi	pss_mechanized	pss_mechanized.key_reduced_iff_cond_multi	0	547398	isabelle/pss_mechanized.thy	36733	false	5429686	0	true
pss_mechanized.elead_Lng_diag_append	pss_mechanized	pss_mechanized.elead_Lng_diag_append	0	547436	isabelle/pss_mechanized.thy	36779	false	5429914	0	false
pss_mechanized.elead_entry_diag_append_lo	pss_mechanized	pss_mechanized.elead_entry_diag_append_lo	0	547464	isabelle/pss_mechanized.thy	36783	false	5429968	0	false
pss_mechanized.elead_entry_diag_append_hi	pss_mechanized	pss_mechanized.elead_entry_diag_append_hi	0	547482	isabelle/pss_mechanized.thy	36793	false	5430042	0	true
pss_mechanized.elead_monoT_N	pss_mechanized	pss_mechanized.elead_monoT_N	0	547504	isabelle/pss_mechanized.thy	36809	false	5430220	0	true
pss_mechanized.trailRP_def	pss_mechanized	pss_mechanized.trailRP_def	0	547520	isabelle/pss_mechanized.thy	36901	false	5430392	0	false
pss_mechanized.scbuniq_isPTB_has_nonRP	pss_mechanized	pss_mechanized.scbuniq_isPTB_has_nonRP	0	547528	isabelle/pss_mechanized.thy	36905	false	5430460	0	true
pss_mechanized.scbuniq_trailRP_append_RP	pss_mechanized	pss_mechanized.scbuniq_trailRP_append_RP	0	547546	isabelle/pss_mechanized.thy	36916	false	5430570	0	false
pss_mechanized.scbuniq_trailRP_prefix_indep	pss_mechanized	pss_mechanized.scbuniq_trailRP_prefix_indep	0	547580	isabelle/pss_mechanized.thy	36929	false	5430700	0	false
pss_mechanized.scbuniq_all_RP_eq	pss_mechanized	pss_mechanized.scbuniq_all_RP_eq	0	547636	isabelle/pss_mechanized.thy	36942	false	5430760	0	false
pss_mechanized.m_7_2_scb_unique_sb	pss_mechanized	pss_mechanized.m_7_2_scb_unique_sb	0	547650	isabelle/pss_mechanized.thy	36954	false	5430856	0	true
pss_mechanized.scbtriv_dlt_def	pss_mechanized	pss_mechanized.scbtriv_dlt_def	0	547692	isabelle/pss_mechanized.thy	37007	false	5431132	0	false
pss_mechanized.scbtriv_depth_def	pss_mechanized	pss_mechanized.scbtriv_depth_def	0	547730	isabelle/pss_mechanized.thy	37010	false	5431230	0	false
pss_mechanized.scbtriv_depth_append	pss_mechanized	pss_mechanized.scbtriv_depth_append	0	547750	isabelle/pss_mechanized.thy	37013	false	5431420	0	false
pss_mechanized.scbtriv_depth_Nil	pss_mechanized	pss_mechanized.scbtriv_depth_Nil	0	547756	isabelle/pss_mechanized.thy	37017	false	5431500	0	false
pss_mechanized.scbtriv_depth_Cons	pss_mechanized	pss_mechanized.scbtriv_depth_Cons	0	547766	isabelle/pss_mechanized.thy	37020	false	5431560	0	false
pss_mechanized.scbtriv_dlt_simps(1)	pss_mechanized	pss_mechanized.scbtriv_dlt_simps	1	547792	isabelle/pss_mechanized.thy	37024	false	5431650	0	true
pss_mechanized.scbtriv_dlt_simps(2)	pss_mechanized	pss_mechanized.scbtriv_dlt_simps	2	547796	isabelle/pss_mechanized.thy	37024	false	5431650	0	true
pss_mechanized.scbtriv_dlt_simps(3)	pss_mechanized	pss_mechanized.scbtriv_dlt_simps	3	547798	isabelle/pss_mechanized.thy	37024	false	5431650	0	true
pss_mechanized.scbtriv_dlt_simps(4)	pss_mechanized	pss_mechanized.scbtriv_dlt_simps	4	547800	isabelle/pss_mechanized.thy	37024	false	5431650	0	true
pss_mechanized.scbtriv_dlt_simps(5)	pss_mechanized	pss_mechanized.scbtriv_dlt_simps	5	547802	isabelle/pss_mechanized.thy	37024	false	5431650	0	true
pss_mechanized.scbtriv_depth_concat_CM	pss_mechanized	pss_mechanized.scbtriv_depth_concat_CM	0	547846	isabelle/pss_mechanized.thy	37029	false	5431736	0	true
pss_mechanized.scbtriv_sum_list_zero	pss_mechanized	pss_mechanized.scbtriv_sum_list_zero	0	547890	isabelle/pss_mechanized.thy	37034	false	5431832	0	false
pss_mechanized.scbtriv_flat_nonempty(1)	pss_mechanized	pss_mechanized.scbtriv_flat_nonempty	1	547930	isabelle/pss_mechanized.thy	37040	false	5432090	0	true
pss_mechanized.scbtriv_flat_nonempty(2)	pss_mechanized	pss_mechanized.scbtriv_flat_nonempty	2	547932	isabelle/pss_mechanized.thy	37040	false	5432090	0	true
pss_mechanized.scbtriv_depth_flat(1)	pss_mechanized	pss_mechanized.scbtriv_depth_flat	1	547974	isabelle/pss_mechanized.thy	37046	false	5432194	0	true
pss_mechanized.scbtriv_depth_flat(2)	pss_mechanized	pss_mechanized.scbtriv_depth_flat	2	547976	isabelle/pss_mechanized.thy	37046	false	5432194	0	true
pss_mechanized.scbtriv_eq_imp_trivial_decomp	pss_mechanized	pss_mechanized.scbtriv_eq_imp_trivial_decomp	0	548042	isabelle/pss_mechanized.thy	37072	false	5432294	0	false
pss_mechanized.roper_oper_Lng1	pss_mechanized	pss_mechanized.roper_oper_Lng1	0	548080	isabelle/pss_mechanized.thy	37092	false	5432438	0	false
pss_mechanized.roper_base_Lng1	pss_mechanized	pss_mechanized.roper_base_Lng1	0	548124	isabelle/pss_mechanized.thy	37097	false	5432564	0	true
pss_mechanized.ecrux_diagSeq_split	pss_mechanized	pss_mechanized.ecrux_diagSeq_split	0	548154	isabelle/pss_mechanized.thy	37121	false	5432790	0	false
pss_mechanized.herd_Pred_pow_T_PS	pss_mechanized	pss_mechanized.herd_Pred_pow_T_PS	0	548184	isabelle/pss_mechanized.thy	37145	false	5432890	0	false
pss_mechanized.herd_Pred_pow_take	pss_mechanized	pss_mechanized.herd_Pred_pow_take	0	548194	isabelle/pss_mechanized.thy	37164	false	5432964	0	false
pss_mechanized.herd_Red_Pred_pow	pss_mechanized	pss_mechanized.herd_Red_Pred_pow	0	548236	isabelle/pss_mechanized.thy	37194	false	5433046	0	true
pss_mechanized.herd_6_6_reduced_slice	pss_mechanized	pss_mechanized.herd_6_6_reduced_slice	0	548274	isabelle/pss_mechanized.thy	37227	false	5433258	0	true
pss_mechanized.flatinj_w_graph.intros(1)	pss_mechanized	pss_mechanized.flatinj_w_graph.intros	1	548328	isabelle/pss_mechanized.thy	37274	true	5433430	0	true
pss_mechanized.flatinj_w_graph.intros(2)	pss_mechanized	pss_mechanized.flatinj_w_graph.intros	2	548330	isabelle/pss_mechanized.thy	37274	true	5433430	0	true
pss_mechanized.flatinj_w_graph.intros(3)	pss_mechanized	pss_mechanized.flatinj_w_graph.intros	3	548332	isabelle/pss_mechanized.thy	37274	true	5433430	0	true
pss_mechanized.flatinj_w_graph.intros(4)	pss_mechanized	pss_mechanized.flatinj_w_graph.intros	4	548334	isabelle/pss_mechanized.thy	37274	true	5433430	0	true
pss_mechanized.flatinj_w_graph.intros(5)	pss_mechanized	pss_mechanized.flatinj_w_graph.intros	5	548336	isabelle/pss_mechanized.thy	37274	true	5433430	0	true
pss_mechanized.flatinj_w_graph.cases	pss_mechanized	pss_mechanized.flatinj_w_graph.cases	0	548338	isabelle/pss_mechanized.thy	37274	true	5433430	0	true
pss_mechanized.flatinj_w_graph.induct	pss_mechanized	pss_mechanized.flatinj_w_graph.induct	0	548340	isabelle/pss_mechanized.thy	37274	true	5433430	0	true
pss_mechanized.flatinj_w_graph.simps	pss_mechanized	pss_mechanized.flatinj_w_graph.simps	0	548348	isabelle/pss_mechanized.thy	37274	true	5433430	0	true
pss_mechanized.flatinj_w_graph.inducts	pss_mechanized	pss_mechanized.flatinj_w_graph.inducts	0	548350	isabelle/pss_mechanized.thy	37274	true	5433430	0	true
pss_mechanized.flatinj_w_rel.cases	pss_mechanized	pss_mechanized.flatinj_w_rel.cases	0	548376	isabelle/pss_mechanized.thy	37274	true	5433430	0	true
pss_mechanized.flatinj_w_rel.induct	pss_mechanized	pss_mechanized.flatinj_w_rel.induct	0	548382	isabelle/pss_mechanized.thy	37274	true	5433430	0	true
pss_mechanized.flatinj_w_rel.simps	pss_mechanized	pss_mechanized.flatinj_w_rel.simps	0	548384	isabelle/pss_mechanized.thy	37274	true	5433430	0	true
pss_mechanized.flatinj_w_rel.inducts	pss_mechanized	pss_mechanized.flatinj_w_rel.inducts	0	548386	isabelle/pss_mechanized.thy	37274	true	5433430	0	true
pss_mechanized.flatinj_w.psimps(1)	pss_mechanized	pss_mechanized.flatinj_w.psimps	1	548512	isabelle/pss_mechanized.thy	37274	true	5433430	0	true
pss_mechanized.flatinj_w.psimps(2)	pss_mechanized	pss_mechanized.flatinj_w.psimps	2	548516	isabelle/pss_mechanized.thy	37274	true	5433430	0	true
pss_mechanized.flatinj_w.psimps(3)	pss_mechanized	pss_mechanized.flatinj_w.psimps	3	548518	isabelle/pss_mechanized.thy	37274	true	5433430	0	true
pss_mechanized.flatinj_w.psimps(4)	pss_mechanized	pss_mechanized.flatinj_w.psimps	4	548522	isabelle/pss_mechanized.thy	37274	true	5433430	0	true
pss_mechanized.flatinj_w.psimps(5)	pss_mechanized	pss_mechanized.flatinj_w.psimps	5	548524	isabelle/pss_mechanized.thy	37274	true	5433430	0	true
pss_mechanized.flatinj_w.pinduct	pss_mechanized	pss_mechanized.flatinj_w.pinduct	0	548530	isabelle/pss_mechanized.thy	37274	true	5433430	0	true
pss_mechanized.flatinj_w.termination	pss_mechanized	pss_mechanized.flatinj_w.termination	0	548540	isabelle/pss_mechanized.thy	37274	true	5433430	0	true
pss_mechanized.flatinj_w.cases	pss_mechanized	pss_mechanized.flatinj_w.cases	0	548544	isabelle/pss_mechanized.thy	37274	false	5433430	0	true
pss_mechanized.flatinj_w.pelims	pss_mechanized	pss_mechanized.flatinj_w.pelims	0	548554	isabelle/pss_mechanized.thy	37274	false	5433430	0	true
pss_mechanized.flatinj_w.simps(1)	pss_mechanized	pss_mechanized.flatinj_w.simps	1	548606	isabelle/pss_mechanized.thy	37274	false	5433430	0	true
pss_mechanized.flatinj_w.simps(2)	pss_mechanized	pss_mechanized.flatinj_w.simps	2	548610	isabelle/pss_mechanized.thy	37274	false	5433430	0	true
pss_mechanized.flatinj_w.simps(3)	pss_mechanized	pss_mechanized.flatinj_w.simps	3	548612	isabelle/pss_mechanized.thy	37274	false	5433430	0	true
pss_mechanized.flatinj_w.simps(4)	pss_mechanized	pss_mechanized.flatinj_w.simps	4	548614	isabelle/pss_mechanized.thy	37274	false	5433430	0	true
pss_mechanized.flatinj_w.simps(5)	pss_mechanized	pss_mechanized.flatinj_w.simps	5	548618	isabelle/pss_mechanized.thy	37274	false	5433430	0	true
pss_mechanized.flatinj_w.induct	pss_mechanized	pss_mechanized.flatinj_w.induct	0	548636	isabelle/pss_mechanized.thy	37274	false	5433430	0	true
pss_mechanized.flatinj_w.elims	pss_mechanized	pss_mechanized.flatinj_w.elims	0	548642	isabelle/pss_mechanized.thy	37274	false	5433430	0	true
pss_mechanized.flatinj_dsum_def	pss_mechanized	pss_mechanized.flatinj_dsum_def	0	548716	isabelle/pss_mechanized.thy	37281	false	5435156	0	false
pss_mechanized.flatinj_dsum_Nil	pss_mechanized	pss_mechanized.flatinj_dsum_Nil	0	548738	isabelle/pss_mechanized.thy	37284	false	5435258	0	false
pss_mechanized.flatinj_dsum_Cons	pss_mechanized	pss_mechanized.flatinj_dsum_Cons	0	548756	isabelle/pss_mechanized.thy	37287	false	5435320	0	false
pss_mechanized.flatinj_dsum_append	pss_mechanized	pss_mechanized.flatinj_dsum_append	0	548772	isabelle/pss_mechanized.thy	37291	false	5435434	0	false
pss_mechanized.flatinj_dsum_concat_CM	pss_mechanized	pss_mechanized.flatinj_dsum_concat_CM	0	548800	isabelle/pss_mechanized.thy	37297	false	5435550	0	true
pss_mechanized.flatinj_dsum_flatBT	pss_mechanized	pss_mechanized.flatinj_dsum_flatBT	0	548862	isabelle/pss_mechanized.thy	37303	false	5435642	0	true
pss_mechanized.flatinj_dsum_flatBP	pss_mechanized	pss_mechanized.flatinj_dsum_flatBP	0	548864	isabelle/pss_mechanized.thy	37304	false	5435642	0	true
pss_mechanized.flatinj_prefix_concat	pss_mechanized	pss_mechanized.flatinj_prefix_concat	0	549004	isabelle/pss_mechanized.thy	37333	false	5435758	0	true
pss_mechanized.flatinj_prefix_nonneg_BT	pss_mechanized	pss_mechanized.flatinj_prefix_nonneg_BT	0	549128	isabelle/pss_mechanized.thy	37391	false	5435978	0	true
pss_mechanized.flatinj_prefix_nonneg_BP	pss_mechanized	pss_mechanized.flatinj_prefix_nonneg_BP	0	549132	isabelle/pss_mechanized.thy	37393	false	5435978	0	true
pss_mechanized.flatinj_flatBP_cancel	pss_mechanized	pss_mechanized.flatinj_flatBP_cancel	0	549228	isabelle/pss_mechanized.thy	37492	false	5436212	0	true
pss_mechanized.flatinj_concat_inj	pss_mechanized	pss_mechanized.flatinj_concat_inj	0	549416	isabelle/pss_mechanized.thy	37541	false	5436354	0	true
pss_mechanized.list_321_cases	pss_mechanized	pss_mechanized.list_321_cases	0	549530	isabelle/pss_mechanized.thy	37574	false	5436548	0	false
pss_mechanized.flatinj_flat_inj	pss_mechanized	pss_mechanized.flatinj_flat_inj	0	549596	isabelle/pss_mechanized.thy	37588	false	5436744	0	true
pss_mechanized.m_7_flatBT_inj	pss_mechanized	pss_mechanized.m_7_flatBT_inj	0	549620	isabelle/pss_mechanized.thy	37678	false	5436850	0	true
pss_mechanized.scbcomp_compose1	pss_mechanized	pss_mechanized.scbcomp_compose1	0	549670	isabelle/pss_mechanized.thy	37699	false	5436946	0	true
pss_mechanized.scbcomp_compose2_PT	pss_mechanized	pss_mechanized.scbcomp_compose2_PT	0	549726	isabelle/pss_mechanized.thy	37735	false	5437198	0	true
pss_mechanized.scbcomp_isPTB_Zsym_False	pss_mechanized	pss_mechanized.scbcomp_isPTB_Zsym_False	0	549772	isabelle/pss_mechanized.thy	37760	false	5437388	0	true
pss_mechanized.scbcomp_compose2_counterexample	pss_mechanized	pss_mechanized.scbcomp_compose2_counterexample	0	549822	isabelle/pss_mechanized.thy	37770	false	5437424	0	true
pss_mechanized.m_7_2_scb_compose	pss_mechanized	pss_mechanized.m_7_2_scb_compose	0	549886	isabelle/pss_mechanized.thy	37788	false	5437592	0	true
pss_mechanized.ecrux_drop_tail	pss_mechanized	pss_mechanized.ecrux_drop_tail	0	549918	isabelle/pss_mechanized.thy	37814	false	5437794	0	false
pss_mechanized.ecrux_Lng	pss_mechanized	pss_mechanized.ecrux_Lng	0	549972	isabelle/pss_mechanized.thy	37820	false	5437878	0	false
pss_mechanized.ecrux_TrMax_diag_prefix	pss_mechanized	pss_mechanized.ecrux_TrMax_diag_prefix	0	550058	isabelle/pss_mechanized.thy	37828	false	5438016	0	true
pss_mechanized.ecrux_branch_seg_eq	pss_mechanized	pss_mechanized.ecrux_branch_seg_eq	0	550236	isabelle/pss_mechanized.thy	37915	false	5438158	0	true
pss_mechanized.ecrux_Br_diag_prefix	pss_mechanized	pss_mechanized.ecrux_Br_diag_prefix	0	550326	isabelle/pss_mechanized.thy	37949	false	5438432	0	true
pss_mechanized.ecrux_FirstNodes_diag_prefix	pss_mechanized	pss_mechanized.ecrux_FirstNodes_diag_prefix	0	550412	isabelle/pss_mechanized.thy	37986	false	5438630	0	true
pss_mechanized.scbtriv_flat_append_RP_nil	pss_mechanized	pss_mechanized.scbtriv_flat_append_RP_nil	0	550476	isabelle/pss_mechanized.thy	38033	false	5438770	0	true
pss_mechanized.m_7_2_scb_triviality(1)	pss_mechanized	pss_mechanized.m_7_2_scb_triviality	1	550530	isabelle/pss_mechanized.thy	38043	false	5438924	0	true
pss_mechanized.m_7_2_scb_triviality(2)	pss_mechanized	pss_mechanized.m_7_2_scb_triviality	2	550534	isabelle/pss_mechanized.thy	38043	false	5438924	0	true
pss_mechanized.m_7_2_scb_unique_decomp	pss_mechanized	pss_mechanized.m_7_2_scb_unique_decomp	0	550646	isabelle/pss_mechanized.thy	38117	false	5439148	0	true
pss_mechanized.ecrux_bumpAt_diag_IncrFirst	pss_mechanized	pss_mechanized.ecrux_bumpAt_diag_IncrFirst	0	550718	isabelle/pss_mechanized.thy	38171	false	5439338	0	true
pss_mechanized.ecrux_cutOK_diag	pss_mechanized	pss_mechanized.ecrux_cutOK_diag	0	550748	isabelle/pss_mechanized.thy	38248	false	5439486	0	true
pss_mechanized.ecrux_Red_diag_IncrFirst_step	pss_mechanized	pss_mechanized.ecrux_Red_diag_IncrFirst_step	0	550796	isabelle/pss_mechanized.thy	38278	false	5439580	0	true
pss_mechanized.ecrux_Red_diag_IncrFirst_pow	pss_mechanized	pss_mechanized.ecrux_Red_diag_IncrFirst_pow	0	550814	isabelle/pss_mechanized.thy	38297	false	5439780	0	true
pss_mechanized.ecrux_Red_diag_eq_Red_coreReduce	pss_mechanized	pss_mechanized.ecrux_Red_diag_eq_Red_coreReduce	0	550832	isabelle/pss_mechanized.thy	38333	false	5439892	0	true
pss_mechanized.m_6_6_Red_diag_prefix	pss_mechanized	pss_mechanized.m_6_6_Red_diag_prefix	0	550896	isabelle/pss_mechanized.thy	38358	false	5440134	0	true
pss_mechanized.scbrepl_multi_not_PTB	pss_mechanized	pss_mechanized.scbrepl_multi_not_PTB	0	550936	isabelle/pss_mechanized.thy	38423	false	5440320	0	true
pss_mechanized.m_7_2_scb_replaceable_counterexample	pss_mechanized	pss_mechanized.m_7_2_scb_replaceable_counterexample	0	551250	isabelle/pss_mechanized.thy	38441	false	5440452	0	true
pss_mechanized.scbrepl_t0_zero_forces_trivial	pss_mechanized	pss_mechanized.scbrepl_t0_zero_forces_trivial	0	551266	isabelle/pss_mechanized.thy	38486	false	5441124	0	true
pss_mechanized.m_7_2_scb_replaceable_t0zero	pss_mechanized	pss_mechanized.m_7_2_scb_replaceable_t0zero	0	551300	isabelle/pss_mechanized.thy	38517	false	5441268	0	true
pss_mechanized.scbrepl_concl_from_image	pss_mechanized	pss_mechanized.scbrepl_concl_from_image	0	551340	isabelle/pss_mechanized.thy	38566	false	5441552	0	true
pss_mechanized.m_7_2_scb_replaceable_corr_mod_image	pss_mechanized	pss_mechanized.m_7_2_scb_replaceable_corr_mod_image	0	551394	isabelle/pss_mechanized.thy	38596	false	5441842	0	true
pss_mechanized.kst_reduced_row1_le_row0	pss_mechanized	pss_mechanized.kst_reduced_row1_le_row0	0	551438	isabelle/pss_mechanized.thy	38628	false	5442122	0	true
pss_mechanized.m_6_6_reduced_leftend	pss_mechanized	pss_mechanized.m_6_6_reduced_leftend	0	551516	isabelle/pss_mechanized.thy	38721	false	5442402	0	true
pss_mechanized.kst_no_parent_Lng1	pss_mechanized	pss_mechanized.kst_no_parent_Lng1	0	551530	isabelle/pss_mechanized.thy	38847	false	5442672	0	false
pss_mechanized.kst_reduced_iff_cond_zeroT	pss_mechanized	pss_mechanized.kst_reduced_iff_cond_zeroT	0	551584	isabelle/pss_mechanized.thy	38868	false	5442838	0	true
pss_mechanized.addscb_princ_isPTB	pss_mechanized	pss_mechanized.addscb_princ_isPTB	0	551614	isabelle/pss_mechanized.thy	38937	false	5442990	0	true
pss_mechanized.addscb_addBT_snoc	pss_mechanized	pss_mechanized.addscb_addBT_snoc	0	551622	isabelle/pss_mechanized.thy	38948	false	5443112	0	true
pss_mechanized.m_7_2_add_scb_conj1	pss_mechanized	pss_mechanized.m_7_2_add_scb_conj1	0	551632	isabelle/pss_mechanized.thy	38955	false	5443234	0	true
pss_mechanized.m_7_2_add_scb_conj3_counterexample	pss_mechanized	pss_mechanized.m_7_2_add_scb_conj3_counterexample	0	551680	isabelle/pss_mechanized.thy	38997	false	5443436	0	true
pss_mechanized.kfwd_nextR_diagSeq_parent	pss_mechanized	pss_mechanized.kfwd_nextR_diagSeq_parent	0	551694	isabelle/pss_mechanized.thy	39104	false	5444314	0	false
pss_mechanized.kfwd_condAB_diagSeq	pss_mechanized	pss_mechanized.kfwd_condAB_diagSeq	0	551700	isabelle/pss_mechanized.thy	39163	false	5444432	0	true
pss_mechanized.kfwd_reduced_core_trunk_diag	pss_mechanized	pss_mechanized.kfwd_reduced_core_trunk_diag	0	551716	isabelle/pss_mechanized.thy	39231	false	5444518	0	true
pss_mechanized.kfwd_reduced_core_trunk_condAB	pss_mechanized	pss_mechanized.kfwd_reduced_core_trunk_condAB	0	551722	isabelle/pss_mechanized.thy	39249	false	5444720	0	true
pss_mechanized.kfwd_Red_core_leftend00	pss_mechanized	pss_mechanized.kfwd_Red_core_leftend00	0	551728	isabelle/pss_mechanized.thy	39268	false	5444802	0	true
pss_mechanized.kfwd_reduced_monoT_shift_vacuous	pss_mechanized	pss_mechanized.kfwd_reduced_monoT_shift_vacuous	0	551736	isabelle/pss_mechanized.thy	39315	false	5444876	0	true
pss_mechanized.addscb_flat_pre_post2	pss_mechanized	pss_mechanized.addscb_flat_pre_post2	0	551750	isabelle/pss_mechanized.thy	39357	false	5444980	0	true
pss_mechanized.m_7_2_add_scb_conj2	pss_mechanized	pss_mechanized.m_7_2_add_scb_conj2	0	551758	isabelle/pss_mechanized.thy	39402	false	5445184	0	true
pss_mechanized.kfwd_reduced_core_nontrunk_initslice	pss_mechanized	pss_mechanized.kfwd_reduced_core_nontrunk_initslice	0	551808	isabelle/pss_mechanized.thy	39467	false	5445290	0	true
pss_mechanized.m_7_2_scb_kind_unique_of_ceq	pss_mechanized	pss_mechanized.m_7_2_scb_kind_unique_of_ceq	0	551848	isabelle/pss_mechanized.thy	39530	false	5445498	0	true
pss_mechanized.kfwd_pred_agree	pss_mechanized	pss_mechanized.kfwd_pred_agree	0	551862	isabelle/pss_mechanized.thy	39567	false	5445724	0	false
pss_mechanized.kfwd_nextR_Pred_imp	pss_mechanized	pss_mechanized.kfwd_nextR_Pred_imp	0	551892	isabelle/pss_mechanized.thy	39577	false	5445804	0	false
pss_mechanized.kfwd_nextR_Pred_rev	pss_mechanized	pss_mechanized.kfwd_nextR_Pred_rev	0	551974	isabelle/pss_mechanized.thy	39607	false	5445918	0	false
pss_mechanized.kfwd_hasParent_Pred_iff	pss_mechanized	pss_mechanized.kfwd_hasParent_Pred_iff	0	552002	isabelle/pss_mechanized.thy	39644	false	5446054	0	false
pss_mechanized.kfwd_parent_Pred_eq	pss_mechanized	pss_mechanized.kfwd_parent_Pred_eq	0	552042	isabelle/pss_mechanized.thy	39688	false	5446186	0	false
pss_mechanized.kfwd_entry_Pred_eq	pss_mechanized	pss_mechanized.kfwd_entry_Pred_eq	0	552050	isabelle/pss_mechanized.thy	39716	false	5446310	0	false
pss_mechanized.kfwd_monoT_hasParent_top	pss_mechanized	pss_mechanized.kfwd_monoT_hasParent_top	0	552076	isabelle/pss_mechanized.thy	39731	false	5446450	0	false
pss_mechanized.scbc_principal_cancel	pss_mechanized	pss_mechanized.scbc_principal_cancel	0	552104	isabelle/pss_mechanized.thy	39809	false	5446744	0	true
pss_mechanized.m_7_2_scb_c_unique	pss_mechanized	pss_mechanized.m_7_2_scb_c_unique	0	552152	isabelle/pss_mechanized.thy	39820	false	5446874	0	true
pss_mechanized.m_7_2_scb_kind0_unique	pss_mechanized	pss_mechanized.m_7_2_scb_kind0_unique	0	552204	isabelle/pss_mechanized.thy	39855	false	5447040	0	true
pss_mechanized.m_7_2_scb_kind1_unique	pss_mechanized	pss_mechanized.m_7_2_scb_kind1_unique	0	552260	isabelle/pss_mechanized.thy	39868	false	5447174	0	true
pss_mechanized.flatinj_dsum_allRP	pss_mechanized	pss_mechanized.flatinj_dsum_allRP	0	552278	isabelle/pss_mechanized.thy	39885	false	5447316	0	true
pss_mechanized.rnsub_flatBP_lastZ_split	pss_mechanized	pss_mechanized.rnsub_flatBP_lastZ_split	0	552312	isabelle/pss_mechanized.thy	39893	false	5447384	0	true
pss_mechanized.rnsub_RN_single	pss_mechanized	pss_mechanized.rnsub_RN_single	0	552340	isabelle/pss_mechanized.thy	39927	false	5447490	0	true
pss_mechanized.rnsub_dsum_pre_eq_post	pss_mechanized	pss_mechanized.rnsub_dsum_pre_eq_post	0	552400	isabelle/pss_mechanized.thy	39937	false	5447552	0	true
pss_mechanized.rnsub_straddle_excluded	pss_mechanized	pss_mechanized.rnsub_straddle_excluded	0	552444	isabelle/pss_mechanized.thy	39959	false	5447742	0	true
pss_mechanized.rnsub_cut_ge_pre_dichotomy	pss_mechanized	pss_mechanized.rnsub_cut_ge_pre_dichotomy	0	552582	isabelle/pss_mechanized.thy	40028	false	5447968	0	true
pss_mechanized.incf_pow_Lng	pss_mechanized	pss_mechanized.incf_pow_Lng	0	552678	isabelle/pss_mechanized.thy	40141	false	5448664	0	false
pss_mechanized.incf_pow_entry0	pss_mechanized	pss_mechanized.incf_pow_entry0	0	552758	isabelle/pss_mechanized.thy	40146	false	5448908	0	false
pss_mechanized.incf_pow_entry1	pss_mechanized	pss_mechanized.incf_pow_entry1	0	552816	isabelle/pss_mechanized.thy	40162	false	5449142	0	false
pss_mechanized.nextrel0_incf_pow_eq	pss_mechanized	pss_mechanized.nextrel0_incf_pow_eq	0	552866	isabelle/pss_mechanized.thy	40181	false	5449268	0	false
pss_mechanized.nextrel1_incf_pow_eq	pss_mechanized	pss_mechanized.nextrel1_incf_pow_eq	0	552902	isabelle/pss_mechanized.thy	40192	false	5449346	0	false
pss_mechanized.incf_pow_nextR	pss_mechanized	pss_mechanized.incf_pow_nextR	0	552938	isabelle/pss_mechanized.thy	40203	false	5449406	0	false
pss_mechanized.incf_pow_hasParent	pss_mechanized	pss_mechanized.incf_pow_hasParent	0	552970	isabelle/pss_mechanized.thy	40218	false	5449532	0	false
pss_mechanized.incf_pow_parent	pss_mechanized	pss_mechanized.incf_pow_parent	0	553006	isabelle/pss_mechanized.thy	40223	false	5449606	0	false
pss_mechanized.concat_map_last_block_drop	pss_mechanized	pss_mechanized.concat_map_last_block_drop	0	553132	isabelle/pss_mechanized.thy	40249	false	5449742	0	true
pss_mechanized.kfwd_lastblock_locate	pss_mechanized	pss_mechanized.kfwd_lastblock_locate	0	553286	isabelle/pss_mechanized.thy	40261	false	5449836	0	true
pss_mechanized.wf12_allRP_prefix	pss_mechanized	pss_mechanized.wf12_allRP_prefix	0	553354	isabelle/pss_mechanized.thy	40382	false	5450068	0	false
pss_mechanized.rnsub_marked_canon_lastZ	pss_mechanized	pss_mechanized.rnsub_marked_canon_lastZ	0	553520	isabelle/pss_mechanized.thy	40394	false	5450154	0	true
pss_mechanized.ncons_diag_prefix_entry	pss_mechanized	pss_mechanized.ncons_diag_prefix_entry	0	553614	isabelle/pss_mechanized.thy	40443	false	5450482	0	true
pss_mechanized.ncons_Pred_core	pss_mechanized	pss_mechanized.ncons_Pred_core	0	553888	isabelle/pss_mechanized.thy	40474	false	5450668	0	true
pss_mechanized.kst_reduced_imp_condAB_monoT_core_cond	pss_mechanized	pss_mechanized.kst_reduced_imp_condAB_monoT_core_cond	0	554092	isabelle/pss_mechanized.thy	40529	false	5450978	0	true
pss_mechanized.flatBT_last_not_CM	pss_mechanized	pss_mechanized.flatBT_last_not_CM	0	554182	isabelle/pss_mechanized.thy	40674	false	5451240	0	true
pss_mechanized.flatBP_last_not_CM	pss_mechanized	pss_mechanized.flatBP_last_not_CM	0	554184	isabelle/pss_mechanized.thy	40676	false	5451240	0	true
pss_mechanized.flatBP_last_not_CM'	pss_mechanized	pss_mechanized.flatBP_last_not_CM'	0	554222	isabelle/pss_mechanized.thy	40688	false	5451338	0	true
pss_mechanized.flatinj_dsum_suffix	pss_mechanized	pss_mechanized.flatinj_dsum_suffix	0	554282	isabelle/pss_mechanized.thy	40692	false	5451380	0	false
pss_mechanized.rnsub_peel_components	pss_mechanized	pss_mechanized.rnsub_peel_components	0	554470	isabelle/pss_mechanized.thy	40703	false	5451484	0	true
pss_mechanized.flat_CM_shift	pss_mechanized	pss_mechanized.flat_CM_shift	0	554566	isabelle/pss_mechanized.thy	40855	false	5451714	0	false
pss_mechanized.flatBP_len_ge2	pss_mechanized	pss_mechanized.flatBP_len_ge2	0	554592	isabelle/pss_mechanized.thy	40865	false	5451798	0	true
pss_mechanized.rnsub_RN_of_maximal	pss_mechanized	pss_mechanized.rnsub_RN_of_maximal	0	554686	isabelle/pss_mechanized.thy	40873	false	5451848	0	true
pss_mechanized.rnsub_cut_ge_pre	pss_mechanized	pss_mechanized.rnsub_cut_ge_pre	0	554876	isabelle/pss_mechanized.thy	40887	false	5452032	0	true
pss_mechanized.rnsub_RN_occ_len_le	pss_mechanized	pss_mechanized.rnsub_RN_occ_len_le	0	555050	isabelle/pss_mechanized.thy	40985	false	5452234	0	true
pss_mechanized.rnsub_RN_pins_len	pss_mechanized	pss_mechanized.rnsub_RN_pins_len	0	555350	isabelle/pss_mechanized.thy	41053	false	5452392	0	true
pss_mechanized.m_7_2_scb_kind0_unique_uncond	pss_mechanized	pss_mechanized.m_7_2_scb_kind0_unique_uncond	0	555488	isabelle/pss_mechanized.thy	41178	false	5452792	0	true
pss_mechanized.m_7_2_scb_kind1_unique_uncond	pss_mechanized	pss_mechanized.m_7_2_scb_kind1_unique_uncond	0	555654	isabelle/pss_mechanized.thy	41223	false	5452980	0	true
pss_mechanized.wf15_lastblock_entry_transfer	pss_mechanized	pss_mechanized.wf15_lastblock_entry_transfer	0	556136	isabelle/pss_mechanized.thy	41274	false	5453388	0	true
pss_mechanized.wf15_inblock_N_core	pss_mechanized	pss_mechanized.wf15_inblock_N_core	0	556408	isabelle/pss_mechanized.thy	41358	false	5453858	0	true
pss_mechanized.rnsub_RN_occ_suffix	pss_mechanized	pss_mechanized.rnsub_RN_occ_suffix	0	556590	isabelle/pss_mechanized.thy	41452	false	5454358	0	true
pss_mechanized.rnsub_kind1_drop_index_pin	pss_mechanized	pss_mechanized.rnsub_kind1_drop_index_pin	0	556828	isabelle/pss_mechanized.thy	41525	false	5454618	0	false
pss_mechanized.rnsub_kind1_len_pin	pss_mechanized	pss_mechanized.rnsub_kind1_len_pin	0	557036	isabelle/pss_mechanized.thy	41602	false	5454980	0	true
pss_mechanized.m_7_2_scb_kind1_unique_uncond'	pss_mechanized	pss_mechanized.m_7_2_scb_kind1_unique_uncond'	0	557106	isabelle/pss_mechanized.thy	41681	false	5455234	0	true
pss_mechanized.wf16_inblock_parent_corr	pss_mechanized	pss_mechanized.wf16_inblock_parent_corr	0	557552	isabelle/pss_mechanized.thy	41733	false	5455468	0	true
pss_mechanized.rnsub_drop_last_eq	pss_mechanized	pss_mechanized.rnsub_drop_last_eq	0	557696	isabelle/pss_mechanized.thy	41889	false	5456094	0	true
pss_mechanized.rnsub_kind0_last0	pss_mechanized	pss_mechanized.rnsub_kind0_last0	0	557752	isabelle/pss_mechanized.thy	41906	false	5456236	0	true
pss_mechanized.rnsub_kind1_lastpos	pss_mechanized	pss_mechanized.rnsub_kind1_lastpos	0	557828	isabelle/pss_mechanized.thy	41948	false	5456334	0	true
pss_mechanized.m_7_2_scb_kinds_exclusive	pss_mechanized	pss_mechanized.m_7_2_scb_kinds_exclusive	0	557888	isabelle/pss_mechanized.thy	41994	false	5456446	0	true
pss_mechanized.rnsub_kind0_able_shape	pss_mechanized	pss_mechanized.rnsub_kind0_able_shape	0	557962	isabelle/pss_mechanized.thy	42049	false	5456564	0	true
pss_mechanized.rnsub_kind1_able_shape	pss_mechanized	pss_mechanized.rnsub_kind1_able_shape	0	558004	isabelle/pss_mechanized.thy	42077	false	5456732	0	true
pss_mechanized.rnsub_kindable_imp_natshape	pss_mechanized	pss_mechanized.rnsub_kindable_imp_natshape	0	558082	isabelle/pss_mechanized.thy	42133	false	5456984	0	true
pss_mechanized.wf17_entry_diag_tail	pss_mechanized	pss_mechanized.wf17_entry_diag_tail	0	558130	isabelle/pss_mechanized.thy	42181	false	5457226	0	true
pss_mechanized.wf17_nextR_unique	pss_mechanized	pss_mechanized.wf17_nextR_unique	0	558172	isabelle/pss_mechanized.thy	42191	false	5457322	0	false
pss_mechanized.wf17_RedCondA_diag_tail	pss_mechanized	pss_mechanized.wf17_RedCondA_diag_tail	0	558284	isabelle/pss_mechanized.thy	42203	false	5457466	0	true
pss_mechanized.wf17_blk_len	pss_mechanized	pss_mechanized.wf17_blk_len	0	558422	isabelle/pss_mechanized.thy	42267	false	5457578	0	true
pss_mechanized.wf17_off_eq_firstnode	pss_mechanized	pss_mechanized.wf17_off_eq_firstnode	0	558772	isabelle/pss_mechanized.thy	42282	false	5457690	0	true
pss_mechanized.wf17_crossblock_row0	pss_mechanized	pss_mechanized.wf17_crossblock_row0	0	558962	isabelle/pss_mechanized.thy	42363	false	5457942	0	true
pss_mechanized.wf17_crossblock_row1	pss_mechanized	pss_mechanized.wf17_crossblock_row1	0	559074	isabelle/pss_mechanized.thy	42446	false	5458100	0	true
pss_mechanized.wf18_crossblock_row1_kkpos	pss_mechanized	pss_mechanized.wf18_crossblock_row1_kkpos	0	559220	isabelle/pss_mechanized.thy	42585	false	5458322	0	true
pss_mechanized.wf19_valpin	pss_mechanized	pss_mechanized.wf19_valpin	0	559522	isabelle/pss_mechanized.thy	42678	false	5458494	0	true
pss_mechanized.wf19_IdxSum_pos	pss_mechanized	pss_mechanized.wf19_IdxSum_pos	0	559574	isabelle/pss_mechanized.thy	42792	false	5459124	0	true
pss_mechanized.wf19_Lng_N_lt	pss_mechanized	pss_mechanized.wf19_Lng_N_lt	0	559814	isabelle/pss_mechanized.thy	42816	false	5459278	0	true
pss_mechanized.wf19_inblock_entry	pss_mechanized	pss_mechanized.wf19_inblock_entry	0	560030	isabelle/pss_mechanized.thy	42898	false	5459828	0	true
pss_mechanized.wf19_inblock_condA	pss_mechanized	pss_mechanized.wf19_inblock_condA	0	560322	isabelle/pss_mechanized.thy	42965	false	5460434	0	true
pss_mechanized.wf19_r0_kkpos_inblock	pss_mechanized	pss_mechanized.wf19_r0_kkpos_inblock	0	560540	isabelle/pss_mechanized.thy	43072	false	5460668	0	true
pss_mechanized.wf19_brnz_of_r1_kk0	pss_mechanized	pss_mechanized.wf19_brnz_of_r1_kk0	0	560896	isabelle/pss_mechanized.thy	43151	false	5461024	0	true
pss_mechanized.wf19_RedCondA_Rs	pss_mechanized	pss_mechanized.wf19_RedCondA_Rs	0	561136	isabelle/pss_mechanized.thy	43199	false	5461226	0	true
pss_mechanized.condAB_all_cond	pss_mechanized	pss_mechanized.condAB_all_cond	0	561700	isabelle/pss_mechanized.thy	43227	false	5461416	0	true
pss_mechanized.kst_reduced_imp_condAB_monoT_core_via_wf19	pss_mechanized	pss_mechanized.kst_reduced_imp_condAB_monoT_core_via_wf19	0	562324	isabelle/pss_mechanized.thy	43485	false	5461782	0	true
pss_mechanized.condA_top_all_cond	pss_mechanized	pss_mechanized.condA_top_all_cond	0	562812	isabelle/pss_mechanized.thy	43505	false	5462122	0	true
pss_mechanized.wf20_parpin	pss_mechanized	pss_mechanized.wf20_parpin	0	563460	isabelle/pss_mechanized.thy	43588	false	5462514	0	true
pss_mechanized.wf21_rawN_core	pss_mechanized	pss_mechanized.wf21_rawN_core	0	563880	isabelle/pss_mechanized.thy	43766	false	5462886	0	true
pss_mechanized.wf21_Red_row1zero_leftend	pss_mechanized	pss_mechanized.wf21_Red_row1zero_leftend	0	563986	isabelle/pss_mechanized.thy	43846	false	5463156	0	true
pss_mechanized.wf21_Br_eq_seg	pss_mechanized	pss_mechanized.wf21_Br_eq_seg	0	564034	isabelle/pss_mechanized.thy	43941	false	5463242	0	true
pss_mechanized.wf21_rawN_props	pss_mechanized	pss_mechanized.wf21_rawN_props	0	564506	isabelle/pss_mechanized.thy	44015	false	5463422	0	true
pss_mechanized.wf22_le0_off_last	pss_mechanized	pss_mechanized.wf22_le0_off_last	0	564662	isabelle/pss_mechanized.thy	44158	false	5463858	0	true
pss_mechanized.wf22_off_row1val	pss_mechanized	pss_mechanized.wf22_off_row1val	0	564934	isabelle/pss_mechanized.thy	44210	false	5464074	0	true
pss_mechanized.wf22_r1cross_factA	pss_mechanized	pss_mechanized.wf22_r1cross_factA	0	565278	isabelle/pss_mechanized.thy	44298	false	5464342	0	true
pss_mechanized.wf22_row1parent_le_joint	pss_mechanized	pss_mechanized.wf22_row1parent_le_joint	0	565540	isabelle/pss_mechanized.thy	44393	false	5464636	0	true
pss_mechanized.wf22_r1cross	pss_mechanized	pss_mechanized.wf22_r1cross	0	565814	isabelle/pss_mechanized.thy	44475	false	5464850	0	true
pss_mechanized.kst_reduced_imp_condAB_monoT_core	pss_mechanized	pss_mechanized.kst_reduced_imp_condAB_monoT_core	0	565904	isabelle/pss_mechanized.thy	44493	false	5465046	0	true
pss_mechanized.kfwd_P_block_shorter	pss_mechanized	pss_mechanized.kfwd_P_block_shorter	0	565976	isabelle/pss_mechanized.thy	44527	false	5465170	0	true
pss_mechanized.kfwd_reduced_monoT_diag00	pss_mechanized	pss_mechanized.kfwd_reduced_monoT_diag00	0	566078	isabelle/pss_mechanized.thy	44577	false	5465312	0	true
pss_mechanized.kfwd_monoT_hasParent_col	pss_mechanized	pss_mechanized.kfwd_monoT_hasParent_col	0	566136	isabelle/pss_mechanized.thy	44659	false	5465394	0	true
pss_mechanized.kfwd_reduced_monoT_condB	pss_mechanized	pss_mechanized.kfwd_reduced_monoT_condB	0	566168	isabelle/pss_mechanized.thy	44679	false	5465502	0	true
pss_mechanized.kst_reduced_imp_condAB_cond	pss_mechanized	pss_mechanized.kst_reduced_imp_condAB_cond	0	566230	isabelle/pss_mechanized.thy	44709	false	5465656	0	true
pss_mechanized.kst_reduced_imp_condAB	pss_mechanized	pss_mechanized.kst_reduced_imp_condAB	0	566336	isabelle/pss_mechanized.thy	44801	false	5465838	0	true
pss_mechanized.m_6_6_no_parent_0	pss_mechanized	pss_mechanized.m_6_6_no_parent_0	0	566386	isabelle/pss_mechanized.thy	44818	false	5466054	0	true
pss_mechanized.m_6_6_RedCondB_row0_eq_row1_at0	pss_mechanized	pss_mechanized.m_6_6_RedCondB_row0_eq_row1_at0	0	566434	isabelle/pss_mechanized.thy	44836	false	5466168	0	true
pss_mechanized.m_6_6_bwd_e00_from_e10	pss_mechanized	pss_mechanized.m_6_6_bwd_e00_from_e10	0	566504	isabelle/pss_mechanized.thy	44846	false	5466262	0	true
pss_mechanized.rebaseNp_def	pss_mechanized	pss_mechanized.rebaseNp_def	0	566730	isabelle/pss_mechanized.thy	44856	false	5466372	0	false
pss_mechanized.Lng_rebaseNp	pss_mechanized	pss_mechanized.Lng_rebaseNp	0	566790	isabelle/pss_mechanized.thy	44861	false	5466618	0	true
pss_mechanized.rebaseNp_nth	pss_mechanized	pss_mechanized.rebaseNp_nth	0	566890	isabelle/pss_mechanized.thy	44864	false	5466702	0	true
pss_mechanized.entry_rebaseNp(1)	pss_mechanized	pss_mechanized.entry_rebaseNp	1	567018	isabelle/pss_mechanized.thy	44878	false	5466800	0	true
pss_mechanized.entry_rebaseNp(2)	pss_mechanized	pss_mechanized.entry_rebaseNp	2	567020	isabelle/pss_mechanized.thy	44878	false	5466800	0	true
pss_mechanized.diagPre_def	pss_mechanized	pss_mechanized.diagPre_def	0	567146	isabelle/pss_mechanized.thy	44903	false	5467004	0	false
pss_mechanized.Lng_diagPre	pss_mechanized	pss_mechanized.Lng_diagPre	0	567192	isabelle/pss_mechanized.thy	44906	false	5467146	0	false
pss_mechanized.diagPre_nth	pss_mechanized	pss_mechanized.diagPre_nth	0	567226	isabelle/pss_mechanized.thy	44909	false	5467210	0	false
pss_mechanized.entry_diagPre	pss_mechanized	pss_mechanized.entry_diagPre	0	567244	isabelle/pss_mechanized.thy	44912	false	5467288	0	false
pss_mechanized.bwdN_def	pss_mechanized	pss_mechanized.bwdN_def	0	567280	isabelle/pss_mechanized.thy	44919	false	5467378	0	false
pss_mechanized.Lng_bwdN	pss_mechanized	pss_mechanized.Lng_bwdN	0	567336	isabelle/pss_mechanized.thy	44922	false	5467520	0	true
pss_mechanized.Lng_bwdN_zero	pss_mechanized	pss_mechanized.Lng_bwdN_zero	0	567392	isabelle/pss_mechanized.thy	44925	false	5467606	0	false
pss_mechanized.Lng_bwdN_minus1	pss_mechanized	pss_mechanized.Lng_bwdN_minus1	0	567438	isabelle/pss_mechanized.thy	44936	false	5467740	0	true
pss_mechanized.entry_bwdN_diag	pss_mechanized	pss_mechanized.entry_bwdN_diag	0	567474	isabelle/pss_mechanized.thy	44944	false	5467868	0	false
pss_mechanized.entry_bwdN_rebase	pss_mechanized	pss_mechanized.entry_bwdN_rebase	0	567530	isabelle/pss_mechanized.thy	44954	false	5467974	0	false
pss_mechanized.bwdN_left_end	pss_mechanized	pss_mechanized.bwdN_left_end	0	567576	isabelle/pss_mechanized.thy	44965	false	5468102	0	true
pss_mechanized.m_6_6_monoT_hasParent0	pss_mechanized	pss_mechanized.m_6_6_monoT_hasParent0	0	567600	isabelle/pss_mechanized.thy	44993	false	5468210	0	true
pss_mechanized.m_6_6_monoT_RedCondB	pss_mechanized	pss_mechanized.m_6_6_monoT_RedCondB	0	567654	isabelle/pss_mechanized.thy	45020	false	5468340	0	true
pss_mechanized.bwdN_Lng_lt	pss_mechanized	pss_mechanized.bwdN_Lng_lt	0	567668	isabelle/pss_mechanized.thy	45048	false	5468464	0	true
pss_mechanized.seg_eq_IncrFirst_rebaseNp	pss_mechanized	pss_mechanized.seg_eq_IncrFirst_rebaseNp	0	567692	isabelle/pss_mechanized.thy	45065	false	5468602	0	true
pss_mechanized.cAm10_entry_transfer	pss_mechanized	pss_mechanized.cAm10_entry_transfer	0	567700	isabelle/pss_mechanized.thy	45129	false	5468814	0	true
pss_mechanized.cAm10_entry_prefix	pss_mechanized	pss_mechanized.cAm10_entry_prefix	0	567706	isabelle/pss_mechanized.thy	45142	false	5468962	0	false
pss_mechanized.cAm10_entry_junction	pss_mechanized	pss_mechanized.cAm10_entry_junction	0	567712	isabelle/pss_mechanized.thy	45147	false	5469058	0	false
pss_mechanized.cAm10_nextrel0_shift	pss_mechanized	pss_mechanized.cAm10_nextrel0_shift	0	567718	isabelle/pss_mechanized.thy	45162	false	5469142	0	true
pss_mechanized.cAm10_nextrel0_rtrancl_M_to_N	pss_mechanized	pss_mechanized.cAm10_nextrel0_rtrancl_M_to_N	0	567726	isabelle/pss_mechanized.thy	45217	false	5469250	0	true
pss_mechanized.cAm10_nextrel0_rtrancl_N_to_M	pss_mechanized	pss_mechanized.cAm10_nextrel0_rtrancl_N_to_M	0	567764	isabelle/pss_mechanized.thy	45239	false	5469390	0	true
pss_mechanized.cAm10_le0_shift	pss_mechanized	pss_mechanized.cAm10_le0_shift	0	567794	isabelle/pss_mechanized.thy	45268	false	5469568	0	true
pss_mechanized.cAm10_nextrel1_shift	pss_mechanized	pss_mechanized.cAm10_nextrel1_shift	0	567828	isabelle/pss_mechanized.thy	45301	false	5469720	0	true
pss_mechanized.cAm10_nextR_shift	pss_mechanized	pss_mechanized.cAm10_nextR_shift	0	567914	isabelle/pss_mechanized.thy	45366	false	5469862	0	true
pss_mechanized.cAm10_monoT_row0_strict	pss_mechanized	pss_mechanized.cAm10_monoT_row0_strict	0	568028	isabelle/pss_mechanized.thy	45386	false	5470028	0	true
pss_mechanized.cAm10_junction_parent	pss_mechanized	pss_mechanized.cAm10_junction_parent	0	568250	isabelle/pss_mechanized.thy	45410	false	5470172	0	true
pss_mechanized.cAm10_no_parent_col0	pss_mechanized	pss_mechanized.cAm10_no_parent_col0	0	568292	isabelle/pss_mechanized.thy	45505	false	5470408	0	true
pss_mechanized.condA_m10pos	pss_mechanized	pss_mechanized.condA_m10pos	0	568412	isabelle/pss_mechanized.thy	45524	false	5470492	0	true
pss_mechanized.kst_reduced_imp_condAB_uncond	pss_mechanized	pss_mechanized.kst_reduced_imp_condAB_uncond	0	568470	isabelle/pss_mechanized.thy	45594	false	5470574	0	true
pss_mechanized.entry_rebaseNp00	pss_mechanized	pss_mechanized.entry_rebaseNp00	0	568512	isabelle/pss_mechanized.thy	45608	false	5470678	0	true
pss_mechanized.bwdN_in_T_PS	pss_mechanized	pss_mechanized.bwdN_in_T_PS	0	568542	isabelle/pss_mechanized.thy	45620	false	5470756	0	true
pss_mechanized.rebaseNp_in_T_PS	pss_mechanized	pss_mechanized.rebaseNp_in_T_PS	0	568582	isabelle/pss_mechanized.thy	45627	false	5470816	0	true
pss_mechanized.monoT_rebaseNp	pss_mechanized	pss_mechanized.monoT_rebaseNp	0	568736	isabelle/pss_mechanized.thy	45634	false	5470886	0	true
pss_mechanized.diagPre_eq_diagSeq	pss_mechanized	pss_mechanized.diagPre_eq_diagSeq	0	568802	isabelle/pss_mechanized.thy	45652	false	5471008	0	false
pss_mechanized.monoT_bwdN	pss_mechanized	pss_mechanized.monoT_bwdN	0	568892	isabelle/pss_mechanized.thy	45657	false	5471084	0	true
pss_mechanized.RedCondB_bwdN	pss_mechanized	pss_mechanized.RedCondB_bwdN	0	568974	isabelle/pss_mechanized.thy	45687	false	5471262	0	true
pss_mechanized.entry_bwdN_diag_le	pss_mechanized	pss_mechanized.entry_bwdN_diag_le	0	569068	isabelle/pss_mechanized.thy	45708	false	5471468	0	true
pss_mechanized.RedCondA_bwdN_diag_case	pss_mechanized	pss_mechanized.RedCondA_bwdN_diag_case	0	569196	isabelle/pss_mechanized.thy	45742	false	5471632	0	true
pss_mechanized.entry_bwdN_rebase_M(1)	pss_mechanized	pss_mechanized.entry_bwdN_rebase_M	1	569322	isabelle/pss_mechanized.thy	45836	false	5471808	0	true
pss_mechanized.entry_bwdN_rebase_M(2)	pss_mechanized	pss_mechanized.entry_bwdN_rebase_M	2	569324	isabelle/pss_mechanized.thy	45836	false	5471808	0	true
pss_mechanized.nextrel0_bwdN_rebase_to_M	pss_mechanized	pss_mechanized.nextrel0_bwdN_rebase_to_M	0	569712	isabelle/pss_mechanized.thy	45869	false	5472050	0	true
pss_mechanized.nextrel0_M_to_bwdN_rebase	pss_mechanized	pss_mechanized.nextrel0_M_to_bwdN_rebase	0	570040	isabelle/pss_mechanized.thy	45934	false	5472312	0	true
pss_mechanized.le0_bwdN_rebase_to_M	pss_mechanized	pss_mechanized.le0_bwdN_rebase_to_M	0	570274	isabelle/pss_mechanized.thy	45987	false	5472642	0	true
pss_mechanized.le0_M_to_bwdN_rebase	pss_mechanized	pss_mechanized.le0_M_to_bwdN_rebase	0	570410	isabelle/pss_mechanized.thy	46041	false	5472882	0	true
pss_mechanized.nextrel1_bwdN_rebase_to_M	pss_mechanized	pss_mechanized.nextrel1_bwdN_rebase_to_M	0	570564	isabelle/pss_mechanized.thy	46094	false	5473108	0	true
pss_mechanized.RedCondA_bwdN_case1_and_diag	pss_mechanized	pss_mechanized.RedCondA_bwdN_case1_and_diag	0	570744	isabelle/pss_mechanized.thy	46157	false	5473360	0	true
pss_mechanized.seg_row0_strict	pss_mechanized	pss_mechanized.seg_row0_strict	0	570750	isabelle/pss_mechanized.thy	46273	false	5473580	0	true
pss_mechanized.le0_bwdN_junction_to_rebase	pss_mechanized	pss_mechanized.le0_bwdN_junction_to_rebase	0	570806	isabelle/pss_mechanized.thy	46298	false	5473762	0	true
pss_mechanized.RedCondA_bwdN_cross_case	pss_mechanized	pss_mechanized.RedCondA_bwdN_cross_case	0	570890	isabelle/pss_mechanized.thy	46339	false	5473940	0	true
pss_mechanized.seg_rmono_of_monoT	pss_mechanized	pss_mechanized.seg_rmono_of_monoT	0	570930	isabelle/pss_mechanized.thy	46435	false	5474068	0	true
pss_mechanized.RedCondA_bwdN	pss_mechanized	pss_mechanized.RedCondA_bwdN	0	570936	isabelle/pss_mechanized.thy	46457	false	5474162	0	true
pss_mechanized.kst_condAB_imp_reduced_cond	pss_mechanized	pss_mechanized.kst_condAB_imp_reduced_cond	0	571034	isabelle/pss_mechanized.thy	46509	false	5474260	0	true
pss_mechanized.m_6_6_reduced_iff_cond_cond	pss_mechanized	pss_mechanized.m_6_6_reduced_iff_cond_cond	0	571214	isabelle/pss_mechanized.thy	46583	false	5474450	0	true
pss_mechanized.m_6_6_reduced_coeff	pss_mechanized	pss_mechanized.m_6_6_reduced_coeff	0	571308	isabelle/pss_mechanized.thy	46630	false	5474714	0	true
pss_mechanized.kst_bwdcore_trunk	pss_mechanized	pss_mechanized.kst_bwdcore_trunk	0	571402	isabelle/pss_mechanized.thy	46732	false	5474798	0	true
pss_mechanized.kst_bwdcore_nontrunk_of_blocks	pss_mechanized	pss_mechanized.kst_bwdcore_nontrunk_of_blocks	0	571584	isabelle/pss_mechanized.thy	46767	false	5474916	0	true
pss_mechanized.kst_bwdcore_trunkdiag	pss_mechanized	pss_mechanized.kst_bwdcore_trunkdiag	0	571736	isabelle/pss_mechanized.thy	46837	false	5475104	0	true
pss_mechanized.frontb_rebaseNp_whole	pss_mechanized	pss_mechanized.frontb_rebaseNp_whole	0	571824	isabelle/pss_mechanized.thy	46992	false	5475208	0	true
pss_mechanized.frontb_bwdN_whole_eq_Q	pss_mechanized	pss_mechanized.frontb_bwdN_whole_eq_Q	0	571900	isabelle/pss_mechanized.thy	47014	false	5475424	0	true
pss_mechanized.kst_condAB_imp_reduced_monoT_m10pos	pss_mechanized	pss_mechanized.kst_condAB_imp_reduced_monoT_m10pos	0	571996	isabelle/pss_mechanized.thy	47029	false	5475892	0	true
pss_mechanized.kst_condAB_imp_reduced_core_only	pss_mechanized	pss_mechanized.kst_condAB_imp_reduced_core_only	0	572002	isabelle/pss_mechanized.thy	47195	false	5476274	0	true
pss_mechanized.kst_bwdcore_branch_head_row0	pss_mechanized	pss_mechanized.kst_bwdcore_branch_head_row0	0	572096	isabelle/pss_mechanized.thy	47226	false	5476662	0	true
pss_mechanized.kst_bwdcore_branch_head_row1	pss_mechanized	pss_mechanized.kst_bwdcore_branch_head_row1	0	572170	isabelle/pss_mechanized.thy	47286	false	5477242	0	true
pss_mechanized.kst_bwdcore_NJ_eq_Br	pss_mechanized	pss_mechanized.kst_bwdcore_NJ_eq_Br	0	572212	isabelle/pss_mechanized.thy	47372	false	5477414	0	true
pss_mechanized.kst_bwdcore_master	pss_mechanized	pss_mechanized.kst_bwdcore_master	0	572282	isabelle/pss_mechanized.thy	47431	false	5477676	0	true
pss_mechanized.kst_bwdcore_master_NJReform	pss_mechanized	pss_mechanized.kst_bwdcore_master_NJReform	0	572352	isabelle/pss_mechanized.thy	47461	false	5478010	0	true
pss_mechanized.kst_bwdcore_master_via_G	pss_mechanized	pss_mechanized.kst_bwdcore_master_via_G	0	572474	isabelle/pss_mechanized.thy	47511	false	5478444	0	true
pss_mechanized.kst_bwdcore_master_of_Gstmt	pss_mechanized	pss_mechanized.kst_bwdcore_master_of_Gstmt	0	572716	isabelle/pss_mechanized.thy	47566	false	5478566	0	true
pss_mechanized.bwd_IncrFirst_m00_shiftRow0_monoT	pss_mechanized	pss_mechanized.bwd_IncrFirst_m00_shiftRow0_monoT	0	572830	isabelle/pss_mechanized.thy	47608	false	5478762	0	false
pss_mechanized.bwd_IncrFirst_e_rebaseRow0	pss_mechanized	pss_mechanized.bwd_IncrFirst_e_rebaseRow0	0	572924	isabelle/pss_mechanized.thy	47656	false	5478922	0	false
pss_mechanized.bwd_invshift_from_uniform_Red	pss_mechanized	pss_mechanized.bwd_invshift_from_uniform_Red	0	573040	isabelle/pss_mechanized.thy	47704	false	5479058	0	false
pss_mechanized.bwd_invshift_zeroT	pss_mechanized	pss_mechanized.bwd_invshift_zeroT	0	573184	isabelle/pss_mechanized.thy	47723	false	5479234	0	true
pss_mechanized.bwd_invshift_m10z_monoT	pss_mechanized	pss_mechanized.bwd_invshift_m10z_monoT	0	573320	isabelle/pss_mechanized.thy	47770	false	5479348	0	true
pss_mechanized.bwd_invshift_via_rebase	pss_mechanized	pss_mechanized.bwd_invshift_via_rebase	0	573568	isabelle/pss_mechanized.thy	47829	false	5479474	0	true
pss_mechanized.nextR_rebaseRow0_eq	pss_mechanized	pss_mechanized.nextR_rebaseRow0_eq	0	573634	isabelle/pss_mechanized.thy	47872	false	5479654	0	false
pss_mechanized.hasParent_rebaseRow0_eq	pss_mechanized	pss_mechanized.hasParent_rebaseRow0_eq	0	573728	isabelle/pss_mechanized.thy	47884	false	5479810	0	false
pss_mechanized.parent_rebaseRow0_eq	pss_mechanized	pss_mechanized.parent_rebaseRow0_eq	0	573830	isabelle/pss_mechanized.thy	47889	false	5479922	0	false
pss_mechanized.RedCondA_rebaseRow0	pss_mechanized	pss_mechanized.RedCondA_rebaseRow0	0	573934	isabelle/pss_mechanized.thy	47898	false	5480048	0	false
pss_mechanized.monoT_rebaseRow0	pss_mechanized	pss_mechanized.monoT_rebaseRow0	0	574046	isabelle/pss_mechanized.thy	47938	false	5480140	0	false
pss_mechanized.nu_diagSeq_m10pos_lt	pss_mechanized	pss_mechanized.nu_diagSeq_m10pos_lt	0	574290	isabelle/pss_mechanized.thy	47973	false	5480328	0	true
pss_mechanized.kst_condAB_imp_reduced_monoT_m10pos_nu	pss_mechanized	pss_mechanized.kst_condAB_imp_reduced_monoT_m10pos_nu	0	574718	isabelle/pss_mechanized.thy	48028	false	5480510	0	true
pss_mechanized.kst_condAB_imp_reduced_monoT_core_of_Ybundle	pss_mechanized	pss_mechanized.kst_condAB_imp_reduced_monoT_core_of_Ybundle	0	575234	isabelle/pss_mechanized.thy	48217	false	5480808	0	true
pss_mechanized.fa_RedCondA_seg	pss_mechanized	pss_mechanized.fa_RedCondA_seg	0	575404	isabelle/pss_mechanized.thy	48316	false	5481276	0	false
pss_mechanized.fa_nonmulti_par0_pos	pss_mechanized	pss_mechanized.fa_nonmulti_par0_pos	0	575480	isabelle/pss_mechanized.thy	48380	false	5481416	0	false
pss_mechanized.fa_RedCondA_P_block	pss_mechanized	pss_mechanized.fa_RedCondA_P_block	0	575570	isabelle/pss_mechanized.thy	48412	false	5481548	0	true
pss_mechanized.fa_NJ_Y_facts	pss_mechanized	pss_mechanized.fa_NJ_Y_facts	0	576046	isabelle/pss_mechanized.thy	48490	false	5481726	0	true
pss_mechanized.fa_kst_condAB_imp_reduced_monoT_core	pss_mechanized	pss_mechanized.fa_kst_condAB_imp_reduced_monoT_core	0	576330	isabelle/pss_mechanized.thy	48654	false	5482048	0	true
pss_mechanized.fa_kst_condAB_imp_reduced_monoT_m10pos	pss_mechanized	pss_mechanized.fa_kst_condAB_imp_reduced_monoT_m10pos	0	576472	isabelle/pss_mechanized.thy	48768	false	5482180	0	true
pss_mechanized.fa_kst_condAB_imp_reduced	pss_mechanized	pss_mechanized.fa_kst_condAB_imp_reduced	0	576564	isabelle/pss_mechanized.thy	48785	false	5482294	0	true
pss_mechanized.m_6_6_reduced_iff_cond	pss_mechanized	pss_mechanized.m_6_6_reduced_iff_cond	0	576644	isabelle/pss_mechanized.thy	48808	false	5482362	0	true
pss_mechanized.m_6_5_congR_imp_le0_inv	pss_mechanized	pss_mechanized.m_6_5_congR_imp_le0_inv	0	576748	isabelle/pss_mechanized.thy	48855	false	5482502	0	false
pss_mechanized.m_6_5_congR_imp_nextrel0_inv	pss_mechanized	pss_mechanized.m_6_5_congR_imp_nextrel0_inv	0	576842	isabelle/pss_mechanized.thy	48866	false	5482618	0	false
pss_mechanized.m_6_5_congR_imp_leR_inv	pss_mechanized	pss_mechanized.m_6_5_congR_imp_leR_inv	0	576938	isabelle/pss_mechanized.thy	48876	false	5482732	0	false
pss_mechanized.m_6_5_congR_imp_le1_inv	pss_mechanized	pss_mechanized.m_6_5_congR_imp_le1_inv	0	577030	isabelle/pss_mechanized.thy	48887	false	5482832	0	false
pss_mechanized.row1_le0_imp_nextrel1_eq	pss_mechanized	pss_mechanized.row1_le0_imp_nextrel1_eq	0	577158	isabelle/pss_mechanized.thy	48914	false	5482952	0	false
pss_mechanized.row1_le0_imp_le1_eq	pss_mechanized	pss_mechanized.row1_le0_imp_le1_eq	0	577296	isabelle/pss_mechanized.thy	48963	false	5483066	0	false
pss_mechanized.row1_le0_imp_leR_eq	pss_mechanized	pss_mechanized.row1_le0_imp_leR_eq	0	577504	isabelle/pss_mechanized.thy	48979	false	5483194	0	false
pss_mechanized.m_6_5_anchored_not_multiT	pss_mechanized	pss_mechanized.m_6_5_anchored_not_multiT	0	577628	isabelle/pss_mechanized.thy	49014	false	5483344	0	true
pss_mechanized.m_6_5_anchored_zeroT_or_monoT	pss_mechanized	pss_mechanized.m_6_5_anchored_zeroT_or_monoT	0	577708	isabelle/pss_mechanized.thy	49039	false	5483414	0	true
pss_mechanized.m_6_5_RedCondA_shiftRow0	pss_mechanized	pss_mechanized.m_6_5_RedCondA_shiftRow0	0	577824	isabelle/pss_mechanized.thy	49051	false	5483518	0	true
pss_mechanized.m_6_5_trunk_core_diag_row	pss_mechanized	pss_mechanized.m_6_5_trunk_core_diag_row	0	578050	isabelle/pss_mechanized.thy	49092	false	5483654	0	true
pss_mechanized.m_6_5_congR_self_Red_trunk_core	pss_mechanized	pss_mechanized.m_6_5_congR_self_Red_trunk_core	0	578290	isabelle/pss_mechanized.thy	49168	false	5483864	0	true
pss_mechanized.m_6_5_anchored_reduced_imp_RedCondA	pss_mechanized	pss_mechanized.m_6_5_anchored_reduced_imp_RedCondA	0	578514	isabelle/pss_mechanized.thy	49220	false	5484050	0	true
pss_mechanized.m_6_5_anchored_imp_RedCondA	pss_mechanized	pss_mechanized.m_6_5_anchored_imp_RedCondA	0	578744	isabelle/pss_mechanized.thy	49245	false	5484222	0	true
pss_mechanized.leR_Lng1_eq	pss_mechanized	pss_mechanized.leR_Lng1_eq	0	578860	isabelle/pss_mechanized.thy	49277	false	5484356	0	false
pss_mechanized.m_6_5_Red_le_zeroT	pss_mechanized	pss_mechanized.m_6_5_Red_le_zeroT	0	578980	isabelle/pss_mechanized.thy	49294	false	5484484	0	true
pss_mechanized.m_6_5_Red_le	pss_mechanized	pss_mechanized.m_6_5_Red_le	0	579192	isabelle/pss_mechanized.thy	49317	false	5484594	0	true
pss_mechanized.RedCondA_Pred	pss_mechanized	pss_mechanized.RedCondA_Pred	0	579282	isabelle/pss_mechanized.thy	49343	false	5484778	0	false
pss_mechanized.RedCondA_oper_nontiling	pss_mechanized	pss_mechanized.RedCondA_oper_nontiling	0	579540	isabelle/pss_mechanized.thy	49369	false	5484882	0	true
pss_mechanized.RedCondB_Pred	pss_mechanized	pss_mechanized.RedCondB_Pred	0	579630	isabelle/pss_mechanized.thy	49397	false	5485032	0	true
pss_mechanized.RedCondB_oper_nontiling	pss_mechanized	pss_mechanized.RedCondB_oper_nontiling	0	579774	isabelle/pss_mechanized.thy	49429	false	5485112	0	true
pss_mechanized.m_6_7_standard_RedCondAB	pss_mechanized	pss_mechanized.m_6_7_standard_RedCondAB	0	580384	isabelle/pss_mechanized.thy	49457	false	5485308	0	true
pss_mechanized.m_6_7_standard_reduced	pss_mechanized	pss_mechanized.m_6_7_standard_reduced	0	580634	isabelle/pss_mechanized.thy	49507	false	5485736	0	true
pss_mechanized.m_6_5_ST_PS_imp_RedCondA	pss_mechanized	pss_mechanized.m_6_5_ST_PS_imp_RedCondA	0	580880	isabelle/pss_mechanized.thy	49531	false	5486282	0	true
pss_mechanized.operB_gen_LngM	pss_mechanized	pss_mechanized.operB_gen_LngM	0	581146	isabelle/pss_mechanized.thy	49552	false	5486766	0	true
pss_mechanized.operB_gen_entry_prefix	pss_mechanized	pss_mechanized.operB_gen_entry_prefix	0	581274	isabelle/pss_mechanized.thy	49581	false	5487014	0	false
pss_mechanized.operCB_tiling_T	pss_mechanized	pss_mechanized.operCB_tiling_T	0	581416	isabelle/pss_mechanized.thy	49609	false	5487262	0	true
pss_mechanized.operCB_tiling	pss_mechanized	pss_mechanized.operCB_tiling	0	581532	isabelle/pss_mechanized.thy	49755	false	5487504	0	true
pss_mechanized.oper_gen_nextrel0_within	pss_mechanized	pss_mechanized.oper_gen_nextrel0_within	0	581970	isabelle/pss_mechanized.thy	49775	false	5487722	0	true
pss_mechanized.oper_tiling_row0_prefix	pss_mechanized	pss_mechanized.oper_tiling_row0_prefix	0	582278	isabelle/pss_mechanized.thy	49879	false	5488278	0	true
pss_mechanized.operCA_tiling_entry1_base	pss_mechanized	pss_mechanized.operCA_tiling_entry1_base	0	582680	isabelle/pss_mechanized.thy	49977	false	5488660	0	true
pss_mechanized.operCA_tiling_row1_plus1_transfer	pss_mechanized	pss_mechanized.operCA_tiling_row1_plus1_transfer	0	583582	isabelle/pss_mechanized.thy	50025	false	5488998	0	false
pss_mechanized.oper_gen_strict_period_floor	pss_mechanized	pss_mechanized.oper_gen_strict_period_floor	0	583972	isabelle/pss_mechanized.thy	50052	false	5489514	0	true
pss_mechanized.oper_gen_tiling_row0_interior	pss_mechanized	pss_mechanized.oper_gen_tiling_row0_interior	0	585272	isabelle/pss_mechanized.thy	50099	false	5489770	0	true
pss_mechanized.operCA_tiling_row1_prefix	pss_mechanized	pss_mechanized.operCA_tiling_row1_prefix	0	585982	isabelle/pss_mechanized.thy	50298	false	5490486	0	false
pss_mechanized.operCA_tiling_assemble	pss_mechanized	pss_mechanized.operCA_tiling_assemble	0	586898	isabelle/pss_mechanized.thy	50387	false	5490786	0	false
pss_mechanized.oper_last_row0_haspar	pss_mechanized	pss_mechanized.oper_last_row0_haspar	0	587042	isabelle/pss_mechanized.thy	50427	false	5491498	0	true
pss_mechanized.parent0_eqI	pss_mechanized	pss_mechanized.parent0_eqI	0	587136	isabelle/pss_mechanized.thy	50474	false	5491628	0	false
pss_mechanized.oper_gen_tiling_row0_boundary	pss_mechanized	pss_mechanized.oper_gen_tiling_row0_boundary	0	588182	isabelle/pss_mechanized.thy	50499	false	5491812	0	true
pss_mechanized.operCA_tiling_row1	pss_mechanized	pss_mechanized.operCA_tiling_row1	0	589452	isabelle/pss_mechanized.thy	50761	false	5492232	0	false
pss_mechanized.operCA_tiling_cond	pss_mechanized	pss_mechanized.operCA_tiling_cond	0	590030	isabelle/pss_mechanized.thy	50793	false	5492880	0	false
pss_mechanized.oper_gen_tiling_row0_boundary_i0	pss_mechanized	pss_mechanized.oper_gen_tiling_row0_boundary_i0	0	590286	isabelle/pss_mechanized.thy	50840	false	5493496	0	true
pss_mechanized.oper_gen_blockfloor_min	pss_mechanized	pss_mechanized.oper_gen_blockfloor_min	0	590310	isabelle/pss_mechanized.thy	51006	false	5495186	0	true
pss_mechanized.oper_gen_tiling_row0_blockstart0	pss_mechanized	pss_mechanized.oper_gen_tiling_row0_blockstart0	0	590336	isabelle/pss_mechanized.thy	51053	false	5496128	0	true
pss_mechanized.operCA_tiling_row0	pss_mechanized	pss_mechanized.operCA_tiling_row0	0	590404	isabelle/pss_mechanized.thy	51167	false	5497426	0	true
pss_mechanized.operCA_tiling_within1_via_reflect	pss_mechanized	pss_mechanized.operCA_tiling_within1_via_reflect	0	590540	isabelle/pss_mechanized.thy	51262	false	5497576	0	false
pss_mechanized.operCA_tiling_within1_ex	pss_mechanized	pss_mechanized.operCA_tiling_within1_ex	0	590686	isabelle/pss_mechanized.thy	51281	false	5497718	0	true
pss_mechanized.operCA_tiling_entry1_base'	pss_mechanized	pss_mechanized.operCA_tiling_entry1_base'	0	590856	isabelle/pss_mechanized.thy	51311	false	5497866	0	true
pss_mechanized.operCA_tiling_within1_via_pbase	pss_mechanized	pss_mechanized.operCA_tiling_within1_via_pbase	0	591804	isabelle/pss_mechanized.thy	51344	false	5498332	0	true
pss_mechanized.oper_gen_le0_within_forward	pss_mechanized	pss_mechanized.oper_gen_le0_within_forward	0	592522	isabelle/pss_mechanized.thy	51400	false	5499094	0	true
pss_mechanized.oper_d0zero_entryi_base	pss_mechanized	pss_mechanized.oper_d0zero_entryi_base	0	592966	isabelle/pss_mechanized.thy	51477	false	5499686	0	true
pss_mechanized.oper_d0zero_nextrel0_inblock_back	pss_mechanized	pss_mechanized.oper_d0zero_nextrel0_inblock_back	0	593604	isabelle/pss_mechanized.thy	51532	false	5500068	0	true
pss_mechanized.oper_d0zero_le0_inblock_back	pss_mechanized	pss_mechanized.oper_d0zero_le0_inblock_back	0	594406	isabelle/pss_mechanized.thy	51601	false	5500894	0	true
pss_mechanized.oper_d0zero_le0_slice_lift	pss_mechanized	pss_mechanized.oper_d0zero_le0_slice_lift	0	595528	isabelle/pss_mechanized.thy	51723	false	5501336	0	true
pss_mechanized.oper_d0zero_nextrel0_base	pss_mechanized	pss_mechanized.oper_d0zero_nextrel0_base	0	596648	isabelle/pss_mechanized.thy	51788	false	5501944	0	true
pss_mechanized.oper_d0zero_le0_base_fwd	pss_mechanized	pss_mechanized.oper_d0zero_le0_base_fwd	0	597466	isabelle/pss_mechanized.thy	52032	false	5502590	0	true
pss_mechanized.oper_d0zero_nextrel0_lift	pss_mechanized	pss_mechanized.oper_d0zero_nextrel0_lift	0	598454	isabelle/pss_mechanized.thy	52117	false	5503086	0	true
pss_mechanized.oper_d0zero_le0_lift	pss_mechanized	pss_mechanized.oper_d0zero_le0_lift	0	599118	isabelle/pss_mechanized.thy	52265	false	5503470	0	true
pss_mechanized.operCA_tiling_row1_charac_i0	pss_mechanized	pss_mechanized.operCA_tiling_row1_charac_i0	0	599706	isabelle/pss_mechanized.thy	52351	false	5503840	0	true
pss_mechanized.operCA_tiling_fb_d1pos_le0_j0_to_x	pss_mechanized	pss_mechanized.operCA_tiling_fb_d1pos_le0_j0_to_x	0	600174	isabelle/pss_mechanized.thy	52595	false	5504196	0	true
pss_mechanized.oper_d1pos_le0_base_back	pss_mechanized	pss_mechanized.oper_d1pos_le0_base_back	0	600776	isabelle/pss_mechanized.thy	52624	false	5504456	0	true
pss_mechanized.oper_d1pos_le0_cross_back	pss_mechanized	pss_mechanized.oper_d1pos_le0_cross_back	0	601334	isabelle/pss_mechanized.thy	52681	false	5504944	0	true
pss_mechanized.operCA_tiling_row1_charac_i1_cond	pss_mechanized	pss_mechanized.operCA_tiling_row1_charac_i1_cond	0	602972	isabelle/pss_mechanized.thy	52766	false	5505264	0	true
pss_mechanized.operCA_tiling_within1_cond	pss_mechanized	pss_mechanized.operCA_tiling_within1_cond	0	604700	isabelle/pss_mechanized.thy	52817	false	5506118	0	true
pss_mechanized.operCA_tiling_via_bcorr	pss_mechanized	pss_mechanized.operCA_tiling_via_bcorr	0	607800	isabelle/pss_mechanized.thy	52884	false	5507694	0	true
pss_mechanized.oper_d1pos_le0_block_lift_fwd	pss_mechanized	pss_mechanized.oper_d1pos_le0_block_lift_fwd	0	608634	isabelle/pss_mechanized.thy	52928	false	5509976	0	true
pss_mechanized.oper_d1pos_le0_prefix_lift_fwd	pss_mechanized	pss_mechanized.oper_d1pos_le0_prefix_lift_fwd	0	609102	isabelle/pss_mechanized.thy	52989	false	5510416	0	true
pss_mechanized.operCA_tiling_bcorr_reduced	pss_mechanized	pss_mechanized.operCA_tiling_bcorr_reduced	0	614006	isabelle/pss_mechanized.thy	53072	false	5510850	0	true
pss_mechanized.operCA_tiling_bcorr_le0pstar_slice	pss_mechanized	pss_mechanized.operCA_tiling_bcorr_le0pstar_slice	0	615200	isabelle/pss_mechanized.thy	53291	false	5512844	0	true
pss_mechanized.operCA_tiling_bcorr_valley_reduced	pss_mechanized	pss_mechanized.operCA_tiling_bcorr_valley_reduced	0	615912	isabelle/pss_mechanized.thy	53376	false	5513286	0	true
pss_mechanized.operCA_tiling_bcorr_le0pstar	pss_mechanized	pss_mechanized.operCA_tiling_bcorr_le0pstar	0	616598	isabelle/pss_mechanized.thy	53488	false	5513868	0	true
pss_mechanized.operCA_tiling_cond_hpN_valley	pss_mechanized	pss_mechanized.operCA_tiling_cond_hpN_valley	0	619898	isabelle/pss_mechanized.thy	53589	false	5514438	0	true
pss_mechanized.operCA_tiling_hpN_valley	pss_mechanized	pss_mechanized.operCA_tiling_hpN_valley	0	626048	isabelle/pss_mechanized.thy	53696	false	5517348	0	true
pss_mechanized.m_6_7_standard_reduced_hpN_valley	pss_mechanized	pss_mechanized.m_6_7_standard_reduced_hpN_valley	0	629378	isabelle/pss_mechanized.thy	53789	false	5520502	0	true
pss_mechanized.m_6_5_ST_PS_imp_RedCondA_hpN_valley	pss_mechanized	pss_mechanized.m_6_5_ST_PS_imp_RedCondA_hpN_valley	0	633444	isabelle/pss_mechanized.thy	53846	false	5522414	0	true
pss_mechanized.operCA_tiling_valley_comp_reduced	pss_mechanized	pss_mechanized.operCA_tiling_valley_comp_reduced	0	635490	isabelle/pss_mechanized.thy	53923	false	5526236	0	true
pss_mechanized.operCA_tiling_hpN_via_le0baseN	pss_mechanized	pss_mechanized.operCA_tiling_hpN_via_le0baseN	0	637138	isabelle/pss_mechanized.thy	54081	false	5527164	0	true
pss_mechanized.operCA_tiling_hpN_le0baseN_sameblock	pss_mechanized	pss_mechanized.operCA_tiling_hpN_le0baseN_sameblock	0	639802	isabelle/pss_mechanized.thy	54171	false	5528110	0	true
pss_mechanized.operCA_tiling_le0_prefix_proj	pss_mechanized	pss_mechanized.operCA_tiling_le0_prefix_proj	0	640702	isabelle/pss_mechanized.thy	54273	false	5529200	0	true
pss_mechanized.operCA_tiling_hpN_prefix	pss_mechanized	pss_mechanized.operCA_tiling_hpN_prefix	0	641506	isabelle/pss_mechanized.thy	54354	false	5529534	0	true
pss_mechanized.operCA_tiling_hpN_via_sblk	pss_mechanized	pss_mechanized.operCA_tiling_hpN_via_sblk	0	642262	isabelle/pss_mechanized.thy	54402	false	5529872	0	true
pss_mechanized.operCA_tiling_hpN_le0baseN_prefix	pss_mechanized	pss_mechanized.operCA_tiling_hpN_le0baseN_prefix	0	643176	isabelle/pss_mechanized.thy	54458	false	5530248	0	true
pss_mechanized.operCA_tiling_hpN_le0baseN_full	pss_mechanized	pss_mechanized.operCA_tiling_hpN_le0baseN_full	0	644388	isabelle/pss_mechanized.thy	54596	false	5530744	0	true
pss_mechanized.operCA_tiling_hpN_reduced_sblk	pss_mechanized	pss_mechanized.operCA_tiling_hpN_reduced_sblk	0	645290	isabelle/pss_mechanized.thy	54641	false	5531276	0	true
pss_mechanized.oper_d1pos_le0_offset_within	pss_mechanized	pss_mechanized.oper_d1pos_le0_offset_within	0	646088	isabelle/pss_mechanized.thy	54679	false	5531940	0	true
pss_mechanized.operCA_tiling_sblk_via_owithin	pss_mechanized	pss_mechanized.operCA_tiling_sblk_via_owithin	0	647488	isabelle/pss_mechanized.thy	54781	false	5532378	0	true
pss_mechanized.operCA_tiling_hpN_via_owithin	pss_mechanized	pss_mechanized.operCA_tiling_hpN_via_owithin	0	648854	isabelle/pss_mechanized.thy	54913	false	5533038	0	true
pss_mechanized.m_6_7_standard_reduced_via_owithin_valleyA	pss_mechanized	pss_mechanized.m_6_7_standard_reduced_via_owithin_valleyA	0	651488	isabelle/pss_mechanized.thy	54967	false	5533774	0	true
pss_mechanized.m_6_5_ST_PS_imp_RedCondA_via_owithin_valleyA	pss_mechanized	pss_mechanized.m_6_5_ST_PS_imp_RedCondA_via_owithin_valleyA	0	655652	isabelle/pss_mechanized.thy	55077	false	5536802	0	true
pss_mechanized.operCA_tiling_sblk_via_spsy	pss_mechanized	pss_mechanized.operCA_tiling_sblk_via_spsy	0	656084	isabelle/pss_mechanized.thy	55194	false	5541816	0	true
pss_mechanized.operCA_tiling_hpN_via_spsy	pss_mechanized	pss_mechanized.operCA_tiling_hpN_via_spsy	0	656752	isabelle/pss_mechanized.thy	55363	false	5542062	0	true
pss_mechanized.m_6_7_standard_reduced_via_spsy_valley	pss_mechanized	pss_mechanized.m_6_7_standard_reduced_via_spsy_valley	0	660836	isabelle/pss_mechanized.thy	55405	false	5542480	0	true
pss_mechanized.m_6_5_ST_PS_imp_RedCondA_via_spsy_valley	pss_mechanized	pss_mechanized.m_6_5_ST_PS_imp_RedCondA_via_spsy_valley	0	666114	isabelle/pss_mechanized.thy	55500	false	5545008	0	true
pss_mechanized.spsy_keystone_strict_blockstart	pss_mechanized	pss_mechanized.spsy_keystone_strict_blockstart	0	666898	isabelle/pss_mechanized.thy	55603	false	5548136	0	true
pss_mechanized.spsy_keystone_via_Q	pss_mechanized	pss_mechanized.spsy_keystone_via_Q	0	667378	isabelle/pss_mechanized.thy	55727	false	5548508	0	true
pss_mechanized.Qprime_diag	pss_mechanized	pss_mechanized.Qprime_diag	0	667592	isabelle/pss_mechanized.thy	55829	false	5548796	0	false
pss_mechanized.Qprime_via_tree	pss_mechanized	pss_mechanized.Qprime_via_tree	0	667764	isabelle/pss_mechanized.thy	55896	false	5548930	0	false
pss_mechanized.spsy_keystone_via_tree_bridge	pss_mechanized	pss_mechanized.spsy_keystone_via_tree_bridge	0	669010	isabelle/pss_mechanized.thy	55974	false	5549088	0	true
pss_mechanized.tree_wellformed_diag	pss_mechanized	pss_mechanized.tree_wellformed_diag	0	669352	isabelle/pss_mechanized.thy	56062	false	5549572	0	false
pss_mechanized.m_6_7_tree_wellformed	pss_mechanized	pss_mechanized.m_6_7_tree_wellformed	0	669590	isabelle/pss_mechanized.thy	56115	false	5549780	0	true
pss_mechanized.brick_from_tail_affine	pss_mechanized	pss_mechanized.brick_from_tail_affine	0	669854	isabelle/pss_mechanized.thy	56206	false	5550002	0	false
pss_mechanized.tail_affine_diag	pss_mechanized	pss_mechanized.tail_affine_diag	0	670088	isabelle/pss_mechanized.thy	56248	false	5550170	0	false
pss_mechanized.m_6_7_tree_wellformed_via_affine	pss_mechanized	pss_mechanized.m_6_7_tree_wellformed_via_affine	0	670504	isabelle/pss_mechanized.thy	56279	false	5550314	0	true
pss_mechanized.brick_from_subramp	pss_mechanized	pss_mechanized.brick_from_subramp	0	670756	isabelle/pss_mechanized.thy	56324	false	5550532	0	true
pss_mechanized.m_6_7_tree_wellformed_via_subramp	pss_mechanized	pss_mechanized.m_6_7_tree_wellformed_via_subramp	0	671070	isabelle/pss_mechanized.thy	56375	false	5550660	0	true
pss_mechanized.subramp_diag_base	pss_mechanized	pss_mechanized.subramp_diag_base	0	671152	isabelle/pss_mechanized.thy	56408	false	5550832	0	false
pss_mechanized.subramp_oper_core	pss_mechanized	pss_mechanized.subramp_oper_core	0	671422	isabelle/pss_mechanized.thy	56439	false	5550984	0	true
pss_mechanized.SkT_row0_step_le	pss_mechanized	pss_mechanized.SkT_row0_step_le	0	671534	isabelle/pss_mechanized.thy	56563	false	5551260	0	true
pss_mechanized.ST_row0_step_le	pss_mechanized	pss_mechanized.ST_row0_step_le	0	671600	isabelle/pss_mechanized.thy	56812	false	5551334	0	true
pss_mechanized.subramp_from_Ep	pss_mechanized	pss_mechanized.subramp_from_Ep	0	671874	isabelle/pss_mechanized.thy	56836	false	5551430	0	true
pss_mechanized.m_6_7_tree_wellformed_via_Ep	pss_mechanized	pss_mechanized.m_6_7_tree_wellformed_via_Ep	0	672102	isabelle/pss_mechanized.thy	56912	false	5551676	0	true
pss_mechanized.Ep_from_le0_tail	pss_mechanized	pss_mechanized.Ep_from_le0_tail	0	672284	isabelle/pss_mechanized.thy	56963	false	5551948	0	true
pss_mechanized.le0_step_consec	pss_mechanized	pss_mechanized.le0_step_consec	0	672368	isabelle/pss_mechanized.thy	57035	false	5552072	0	false
pss_mechanized.tailReach_from_row0_strict	pss_mechanized	pss_mechanized.tailReach_from_row0_strict	0	672512	isabelle/pss_mechanized.thy	57048	false	5552186	0	false
pss_mechanized.le0_strict_entry0	pss_mechanized	pss_mechanized.le0_strict_entry0	0	672636	isabelle/pss_mechanized.thy	57098	false	5552310	0	false
pss_mechanized.d0_pos_row1_parent	pss_mechanized	pss_mechanized.d0_pos_row1_parent	0	672726	isabelle/pss_mechanized.thy	57110	false	5552382	0	false
pss_mechanized.oper_within_block_strict	pss_mechanized	pss_mechanized.oper_within_block_strict	0	673356	isabelle/pss_mechanized.thy	57131	false	5552498	0	true
pss_mechanized.reach_from_z_tail	pss_mechanized	pss_mechanized.reach_from_z_tail	0	673446	isabelle/pss_mechanized.thy	57163	false	5552860	0	false
pss_mechanized.m_6_7_tree_wellformed_via_z	pss_mechanized	pss_mechanized.m_6_7_tree_wellformed_via_z	0	673680	isabelle/pss_mechanized.thy	57188	false	5552938	0	true
pss_mechanized.le0_z_j1_from_Ez	pss_mechanized	pss_mechanized.le0_z_j1_from_Ez	0	673918	isabelle/pss_mechanized.thy	57222	false	5553096	0	true
pss_mechanized.m_6_7_tree_wellformed_via_Ez	pss_mechanized	pss_mechanized.m_6_7_tree_wellformed_via_Ez	0	674146	isabelle/pss_mechanized.thy	57257	false	5553224	0	true
pss_mechanized.oper_parent1_readback_interior	pss_mechanized	pss_mechanized.oper_parent1_readback_interior	0	674966	isabelle/pss_mechanized.thy	57279	false	5553426	0	true
pss_mechanized.oper_parent1_readback	pss_mechanized	pss_mechanized.oper_parent1_readback	0	675540	isabelle/pss_mechanized.thy	57444	false	5554348	0	true
pss_mechanized.oper_parent1_readback_boundary	pss_mechanized	pss_mechanized.oper_parent1_readback_boundary	0	676578	isabelle/pss_mechanized.thy	57584	false	5554770	0	true
pss_mechanized.Ez_diag_base	pss_mechanized	pss_mechanized.Ez_diag_base	0	676740	isabelle/pss_mechanized.thy	57744	false	5555270	0	false
pss_mechanized.ez_inblock_lift	pss_mechanized	pss_mechanized.ez_inblock_lift	0	677578	isabelle/pss_mechanized.thy	57766	false	5555358	0	true
pss_mechanized.Mtail_ramp_from_Ez	pss_mechanized	pss_mechanized.Mtail_ramp_from_Ez	0	677676	isabelle/pss_mechanized.thy	57854	false	5555826	0	true
pss_mechanized.ez_inblock_oper_step	pss_mechanized	pss_mechanized.ez_inblock_oper_step	0	678162	isabelle/pss_mechanized.thy	57951	false	5556018	0	true
pss_mechanized.ez_prefix_lift	pss_mechanized	pss_mechanized.ez_prefix_lift	0	678342	isabelle/pss_mechanized.thy	57986	false	5556866	0	true
pss_mechanized.segReach_from_row0_strict	pss_mechanized	pss_mechanized.segReach_from_row0_strict	0	678430	isabelle/pss_mechanized.thy	58105	false	5557092	0	false
pss_mechanized.ez_inblock_oper_step_via_strict	pss_mechanized	pss_mechanized.ez_inblock_oper_step_via_strict	0	678754	isabelle/pss_mechanized.thy	58155	false	5557212	0	true
pss_mechanized.ez_prefix_oper_step_via_Ez	pss_mechanized	pss_mechanized.ez_prefix_oper_step_via_Ez	0	678914	isabelle/pss_mechanized.thy	58209	false	5557682	0	true
pss_mechanized.ez_inblock_oper_step_via_fullramp	pss_mechanized	pss_mechanized.ez_inblock_oper_step_via_fullramp	0	679224	isabelle/pss_mechanized.thy	58264	false	5557910	0	true
pss_mechanized.ez_prefix_oper_step_via_ramp	pss_mechanized	pss_mechanized.ez_prefix_oper_step_via_ramp	0	679234	isabelle/pss_mechanized.thy	58341	false	5558324	0	true
pss_mechanized.fullramp_diag	pss_mechanized	pss_mechanized.fullramp_diag	0	679242	isabelle/pss_mechanized.thy	58389	false	5558528	0	false
pss_mechanized.Ez_from_fullramp	pss_mechanized	pss_mechanized.Ez_from_fullramp	0	679256	isabelle/pss_mechanized.thy	58409	false	5558652	0	false
pss_mechanized.tree_from_fullramp	pss_mechanized	pss_mechanized.tree_from_fullramp	0	679300	isabelle/pss_mechanized.thy	58449	false	5558796	0	true
pss_mechanized.fr_width1_step	pss_mechanized	pss_mechanized.fr_width1_step	0	679312	isabelle/pss_mechanized.thy	58486	false	5558926	0	false
pss_mechanized.fr_block_step	pss_mechanized	pss_mechanized.fr_block_step	0	679378	isabelle/pss_mechanized.thy	58511	false	5559032	0	true
pss_mechanized.fr_prefix_step	pss_mechanized	pss_mechanized.fr_prefix_step	0	679514	isabelle/pss_mechanized.thy	58650	false	5559324	0	true
pss_mechanized.fr_oper_step	pss_mechanized	pss_mechanized.fr_oper_step	0	680280	isabelle/pss_mechanized.thy	58700	false	5559512	0	true
pss_mechanized.fr_global_oper	pss_mechanized	pss_mechanized.fr_global_oper	0	680596	isabelle/pss_mechanized.thy	58741	false	5559870	0	true
pss_mechanized.fr_wid1_trivial	pss_mechanized	pss_mechanized.fr_wid1_trivial	0	680732	isabelle/pss_mechanized.thy	58795	false	5560082	0	false
pss_mechanized.fr_ramp_from_Ep_at_j0	pss_mechanized	pss_mechanized.fr_ramp_from_Ep_at_j0	0	680924	isabelle/pss_mechanized.thy	58822	false	5560290	0	true
pss_mechanized.gs_tree_from_gstrict	pss_mechanized	pss_mechanized.gs_tree_from_gstrict	0	681080	isabelle/pss_mechanized.thy	58841	false	5560424	0	true
pss_mechanized.gs_tree_from_Ep	pss_mechanized	pss_mechanized.gs_tree_from_Ep	0	681490	isabelle/pss_mechanized.thy	58871	false	5560678	0	true
pss_mechanized.gs_diag_gstrict	pss_mechanized	pss_mechanized.gs_diag_gstrict	0	681582	isabelle/pss_mechanized.thy	58900	false	5560914	0	false
pss_mechanized.gs_oper_gstrict_from_M	pss_mechanized	pss_mechanized.gs_oper_gstrict_from_M	0	681866	isabelle/pss_mechanized.thy	58916	false	5561028	0	true
pss_mechanized.gs_oper_gstrict_reduction	pss_mechanized	pss_mechanized.gs_oper_gstrict_reduction	0	685920	isabelle/pss_mechanized.thy	58953	false	5561232	0	true
pss_mechanized.f2_gstrict_from_D	pss_mechanized	pss_mechanized.f2_gstrict_from_D	0	685988	isabelle/pss_mechanized.thy	58995	false	5564556	0	true
pss_mechanized.f2_D_diag	pss_mechanized	pss_mechanized.f2_D_diag	0	686070	isabelle/pss_mechanized.thy	59013	false	5564668	0	false
pss_mechanized.f2_gstrict_oper_from_D_M	pss_mechanized	pss_mechanized.f2_gstrict_oper_from_D_M	0	686100	isabelle/pss_mechanized.thy	59038	false	5564792	0	true
pss_mechanized.cd_D_from_consec_strict	pss_mechanized	pss_mechanized.cd_D_from_consec_strict	0	686132	isabelle/pss_mechanized.thy	59066	false	5564920	0	true
pss_mechanized.cd_le0_first_step	pss_mechanized	pss_mechanized.cd_le0_first_step	0	686182	isabelle/pss_mechanized.thy	59110	false	5564994	0	false
pss_mechanized.cd_D_from_reachend	pss_mechanized	pss_mechanized.cd_D_from_reachend	0	686192	isabelle/pss_mechanized.thy	59149	false	5565072	0	true
pss_mechanized.cd_oper_gstrict_via_reachend	pss_mechanized	pss_mechanized.cd_oper_gstrict_via_reachend	0	686200	isabelle/pss_mechanized.thy	59171	false	5565146	0	true
pss_mechanized.cd_tree_via_reachend	pss_mechanized	pss_mechanized.cd_tree_via_reachend	0	686206	isabelle/pss_mechanized.thy	59194	false	5565224	0	true
pss_mechanized.cd_D_from_strictmono	pss_mechanized	pss_mechanized.cd_D_from_strictmono	0	686216	isabelle/pss_mechanized.thy	59234	false	5565378	0	true
pss_mechanized.cd_tree_from_D	pss_mechanized	pss_mechanized.cd_tree_from_D	0	686284	isabelle/pss_mechanized.thy	59273	false	5565520	0	true
pss_mechanized.fc_D_diag	pss_mechanized	pss_mechanized.fc_D_diag	0	686302	isabelle/pss_mechanized.thy	59301	false	5565666	0	false
pss_mechanized.fc_flat_step_from_notD	pss_mechanized	pss_mechanized.fc_flat_step_from_notD	0	686310	isabelle/pss_mechanized.thy	59318	false	5565758	0	true
pss_mechanized.fc_D_oper	pss_mechanized	pss_mechanized.fc_D_oper	0	686414	isabelle/pss_mechanized.thy	59350	false	5565854	0	true
pss_mechanized.fc_notD_M_from_notD_oper	pss_mechanized	pss_mechanized.fc_notD_M_from_notD_oper	0	686552	isabelle/pss_mechanized.thy	59456	false	5566184	0	true
pss_mechanized.bf_roper_nonshift	pss_mechanized	pss_mechanized.bf_roper_nonshift	0	686604	isabelle/pss_mechanized.thy	59513	false	5566436	0	true
pss_mechanized.m_6_5_Red_oper	pss_mechanized	pss_mechanized.m_6_5_Red_oper	0	686800	isabelle/pss_mechanized.thy	59547	false	5566570	0	true
pss_mechanized.m_6_6_red_preserved_by_oper	pss_mechanized	pss_mechanized.m_6_6_red_preserved_by_oper	0	686988	isabelle/pss_mechanized.thy	59582	false	5566744	0	true
pss_mechanized.m_6_7_standard_reduced_faithful	pss_mechanized	pss_mechanized.m_6_7_standard_reduced_faithful	0	687168	isabelle/pss_mechanized.thy	59616	false	5567134	0	true
pss_mechanized.bf_stdCA_faithful	pss_mechanized	pss_mechanized.bf_stdCA_faithful	0	687452	isabelle/pss_mechanized.thy	59653	false	5567496	0	true
pss_mechanized.bf_diagSeq_reduced	pss_mechanized	pss_mechanized.bf_diagSeq_reduced	0	687594	isabelle/pss_mechanized.thy	59709	false	5567920	0	true
pss_mechanized.bf_predRdegen_reduced	pss_mechanized	pss_mechanized.bf_predRdegen_reduced	0	687762	isabelle/pss_mechanized.thy	59726	false	5567998	0	false
pss_mechanized.bf_red_preserved_by_oper_ST	pss_mechanized	pss_mechanized.bf_red_preserved_by_oper_ST	0	688004	isabelle/pss_mechanized.thy	59751	false	5568150	0	true
pss_mechanized.bf_m_6_7_standard_reduced_modulo_shift	pss_mechanized	pss_mechanized.bf_m_6_7_standard_reduced_modulo_shift	0	688160	isabelle/pss_mechanized.thy	59788	false	5568284	0	true
pss_mechanized.bf_stdCA_modulo_shift	pss_mechanized	pss_mechanized.bf_stdCA_modulo_shift	0	688360	isabelle/pss_mechanized.thy	59815	false	5568474	0	true
pss_mechanized.oper_nontile_eq_Pred	pss_mechanized	pss_mechanized.oper_nontile_eq_Pred	0	688476	isabelle/pss_mechanized.thy	59859	false	5568726	0	false
pss_mechanized.bf_shift_resid_via_operCAB	pss_mechanized	pss_mechanized.bf_shift_resid_via_operCAB	0	689070	isabelle/pss_mechanized.thy	59892	false	5568906	0	true
pss_mechanized.bf_m_6_7_standard_reduced_via_operCAB	pss_mechanized	pss_mechanized.bf_m_6_7_standard_reduced_via_operCAB	0	689286	isabelle/pss_mechanized.thy	59938	false	5569160	0	true
pss_mechanized.bf_stdCA_via_operCAB	pss_mechanized	pss_mechanized.bf_stdCA_via_operCAB	0	689572	isabelle/pss_mechanized.thy	59955	false	5569374	0	true
pss_mechanized.m_6_7_oper_gstrict	pss_mechanized	pss_mechanized.m_6_7_oper_gstrict	0	696400	isabelle/pss_mechanized.thy	60006	false	5569680	0	true
pss_mechanized.wg_reflect_core	pss_mechanized	pss_mechanized.wg_reflect_core	0	696564	isabelle/pss_mechanized.thy	60098	false	5575552	0	true
pss_mechanized.oper_parent1_prefix_agree	pss_mechanized	pss_mechanized.oper_parent1_prefix_agree	0	696656	isabelle/pss_mechanized.thy	60165	false	5575720	0	false
pss_mechanized.treewf_diag	pss_mechanized	pss_mechanized.treewf_diag	0	696738	isabelle/pss_mechanized.thy	60247	false	5575906	0	false
pss_mechanized.m_6_7_treewf	pss_mechanized	pss_mechanized.m_6_7_treewf	0	696818	isabelle/pss_mechanized.thy	60269	false	5575956	0	true
pss_mechanized.treewf_oper_step	pss_mechanized	pss_mechanized.treewf_oper_step	0	696960	isabelle/pss_mechanized.thy	60295	false	5576048	0	false
pss_mechanized.gtw_diag	pss_mechanized	pss_mechanized.gtw_diag	0	696970	isabelle/pss_mechanized.thy	60354	false	5576278	0	false
pss_mechanized.m_6_7_globaltreewf	pss_mechanized	pss_mechanized.m_6_7_globaltreewf	0	697024	isabelle/pss_mechanized.thy	60370	false	5576396	0	true
pss_mechanized.treewf_of_gtw	pss_mechanized	pss_mechanized.treewf_of_gtw	0	697040	isabelle/pss_mechanized.thy	60389	false	5576822	0	false
pss_mechanized.nextR1_pred_agree	pss_mechanized	pss_mechanized.nextR1_pred_agree	0	697050	isabelle/pss_mechanized.thy	60398	false	5577092	0	false
pss_mechanized.gtw_pred	pss_mechanized	pss_mechanized.gtw_pred	0	697064	isabelle/pss_mechanized.thy	60436	false	5577452	0	false
pss_mechanized.gtw_oper_step	pss_mechanized	pss_mechanized.gtw_oper_step	0	697138	isabelle/pss_mechanized.thy	60493	false	5577818	0	false
pss_mechanized.oper_d1pos_le0_prefix_back	pss_mechanized	pss_mechanized.oper_d1pos_le0_prefix_back	0	697354	isabelle/pss_mechanized.thy	60546	false	5578352	0	true
pss_mechanized.oper_boundary_valley	pss_mechanized	pss_mechanized.oper_boundary_valley	0	697742	isabelle/pss_mechanized.thy	60629	false	5578508	0	true
pss_mechanized.oper_parent1_readback_boundary_uncond	pss_mechanized	pss_mechanized.oper_parent1_readback_boundary_uncond	0	698046	isabelle/pss_mechanized.thy	60744	false	5578848	0	true
pss_mechanized.operCA_block_start_row1	pss_mechanized	pss_mechanized.operCA_block_start_row1	0	698832	isabelle/pss_mechanized.thy	60767	false	5579122	0	true
pss_mechanized.operCA_interior_row1	pss_mechanized	pss_mechanized.operCA_interior_row1	0	699394	isabelle/pss_mechanized.thy	60805	false	5579406	0	true
pss_mechanized.oper_interior_parent_inblock	pss_mechanized	pss_mechanized.oper_interior_parent_inblock	0	700032	isabelle/pss_mechanized.thy	60869	false	5579916	0	true
pss_mechanized.oper_d1pos_parent1_readback_escape	pss_mechanized	pss_mechanized.oper_d1pos_parent1_readback_escape	0	700678	isabelle/pss_mechanized.thy	61025	false	5580518	0	true
pss_mechanized.oper_interior_hasParent_base	pss_mechanized	pss_mechanized.oper_interior_hasParent_base	0	701144	isabelle/pss_mechanized.thy	61217	false	5580848	0	true
pss_mechanized.oper_blockstart_hasParent_j0	pss_mechanized	pss_mechanized.oper_blockstart_hasParent_j0	0	701394	isabelle/pss_mechanized.thy	61336	false	5581072	0	true
pss_mechanized.oper_d0zero_interior_hasParent_base	pss_mechanized	pss_mechanized.oper_d0zero_interior_hasParent_base	0	701626	isabelle/pss_mechanized.thy	61433	false	5581352	0	true
pss_mechanized.oper_d0zero_parent1_readback	pss_mechanized	pss_mechanized.oper_d0zero_parent1_readback	0	702672	isabelle/pss_mechanized.thy	61501	false	5581824	0	true
pss_mechanized.operCA_escape_row1	pss_mechanized	pss_mechanized.operCA_escape_row1	0	703546	isabelle/pss_mechanized.thy	61668	false	5582622	0	true
pss_mechanized.operCA_d1pos	pss_mechanized	pss_mechanized.operCA_d1pos	0	703728	isabelle/pss_mechanized.thy	61714	false	5583160	0	true
pss_mechanized.operCA_d0zero	pss_mechanized	pss_mechanized.operCA_d0zero	0	704098	isabelle/pss_mechanized.thy	61809	false	5583600	0	true
pss_mechanized.operCA_tiling_full	pss_mechanized	pss_mechanized.operCA_tiling_full	0	704212	isabelle/pss_mechanized.thy	61914	false	5583774	0	true
pss_mechanized.m_6_7_ST_PS_subseteq_RT_PS	pss_mechanized	pss_mechanized.m_6_7_ST_PS_subseteq_RT_PS	0	704246	isabelle/pss_mechanized.thy	61955	false	5583912	0	true
pss_mechanized.stdCA_ST_PS	pss_mechanized	pss_mechanized.stdCA_ST_PS	0	704292	isabelle/pss_mechanized.thy	61961	false	5583958	0	true
pss_mechanized.RedCondAB_ST_PS	pss_mechanized	pss_mechanized.RedCondAB_ST_PS	0	704310	isabelle/pss_mechanized.thy	61966	false	5584024	0	true
pss_mechanized.le0_adjacent_step	pss_mechanized	pss_mechanized.le0_adjacent_step	0	704334	isabelle/pss_mechanized.thy	61983	false	5584122	0	false
pss_mechanized.RedCondA_shiftRow0	pss_mechanized	pss_mechanized.RedCondA_shiftRow0	0	704372	isabelle/pss_mechanized.thy	62006	false	5584236	0	false
pss_mechanized.trunk_entries_offset	pss_mechanized	pss_mechanized.trunk_entries_offset	0	704412	isabelle/pss_mechanized.thy	62061	false	5584338	0	false
pss_mechanized.trunk_entries_diag	pss_mechanized	pss_mechanized.trunk_entries_diag	0	704468	isabelle/pss_mechanized.thy	62148	false	5584456	0	false
pss_mechanized.monoT_condA_trunkwhole_eq_diagSeq	pss_mechanized	pss_mechanized.monoT_condA_trunkwhole_eq_diagSeq	0	704526	isabelle/pss_mechanized.thy	62156	false	5584534	0	true
pss_mechanized.NJ_eq_BrJ	pss_mechanized	pss_mechanized.NJ_eq_BrJ	0	704670	isabelle/pss_mechanized.thy	62195	false	5584710	0	true
pss_mechanized.RedCondA_seg	pss_mechanized	pss_mechanized.RedCondA_seg	0	704732	isabelle/pss_mechanized.thy	62286	false	5584820	0	false
pss_mechanized.RedCondA_BrJ	pss_mechanized	pss_mechanized.RedCondA_BrJ	0	704792	isabelle/pss_mechanized.thy	62347	false	5584936	0	true
pss_mechanized.BrJ_head0	pss_mechanized	pss_mechanized.BrJ_head0	0	704926	isabelle/pss_mechanized.thy	62397	false	5585056	0	true
pss_mechanized.BrJ_head1	pss_mechanized	pss_mechanized.BrJ_head1	0	705090	isabelle/pss_mechanized.thy	62405	false	5585148	0	true
pss_mechanized.BrJ_block_identity	pss_mechanized	pss_mechanized.BrJ_block_identity	0	705232	isabelle/pss_mechanized.thy	62420	false	5585292	0	true
pss_mechanized.map_entry_id	pss_mechanized	pss_mechanized.map_entry_id	0	705304	isabelle/pss_mechanized.thy	62498	false	5585524	0	false
pss_mechanized.trunk_take_eq_diagSeq	pss_mechanized	pss_mechanized.trunk_take_eq_diagSeq	0	705448	isabelle/pss_mechanized.thy	62510	false	5585620	0	true
pss_mechanized.Red_rebase_core	pss_mechanized	pss_mechanized.Red_rebase_core	0	705686	isabelle/pss_mechanized.thy	62543	false	5585746	0	true
pss_mechanized.nextrel0_funpow_IncrFirst_eq	pss_mechanized	pss_mechanized.nextrel0_funpow_IncrFirst_eq	0	705738	isabelle/pss_mechanized.thy	62630	false	5585888	0	false
pss_mechanized.nextrel1_funpow_IncrFirst_eq	pss_mechanized	pss_mechanized.nextrel1_funpow_IncrFirst_eq	0	705766	isabelle/pss_mechanized.thy	62633	false	5585940	0	false
pss_mechanized.nextR_funpow_IncrFirst_eq	pss_mechanized	pss_mechanized.nextR_funpow_IncrFirst_eq	0	705782	isabelle/pss_mechanized.thy	62636	false	5585994	0	false
pss_mechanized.RedCondA_funpow_IncrFirst	pss_mechanized	pss_mechanized.RedCondA_funpow_IncrFirst	0	705842	isabelle/pss_mechanized.thy	62643	false	5586054	0	false
pss_mechanized.TrMax_bound_set	pss_mechanized	pss_mechanized.TrMax_bound_set	0	705872	isabelle/pss_mechanized.thy	62699	false	5586132	0	false
pss_mechanized.TrMax_eqI_endpoint	pss_mechanized	pss_mechanized.TrMax_eqI_endpoint	0	705956	isabelle/pss_mechanized.thy	62716	false	5586192	0	false
pss_mechanized.TrMax_stop_uncond	pss_mechanized	pss_mechanized.TrMax_stop_uncond	0	706036	isabelle/pss_mechanized.thy	62749	false	5586312	0	false
pss_mechanized.TrMax_coreReduce	pss_mechanized	pss_mechanized.TrMax_coreReduce	0	706260	isabelle/pss_mechanized.thy	62775	false	5586392	0	true
pss_mechanized.funpow_IncrFirst_drop	pss_mechanized	pss_mechanized.funpow_IncrFirst_drop	0	706340	isabelle/pss_mechanized.thy	62933	false	5586478	0	false
pss_mechanized.length_funpow_IncrFirst	pss_mechanized	pss_mechanized.length_funpow_IncrFirst	0	706382	isabelle/pss_mechanized.thy	62937	false	5586618	0	false
pss_mechanized.IdxSum_map_funpow_IncrFirst	pss_mechanized	pss_mechanized.IdxSum_map_funpow_IncrFirst	0	706460	isabelle/pss_mechanized.thy	62940	false	5586736	0	true
pss_mechanized.Br_coreReduce	pss_mechanized	pss_mechanized.Br_coreReduce	0	706594	isabelle/pss_mechanized.thy	62967	false	5586928	0	true
pss_mechanized.FirstNodes_coreReduce	pss_mechanized	pss_mechanized.FirstNodes_coreReduce	0	706650	isabelle/pss_mechanized.thy	63014	false	5587100	0	true
pss_mechanized.coreReduce_nextrel0_transfer	pss_mechanized	pss_mechanized.coreReduce_nextrel0_transfer	0	706806	isabelle/pss_mechanized.thy	63040	false	5587376	0	false
pss_mechanized.Joints_coreReduce	pss_mechanized	pss_mechanized.Joints_coreReduce	0	706990	isabelle/pss_mechanized.thy	63067	false	5587894	0	true
pss_mechanized.coreReduce_le0_back	pss_mechanized	pss_mechanized.coreReduce_le0_back	0	707268	isabelle/pss_mechanized.thy	63115	false	5588328	0	true
pss_mechanized.coreReduce_le0_fwd	pss_mechanized	pss_mechanized.coreReduce_le0_fwd	0	707412	isabelle/pss_mechanized.thy	63173	false	5588918	0	false
pss_mechanized.coreReduce_trunk_e1	pss_mechanized	pss_mechanized.coreReduce_trunk_e1	0	707492	isabelle/pss_mechanized.thy	63207	false	5589300	0	true
pss_mechanized.coreReduce_nextrel1_transfer	pss_mechanized	pss_mechanized.coreReduce_nextrel1_transfer	0	707572	isabelle/pss_mechanized.thy	63251	false	5589852	0	false
pss_mechanized.npJ_coreReduce	pss_mechanized	pss_mechanized.npJ_coreReduce	0	707750	isabelle/pss_mechanized.thy	63278	false	5590650	0	true
pss_mechanized.mono_tail_row0_strict	pss_mechanized	pss_mechanized.mono_tail_row0_strict	0	707784	isabelle/pss_mechanized.thy	63534	false	5591076	0	false
pss_mechanized.congR_head0_lower	pss_mechanized	pss_mechanized.congR_head0_lower	0	707874	isabelle/pss_mechanized.thy	63585	false	5591444	0	true
pss_mechanized.BrJ_head0_gen	pss_mechanized	pss_mechanized.BrJ_head0_gen	0	707964	isabelle/pss_mechanized.thy	63673	false	5591618	0	true
pss_mechanized.funpow_IncrFirst_as_map	pss_mechanized	pss_mechanized.funpow_IncrFirst_as_map	0	708016	isabelle/pss_mechanized.thy	63708	false	5591734	0	false
pss_mechanized.multiT_funpow_IncrFirst	pss_mechanized	pss_mechanized.multiT_funpow_IncrFirst	0	708078	isabelle/pss_mechanized.thy	63717	false	5591812	0	false
pss_mechanized.rebase_as_pair_map	pss_mechanized	pss_mechanized.rebase_as_pair_map	0	708140	isabelle/pss_mechanized.thy	63720	false	5591868	0	false
pss_mechanized.coreReduce_block_value	pss_mechanized	pss_mechanized.coreReduce_block_value	0	708568	isabelle/pss_mechanized.thy	63734	false	5592004	0	true
pss_mechanized.drop_diagSeq	pss_mechanized	pss_mechanized.drop_diagSeq	0	708688	isabelle/pss_mechanized.thy	63920	false	5592254	0	true
pss_mechanized.Red_coreReduce_eq	pss_mechanized	pss_mechanized.Red_coreReduce_eq	0	709118	isabelle/pss_mechanized.thy	63929	false	5592386	0	true
pss_mechanized.m_6_5_Red_rebase	pss_mechanized	pss_mechanized.m_6_5_Red_rebase	0	709262	isabelle/pss_mechanized.thy	64037	false	5592564	0	true
pss_mechanized.congR_self_funpow_IncrFirst	pss_mechanized	pss_mechanized.congR_self_funpow_IncrFirst	0	709282	isabelle/pss_mechanized.thy	64298	false	5592654	0	false
pss_mechanized.m_6_5_congR_self_Red_monoT	pss_mechanized	pss_mechanized.m_6_5_congR_self_Red_monoT	0	709300	isabelle/pss_mechanized.thy	64312	false	5592704	0	true
pss_mechanized.m_6_5_Red_le_final	pss_mechanized	pss_mechanized.m_6_5_Red_le_final	0	709314	isabelle/pss_mechanized.thy	64339	false	5592770	0	true
pss_mechanized.m_6_5_Red_monoT_final	pss_mechanized	pss_mechanized.m_6_5_Red_monoT_final	0	709334	isabelle/pss_mechanized.thy	64361	false	5592888	0	true
pss_mechanized.m_6_5_Red_not_multiT	pss_mechanized	pss_mechanized.m_6_5_Red_not_multiT	0	709344	isabelle/pss_mechanized.thy	64383	false	5592962	0	true
pss_mechanized.m_6_5_P_Red_final	pss_mechanized	pss_mechanized.m_6_5_P_Red_final	0	709400	isabelle/pss_mechanized.thy	64401	false	5593026	0	true
pss_mechanized.m_6_5_congR_self_Red_anchored	pss_mechanized	pss_mechanized.m_6_5_congR_self_Red_anchored	0	709446	isabelle/pss_mechanized.thy	64422	false	5593134	0	true
pss_mechanized.m_6_5_adm_Red_eq	pss_mechanized	pss_mechanized.m_6_5_adm_Red_eq	0	709516	isabelle/pss_mechanized.thy	64446	false	5593186	0	true
pss_mechanized.m_6_5_Red_adm_final	pss_mechanized	pss_mechanized.m_6_5_Red_adm_final	0	709548	isabelle/pss_mechanized.thy	64456	false	5593244	0	true
pss_mechanized.m_6_5_admof_Red_final	pss_mechanized	pss_mechanized.m_6_5_admof_Red_final	0	709580	isabelle/pss_mechanized.thy	64461	false	5593284	0	true
pss_mechanized.m_6_5_Red_marked_final	pss_mechanized	pss_mechanized.m_6_5_Red_marked_final	0	709672	isabelle/pss_mechanized.thy	64466	false	5593344	0	true
pss_mechanized.Red_singleton	pss_mechanized	pss_mechanized.Red_singleton	0	709824	isabelle/pss_mechanized.thy	64495	false	5593458	0	true
pss_mechanized.m_6_6_oneColumn	pss_mechanized	pss_mechanized.m_6_6_oneColumn	0	709954	isabelle/pss_mechanized.thy	64530	false	5593540	0	true
pss_mechanized.reduced_mono_head_diag	pss_mechanized	pss_mechanized.reduced_mono_head_diag	0	710044	isabelle/pss_mechanized.thy	64551	false	5593636	0	true
pss_mechanized.reduced_nonmulti_coeff_set	pss_mechanized	pss_mechanized.reduced_nonmulti_coeff_set	0	710184	isabelle/pss_mechanized.thy	64577	false	5593716	0	true
pss_mechanized.m_6_6_reduced_coeff_set	pss_mechanized	pss_mechanized.m_6_6_reduced_coeff_set	0	710254	isabelle/pss_mechanized.thy	64651	false	5593844	0	true
pss_mechanized.m_6_6_ancestor_slice_Red_IncrFirst	pss_mechanized	pss_mechanized.m_6_6_ancestor_slice_Red_IncrFirst	0	710538	isabelle/pss_mechanized.thy	64688	false	5593970	0	true
pss_mechanized.oper_T_PS	pss_mechanized	pss_mechanized.oper_T_PS	0	710704	isabelle/pss_mechanized.thy	64783	false	5594120	0	true
pss_mechanized.operCA_tiling_T	pss_mechanized	pss_mechanized.operCA_tiling_T	0	710828	isabelle/pss_mechanized.thy	64826	false	5594196	0	true
pss_mechanized.m_6_6_reduced_oper	pss_mechanized	pss_mechanized.m_6_6_reduced_oper	0	710870	isabelle/pss_mechanized.thy	64868	false	5594310	0	true
pss_mechanized.congR_rebaseRow0	pss_mechanized	pss_mechanized.congR_rebaseRow0	0	710968	isabelle/pss_mechanized.thy	64910	false	5594434	0	false
pss_mechanized.oper_row0_floor	pss_mechanized	pss_mechanized.oper_row0_floor	0	711084	isabelle/pss_mechanized.thy	64930	false	5594552	0	true
pss_mechanized.oper_rebase_commute	pss_mechanized	pss_mechanized.oper_rebase_commute	0	711206	isabelle/pss_mechanized.thy	65002	false	5594682	0	true
pss_mechanized.m_6_5_Red_oper_final	pss_mechanized	pss_mechanized.m_6_5_Red_oper_final	0	711224	isabelle/pss_mechanized.thy	65153	false	5594812	0	true
pss_mechanized.flatBP_nonempty	pss_mechanized	pss_mechanized.flatBP_nonempty	0	711240	isabelle/pss_mechanized.thy	65229	false	5594948	0	true
pss_mechanized.flatBP_hd	pss_mechanized	pss_mechanized.flatBP_hd	0	711252	isabelle/pss_mechanized.thy	65231	false	5595018	0	true
pss_mechanized.gs_pw_graph.intros(1)	pss_mechanized	pss_mechanized.gs_pw_graph.intros	1	711360	isabelle/pss_mechanized.thy	65239	true	5595092	0	true
pss_mechanized.gs_pw_graph.intros(2)	pss_mechanized	pss_mechanized.gs_pw_graph.intros	2	711362	isabelle/pss_mechanized.thy	65239	true	5595092	0	true
pss_mechanized.gs_pw_graph.intros(3)	pss_mechanized	pss_mechanized.gs_pw_graph.intros	3	711364	isabelle/pss_mechanized.thy	65239	true	5595092	0	true
pss_mechanized.gs_pw_graph.intros(4)	pss_mechanized	pss_mechanized.gs_pw_graph.intros	4	711366	isabelle/pss_mechanized.thy	65239	true	5595092	0	true
pss_mechanized.gs_pw_graph.intros(5)	pss_mechanized	pss_mechanized.gs_pw_graph.intros	5	711368	isabelle/pss_mechanized.thy	65239	true	5595092	0	true
pss_mechanized.gs_pw_graph.cases	pss_mechanized	pss_mechanized.gs_pw_graph.cases	0	711370	isabelle/pss_mechanized.thy	65239	true	5595092	0	true
pss_mechanized.gs_pw_graph.induct	pss_mechanized	pss_mechanized.gs_pw_graph.induct	0	711376	isabelle/pss_mechanized.thy	65239	true	5595092	0	true
pss_mechanized.gs_pw_graph.simps	pss_mechanized	pss_mechanized.gs_pw_graph.simps	0	711380	isabelle/pss_mechanized.thy	65239	true	5595092	0	true
pss_mechanized.gs_pw_graph.inducts	pss_mechanized	pss_mechanized.gs_pw_graph.inducts	0	711386	isabelle/pss_mechanized.thy	65239	true	5595092	0	true
pss_mechanized.gs_pw_rel.cases	pss_mechanized	pss_mechanized.gs_pw_rel.cases	0	711480	isabelle/pss_mechanized.thy	65239	true	5595092	0	true
pss_mechanized.gs_pw_rel.induct	pss_mechanized	pss_mechanized.gs_pw_rel.induct	0	711488	isabelle/pss_mechanized.thy	65239	true	5595092	0	true
pss_mechanized.gs_pw_rel.simps	pss_mechanized	pss_mechanized.gs_pw_rel.simps	0	711494	isabelle/pss_mechanized.thy	65239	true	5595092	0	true
pss_mechanized.gs_pw_rel.inducts	pss_mechanized	pss_mechanized.gs_pw_rel.inducts	0	711500	isabelle/pss_mechanized.thy	65239	true	5595092	0	true
pss_mechanized.gs_pw.psimps(1)	pss_mechanized	pss_mechanized.gs_pw.psimps	1	711754	isabelle/pss_mechanized.thy	65239	true	5595092	0	true
pss_mechanized.gs_pw.psimps(2)	pss_mechanized	pss_mechanized.gs_pw.psimps	2	711756	isabelle/pss_mechanized.thy	65239	true	5595092	0	true
pss_mechanized.gs_pw.psimps(3)	pss_mechanized	pss_mechanized.gs_pw.psimps	3	711760	isabelle/pss_mechanized.thy	65239	true	5595092	0	true
pss_mechanized.gs_pw.psimps(4)	pss_mechanized	pss_mechanized.gs_pw.psimps	4	711762	isabelle/pss_mechanized.thy	65239	true	5595092	0	true
pss_mechanized.gs_pw.psimps(5)	pss_mechanized	pss_mechanized.gs_pw.psimps	5	711766	isabelle/pss_mechanized.thy	65239	true	5595092	0	true
pss_mechanized.gs_pw.pinduct	pss_mechanized	pss_mechanized.gs_pw.pinduct	0	711774	isabelle/pss_mechanized.thy	65239	true	5595092	0	true
pss_mechanized.gs_pw.termination	pss_mechanized	pss_mechanized.gs_pw.termination	0	711778	isabelle/pss_mechanized.thy	65239	true	5595092	0	true
pss_mechanized.gs_pw.cases	pss_mechanized	pss_mechanized.gs_pw.cases	0	711786	isabelle/pss_mechanized.thy	65239	false	5595092	0	true
pss_mechanized.gs_pw.pelims	pss_mechanized	pss_mechanized.gs_pw.pelims	0	711794	isabelle/pss_mechanized.thy	65239	false	5595092	0	true
pss_mechanized.gs_pw.simps(1)	pss_mechanized	pss_mechanized.gs_pw.simps	1	711862	isabelle/pss_mechanized.thy	65239	false	5595092	0	true
pss_mechanized.gs_pw.simps(2)	pss_mechanized	pss_mechanized.gs_pw.simps	2	711864	isabelle/pss_mechanized.thy	65239	false	5595092	0	true
pss_mechanized.gs_pw.simps(3)	pss_mechanized	pss_mechanized.gs_pw.simps	3	711868	isabelle/pss_mechanized.thy	65239	false	5595092	0	true
pss_mechanized.gs_pw.simps(4)	pss_mechanized	pss_mechanized.gs_pw.simps	4	711870	isabelle/pss_mechanized.thy	65239	false	5595092	0	true
pss_mechanized.gs_pw.simps(5)	pss_mechanized	pss_mechanized.gs_pw.simps	5	711872	isabelle/pss_mechanized.thy	65239	false	5595092	0	true
pss_mechanized.gs_pw.induct	pss_mechanized	pss_mechanized.gs_pw.induct	0	711900	isabelle/pss_mechanized.thy	65239	false	5595092	0	true
pss_mechanized.gs_pw.elims	pss_mechanized	pss_mechanized.gs_pw.elims	0	711906	isabelle/pss_mechanized.thy	65239	false	5595092	0	true
pss_mechanized.gs_pwsum_def	pss_mechanized	pss_mechanized.gs_pwsum_def	0	711990	isabelle/pss_mechanized.thy	65246	false	5596142	0	false
pss_mechanized.gs_pwsum_Nil	pss_mechanized	pss_mechanized.gs_pwsum_Nil	0	712016	isabelle/pss_mechanized.thy	65249	false	5596216	0	false
pss_mechanized.gs_pwsum_Cons	pss_mechanized	pss_mechanized.gs_pwsum_Cons	0	712084	isabelle/pss_mechanized.thy	65251	false	5596254	0	false
pss_mechanized.gs_pwsum_append	pss_mechanized	pss_mechanized.gs_pwsum_append	0	712102	isabelle/pss_mechanized.thy	65253	false	5596316	0	false
pss_mechanized.gs_pwsum_concat_CM	pss_mechanized	pss_mechanized.gs_pwsum_concat_CM	0	712138	isabelle/pss_mechanized.thy	65256	false	5596372	0	true
pss_mechanized.gs_pwsum_flatBT	pss_mechanized	pss_mechanized.gs_pwsum_flatBT	0	712160	isabelle/pss_mechanized.thy	65261	false	5596456	0	true
pss_mechanized.gs_pwsum_flatBP	pss_mechanized	pss_mechanized.gs_pwsum_flatBP	0	712162	isabelle/pss_mechanized.thy	65262	false	5596456	0	true
pss_mechanized.gs_pwsum_prefix_concat	pss_mechanized	pss_mechanized.gs_pwsum_prefix_concat	0	712200	isabelle/pss_mechanized.thy	65281	false	5596538	0	true
pss_mechanized.gs_pwsum_prefix_nonneg_BT	pss_mechanized	pss_mechanized.gs_pwsum_prefix_nonneg_BT	0	712320	isabelle/pss_mechanized.thy	65335	false	5596690	0	true
pss_mechanized.gs_pwsum_prefix_nonneg_BP	pss_mechanized	pss_mechanized.gs_pwsum_prefix_nonneg_BP	0	712322	isabelle/pss_mechanized.thy	65337	false	5596690	0	true
pss_mechanized.gs_pwsum_prefix_body	pss_mechanized	pss_mechanized.gs_pwsum_prefix_body	0	712444	isabelle/pss_mechanized.thy	65426	false	5596806	0	true
pss_mechanized.gensurg_concat	pss_mechanized	pss_mechanized.gensurg_concat	0	712682	isabelle/pss_mechanized.thy	65464	false	5596916	0	true
pss_mechanized.gensurg_pbody	pss_mechanized	pss_mechanized.gensurg_pbody	0	712904	isabelle/pss_mechanized.thy	65612	false	5597102	0	true
pss_mechanized.gensurg_main(1)	pss_mechanized	pss_mechanized.gensurg_main	1	713098	isabelle/pss_mechanized.thy	65706	false	5597372	0	true
pss_mechanized.gensurg_main(2)	pss_mechanized	pss_mechanized.gensurg_main	2	713102	isabelle/pss_mechanized.thy	65706	false	5597372	0	true
pss_mechanized.gensurg_image_BT	pss_mechanized	pss_mechanized.gensurg_image_BT	0	713146	isabelle/pss_mechanized.thy	65835	false	5597518	0	true
pss_mechanized.gensurg_addBT_TB	pss_mechanized	pss_mechanized.gensurg_addBT_TB	0	713172	isabelle/pss_mechanized.thy	65848	false	5597704	0	true
pss_mechanized.m_7_2_add_scb_conj3_image	pss_mechanized	pss_mechanized.m_7_2_add_scb_conj3_image	0	713234	isabelle/pss_mechanized.thy	65864	false	5597902	0	true
pss_mechanized.scbrepl_image_principal	pss_mechanized	pss_mechanized.scbrepl_image_principal	0	713280	isabelle/pss_mechanized.thy	65896	false	5598320	0	true
pss_wip.Pred_RT_PS	pss_wip	pss_wip.Pred_RT_PS	0	1507868	isabelle/layerB/pss_wip.thy	19	false	6573788	0	true
pss_wip.trans_multiT_prefix_RT_PS	pss_wip	pss_wip.trans_multiT_prefix_RT_PS	0	1507876	isabelle/layerB/pss_wip.thy	47	false	6573884	0	true
pss_wip.trans_multiT_last_component(1)	pss_wip	pss_wip.trans_multiT_last_component	1	1507898	isabelle/layerB/pss_wip.thy	84	false	6573974	0	true
pss_wip.trans_multiT_last_component(2)	pss_wip	pss_wip.trans_multiT_last_component	2	1507900	isabelle/layerB/pss_wip.thy	84	false	6573974	0	true
pss_wip.Trans_Mark_dom_RT_PS_aux	pss_wip	pss_wip.Trans_Mark_dom_RT_PS_aux	0	1507932	isabelle/layerB/pss_wip.thy	117	false	6574170	0	true
pss_wip.m_7_3_Trans_welldef	pss_wip	pss_wip.m_7_3_Trans_welldef	0	1507942	isabelle/layerB/pss_wip.thy	258	false	6574244	0	true
pss_wip.m_7_3_Mark_welldef	pss_wip	pss_wip.m_7_3_Mark_welldef	0	1507958	isabelle/layerB/pss_wip.thy	263	false	6574418	0	true
pss_wip.Trans_singleton	pss_wip	pss_wip.Trans_singleton	0	1507986	isabelle/layerB/pss_wip.thy	273	false	6574566	0	true
pss_wip.Mark_singleton	pss_wip	pss_wip.Mark_singleton	0	1508006	isabelle/layerB/pss_wip.thy	286	false	6574644	0	true
pss_wip.unflatBT_flat	pss_wip	pss_wip.unflatBT_flat	0	1508022	isabelle/layerB/pss_wip.thy	303	false	6574734	0	true
pss_wip.isPTB_str_Dpt	pss_wip	pss_wip.isPTB_str_Dpt	0	1508068	isabelle/layerB/pss_wip.thy	312	false	6574850	0	true
pss_wip.scb_decomp_self	pss_wip	pss_wip.scb_decomp_self	0	1508078	isabelle/layerB/pss_wip.thy	321	false	6574998	0	false
pss_wip.scb_SOME_self	pss_wip	pss_wip.scb_SOME_self	0	1508106	isabelle/layerB/pss_wip.thy	326	false	6575082	0	true
pss_wip.m_7_3_twoColumn_Trans	pss_wip	pss_wip.m_7_3_twoColumn_Trans	0	1508176	isabelle/layerB/pss_wip.thy	348	false	6575388	0	true
pss_wip.m_7_3_twoColumn_Marked(1)	pss_wip	pss_wip.m_7_3_twoColumn_Marked	1	1508264	isabelle/layerB/pss_wip.thy	484	false	6575622	0	true
pss_wip.m_7_3_twoColumn_Marked(2)	pss_wip	pss_wip.m_7_3_twoColumn_Marked	2	1508268	isabelle/layerB/pss_wip.thy	484	false	6575622	0	true
pss_wip.m_7_3_twoColumn_Mark(1)	pss_wip	pss_wip.m_7_3_twoColumn_Mark	1	1508410	isabelle/layerB/pss_wip.thy	500	false	6575904	0	true
pss_wip.m_7_3_twoColumn_Mark(2)	pss_wip	pss_wip.m_7_3_twoColumn_Mark	2	1508418	isabelle/layerB/pss_wip.thy	500	false	6575904	0	true
pss_wip.m_7_3_Trans_Red	pss_wip	pss_wip.m_7_3_Trans_Red	0	1508486	isabelle/layerB/pss_wip.thy	656	false	6576262	0	true
pss_wip.m_7_3_Mark_Red	pss_wip	pss_wip.m_7_3_Mark_Red	0	1508544	isabelle/layerB/pss_wip.thy	671	false	6576354	0	true
pss_wip.m_7_3_Trans_IncrFirst	pss_wip	pss_wip.m_7_3_Trans_IncrFirst	0	1508608	isabelle/layerB/pss_wip.thy	686	false	6576492	0	true
pss_wip.m_7_3_Mark_IncrFirst	pss_wip	pss_wip.m_7_3_Mark_IncrFirst	0	1508690	isabelle/layerB/pss_wip.thy	699	false	6576602	0	true
pss_wip.scbimg_prefix_whole	pss_wip	pss_wip.scbimg_prefix_whole	0	1508816	isabelle/layerB/pss_wip.thy	721	false	6576880	0	true
pss_wip.scbimg_principal_descend	pss_wip	pss_wip.scbimg_principal_descend	0	1509008	isabelle/layerB/pss_wip.thy	744	false	6577134	0	true
pss_wip.scbimg_join	pss_wip	pss_wip.scbimg_join	0	1509318	isabelle/layerB/pss_wip.thy	761	false	6577494	0	true
pss_wip.scbimg_image_BT	pss_wip	pss_wip.scbimg_image_BT	0	1509572	isabelle/layerB/pss_wip.thy	913	false	6578044	0	true
pss_wip.scbimg_image_BP	pss_wip	pss_wip.scbimg_image_BP	0	1509574	isabelle/layerB/pss_wip.thy	916	false	6578044	0	true
pss_wip.scb_replace_principal	pss_wip	pss_wip.scb_replace_principal	0	1509796	isabelle/layerB/pss_wip.thy	1066	false	6578308	0	true
pss_wip.dfree_flat_BT	pss_wip	pss_wip.dfree_flat_BT	0	1509964	isabelle/layerB/pss_wip.thy	1085	false	6578636	0	true
pss_wip.dfree_flat_BP	pss_wip	pss_wip.dfree_flat_BP	0	1509966	isabelle/layerB/pss_wip.thy	1086	false	6578636	0	true
pss_wip.adm_Pred_transfer	pss_wip	pss_wip.adm_Pred_transfer	0	1510082	isabelle/layerB/pss_wip.thy	1118	false	6578848	0	false
pss_wip.Marked_Pred	pss_wip	pss_wip.Marked_Pred	0	1510150	isabelle/layerB/pss_wip.thy	1152	false	6578956	0	false
pss_wip.Marked_Pred_Adm	pss_wip	pss_wip.Marked_Pred_Adm	0	1510276	isabelle/layerB/pss_wip.thy	1183	false	6579250	0	true
pss_wip.multi_Marked_last_component(1)	pss_wip	pss_wip.multi_Marked_last_component	1	1510350	isabelle/layerB/pss_wip.thy	1220	false	6580008	0	true
pss_wip.multi_Marked_last_component(2)	pss_wip	pss_wip.multi_Marked_last_component	2	1510352	isabelle/layerB/pss_wip.thy	1220	false	6580008	0	true
pss_wip.scbext_join	pss_wip	pss_wip.scbext_join	0	1510438	isabelle/layerB/pss_wip.thy	1317	false	6580436	0	true
pss_wip.scb_to_last_component	pss_wip	pss_wip.scb_to_last_component	0	1510542	isabelle/layerB/pss_wip.thy	1429	false	6580750	0	true
pss_wip.scb_from_last_component	pss_wip	pss_wip.scb_from_last_component	0	1510654	isabelle/layerB/pss_wip.thy	1548	false	6581074	0	true
pss_wip.MarkedB_last_component_transfer	pss_wip	pss_wip.MarkedB_last_component_transfer	0	1510782	isabelle/layerB/pss_wip.thy	1610	false	6581288	0	true
pss_wip.monoT_hasParent0_last	pss_wip	pss_wip.monoT_hasParent0_last	0	1510832	isabelle/layerB/pss_wip.thy	1642	false	6581500	0	false
pss_wip.scb_Dpt_lift	pss_wip	pss_wip.scb_Dpt_lift	0	1510882	isabelle/layerB/pss_wip.thy	1663	false	6581622	0	true
pss_wip.MarkedB_addBT_right	pss_wip	pss_wip.MarkedB_addBT_right	0	1510892	isabelle/layerB/pss_wip.thy	1673	false	6581818	0	true
pss_wip.scb_replace_principal_BP	pss_wip	pss_wip.scb_replace_principal_BP	0	1510964	isabelle/layerB/pss_wip.thy	1688	false	6581960	0	true
pss_wip.MarkedB_Dpt_lift	pss_wip	pss_wip.MarkedB_Dpt_lift	0	1511026	isabelle/layerB/pss_wip.thy	1707	false	6582366	0	true
pss_wip.trans_inv_B_hard	pss_wip	pss_wip.trans_inv_B_hard	0	1511080	isabelle/layerB/pss_wip.thy	1722	false	6582676	0	true
pss_wip.trans_inv_C	pss_wip	pss_wip.trans_inv_C	0	1511204	isabelle/layerB/pss_wip.thy	2051	false	6582930	0	true
pss_wip.Trans_Mark_invariant_aux	pss_wip	pss_wip.Trans_Mark_invariant_aux	0	1511226	isabelle/layerB/pss_wip.thy	2226	false	6583226	0	true
pss_wip.m_7_3_Trans_in_T_B	pss_wip	pss_wip.m_7_3_Trans_in_T_B	0	1511242	isabelle/layerB/pss_wip.thy	2374	false	6583358	0	true
pss_wip.m_7_3_Mark_in_T_B	pss_wip	pss_wip.m_7_3_Mark_in_T_B	0	1511256	isabelle/layerB/pss_wip.thy	2379	false	6583422	0	true
pss_wip.m_7_3_Trans_Mark_MarkedB	pss_wip	pss_wip.m_7_3_Trans_Mark_MarkedB	0	1511264	isabelle/layerB/pss_wip.thy	2384	false	6583498	0	true
pss_wip.m_7_3_Trans_zeroT	pss_wip	pss_wip.m_7_3_Trans_zeroT	0	1511278	isabelle/layerB/pss_wip.thy	2400	false	6583670	0	true
pss_wip.lessBT_addBT_self	pss_wip	pss_wip.lessBT_addBT_self	0	1511288	isabelle/layerB/pss_wip.thy	2431	false	6583788	0	true
pss_wip.lessBT_addBT_mono_right	pss_wip	pss_wip.lessBT_addBT_mono_right	0	1511300	isabelle/layerB/pss_wip.thy	2443	false	6583876	0	true
pss_wip.scbjoin_lessBT	pss_wip	pss_wip.scbjoin_lessBT	0	1511326	isabelle/layerB/pss_wip.thy	2467	false	6584070	0	true
pss_wip.scbext_lessBT	pss_wip	pss_wip.scbext_lessBT	0	1511348	isabelle/layerB/pss_wip.thy	2616	false	6584376	0	true
pss_wip.scbext_lessBP	pss_wip	pss_wip.scbext_lessBP	0	1511350	isabelle/layerB/pss_wip.thy	2619	false	6584376	0	true
pss_wip.Lng_PB_Dpt	pss_wip	pss_wip.Lng_PB_Dpt	0	1511370	isabelle/layerB/pss_wip.thy	2830	false	6584582	0	true
pss_wip.transC2_single_principal	pss_wip	pss_wip.transC2_single_principal	0	1511390	isabelle/layerB/pss_wip.thy	2833	false	6584674	0	true
pss_wip.isPTB_str_imp_Lng_PB_1	pss_wip	pss_wip.isPTB_str_imp_Lng_PB_1	0	1511400	isabelle/layerB/pss_wip.thy	2842	false	6584966	0	true
pss_wip.transC1_single_principal	pss_wip	pss_wip.transC1_single_principal	0	1511420	isabelle/layerB/pss_wip.thy	2861	false	6585568	0	true
pss_wip.Mark_rightmost1_forward	pss_wip	pss_wip.Mark_rightmost1_forward	0	1511454	isabelle/layerB/pss_wip.thy	2897	false	6585894	0	true
pss_wip.lessBT_Dpt_same	pss_wip	pss_wip.lessBT_Dpt_same	0	1511466	isabelle/layerB/pss_wip.thy	3054	false	6586194	0	true
pss_wip.principal_reconstruct	pss_wip	pss_wip.principal_reconstruct	0	1511476	isabelle/layerB/pss_wip.thy	3057	false	6586260	0	true
pss_wip.SigmaB_snoc	pss_wip	pss_wip.SigmaB_snoc	0	1511490	isabelle/layerB/pss_wip.thy	3067	false	6586392	0	true
pss_wip.transC1_lessBT_transC2	pss_wip	pss_wip.transC1_lessBT_transC2	0	1511502	isabelle/layerB/pss_wip.thy	3070	false	6586576	0	true
pss_wip.lessBT_bpHeadV_lt	pss_wip	pss_wip.lessBT_bpHeadV_lt	0	1511508	isabelle/layerB/pss_wip.thy	3228	false	6586720	0	true
pss_wip.transC1_lessBT_transC2_modNA	pss_wip	pss_wip.transC1_lessBT_transC2_modNA	0	1511540	isabelle/layerB/pss_wip.thy	3247	false	6586848	0	true
pss_wip.flatIdx_def	pss_wip	pss_wip.flatIdx_def	0	1511566	isabelle/layerB/pss_wip.thy	3336	false	6587012	0	false
pss_wip.flatIdx_zero	pss_wip	pss_wip.flatIdx_zero	0	1511580	isabelle/layerB/pss_wip.thy	3339	false	6587130	0	true
pss_wip.flatIdx_Trm	pss_wip	pss_wip.flatIdx_Trm	0	1511590	isabelle/layerB/pss_wip.thy	3344	false	6587194	0	true
pss_wip.flatIdx_Dpt	pss_wip	pss_wip.flatIdx_Dpt	0	1511596	isabelle/layerB/pss_wip.thy	3363	false	6587332	0	true
pss_wip.flatIdx_addBT	pss_wip	pss_wip.flatIdx_addBT	0	1511610	isabelle/layerB/pss_wip.thy	3366	false	6587440	0	true
pss_wip.flatIdx_SigmaB	pss_wip	pss_wip.flatIdx_SigmaB	0	1511628	isabelle/layerB/pss_wip.thy	3374	false	6587582	0	true
pss_wip.bpHeadV_in_flatIdx	pss_wip	pss_wip.bpHeadV_in_flatIdx	0	1511638	isabelle/layerB/pss_wip.thy	3391	false	6587678	0	true
pss_wip.flatIdx_scb_sub	pss_wip	pss_wip.flatIdx_scb_sub	0	1511648	isabelle/layerB/pss_wip.thy	3408	false	6587824	0	true
pss_wip.flatIdx_bpHeadT_sub	pss_wip	pss_wip.flatIdx_bpHeadT_sub	0	1511658	isabelle/layerB/pss_wip.thy	3425	false	6587982	0	true
pss_wip.surg_parent_ge	pss_wip	pss_wip.surg_parent_ge	0	1511666	isabelle/layerB/pss_wip.thy	3440	false	6588072	0	false
pss_wip.surg_adm_ge	pss_wip	pss_wip.surg_adm_ge	0	1511684	isabelle/layerB/pss_wip.thy	3453	false	6588154	0	true
pss_wip.flatIdx_transC2_sub	pss_wip	pss_wip.flatIdx_transC2_sub	0	1511696	isabelle/layerB/pss_wip.thy	3474	false	6588388	0	true
pss_wip.dfree_transC2	pss_wip	pss_wip.dfree_transC2	0	1511702	isabelle/layerB/pss_wip.thy	3583	false	6588532	0	true
pss_wip.Mark_flatIdx_bound	pss_wip	pss_wip.Mark_flatIdx_bound	0	1511716	isabelle/layerB/pss_wip.thy	3678	false	6588692	0	true
pss_wip.viB_suffix_max	pss_wip	pss_wip.viB_suffix_max	0	1511728	isabelle/layerB/pss_wip.thy	4177	false	6588914	0	true
pss_wip.NAbound_holds	pss_wip	pss_wip.NAbound_holds	0	1511740	isabelle/layerB/pss_wip.thy	4258	false	6589100	0	true
pss_wip.transC1_lessBT_transC2_full	pss_wip	pss_wip.transC1_lessBT_transC2_full	0	1511754	isabelle/layerB/pss_wip.thy	4340	false	6589244	0	true
pss_wip.Trans_Pred_multi_last	pss_wip	pss_wip.Trans_Pred_multi_last	0	1511768	isabelle/layerB/pss_wip.thy	4357	false	6589382	0	true
pss_wip.m_7_3_Pred_Trans_descend	pss_wip	pss_wip.m_7_3_Pred_Trans_descend	0	1511824	isabelle/layerB/pss_wip.thy	4474	false	6589600	0	true
pss_wip.flatBT_principal_head	pss_wip	pss_wip.flatBT_principal_head	0	1511836	isabelle/layerB/pss_wip.thy	4803	false	6589786	0	true
pss_wip.Mark_MarkedB_nest_surgery	pss_wip	pss_wip.Mark_MarkedB_nest_surgery	0	1511878	isabelle/layerB/pss_wip.thy	4815	false	6590072	0	true
pss_wip.Mark_MarkedB_nest	pss_wip	pss_wip.Mark_MarkedB_nest	0	1511912	isabelle/layerB/pss_wip.thy	5194	false	6590338	0	true
pss_wip.Mark_leftend_form	pss_wip	pss_wip.Mark_leftend_form	0	1511922	isabelle/layerB/pss_wip.thy	5368	false	6590420	0	true
pss_wip.transC2_inner_nonzero	pss_wip	pss_wip.transC2_inner_nonzero	0	1512030	isabelle/layerB/pss_wip.thy	5786	false	6590508	0	true
pss_wip.flatBT_nonempty	pss_wip	pss_wip.flatBT_nonempty	0	1512064	isabelle/layerB/pss_wip.thy	5842	false	6590586	0	true
pss_wip.flatBT_len_ge2	pss_wip	pss_wip.flatBT_len_ge2	0	1512076	isabelle/layerB/pss_wip.thy	5865	false	6590648	0	true
pss_wip.Mark_tail_nonzero	pss_wip	pss_wip.Mark_tail_nonzero	0	1512154	isabelle/layerB/pss_wip.thy	5896	false	6590722	0	true
pss_wip.m_7_3_Mark_rightmost1	pss_wip	pss_wip.m_7_3_Mark_rightmost1	0	1512228	isabelle/layerB/pss_wip.thy	6192	false	6590804	0	true
pss_wip.m_7_3_Mark_rightmost2	pss_wip	pss_wip.m_7_3_Mark_rightmost2	0	1512242	isabelle/layerB/pss_wip.thy	6229	false	6590900	0	true
pss_wip.find_append_local	pss_wip	pss_wip.find_append_local	0	1512252	isabelle/layerB/pss_wip.thy	6343	false	6590996	0	false
pss_wip.bpHeadV_find_Dsym	pss_wip	pss_wip.bpHeadV_find_Dsym	0	1512290	isabelle/layerB/pss_wip.thy	6351	false	6591070	0	true
pss_wip.reduced_e10_zero	pss_wip	pss_wip.reduced_e10_zero	0	1512298	isabelle/layerB/pss_wip.thy	6384	false	6591176	0	true
pss_wip.m_7_3_Trans_leftend	pss_wip	pss_wip.m_7_3_Trans_leftend	0	1512348	isabelle/layerB/pss_wip.thy	6444	false	6591270	0	true
pss_wip.liftS_def	pss_wip	pss_wip.liftS_def	0	1512378	isabelle/layerB/pss_wip.thy	6838	false	6591354	0	false
pss_wip.Mark_Pred_multi_last	pss_wip	pss_wip.Mark_Pred_multi_last	0	1512436	isabelle/layerB/pss_wip.thy	6847	false	6591468	0	true
pss_wip.scb_addBT_left	pss_wip	pss_wip.scb_addBT_left	0	1512478	isabelle/layerB/pss_wip.thy	6941	false	6591546	0	true
pss_wip.Trans_PT_single	pss_wip	pss_wip.Trans_PT_single	0	1512566	isabelle/layerB/pss_wip.thy	6984	false	6591670	0	true
pss_wip.addBT_zero_left	pss_wip	pss_wip.addBT_zero_left	0	1512590	isabelle/layerB/pss_wip.thy	7154	false	6591752	0	true
pss_wip.m_7_4_Trans_Mark_Pred	pss_wip	pss_wip.m_7_4_Trans_Mark_Pred	0	1512768	isabelle/layerB/pss_wip.thy	7156	false	6591864	0	true
pss_wip.m_7_4_Trans_Mark_seg	pss_wip	pss_wip.m_7_4_Trans_Mark_seg	0	1512910	isabelle/layerB/pss_wip.thy	7761	false	6592012	0	true
pss_wip.Pred_pow_RT_PS	pss_wip	pss_wip.Pred_pow_RT_PS	0	1512924	isabelle/layerB/pss_wip.thy	7918	false	6592168	0	true
pss_wip.seg_0_RT_PS	pss_wip	pss_wip.seg_0_RT_PS	0	1512938	isabelle/layerB/pss_wip.thy	7937	false	6592238	0	true
pss_wip.m_7_4_RightNodes_subexpr_gen	pss_wip	pss_wip.m_7_4_RightNodes_subexpr_gen	0	1512982	isabelle/layerB/pss_wip.thy	7966	false	6592344	0	true
pss_wip.m_7_4_RightNodes_Mark	pss_wip	pss_wip.m_7_4_RightNodes_Mark	0	1513020	isabelle/layerB/pss_wip.thy	8022	false	6592508	0	true
pss_wip.RightAnces_dom_RT	pss_wip	pss_wip.RightAnces_dom_RT	0	1513060	isabelle/layerB/pss_wip.thy	8142	false	6592782	0	true
pss_wip.RA_probe	pss_wip	pss_wip.RA_probe	0	1513078	isabelle/layerB/pss_wip.thy	8240	false	6593280	0	false
pss_wip.ra_Mark0_eq_Trans	pss_wip	pss_wip.ra_Mark0_eq_Trans	0	1513134	isabelle/layerB/pss_wip.thy	8257	false	6593664	0	true
pss_wip.ra_RightNodes_addBT_right	pss_wip	pss_wip.ra_RightNodes_addBT_right	0	1513192	isabelle/layerB/pss_wip.thy	8386	false	6594050	0	true
pss_wip.ra_RightNodes_Dpt_gen	pss_wip	pss_wip.ra_RightNodes_Dpt_gen	0	1513240	isabelle/layerB/pss_wip.thy	8406	false	6594192	0	true
pss_wip.ra_RightNodes_transC2_tail	pss_wip	pss_wip.ra_RightNodes_transC2_tail	0	1513290	isabelle/layerB/pss_wip.thy	8416	false	6594398	0	true
pss_wip.ra_RightAnces_RightNodes_RT	pss_wip	pss_wip.ra_RightAnces_RightNodes_RT	0	1513444	isabelle/layerB/pss_wip.thy	8501	false	6594868	0	true
pss_wip.ra_Red_block_within_min	pss_wip	pss_wip.ra_Red_block_within_min	0	1513502	isabelle/layerB/pss_wip.thy	8893	false	6595112	0	true
pss_wip.ra_P_Red_blocks_row0_min	pss_wip	pss_wip.ra_P_Red_blocks_row0_min	0	1513642	isabelle/layerB/pss_wip.thy	8914	false	6595494	0	true
pss_wip.m_7_4_RightAnces_RightNodes	pss_wip	pss_wip.m_7_4_RightAnces_RightNodes	0	1513720	isabelle/layerB/pss_wip.thy	8951	false	6596090	0	true
pss_wip.rnsub_RightNodes_empty_iff	pss_wip	pss_wip.rnsub_RightNodes_empty_iff	0	1513760	isabelle/layerB/pss_wip.thy	8960	false	6596218	0	true
pss_wip.m_7_4_RightAnces_zeroT	pss_wip	pss_wip.m_7_4_RightAnces_zeroT	0	1513788	isabelle/layerB/pss_wip.thy	8988	false	6596336	0	true
pss_wip.Trans_mono_RN_ge2	pss_wip	pss_wip.Trans_mono_RN_ge2	0	1513822	isabelle/layerB/pss_wip.thy	9011	false	6596528	0	true
pss_wip.m_7_4_Trans_nextAdm	pss_wip	pss_wip.m_7_4_Trans_nextAdm	0	1513872	isabelle/layerB/pss_wip.thy	9186	false	6596702	0	true
pss_wip.mark_marked_principal(1)	pss_wip	pss_wip.mark_marked_principal	1	1513964	isabelle/layerB/pss_wip.thy	9212	false	6597110	0	true
pss_wip.mark_marked_principal(2)	pss_wip	pss_wip.mark_marked_principal	2	1513966	isabelle/layerB/pss_wip.thy	9212	false	6597110	0	true
pss_wip.mark_marked_principal(3)	pss_wip	pss_wip.mark_marked_principal	3	1513968	isabelle/layerB/pss_wip.thy	9212	false	6597110	0	true
pss_wip.Mark_nest_common_marked	pss_wip	pss_wip.Mark_nest_common_marked	0	1513994	isabelle/layerB/pss_wip.thy	9245	false	6597466	0	true
pss_wip.m_7_4_Mark_nextAdm	pss_wip	pss_wip.m_7_4_Mark_nextAdm	0	1514032	isabelle/layerB/pss_wip.thy	9434	false	6597668	0	true
pss_wip.MarkedB_antisym	pss_wip	pss_wip.MarkedB_antisym	0	1514072	isabelle/layerB/pss_wip.thy	9465	false	6598018	0	true
pss_wip.RightNodes_seg_len_strict_mono	pss_wip	pss_wip.RightNodes_seg_len_strict_mono	0	1514096	isabelle/layerB/pss_wip.thy	9491	false	6598206	0	true
pss_wip.Mark_interior_RN_ge2	pss_wip	pss_wip.Mark_interior_RN_ge2	0	1514172	isabelle/layerB/pss_wip.thy	9556	false	6598442	0	true
pss_wip.Mark_distinct	pss_wip	pss_wip.Mark_distinct	0	1514290	isabelle/layerB/pss_wip.thy	9586	false	6598716	0	true
pss_wip.Mark0_ne_Mark	pss_wip	pss_wip.Mark0_ne_Mark	0	1514406	isabelle/layerB/pss_wip.thy	9636	false	6598984	0	true
pss_wip.m_7_4_Mark_order	pss_wip	pss_wip.m_7_4_Mark_order	0	1514528	isabelle/layerB/pss_wip.thy	9708	false	6599172	0	true
pss_wip.monoT_diagSeq_lt	pss_wip	pss_wip.monoT_diagSeq_lt	0	1514582	isabelle/layerB/pss_wip.thy	9760	false	6599382	0	true
pss_wip.nadm_diagSeq_interior	pss_wip	pss_wip.nadm_diagSeq_interior	0	1514660	isabelle/layerB/pss_wip.thy	9780	false	6599470	0	false
pss_wip.parent0_last_diagSeq	pss_wip	pss_wip.parent0_last_diagSeq	0	1514706	isabelle/layerB/pss_wip.thy	9797	false	6599674	0	false
pss_wip.Adm_parent0_last_diagSeq	pss_wip	pss_wip.Adm_parent0_last_diagSeq	0	1514770	isabelle/layerB/pss_wip.thy	9850	false	6599794	0	true
pss_wip.m_8_1_diagSeq_Trans	pss_wip	pss_wip.m_8_1_diagSeq_Trans	0	1514828	isabelle/layerB/pss_wip.thy	9903	false	6599948	0	true
pss_wip.Lng_diagApp	pss_wip	pss_wip.Lng_diagApp	0	1514846	isabelle/layerB/pss_wip.thy	10027	false	6600176	0	false
pss_wip.entry_diagApp_lo	pss_wip	pss_wip.entry_diagApp_lo	0	1514862	isabelle/layerB/pss_wip.thy	10032	false	6600346	0	false
pss_wip.entry_diagApp_last0	pss_wip	pss_wip.entry_diagApp_last0	0	1514882	isabelle/layerB/pss_wip.thy	10044	false	6600544	0	false
pss_wip.entry_diagApp_last1	pss_wip	pss_wip.entry_diagApp_last1	0	1514910	isabelle/layerB/pss_wip.thy	10055	false	6600912	0	false
pss_wip.Pred_diagApp	pss_wip	pss_wip.Pred_diagApp	0	1514948	isabelle/layerB/pss_wip.thy	10066	false	6601328	0	true
pss_wip.nextrel0_diagApp_parent	pss_wip	pss_wip.nextrel0_diagApp_parent	0	1515034	isabelle/layerB/pss_wip.thy	10081	false	6601582	0	false
pss_wip.nextR0_diagApp_last_unique	pss_wip	pss_wip.nextR0_diagApp_last_unique	0	1515078	isabelle/layerB/pss_wip.thy	10109	false	6602020	0	false
pss_wip.parent0_diagApp	pss_wip	pss_wip.parent0_diagApp	0	1515130	isabelle/layerB/pss_wip.thy	10140	false	6602490	0	false
pss_wip.nextrel0_diagApp_step	pss_wip	pss_wip.nextrel0_diagApp_step	0	1515180	isabelle/layerB/pss_wip.thy	10162	false	6603264	0	false
pss_wip.le0_diagApp_prefix	pss_wip	pss_wip.le0_diagApp_prefix	0	1515222	isabelle/layerB/pss_wip.thy	10178	false	6604154	0	false
pss_wip.le0_diagApp_pred_confine	pss_wip	pss_wip.le0_diagApp_pred_confine	0	1515276	isabelle/layerB/pss_wip.thy	10207	false	6604462	0	false
pss_wip.nextR_diagApp_prefix_parent	pss_wip	pss_wip.nextR_diagApp_prefix_parent	0	1515358	isabelle/layerB/pss_wip.thy	10242	false	6604828	0	false
pss_wip.nextR1_diagApp_last	pss_wip	pss_wip.nextR1_diagApp_last	0	1515416	isabelle/layerB/pss_wip.thy	10294	false	6605176	0	false
pss_wip.RedCondA_diagApp	pss_wip	pss_wip.RedCondA_diagApp	0	1515486	isabelle/layerB/pss_wip.thy	10350	false	6605680	0	true
pss_wip.RedCondB_diagApp	pss_wip	pss_wip.RedCondB_diagApp	0	1515548	isabelle/layerB/pss_wip.thy	10406	false	6605934	0	true
pss_wip.reduced_diagApp	pss_wip	pss_wip.reduced_diagApp	0	1515596	isabelle/layerB/pss_wip.thy	10455	false	6606196	0	true
pss_wip.adm_index0	pss_wip	pss_wip.adm_index0	0	1515612	isabelle/layerB/pss_wip.thy	10471	false	6606448	0	true
pss_wip.adm_lastindex	pss_wip	pss_wip.adm_lastindex	0	1515638	isabelle/layerB/pss_wip.thy	10481	false	6606514	0	false
pss_wip.monoT_diagApp	pss_wip	pss_wip.monoT_diagApp	0	1515674	isabelle/layerB/pss_wip.thy	10490	false	6606598	0	true
pss_wip.nextR1_diagApp_spine	pss_wip	pss_wip.nextR1_diagApp_spine	0	1515724	isabelle/layerB/pss_wip.thy	10516	false	6606766	0	false
pss_wip.nadm_diagApp_interior	pss_wip	pss_wip.nadm_diagApp_interior	0	1515784	isabelle/layerB/pss_wip.thy	10533	false	6606926	0	false
pss_wip.Adm_diagApp_parent_lo	pss_wip	pss_wip.Adm_diagApp_parent_lo	0	1515842	isabelle/layerB/pss_wip.thy	10548	false	6607072	0	true
pss_wip.adm_diagApp_parent_hi	pss_wip	pss_wip.adm_diagApp_parent_hi	0	1515886	isabelle/layerB/pss_wip.thy	10592	false	6607344	0	false
pss_wip.scb_decomp_Du_Dv	pss_wip	pss_wip.scb_decomp_Du_Dv	0	1515932	isabelle/layerB/pss_wip.thy	10618	false	6607486	0	true
pss_wip.scb_SOME_Du_Dv	pss_wip	pss_wip.scb_SOME_Du_Dv	0	1516000	isabelle/layerB/pss_wip.thy	10628	false	6607566	0	true
pss_wip.m_8_1_Pred_diagSeq_Trans	pss_wip	pss_wip.m_8_1_Pred_diagSeq_Trans	0	1516370	isabelle/layerB/pss_wip.thy	10650	false	6608124	0	true
pss_wip.T_PS_funpow_IncrFirst	pss_wip	pss_wip.T_PS_funpow_IncrFirst	0	1516404	isabelle/layerB/pss_wip.thy	10981	false	6608702	0	false
pss_wip.Trans_funpow_IncrFirst	pss_wip	pss_wip.Trans_funpow_IncrFirst	0	1516430	isabelle/layerB/pss_wip.thy	10992	false	6608836	0	true
pss_wip.Mark_funpow_IncrFirst	pss_wip	pss_wip.Mark_funpow_IncrFirst	0	1516474	isabelle/layerB/pss_wip.thy	11009	false	6609074	0	true
pss_wip.slice_Red_in_RT_PS	pss_wip	pss_wip.slice_Red_in_RT_PS	0	1516568	isabelle/layerB/pss_wip.thy	11026	false	6609330	0	true
pss_wip.Trans_slice_eq_Red	pss_wip	pss_wip.Trans_slice_eq_Red	0	1516630	isabelle/layerB/pss_wip.thy	11044	false	6609704	0	true
pss_wip.Mark_slice_eq_Red	pss_wip	pss_wip.Mark_slice_eq_Red	0	1516684	isabelle/layerB/pss_wip.thy	11060	false	6609986	0	true
pss_wip.m_8_1_c1_around_part2	pss_wip	pss_wip.m_8_1_c1_around_part2	0	1516876	isabelle/layerB/pss_wip.thy	11085	false	6610330	0	true
pss_wip.m_7_4_Mark0_slice_eq_Trans	pss_wip	pss_wip.m_7_4_Mark0_slice_eq_Trans	0	1517032	isabelle/layerB/pss_wip.thy	11171	false	6610760	0	true
pss_wip.m_8_1_c1_around_part1_noeq	pss_wip	pss_wip.m_8_1_c1_around_part1_noeq	0	1517270	isabelle/layerB/pss_wip.thy	11204	false	6610982	0	true
pss_wip.m_7_4_repr_multiT_step	pss_wip	pss_wip.m_7_4_repr_multiT_step	0	1517528	isabelle/layerB/pss_wip.thy	11273	false	6611498	0	true
pss_wip.m_7_4_Mark_Trans_repr_m0	pss_wip	pss_wip.m_7_4_Mark_Trans_repr_m0	0	1517600	isabelle/layerB/pss_wip.thy	11369	false	6611836	0	true
pss_wip.m_7_4_Trans_slice_2col	pss_wip	pss_wip.m_7_4_Trans_slice_2col	0	1517678	isabelle/layerB/pss_wip.thy	11399	false	6611982	0	true
pss_wip.m_7_4_Mark_Pred_boundary	pss_wip	pss_wip.m_7_4_Mark_Pred_boundary	0	1517812	isabelle/layerB/pss_wip.thy	11467	false	6612178	0	true
pss_wip.m_7_4_Mark_Trans_repr_monoT_boundary	pss_wip	pss_wip.m_7_4_Mark_Trans_repr_monoT_boundary	0	1518024	isabelle/layerB/pss_wip.thy	11511	false	6612492	0	true
pss_wip.m_7_4_Pred_Red_slice	pss_wip	pss_wip.m_7_4_Pred_Red_slice	0	1518116	isabelle/layerB/pss_wip.thy	11676	false	6612748	0	true
pss_wip.m_7_4_Trans_PredN	pss_wip	pss_wip.m_7_4_Trans_PredN	0	1518250	isabelle/layerB/pss_wip.thy	11720	false	6612928	0	true
pss_wip.m_7_4_seg_Pred_eq	pss_wip	pss_wip.m_7_4_seg_Pred_eq	0	1518328	isabelle/layerB/pss_wip.thy	11753	false	6613158	0	false
pss_wip.m_7_4_interior_id1	pss_wip	pss_wip.m_7_4_interior_id1	0	1518470	isabelle/layerB/pss_wip.thy	11784	false	6613332	0	true
pss_wip.parent_funpow_IncrFirst_eq	pss_wip	pss_wip.parent_funpow_IncrFirst_eq	0	1518538	isabelle/layerB/pss_wip.thy	11827	false	6613636	0	false
pss_wip.hasParent_funpow_IncrFirst_eq	pss_wip	pss_wip.hasParent_funpow_IncrFirst_eq	0	1518592	isabelle/layerB/pss_wip.thy	11831	false	6613772	0	false
pss_wip.nadm_funpow_IncrFirst_eq	pss_wip	pss_wip.nadm_funpow_IncrFirst_eq	0	1518636	isabelle/layerB/pss_wip.thy	11835	false	6613950	0	false
pss_wip.adm_funpow_IncrFirst_eq	pss_wip	pss_wip.adm_funpow_IncrFirst_eq	0	1518678	isabelle/layerB/pss_wip.thy	11840	false	6614046	0	false
pss_wip.Adm_funpow_IncrFirst_eq	pss_wip	pss_wip.Adm_funpow_IncrFirst_eq	0	1518700	isabelle/layerB/pss_wip.thy	11844	false	6614160	0	false
pss_wip.repr_parent_seg_to_M	pss_wip	pss_wip.repr_parent_seg_to_M	0	1518784	isabelle/layerB/pss_wip.thy	11855	false	6614426	0	false
pss_wip.repr_parent_M_to_seg	pss_wip	pss_wip.repr_parent_M_to_seg	0	1518930	isabelle/layerB/pss_wip.thy	11899	false	6614748	0	false
pss_wip.repr_transJ0_shift	pss_wip	pss_wip.repr_transJ0_shift	0	1519066	isabelle/layerB/pss_wip.thy	11943	false	6615122	0	true
pss_wip.repr_entry1_shift	pss_wip	pss_wip.repr_entry1_shift	0	1519198	isabelle/layerB/pss_wip.thy	11989	false	6615448	0	true
pss_wip.repr_transJm1_shift	pss_wip	pss_wip.repr_transJm1_shift	0	1519506	isabelle/layerB/pss_wip.thy	12019	false	6615956	0	true
pss_wip.m_7_4_interior_id2	pss_wip	pss_wip.m_7_4_interior_id2	0	1519782	isabelle/layerB/pss_wip.thy	12076	false	6616446	0	true
pss_wip.m_7_4_interior_id3	pss_wip	pss_wip.m_7_4_interior_id3	0	1519830	isabelle/layerB/pss_wip.thy	12121	false	6617088	0	false
pss_wip.repr_adm_transJ0_shift	pss_wip	pss_wip.repr_adm_transJ0_shift	0	1520068	isabelle/layerB/pss_wip.thy	12156	false	6617398	0	true
pss_wip.repr_transCond_atoms(1)	pss_wip	pss_wip.repr_transCond_atoms	1	1520590	isabelle/layerB/pss_wip.thy	12208	false	6617814	0	true
pss_wip.repr_transCond_atoms(2)	pss_wip	pss_wip.repr_transCond_atoms	2	1520594	isabelle/layerB/pss_wip.thy	12208	false	6617814	0	true
pss_wip.repr_transCond_atoms(3)	pss_wip	pss_wip.repr_transCond_atoms	3	1520596	isabelle/layerB/pss_wip.thy	12208	false	6617814	0	true
pss_wip.repr_transCond_atoms(4)	pss_wip	pss_wip.repr_transCond_atoms	4	1520600	isabelle/layerB/pss_wip.thy	12208	false	6617814	0	true
pss_wip.repr_transCond_atoms(5)	pss_wip	pss_wip.repr_transCond_atoms	5	1520604	isabelle/layerB/pss_wip.thy	12208	false	6617814	0	true
pss_wip.repr_transCondI_eq	pss_wip	pss_wip.repr_transCondI_eq	0	1520760	isabelle/layerB/pss_wip.thy	12282	false	6618748	0	true
pss_wip.repr_transCondIII_eq	pss_wip	pss_wip.repr_transCondIII_eq	0	1520810	isabelle/layerB/pss_wip.thy	12301	false	6619216	0	true
pss_wip.repr_transCondV_eq	pss_wip	pss_wip.repr_transCondV_eq	0	1520930	isabelle/layerB/pss_wip.thy	12325	false	6619560	0	true
pss_wip.repr_transCondVI_eq	pss_wip	pss_wip.repr_transCondVI_eq	0	1521030	isabelle/layerB/pss_wip.thy	12356	false	6619920	0	true
pss_wip.m_7_4_monoT_interior_core	pss_wip	pss_wip.m_7_4_monoT_interior_core	0	1521188	isabelle/layerB/pss_wip.thy	12405	false	6620398	0	true
pss_wip.funpow_IncrFirst_map	pss_wip	pss_wip.funpow_IncrFirst_map	0	1521262	isabelle/layerB/pss_wip.thy	12625	false	6620772	0	false
pss_wip.seg_funpow_IncrFirst	pss_wip	pss_wip.seg_funpow_IncrFirst	0	1521312	isabelle/layerB/pss_wip.thy	12642	false	6620952	0	false
pss_wip.m_7_4_Trans_PredN_shift	pss_wip	pss_wip.m_7_4_Trans_PredN_shift	0	1521396	isabelle/layerB/pss_wip.thy	12677	false	6621232	0	true
pss_wip.m_7_4_markShift_discharge_interior	pss_wip	pss_wip.m_7_4_markShift_discharge_interior	0	1521590	isabelle/layerB/pss_wip.thy	12783	false	6621542	0	true
pss_wip.repr_entry1_shift_gen	pss_wip	pss_wip.repr_entry1_shift_gen	0	1521718	isabelle/layerB/pss_wip.thy	12828	false	6621880	0	true
pss_wip.m_7_4_markShift_discharge_boundary	pss_wip	pss_wip.m_7_4_markShift_discharge_boundary	0	1521914	isabelle/layerB/pss_wip.thy	12857	false	6622196	0	true
pss_wip.m_7_4_Mark_Trans_repr_aux	pss_wip	pss_wip.m_7_4_Mark_Trans_repr_aux	0	1521960	isabelle/layerB/pss_wip.thy	12961	false	6622642	0	true
pss_wip.m_7_4_Mark_Trans_repr	pss_wip	pss_wip.m_7_4_Mark_Trans_repr	0	1521996	isabelle/layerB/pss_wip.thy	13197	false	6622846	0	true
pss_wip.m_8_1_c1_around_part1	pss_wip	pss_wip.m_8_1_c1_around_part1	0	1522150	isabelle/layerB/pss_wip.thy	13213	false	6623056	0	true
pss_wip.m_8_1_c1_around_part3_2	pss_wip	pss_wip.m_8_1_c1_around_part3_2	0	1522252	isabelle/layerB/pss_wip.thy	13272	false	6623680	0	false
pss_wip.nadm_Adm_lt	pss_wip	pss_wip.nadm_Adm_lt	0	1522314	isabelle/layerB/pss_wip.thy	13323	false	6624440	0	true
pss_wip.m_7_3_t2_nonzero_condIIorIV	pss_wip	pss_wip.m_7_3_t2_nonzero_condIIorIV	0	1522510	isabelle/layerB/pss_wip.thy	13354	false	6624588	0	true
pss_wip.m_7_3_Mark_leftmost1(1)	pss_wip	pss_wip.m_7_3_Mark_leftmost1	1	1522616	isabelle/layerB/pss_wip.thy	13430	false	6624966	0	true
pss_wip.m_7_3_Mark_leftmost1(2)	pss_wip	pss_wip.m_7_3_Mark_leftmost1	2	1522618	isabelle/layerB/pss_wip.thy	13430	false	6624966	0	true
pss_wip.Pred_PT_PS_t1ne(1)	pss_wip	pss_wip.Pred_PT_PS_t1ne	1	1522830	isabelle/layerB/pss_wip.thy	13467	false	6625268	0	true
pss_wip.Pred_PT_PS_t1ne(2)	pss_wip	pss_wip.Pred_PT_PS_t1ne	2	1522832	isabelle/layerB/pss_wip.thy	13467	false	6625268	0	true
pss_wip.m_7_3_s1_b1_empty	pss_wip	pss_wip.m_7_3_s1_b1_empty	0	1523008	isabelle/layerB/pss_wip.thy	13524	false	6625464	0	true
pss_wip.m_7_3_sm1_bm1_empty	pss_wip	pss_wip.m_7_3_sm1_bm1_empty	0	1523196	isabelle/layerB/pss_wip.thy	13595	false	6625830	0	true
pss_wip.kind0_parent_facts(1)	pss_wip	pss_wip.kind0_parent_facts	1	1523434	isabelle/layerB/pss_wip.thy	13671	false	6626190	0	false
pss_wip.kind0_parent_facts(2)	pss_wip	pss_wip.kind0_parent_facts	2	1523436	isabelle/layerB/pss_wip.thy	13671	false	6626190	0	false
pss_wip.kind0_parent_facts(3)	pss_wip	pss_wip.kind0_parent_facts	3	1523438	isabelle/layerB/pss_wip.thy	13671	false	6626190	0	false
pss_wip.kind0_parent_facts(4)	pss_wip	pss_wip.kind0_parent_facts	4	1523442	isabelle/layerB/pss_wip.thy	13671	false	6626190	0	false
pss_wip.kind0_parent_facts(5)	pss_wip	pss_wip.kind0_parent_facts	5	1523444	isabelle/layerB/pss_wip.thy	13671	false	6626190	0	false
pss_wip.kind0_parent_facts(6)	pss_wip	pss_wip.kind0_parent_facts	6	1523450	isabelle/layerB/pss_wip.thy	13671	false	6626190	0	false
pss_wip.m_8_3_kind0_base_ineq	pss_wip	pss_wip.m_8_3_kind0_base_ineq	0	1523614	isabelle/layerB/pss_wip.thy	13700	false	6626746	0	true
pss_wip.m_8_4_oper1_eq_Pred	pss_wip	pss_wip.m_8_4_oper1_eq_Pred	0	1523650	isabelle/layerB/pss_wip.thy	13754	false	6627276	0	false
pss_wip.m_8_4_oper1_funpow_take	pss_wip	pss_wip.m_8_4_oper1_funpow_take	0	1523734	isabelle/layerB/pss_wip.thy	13779	false	6627380	0	false
pss_wip.m_8_4_oper_genform	pss_wip	pss_wip.m_8_4_oper_genform	0	1523934	isabelle/layerB/pss_wip.thy	13821	false	6627608	0	false
pss_wip.m_8_4_oper_Suc_append	pss_wip	pss_wip.m_8_4_oper_Suc_append	0	1524130	isabelle/layerB/pss_wip.thy	13866	false	6628060	0	true
pss_wip.m_8_4_oper_basic_part1	pss_wip	pss_wip.m_8_4_oper_basic_part1	0	1524322	isabelle/layerB/pss_wip.thy	13897	false	6628426	0	true
pss_wip.Lng_rcseq	pss_wip	pss_wip.Lng_rcseq	0	1524458	isabelle/layerB/pss_wip.thy	13957	false	6629136	0	false
pss_wip.rcseq_nth	pss_wip	pss_wip.rcseq_nth	0	1524524	isabelle/layerB/pss_wip.thy	13960	false	6629238	0	false
pss_wip.entry0_rcseq	pss_wip	pss_wip.entry0_rcseq	0	1524584	isabelle/layerB/pss_wip.thy	13965	false	6629408	0	true
pss_wip.entry1_rcseq	pss_wip	pss_wip.entry1_rcseq	0	1524646	isabelle/layerB/pss_wip.thy	13970	false	6629532	0	true
pss_wip.rcseq_Suc_snoc	pss_wip	pss_wip.rcseq_Suc_snoc	0	1524734	isabelle/layerB/pss_wip.thy	13975	false	6629748	0	true
pss_wip.Pred_rcseq_Suc	pss_wip	pss_wip.Pred_rcseq_Suc	0	1524802	isabelle/layerB/pss_wip.thy	13979	false	6629882	0	true
pss_wip.nextrel0_rcseq_step	pss_wip	pss_wip.nextrel0_rcseq_step	0	1524822	isabelle/layerB/pss_wip.thy	13994	false	6630046	0	true
pss_wip.nextrel0_rcseq_rtrancl	pss_wip	pss_wip.nextrel0_rcseq_rtrancl	0	1524834	isabelle/layerB/pss_wip.thy	14009	false	6630172	0	true
pss_wip.monoT_rcseq	pss_wip	pss_wip.monoT_rcseq	0	1524844	isabelle/layerB/pss_wip.thy	14024	false	6630314	0	true
pss_wip.adm_rcseq	pss_wip	pss_wip.adm_rcseq	0	1524850	isabelle/layerB/pss_wip.thy	14041	false	6630432	0	true
pss_wip.not_hasParent1_rcseq	pss_wip	pss_wip.not_hasParent1_rcseq	0	1524876	isabelle/layerB/pss_wip.thy	14061	false	6630536	0	true
pss_wip.nextrel0_rcseq_iff	pss_wip	pss_wip.nextrel0_rcseq_iff	0	1524898	isabelle/layerB/pss_wip.thy	14078	false	6630688	0	true
pss_wip.hasParent0_rcseq	pss_wip	pss_wip.hasParent0_rcseq	0	1524972	isabelle/layerB/pss_wip.thy	14109	false	6630826	0	true
pss_wip.not_hasParent0_rcseq_0	pss_wip	pss_wip.not_hasParent0_rcseq_0	0	1525018	isabelle/layerB/pss_wip.thy	14130	false	6631054	0	true
pss_wip.RedCondA_rcseq	pss_wip	pss_wip.RedCondA_rcseq	0	1525046	isabelle/layerB/pss_wip.thy	14141	false	6631184	0	true
pss_wip.RedCondB_rcseq	pss_wip	pss_wip.RedCondB_rcseq	0	1525078	isabelle/layerB/pss_wip.thy	14168	false	6631268	0	true
pss_wip.rcseq_RT_PS	pss_wip	pss_wip.rcseq_RT_PS	0	1525106	isabelle/layerB/pss_wip.thy	14186	false	6631356	0	true
pss_wip.Dpow_Suc	pss_wip	pss_wip.Dpow_Suc	0	1525116	isabelle/layerB/pss_wip.thy	14195	false	6631470	0	false
pss_wip.flat_Dpow	pss_wip	pss_wip.flat_Dpow	0	1525218	isabelle/layerB/pss_wip.thy	14198	false	6631586	0	true
pss_wip.Dpow_dfree	pss_wip	pss_wip.Dpow_dfree	0	1525284	isabelle/layerB/pss_wip.thy	14212	false	6631672	0	true
pss_wip.scb_decomp_Dpow	pss_wip	pss_wip.scb_decomp_Dpow	0	1525342	isabelle/layerB/pss_wip.thy	14225	false	6631758	0	true
pss_wip.scb_SOME_Dpow	pss_wip	pss_wip.scb_SOME_Dpow	0	1525386	isabelle/layerB/pss_wip.thy	14249	false	6631872	0	true
pss_wip.Marked_rcseq_last	pss_wip	pss_wip.Marked_rcseq_last	0	1525438	isabelle/layerB/pss_wip.thy	14268	false	6631982	0	true
pss_wip.Mark_rcseq_last	pss_wip	pss_wip.Mark_rcseq_last	0	1525490	isabelle/layerB/pss_wip.thy	14281	false	6632112	0	true
pss_wip.m_8_6_rcseq_Trans	pss_wip	pss_wip.m_8_6_rcseq_Trans	0	1525572	isabelle/layerB/pss_wip.thy	14299	false	6632246	0	true
pss_wip.Lng_cseq	pss_wip	pss_wip.Lng_cseq	0	1525582	isabelle/layerB/pss_wip.thy	14435	false	6632418	0	false
pss_wip.cseq_nth	pss_wip	pss_wip.cseq_nth	0	1525588	isabelle/layerB/pss_wip.thy	14438	false	6632494	0	false
pss_wip.entry0_cseq	pss_wip	pss_wip.entry0_cseq	0	1525598	isabelle/layerB/pss_wip.thy	14443	false	6632558	0	true
pss_wip.entry1_cseq	pss_wip	pss_wip.entry1_cseq	0	1525604	isabelle/layerB/pss_wip.thy	14448	false	6632634	0	true
pss_wip.nextrel0_cseq_iff	pss_wip	pss_wip.nextrel0_cseq_iff	0	1525610	isabelle/layerB/pss_wip.thy	14453	false	6632700	0	true
pss_wip.not_hasParent1_cseq	pss_wip	pss_wip.not_hasParent1_cseq	0	1525630	isabelle/layerB/pss_wip.thy	14490	false	6632770	0	true
pss_wip.hasParent0_cseq	pss_wip	pss_wip.hasParent0_cseq	0	1525652	isabelle/layerB/pss_wip.thy	14503	false	6632852	0	true
pss_wip.RedCondA_cseq	pss_wip	pss_wip.RedCondA_cseq	0	1525676	isabelle/layerB/pss_wip.thy	14524	false	6632950	0	true
pss_wip.not_zeroT_cseq	pss_wip	pss_wip.not_zeroT_cseq	0	1525682	isabelle/layerB/pss_wip.thy	14551	false	6633010	0	true
pss_wip.monoT_cseq	pss_wip	pss_wip.monoT_cseq	0	1525710	isabelle/layerB/pss_wip.thy	14565	false	6633072	0	true
pss_wip.not_multiT_cseq	pss_wip	pss_wip.not_multiT_cseq	0	1525736	isabelle/layerB/pss_wip.thy	14592	false	6633142	0	true
pss_wip.Red_cseq	pss_wip	pss_wip.Red_cseq	0	1525762	isabelle/layerB/pss_wip.thy	14625	false	6633226	0	true
pss_wip.m_8_6_const2nd_Trans	pss_wip	pss_wip.m_8_6_const2nd_Trans	0	1525860	isabelle/layerB/pss_wip.thy	14658	false	6633310	0	true
pss_wip.lessBT_Zero_right	pss_wip	pss_wip.lessBT_Zero_right	0	1525926	isabelle/layerB/pss_wip.thy	14679	false	6633456	0	true
pss_wip.lessBT_Zero_left	pss_wip	pss_wip.lessBT_Zero_left	0	1525974	isabelle/layerB/pss_wip.thy	14684	false	6633500	0	true
pss_wip.GBT_Dpt	pss_wip	pss_wip.GBT_Dpt	0	1526016	isabelle/layerB/pss_wip.thy	14691	false	6633570	0	true
pss_wip.GBT_Zero	pss_wip	pss_wip.GBT_Zero	0	1526078	isabelle/layerB/pss_wip.thy	14695	false	6633640	0	true
pss_wip.GBT_Dpt_Zero	pss_wip	pss_wip.GBT_Dpt_Zero	0	1526100	isabelle/layerB/pss_wip.thy	14698	false	6633702	0	true
pss_wip.isOT_BP_Dpt_Zero	pss_wip	pss_wip.isOT_BP_Dpt_Zero	0	1526118	isabelle/layerB/pss_wip.thy	14704	false	6633782	0	true
pss_wip.isOT_BT_Dpt_Zero	pss_wip	pss_wip.isOT_BT_Dpt_Zero	0	1526140	isabelle/layerB/pss_wip.thy	14707	false	6633822	0	true
pss_wip.isOT_BP_Dpt_Dpt_Zero	pss_wip	pss_wip.isOT_BP_Dpt_Dpt_Zero	0	1526164	isabelle/layerB/pss_wip.thy	14713	false	6633896	0	true
pss_wip.dfree_BT_Dpt_enat_Zero	pss_wip	pss_wip.dfree_BT_Dpt_enat_Zero	0	1526188	isabelle/layerB/pss_wip.thy	14727	false	6634028	0	true
pss_wip.dfree_BT_Dpt_enat_Dpt_enat_Zero	pss_wip	pss_wip.dfree_BT_Dpt_enat_Dpt_enat_Zero	0	1526212	isabelle/layerB/pss_wip.thy	14730	false	6634168	0	true
pss_wip.m_8_7_OT_ex1	pss_wip	pss_wip.m_8_7_OT_ex1	0	1526242	isabelle/layerB/pss_wip.thy	14736	false	6634266	0	true
pss_wip.m_8_7_OT_ex2	pss_wip	pss_wip.m_8_7_OT_ex2	0	1526262	isabelle/layerB/pss_wip.thy	14741	false	6634350	0	true
pss_wip.concat_replicate_comm	pss_wip	pss_wip.concat_replicate_comm	0	1526288	isabelle/layerB/pss_wip.thy	14746	false	6634426	0	false
pss_wip.untrm_multBT	pss_wip	pss_wip.untrm_multBT	0	1526324	isabelle/layerB/pss_wip.thy	14750	false	6634490	0	true
pss_wip.descP_replicate_general	pss_wip	pss_wip.descP_replicate_general	0	1526394	isabelle/layerB/pss_wip.thy	14757	false	6634580	0	true
pss_wip.m_8_7_OT_ex3	pss_wip	pss_wip.m_8_7_OT_ex3	0	1526478	isabelle/layerB/pss_wip.thy	14778	false	6634690	0	true
pss_wip.lessBT_funpow_step	pss_wip	pss_wip.lessBT_funpow_step	0	1526658	isabelle/layerB/pss_wip.thy	14801	false	6634824	0	true
pss_wip.isOT_BT_Dpt_funpow	pss_wip	pss_wip.isOT_BT_Dpt_funpow	0	1526706	isabelle/layerB/pss_wip.thy	14815	false	6634982	0	true
pss_wip.m_8_7_OT_ex4	pss_wip	pss_wip.m_8_7_OT_ex4	0	1526722	isabelle/layerB/pss_wip.thy	14872	false	6635114	0	true
pss_wip.m_8_7_OT_examples(1)	pss_wip	pss_wip.m_8_7_OT_examples	1	1526742	isabelle/layerB/pss_wip.thy	14882	false	6635214	0	true
pss_wip.m_8_7_OT_examples(2)	pss_wip	pss_wip.m_8_7_OT_examples	2	1526744	isabelle/layerB/pss_wip.thy	14882	false	6635214	0	true
pss_wip.m_8_7_OT_examples(3)	pss_wip	pss_wip.m_8_7_OT_examples	3	1526746	isabelle/layerB/pss_wip.thy	14882	false	6635214	0	true
pss_wip.m_8_7_OT_examples(4)	pss_wip	pss_wip.m_8_7_OT_examples	4	1526748	isabelle/layerB/pss_wip.thy	14882	false	6635214	0	true
pss_wip.m_8_2_subexpr_leftend_unique	pss_wip	pss_wip.m_8_2_subexpr_leftend_unique	0	1526790	isabelle/layerB/pss_wip.thy	14900	false	6635340	0	true
pss_wip.Br_funpow_IncrFirst	pss_wip	pss_wip.Br_funpow_IncrFirst	0	1526858	isabelle/layerB/pss_wip.thy	14933	false	6635500	0	true
pss_wip.descending_funpow_IncrFirst_rev	pss_wip	pss_wip.descending_funpow_IncrFirst_rev	0	1526946	isabelle/layerB/pss_wip.thy	14968	false	6635648	0	true
pss_wip.m_8_2_standard_slice_Red_strongmono	pss_wip	pss_wip.m_8_2_standard_slice_Red_strongmono	0	1527016	isabelle/layerB/pss_wip.thy	15020	false	6635800	0	true
pss_wip.m_8_6_const2nd_Trans_paper	pss_wip	pss_wip.m_8_6_const2nd_Trans_paper	0	1527030	isabelle/layerB/pss_wip.thy	15088	false	6635966	0	true
pss_wip.Dtower_Suc	pss_wip	pss_wip.Dtower_Suc	0	1527076	isabelle/layerB/pss_wip.thy	15113	false	6636200	0	false
pss_wip.runseq_Suc_snoc	pss_wip	pss_wip.runseq_Suc_snoc	0	1527082	isabelle/layerB/pss_wip.thy	15118	false	6636278	0	true
pss_wip.runseq_1_eq_diagSeq	pss_wip	pss_wip.runseq_1_eq_diagSeq	0	1527114	isabelle/layerB/pss_wip.thy	15125	false	6636362	0	false
pss_wip.Lng_runseq	pss_wip	pss_wip.Lng_runseq	0	1527148	isabelle/layerB/pss_wip.thy	15143	false	6636424	0	false
pss_wip.runseq_nth_lo	pss_wip	pss_wip.runseq_nth_lo	0	1527174	isabelle/layerB/pss_wip.thy	15156	false	6636510	0	false
pss_wip.runseq_nth_hi	pss_wip	pss_wip.runseq_nth_hi	0	1527188	isabelle/layerB/pss_wip.thy	15166	false	6636590	0	false
pss_wip.entry_runseq_lo	pss_wip	pss_wip.entry_runseq_lo	0	1527222	isabelle/layerB/pss_wip.thy	15180	false	6636678	0	false
pss_wip.entry_runseq_hi0	pss_wip	pss_wip.entry_runseq_hi0	0	1527262	isabelle/layerB/pss_wip.thy	15185	false	6636758	0	false
pss_wip.entry_runseq_hi1	pss_wip	pss_wip.entry_runseq_hi1	0	1527308	isabelle/layerB/pss_wip.thy	15190	false	6636842	0	false
pss_wip.entry0_runseq	pss_wip	pss_wip.entry0_runseq	0	1527328	isabelle/layerB/pss_wip.thy	15198	false	6636958	0	false
pss_wip.nextrel0_runseq_step	pss_wip	pss_wip.nextrel0_runseq_step	0	1527350	isabelle/layerB/pss_wip.thy	15216	false	6637050	0	true
pss_wip.nextrel0_runseq_iff	pss_wip	pss_wip.nextrel0_runseq_iff	0	1527376	isabelle/layerB/pss_wip.thy	15232	false	6637122	0	true
pss_wip.rtrancl0_runseq	pss_wip	pss_wip.rtrancl0_runseq	0	1527416	isabelle/layerB/pss_wip.thy	15262	false	6637256	0	true
pss_wip.monoT_runseq	pss_wip	pss_wip.monoT_runseq	0	1527486	isabelle/layerB/pss_wip.thy	15276	false	6637356	0	true
pss_wip.idx1_diagSeq_last	pss_wip	pss_wip.idx1_diagSeq_last	0	1527520	isabelle/layerB/pss_wip.thy	15297	false	6637440	0	false
pss_wip.hasParent1_diagSeq_last	pss_wip	pss_wip.hasParent1_diagSeq_last	0	1527624	isabelle/layerB/pss_wip.thy	15307	false	6637494	0	false
pss_wip.oper_diagSeq_eq_runseq	pss_wip	pss_wip.oper_diagSeq_eq_runseq	0	1527682	isabelle/layerB/pss_wip.thy	15338	false	6637584	0	false
pss_wip.runseq_RT_PS	pss_wip	pss_wip.runseq_RT_PS	0	1527688	isabelle/layerB/pss_wip.thy	15422	false	6637674	0	true
pss_wip.flat_Dtower	pss_wip	pss_wip.flat_Dtower	0	1527696	isabelle/layerB/pss_wip.thy	15437	false	6637760	0	true
pss_wip.Dtower_dfree	pss_wip	pss_wip.Dtower_dfree	0	1527716	isabelle/layerB/pss_wip.thy	15449	false	6637824	0	true
pss_wip.scb_decomp_Du_Dtower	pss_wip	pss_wip.scb_decomp_Du_Dtower	0	1527806	isabelle/layerB/pss_wip.thy	15455	false	6637914	0	true
pss_wip.scb_SOME_Du_Dtower	pss_wip	pss_wip.scb_SOME_Du_Dtower	0	1527864	isabelle/layerB/pss_wip.thy	15480	false	6638000	0	true
pss_wip.Marked_runseq_last	pss_wip	pss_wip.Marked_runseq_last	0	1527870	isabelle/layerB/pss_wip.thy	15502	false	6638092	0	true
pss_wip.Mark_runseq_last	pss_wip	pss_wip.Mark_runseq_last	0	1527876	isabelle/layerB/pss_wip.thy	15520	false	6638154	0	true
pss_wip.Trans_runseq	pss_wip	pss_wip.Trans_runseq	0	1527884	isabelle/layerB/pss_wip.thy	15549	false	6638236	0	true
pss_wip.m_8_6_diagSeq_Trans_oper	pss_wip	pss_wip.m_8_6_diagSeq_Trans_oper	0	1527890	isabelle/layerB/pss_wip.thy	15724	false	6638326	0	true
pss_wip.m_8_6_diagSeq_Trans_oper_paper	pss_wip	pss_wip.m_8_6_diagSeq_Trans_oper_paper	0	1527900	isabelle/layerB/pss_wip.thy	15741	false	6638412	0	true
pss_wip.Lng_cnst	pss_wip	pss_wip.Lng_cnst	0	1527906	isabelle/layerB/pss_wip.thy	15765	false	6638544	0	false
pss_wip.nth_cnst	pss_wip	pss_wip.nth_cnst	0	1527914	isabelle/layerB/pss_wip.thy	15768	false	6638590	0	false
pss_wip.entry_cnst	pss_wip	pss_wip.entry_cnst	0	1527920	isabelle/layerB/pss_wip.thy	15773	false	6638650	0	false
pss_wip.cnst_T_PS	pss_wip	pss_wip.cnst_T_PS	0	1527944	isabelle/layerB/pss_wip.thy	15778	false	6638714	0	false
pss_wip.not_nextrel0_cnst	pss_wip	pss_wip.not_nextrel0_cnst	0	1527978	isabelle/layerB/pss_wip.thy	15784	false	6638780	0	false
pss_wip.not_nextrel1_cnst	pss_wip	pss_wip.not_nextrel1_cnst	0	1528002	isabelle/layerB/pss_wip.thy	15795	false	6638846	0	false
pss_wip.not_nextR_cnst	pss_wip	pss_wip.not_nextR_cnst	0	1528040	isabelle/layerB/pss_wip.thy	15806	false	6638910	0	false
pss_wip.not_hasParent_cnst	pss_wip	pss_wip.not_hasParent_cnst	0	1528070	isabelle/layerB/pss_wip.thy	15810	false	6638984	0	false
pss_wip.RedCondA_cnst	pss_wip	pss_wip.RedCondA_cnst	0	1528092	isabelle/layerB/pss_wip.thy	15813	false	6639050	0	false
pss_wip.RedCondB_cnst	pss_wip	pss_wip.RedCondB_cnst	0	1528122	isabelle/layerB/pss_wip.thy	15816	false	6639100	0	false
pss_wip.cnst_RT_PS	pss_wip	pss_wip.cnst_RT_PS	0	1528138	isabelle/layerB/pss_wip.thy	15825	false	6639146	0	true
pss_wip.zeroT_cnst_iff	pss_wip	pss_wip.zeroT_cnst_iff	0	1528186	isabelle/layerB/pss_wip.thy	15831	false	6639212	0	false
pss_wip.not_monoT_cnst_pos	pss_wip	pss_wip.not_monoT_cnst_pos	0	1528214	isabelle/layerB/pss_wip.thy	15834	false	6639254	0	false
pss_wip.multiT_cnst_pos	pss_wip	pss_wip.multiT_cnst_pos	0	1528220	isabelle/layerB/pss_wip.thy	15847	false	6639308	0	false
pss_wip.le0_cnst_iff	pss_wip	pss_wip.le0_cnst_iff	0	1528254	isabelle/layerB/pss_wip.thy	15858	false	6639376	0	false
pss_wip.Pcut_cnst	pss_wip	pss_wip.Pcut_cnst	0	1528276	isabelle/layerB/pss_wip.thy	15871	false	6639444	0	false
pss_wip.take_cnst	pss_wip	pss_wip.take_cnst	0	1528292	isabelle/layerB/pss_wip.thy	15886	false	6639500	0	true
pss_wip.drop_cnst	pss_wip	pss_wip.drop_cnst	0	1528312	isabelle/layerB/pss_wip.thy	15895	false	6639586	0	false
pss_wip.P_cnst	pss_wip	pss_wip.P_cnst	0	1528332	isabelle/layerB/pss_wip.thy	15903	false	6639658	0	true
pss_wip.seg_cnst	pss_wip	pss_wip.seg_cnst	0	1528350	isabelle/layerB/pss_wip.thy	15928	false	6639746	0	false
pss_wip.m_8_7_cnst_Trans	pss_wip	pss_wip.m_8_7_cnst_Trans	0	1528360	isabelle/layerB/pss_wip.thy	15947	false	6639834	0	true
pss_wip.m_8_7_const00_Trans	pss_wip	pss_wip.m_8_7_const00_Trans	0	1528366	isabelle/layerB/pss_wip.thy	16005	false	6639896	0	true
pss_wip.PB0_addBT_left	pss_wip	pss_wip.PB0_addBT_left	0	1528372	isabelle/layerB/pss_wip.thy	16035	false	6639992	0	true
pss_wip.PB0_principal	pss_wip	pss_wip.PB0_principal	0	1528378	isabelle/layerB/pss_wip.thy	16048	false	6640118	0	true
pss_wip.m_7_3_Trans_leftmost_pc	pss_wip	pss_wip.m_7_3_Trans_leftmost_pc	0	1528404	isabelle/layerB/pss_wip.thy	16067	false	6640340	0	true
pss_wip.bpHeadT_transC2_nonzero	pss_wip	pss_wip.bpHeadT_transC2_nonzero	0	1528436	isabelle/layerB/pss_wip.thy	16203	false	6640418	0	true
pss_wip.trans_monoT_inner_nonzero	pss_wip	pss_wip.trans_monoT_inner_nonzero	0	1528490	isabelle/layerB/pss_wip.thy	16262	false	6640500	0	true
pss_wip.trans_leftmost_pc_two_chars	pss_wip	pss_wip.trans_leftmost_pc_two_chars	0	1528546	isabelle/layerB/pss_wip.thy	16399	false	6640616	0	true
pss_wip.reduced_P0_zero_e11	pss_wip	pss_wip.reduced_P0_zero_e11	0	1528630	isabelle/layerB/pss_wip.thy	16511	false	6640848	0	true
pss_wip.m_7_3_Trans_leftmost(1)	pss_wip	pss_wip.m_7_3_Trans_leftmost	1	1528748	isabelle/layerB/pss_wip.thy	16569	false	6640954	0	true
pss_wip.m_7_3_Trans_leftmost(2)	pss_wip	pss_wip.m_7_3_Trans_leftmost	2	1528752	isabelle/layerB/pss_wip.thy	16569	false	6640954	0	true
pss_wip.m_7_3_Trans_leftmost(3)	pss_wip	pss_wip.m_7_3_Trans_leftmost	3	1528754	isabelle/layerB/pss_wip.thy	16569	false	6640954	0	true
pss_wip.Lng_PB_addBT	pss_wip	pss_wip.Lng_PB_addBT	0	1528810	isabelle/layerB/pss_wip.thy	16650	false	6641078	0	true
pss_wip.Lng_PB_eq0_iff	pss_wip	pss_wip.Lng_PB_eq0_iff	0	1528852	isabelle/layerB/pss_wip.thy	16659	false	6641142	0	true
pss_wip.m_7_3_Trans_monoT	pss_wip	pss_wip.m_7_3_Trans_monoT	0	1528936	isabelle/layerB/pss_wip.thy	16684	false	6641212	0	true
pss_wip.domB_dom_all	pss_wip	pss_wip.domB_dom_all	0	1528994	isabelle/layerB/pss_wip.thy	16855	false	6641304	0	true
pss_wip.domB_unfold	pss_wip	pss_wip.domB_unfold	0	1529186	isabelle/layerB/pss_wip.thy	16885	false	6641360	0	true
pss_wip.m_8_3_kind0_branch_rule	pss_wip	pss_wip.m_8_3_kind0_branch_rule	0	1529466	isabelle/layerB/pss_wip.thy	16920	false	6641550	0	true
pss_wip.oper_d0zero_prefix_to_lastblock	pss_wip	pss_wip.oper_d0zero_prefix_to_lastblock	0	1529724	isabelle/layerB/pss_wip.thy	17096	false	6641788	0	true
pss_wip.oper_d0zero_lastblock_to_end	pss_wip	pss_wip.oper_d0zero_lastblock_to_end	0	1529964	isabelle/layerB/pss_wip.thy	17188	false	6642076	0	true
pss_wip.m_8_3_kind0_base_basepoint(1)	pss_wip	pss_wip.m_8_3_kind0_base_basepoint	1	1530096	isabelle/layerB/pss_wip.thy	17284	false	6642450	0	true
pss_wip.m_8_3_kind0_base_basepoint(2)	pss_wip	pss_wip.m_8_3_kind0_base_basepoint	2	1530098	isabelle/layerB/pss_wip.thy	17284	false	6642450	0	true
pss_wip.m_7_2_add_scb_conj3	pss_wip	pss_wip.m_7_2_add_scb_conj3	0	1530168	isabelle/layerB/pss_wip.thy	17547	false	6642814	0	true
pss_wip.Lng_operI	pss_wip	pss_wip.Lng_operI	0	1530218	isabelle/layerB/pss_wip.thy	17595	false	6643178	0	true
pss_wip.operI_Suc_append	pss_wip	pss_wip.operI_Suc_append	0	1530300	isabelle/layerB/pss_wip.thy	17621	false	6643382	0	true
pss_wip.numBT_inj	pss_wip	pss_wip.numBT_inj	0	1530324	isabelle/layerB/pss_wip.thy	17652	false	6643682	0	true
pss_wip.numBT_Suc0_ne_zero	pss_wip	pss_wip.numBT_Suc0_ne_zero	0	1530416	isabelle/layerB/pss_wip.thy	17655	false	6643760	0	true
pss_wip.NatSet_neq_zero	pss_wip	pss_wip.NatSet_neq_zero	0	1530466	isabelle/layerB/pss_wip.thy	17658	false	6643822	0	true
pss_wip.NatSet_neq_TBv	pss_wip	pss_wip.NatSet_neq_TBv	0	1530508	isabelle/layerB/pss_wip.thy	17667	false	6643888	0	true
pss_wip.domB_principal_NatSet	pss_wip	pss_wip.domB_principal_NatSet	0	1530542	isabelle/layerB/pss_wip.thy	17689	false	6643992	0	true
pss_wip.domB_last_component	pss_wip	pss_wip.domB_last_component	0	1530560	isabelle/layerB/pss_wip.thy	17708	false	6644128	0	true
pss_wip.domB_hereditary_aux	pss_wip	pss_wip.domB_hereditary_aux	0	1530582	isabelle/layerB/pss_wip.thy	17734	false	6644304	0	true
pss_wip.m_8_7_OT_dom_hereditary	pss_wip	pss_wip.m_8_7_OT_dom_hereditary	0	1530604	isabelle/layerB/pss_wip.thy	17802	false	6644440	0	true
pss_wip.isOT_BT_last	pss_wip	pss_wip.isOT_BT_last	0	1530618	isabelle/layerB/pss_wip.thy	17852	false	6644606	0	true
pss_wip.OT_hereditary_aux	pss_wip	pss_wip.OT_hereditary_aux	0	1530650	isabelle/layerB/pss_wip.thy	17860	false	6644728	0	true
pss_wip.m_8_7_OT_scb_recursive	pss_wip	pss_wip.m_8_7_OT_scb_recursive	0	1530672	isabelle/layerB/pss_wip.thy	17915	false	6644928	0	true
pss_wip.nextrel1_adjacent	pss_wip	pss_wip.nextrel1_adjacent	0	1530706	isabelle/layerB/pss_wip.thy	17972	false	6645070	0	false
pss_wip.oper_d0zero_nadm_blockstart	pss_wip	pss_wip.oper_d0zero_nadm_blockstart	0	1530722	isabelle/layerB/pss_wip.thy	18004	false	6645272	0	true
pss_wip.parent_block_le0_pred	pss_wip	pss_wip.parent_block_le0_pred	0	1530732	isabelle/layerB/pss_wip.thy	18088	false	6645410	0	true
pss_wip.Adm_eq_of_adm_below	pss_wip	pss_wip.Adm_eq_of_adm_below	0	1530786	isabelle/layerB/pss_wip.thy	18109	false	6645536	0	false
pss_wip.adm_prefix_agree_eq	pss_wip	pss_wip.adm_prefix_agree_eq	0	1530852	isabelle/layerB/pss_wip.thy	18128	false	6645662	0	false
pss_wip.m_8_1_c1_around_part5	pss_wip	pss_wip.m_8_1_c1_around_part5	0	1531088	isabelle/layerB/pss_wip.thy	18176	false	6645846	0	true
pss_wip.Mark_marked_isPTB	pss_wip	pss_wip.Mark_marked_isPTB	0	1531188	isabelle/layerB/pss_wip.thy	18410	false	6646406	0	true
pss_wip.Trans_front_peel	pss_wip	pss_wip.Trans_front_peel	0	1531250	isabelle/layerB/pss_wip.thy	18435	false	6646506	0	true
pss_wip.Mark_rightmost_adjacent_peel	pss_wip	pss_wip.Mark_rightmost_adjacent_peel	0	1531320	isabelle/layerB/pss_wip.thy	18558	false	6646594	0	true
pss_wip.Mark_adjacent_form_aux	pss_wip	pss_wip.Mark_adjacent_form_aux	0	1531394	isabelle/layerB/pss_wip.thy	18616	false	6646682	0	true
pss_wip.Mark_adjacent_form	pss_wip	pss_wip.Mark_adjacent_form	0	1531496	isabelle/layerB/pss_wip.thy	18719	false	6646736	0	true
pss_wip.Dpt_addBT_right_cancel	pss_wip	pss_wip.Dpt_addBT_right_cancel	0	1531598	isabelle/layerB/pss_wip.thy	18733	false	6646832	0	true
pss_wip.ex1_Dpt_addBT	pss_wip	pss_wip.ex1_Dpt_addBT	0	1531632	isabelle/layerB/pss_wip.thy	18750	false	6646928	0	true
pss_wip.ex1_Dpt_addBT_two	pss_wip	pss_wip.ex1_Dpt_addBT_two	0	1531700	isabelle/layerB/pss_wip.thy	18769	false	6647052	0	true
pss_wip.Mark_monoT_via_Pred	pss_wip	pss_wip.Mark_monoT_via_Pred	0	1531766	isabelle/layerB/pss_wip.thy	18807	false	6647202	0	true
pss_wip.Mark_nadm_const	pss_wip	pss_wip.Mark_nadm_const	0	1531920	isabelle/layerB/pss_wip.thy	18901	false	6647388	0	true
pss_wip.m_8_2_subexpr_component_Pred_setup(1)	pss_wip	pss_wip.m_8_2_subexpr_component_Pred_setup	1	1532064	isabelle/layerB/pss_wip.thy	19256	false	6647466	0	true
pss_wip.m_8_2_subexpr_component_Pred_setup(2)	pss_wip	pss_wip.m_8_2_subexpr_component_Pred_setup	2	1532066	isabelle/layerB/pss_wip.thy	19256	false	6647466	0	true
pss_wip.m_8_2_subexpr_component_Pred_setup(3)	pss_wip	pss_wip.m_8_2_subexpr_component_Pred_setup	3	1532070	isabelle/layerB/pss_wip.thy	19256	false	6647466	0	true
pss_wip.m_8_2_subexpr_component_Pred_setup(4)	pss_wip	pss_wip.m_8_2_subexpr_component_Pred_setup	4	1532072	isabelle/layerB/pss_wip.thy	19256	false	6647466	0	true
pss_wip.m_8_2_subexpr_component_Pred_setup(5)	pss_wip	pss_wip.m_8_2_subexpr_component_Pred_setup	5	1532074	isabelle/layerB/pss_wip.thy	19256	false	6647466	0	true
pss_wip.m_8_2_subexpr_component_Pred_setup(6)	pss_wip	pss_wip.m_8_2_subexpr_component_Pred_setup	6	1532078	isabelle/layerB/pss_wip.thy	19256	false	6647466	0	true
pss_wip.m_8_2_subexpr_component_Pred_setup(7)	pss_wip	pss_wip.m_8_2_subexpr_component_Pred_setup	7	1532080	isabelle/layerB/pss_wip.thy	19256	false	6647466	0	true
pss_wip.m_8_2_subexpr_component_Pred_setup(8)	pss_wip	pss_wip.m_8_2_subexpr_component_Pred_setup	8	1532082	isabelle/layerB/pss_wip.thy	19256	false	6647466	0	true
pss_wip.m_8_2_subexpr_component_Pred_setup(9)	pss_wip	pss_wip.m_8_2_subexpr_component_Pred_setup	9	1532084	isabelle/layerB/pss_wip.thy	19256	false	6647466	0	true
pss_wip.m_8_2_subexpr_component_Pred_setup(10)	pss_wip	pss_wip.m_8_2_subexpr_component_Pred_setup	10	1532086	isabelle/layerB/pss_wip.thy	19256	false	6647466	0	true
pss_wip.Mark_nadm_telescope	pss_wip	pss_wip.Mark_nadm_telescope	0	1532206	isabelle/layerB/pss_wip.thy	19313	false	6647724	0	true
pss_wip.Trans_eq_transC2_Adm0	pss_wip	pss_wip.Trans_eq_transC2_Adm0	0	1532292	isabelle/layerB/pss_wip.thy	19356	false	6647862	0	true
pss_wip.m_8_2_subexpr_component_Pred_Adm0_clause1	pss_wip	pss_wip.m_8_2_subexpr_component_Pred_Adm0_clause1	0	1532404	isabelle/layerB/pss_wip.thy	19436	false	6647970	0	true
pss_wip.Adm_eq_0_of_nadm_below	pss_wip	pss_wip.Adm_eq_0_of_nadm_below	0	1532480	isabelle/layerB/pss_wip.thy	19508	false	6648150	0	true
pss_wip.Trans_gap_2tower	pss_wip	pss_wip.Trans_gap_2tower	0	1532504	isabelle/layerB/pss_wip.thy	19569	false	6648256	0	true
pss_wip.Mark_gap_rightmost_peel	pss_wip	pss_wip.Mark_gap_rightmost_peel	0	1532552	isabelle/layerB/pss_wip.thy	19789	false	6648536	0	true
pss_wip.Mark_gap_peel	pss_wip	pss_wip.Mark_gap_peel	0	1532610	isabelle/layerB/pss_wip.thy	19922	false	6648714	0	true
pss_wip.m_8_1_c1_around_part3_1	pss_wip	pss_wip.m_8_1_c1_around_part3_1	0	1532644	isabelle/layerB/pss_wip.thy	20058	false	6648900	0	true
pss_wip.m_8_2_subexpr_component_Pred_Adm0_clause2_core	pss_wip	pss_wip.m_8_2_subexpr_component_Pred_Adm0_clause2_core	0	1532720	isabelle/layerB/pss_wip.thy	20167	false	6649414	0	true
pss_wip.m_8_2_subexpr_component_Pred_Adm0_clause4_core	pss_wip	pss_wip.m_8_2_subexpr_component_Pred_Adm0_clause4_core	0	1532946	isabelle/layerB/pss_wip.thy	20290	false	6649822	0	true
pss_wip.m_8_2_lastbranch_eq_j1	pss_wip	pss_wip.m_8_2_lastbranch_eq_j1	0	1533016	isabelle/layerB/pss_wip.thy	20470	false	6650118	0	true
pss_wip.m_8_2_subexpr_component_Pred_Adm0_clause1_keystone	pss_wip	pss_wip.m_8_2_subexpr_component_Pred_Adm0_clause1_keystone	0	1533270	isabelle/layerB/pss_wip.thy	20532	false	6650274	0	true
pss_wip.adm_TrMax_succ	pss_wip	pss_wip.adm_TrMax_succ	0	1533290	isabelle/layerB/pss_wip.thy	20575	false	6650622	0	true
pss_wip.m_8_2_parent_le_TrMax_Adm0	pss_wip	pss_wip.m_8_2_parent_le_TrMax_Adm0	0	1533306	isabelle/layerB/pss_wip.thy	20615	false	6650702	0	true
pss_wip.m_8_2_j1eq_Adm0	pss_wip	pss_wip.m_8_2_j1eq_Adm0	0	1533320	isabelle/layerB/pss_wip.thy	20639	false	6650866	0	true
pss_wip.m_8_2_j0eq_Adm0	pss_wip	pss_wip.m_8_2_j0eq_Adm0	0	1533344	isabelle/layerB/pss_wip.thy	20657	false	6650982	0	true
pss_wip.nextR1_TrMax_fail	pss_wip	pss_wip.nextR1_TrMax_fail	0	1533362	isabelle/layerB/pss_wip.thy	20680	false	6651134	0	false
pss_wip.adm_TrMax	pss_wip	pss_wip.adm_TrMax	0	1533372	isabelle/layerB/pss_wip.thy	20705	false	6651224	0	true
pss_wip.m_8_2_gA_Adm0	pss_wip	pss_wip.m_8_2_gA_Adm0	0	1533442	isabelle/layerB/pss_wip.thy	20727	false	6651330	0	true
pss_wip.m_8_2_notVI_Adm0	pss_wip	pss_wip.m_8_2_notVI_Adm0	0	1533486	isabelle/layerB/pss_wip.thy	20763	false	6651600	0	true
pss_wip.m_8_2_subexpr_component_Pred_Adm0	pss_wip	pss_wip.m_8_2_subexpr_component_Pred_Adm0	0	1533540	isabelle/layerB/pss_wip.thy	20828	false	6651778	0	true
pss_wip.row0_valley_last	pss_wip	pss_wip.row0_valley_last	0	1533638	isabelle/layerB/pss_wip.thy	20973	false	6652356	0	false
pss_wip.row1_last_bound	pss_wip	pss_wip.row1_last_bound	0	1533692	isabelle/layerB/pss_wip.thy	21016	false	6652646	0	true
pss_wip.m_8_2_condII_or_condIV	pss_wip	pss_wip.m_8_2_condII_or_condIV	0	1533746	isabelle/layerB/pss_wip.thy	21105	false	6652828	0	true
pss_wip.m_8_2_nadmj0_notAVI	pss_wip	pss_wip.m_8_2_nadmj0_notAVI	0	1533780	isabelle/layerB/pss_wip.thy	21198	false	6652940	0	true
pss_wip.m_8_2_t2ne_notAVI	pss_wip	pss_wip.m_8_2_t2ne_notAVI	0	1533852	isabelle/layerB/pss_wip.thy	21217	false	6653094	0	true
pss_wip.m_8_2_gB_condIorIII	pss_wip	pss_wip.m_8_2_gB_condIorIII	0	1533892	isabelle/layerB/pss_wip.thy	21246	false	6653236	0	false
pss_wip.m_8_2_e0gt_e1zero	pss_wip	pss_wip.m_8_2_e0gt_e1zero	0	1533936	isabelle/layerB/pss_wip.thy	21259	false	6653354	0	false
pss_wip.m_8_2_e0gt_condIV	pss_wip	pss_wip.m_8_2_e0gt_condIV	0	1533974	isabelle/layerB/pss_wip.thy	21282	false	6653488	0	true
pss_wip.rnNatShape_def	pss_wip	pss_wip.rnNatShape_def	0	1534062	isabelle/layerB/pss_wip.thy	21338	false	6653704	0	false
pss_wip.TBv_enat_inj	pss_wip	pss_wip.TBv_enat_inj	0	1534150	isabelle/layerB/pss_wip.thy	21344	false	6653830	0	true
pss_wip.zero_set_neq_TBv	pss_wip	pss_wip.zero_set_neq_TBv	0	1534190	isabelle/layerB/pss_wip.thy	21369	false	6653904	0	true
pss_wip.domB_classify_RN	pss_wip	pss_wip.domB_classify_RN	0	1534354	isabelle/layerB/pss_wip.thy	21383	false	6654026	0	true
pss_wip.rnNatShape_iff_natshape	pss_wip	pss_wip.rnNatShape_iff_natshape	0	1534422	isabelle/layerB/pss_wip.thy	21673	false	6654338	0	true
pss_wip.domB_NatSet_iff_rnNatShape	pss_wip	pss_wip.domB_NatSet_iff_rnNatShape	0	1534470	isabelle/layerB/pss_wip.thy	21683	false	6654498	0	true
pss_wip.scb_suffix_realized	pss_wip	pss_wip.scb_suffix_realized	0	1534602	isabelle/layerB/pss_wip.thy	21726	false	6654590	0	true
pss_wip.scb_kind0_of_suffix	pss_wip	pss_wip.scb_kind0_of_suffix	0	1534712	isabelle/layerB/pss_wip.thy	21799	false	6654890	0	true
pss_wip.scb_kind1_of_suffix	pss_wip	pss_wip.scb_kind1_of_suffix	0	1534750	isabelle/layerB/pss_wip.thy	21821	false	6655080	0	true
pss_wip.rnNatShape_imp_kindable	pss_wip	pss_wip.rnNatShape_imp_kindable	0	1534786	isabelle/layerB/pss_wip.thy	21845	false	6655328	0	true
pss_wip.m_7_2_scb_unique_domB	pss_wip	pss_wip.m_7_2_scb_unique_domB	0	1534812	isabelle/layerB/pss_wip.thy	21969	false	6655446	0	true
pss_wip.endsD00_def	pss_wip	pss_wip.endsD00_def	0	1534856	isabelle/layerB/pss_wip.thy	22000	false	6655642	0	false
pss_wip.endsD00_addD00	pss_wip	pss_wip.endsD00_addD00	0	1534886	isabelle/layerB/pss_wip.thy	22003	false	6655878	0	true
pss_wip.domB_endsD00	pss_wip	pss_wip.domB_endsD00	0	1534894	isabelle/layerB/pss_wip.thy	22006	false	6656004	0	true
pss_wip.size_last_lt_BP	pss_wip	pss_wip.size_last_lt_BP	0	1534962	isabelle/layerB/pss_wip.thy	22028	false	6656160	0	true
pss_wip.d0succ_BP_graph.intros	pss_wip	pss_wip.d0succ_BP_graph.intros	0	1535060	isabelle/layerB/pss_wip.thy	22046	true	6656238	0	true
pss_wip.d0succ_BP_graph.cases	pss_wip	pss_wip.d0succ_BP_graph.cases	0	1535066	isabelle/layerB/pss_wip.thy	22046	true	6656238	0	true
pss_wip.d0succ_BP_graph.induct	pss_wip	pss_wip.d0succ_BP_graph.induct	0	1535070	isabelle/layerB/pss_wip.thy	22046	true	6656238	0	true
pss_wip.d0succ_BP_graph.simps	pss_wip	pss_wip.d0succ_BP_graph.simps	0	1535074	isabelle/layerB/pss_wip.thy	22046	true	6656238	0	true
pss_wip.d0succ_BP_graph.inducts	pss_wip	pss_wip.d0succ_BP_graph.inducts	0	1535076	isabelle/layerB/pss_wip.thy	22046	true	6656238	0	true
pss_wip.d0succ_BP_rel.intros	pss_wip	pss_wip.d0succ_BP_rel.intros	0	1535186	isabelle/layerB/pss_wip.thy	22046	true	6656238	0	true
pss_wip.d0succ_BP_rel.cases	pss_wip	pss_wip.d0succ_BP_rel.cases	0	1535188	isabelle/layerB/pss_wip.thy	22046	true	6656238	0	true
pss_wip.d0succ_BP_rel.induct	pss_wip	pss_wip.d0succ_BP_rel.induct	0	1535190	isabelle/layerB/pss_wip.thy	22046	true	6656238	0	true
pss_wip.d0succ_BP_rel.simps	pss_wip	pss_wip.d0succ_BP_rel.simps	0	1535192	isabelle/layerB/pss_wip.thy	22046	true	6656238	0	true
pss_wip.d0succ_BP_rel.inducts	pss_wip	pss_wip.d0succ_BP_rel.inducts	0	1535196	isabelle/layerB/pss_wip.thy	22046	true	6656238	0	true
pss_wip.d0succ_BP.psimps	pss_wip	pss_wip.d0succ_BP.psimps	0	1535302	isabelle/layerB/pss_wip.thy	22046	false	6656238	0	true
pss_wip.d0succ_BP.pinduct	pss_wip	pss_wip.d0succ_BP.pinduct	0	1535304	isabelle/layerB/pss_wip.thy	22046	false	6656238	0	true
pss_wip.d0succ_BP.termination	pss_wip	pss_wip.d0succ_BP.termination	0	1535308	isabelle/layerB/pss_wip.thy	22046	true	6656238	0	true
pss_wip.d0succ_BP.cases	pss_wip	pss_wip.d0succ_BP.cases	0	1535312	isabelle/layerB/pss_wip.thy	22046	false	6656238	0	true
pss_wip.d0succ_BP.pelims(1)	pss_wip	pss_wip.d0succ_BP.pelims	1	1535314	isabelle/layerB/pss_wip.thy	22046	false	6656238	0	true
pss_wip.d0succ_BP.pelims(2)	pss_wip	pss_wip.d0succ_BP.pelims	2	1535316	isabelle/layerB/pss_wip.thy	22046	false	6656238	0	true
pss_wip.d0succ_BP.pelims(3)	pss_wip	pss_wip.d0succ_BP.pelims	3	1535318	isabelle/layerB/pss_wip.thy	22046	false	6656238	0	true
pss_wip.d0succ_BP.simps	pss_wip	pss_wip.d0succ_BP.simps	0	1535334	isabelle/layerB/pss_wip.thy	22051	false	6657552	0	true
pss_wip.d0succ_BP.induct	pss_wip	pss_wip.d0succ_BP.induct	0	1535338	isabelle/layerB/pss_wip.thy	22051	false	6657552	0	true
pss_wip.d0succ_BP.elims(1)	pss_wip	pss_wip.d0succ_BP.elims	1	1535340	isabelle/layerB/pss_wip.thy	22051	false	6657552	0	true
pss_wip.d0succ_BP.elims(2)	pss_wip	pss_wip.d0succ_BP.elims	2	1535342	isabelle/layerB/pss_wip.thy	22051	false	6657552	0	true
pss_wip.d0succ_BP.elims(3)	pss_wip	pss_wip.d0succ_BP.elims	3	1535344	isabelle/layerB/pss_wip.thy	22051	false	6657552	0	true
pss_wip.d0succ_def	pss_wip	pss_wip.d0succ_def	0	1535352	isabelle/layerB/pss_wip.thy	22054	false	6657678	0	false
pss_wip.d0succ_Trm	pss_wip	pss_wip.d0succ_Trm	0	1535372	isabelle/layerB/pss_wip.thy	22057	false	6657764	0	true
pss_wip.d0succ_last_eq	pss_wip	pss_wip.d0succ_last_eq	0	1535398	isabelle/layerB/pss_wip.thy	22062	false	6657888	0	true
pss_wip.d0succ_D00	pss_wip	pss_wip.d0succ_D00	0	1535408	isabelle/layerB/pss_wip.thy	22067	false	6657962	0	true
pss_wip.d0succ_single_nonzero	pss_wip	pss_wip.d0succ_single_nonzero	0	1535416	isabelle/layerB/pss_wip.thy	22072	false	6658020	0	true
pss_wip.d0succ_last_D00	pss_wip	pss_wip.d0succ_last_D00	0	1535424	isabelle/layerB/pss_wip.thy	22085	false	6658092	0	true
pss_wip.d0succ_addD00	pss_wip	pss_wip.d0succ_addD00	0	1535436	isabelle/layerB/pss_wip.thy	22090	false	6658144	0	true
pss_wip.operB_dom_d0succ	pss_wip	pss_wip.operB_dom_d0succ	0	1535448	isabelle/layerB/pss_wip.thy	22106	false	6658232	0	true
pss_wip.operB_d0succ_unfold	pss_wip	pss_wip.operB_d0succ_unfold	0	1535480	isabelle/layerB/pss_wip.thy	22239	false	6658320	0	true
pss_wip.operB_d0succ_multi_peel	pss_wip	pss_wip.operB_d0succ_multi_peel	0	1535494	isabelle/layerB/pss_wip.thy	22263	false	6658762	0	true
pss_wip.operB_dom_multi_peel	pss_wip	pss_wip.operB_dom_multi_peel	0	1535522	isabelle/layerB/pss_wip.thy	22279	false	6658932	0	true
pss_wip.numNat_numBT	pss_wip	pss_wip.numNat_numBT	0	1535532	isabelle/layerB/pss_wip.thy	22291	false	6659382	0	true
pss_wip.multBT_1	pss_wip	pss_wip.multBT_1	0	1535542	isabelle/layerB/pss_wip.thy	22294	false	6659494	0	true
pss_wip.operB_strip_d0	pss_wip	pss_wip.operB_strip_d0	0	1535552	isabelle/layerB/pss_wip.thy	22299	false	6659660	0	true
pss_wip.operB_single_succ	pss_wip	pss_wip.operB_single_succ	0	1535574	isabelle/layerB/pss_wip.thy	22341	false	6659808	0	true
pss_wip.m_7_2_scb_fseq_succ	pss_wip	pss_wip.m_7_2_scb_fseq_succ	0	1535592	isabelle/layerB/pss_wip.thy	22367	false	6660056	0	true
pss_wip.domB_succ_inner_NatSet	pss_wip	pss_wip.domB_succ_inner_NatSet	0	1535612	isabelle/layerB/pss_wip.thy	22437	false	6660444	0	true
pss_wip.succ_body_ne	pss_wip	pss_wip.succ_body_ne	0	1535628	isabelle/layerB/pss_wip.thy	22449	false	6660698	0	true
pss_wip.domB_succ_body_NatSet	pss_wip	pss_wip.domB_succ_body_NatSet	0	1535642	isabelle/layerB/pss_wip.thy	22452	false	6660902	0	true
pss_wip.d0succ_succ_inner	pss_wip	pss_wip.d0succ_succ_inner	0	1535656	isabelle/layerB/pss_wip.thy	22468	false	6661030	0	true
pss_wip.d0succ_succ_body	pss_wip	pss_wip.d0succ_succ_body	0	1535670	isabelle/layerB/pss_wip.thy	22477	false	6661164	0	true
pss_wip.operB_dom_NatSet_principal	pss_wip	pss_wip.operB_dom_NatSet_principal	0	1535676	isabelle/layerB/pss_wip.thy	22498	false	6661418	0	true
pss_wip.operB_NatSet_principal_unfold	pss_wip	pss_wip.operB_NatSet_principal_unfold	0	1535684	isabelle/layerB/pss_wip.thy	22596	false	6661608	0	true
pss_wip.m_7_2_scb_fseq_inner	pss_wip	pss_wip.m_7_2_scb_fseq_inner	0	1535702	isabelle/layerB/pss_wip.thy	22619	false	6661840	0	true
pss_wip.operB_dom_multi	pss_wip	pss_wip.operB_dom_multi	0	1535772	isabelle/layerB/pss_wip.thy	22641	false	6662088	0	true
pss_wip.operB_dom_spine_aux	pss_wip	pss_wip.operB_dom_spine_aux	0	1535888	isabelle/layerB/pss_wip.thy	22715	false	6662394	0	true
pss_wip.Wpre_def	pss_wip	pss_wip.Wpre_def	0	1535898	isabelle/layerB/pss_wip.thy	22793	false	6662954	0	false
pss_wip.flatBT_multi_last	pss_wip	pss_wip.flatBT_multi_last	0	1535920	isabelle/layerB/pss_wip.thy	22796	false	6663172	0	true
pss_wip.operB_scb_spine	pss_wip	pss_wip.operB_scb_spine	0	1536676	isabelle/layerB/pss_wip.thy	22815	false	6663440	0	true
pss_wip.dfree_BT_addBT	pss_wip	pss_wip.dfree_BT_addBT	0	1536704	isabelle/layerB/pss_wip.thy	23004	false	6666582	0	true
pss_wip.dfree_BT_multBT	pss_wip	pss_wip.dfree_BT_multBT	0	1536718	isabelle/layerB/pss_wip.thy	23008	false	6666680	0	true
pss_wip.m_7_2_scb_fseq_scb	pss_wip	pss_wip.m_7_2_scb_fseq_scb	0	1536794	isabelle/layerB/pss_wip.thy	23015	false	6666868	0	true
pss_wip.m_7_2_scb_unique_kind1	pss_wip	pss_wip.m_7_2_scb_unique_kind1	0	1536828	isabelle/layerB/pss_wip.thy	23085	false	6667210	0	true
pss_wip.SigmaB_single	pss_wip	pss_wip.SigmaB_single	0	1536870	isabelle/layerB/pss_wip.thy	23115	false	6667566	0	true
pss_wip.m_7_3_Trans_P_equivariance	pss_wip	pss_wip.m_7_3_Trans_P_equivariance	0	1536984	isabelle/layerB/pss_wip.thy	23118	false	6667772	0	true
pss_wip.m_7_3_Mark_P_invariance	pss_wip	pss_wip.m_7_3_Mark_P_invariance	0	1537026	isabelle/layerB/pss_wip.thy	23272	false	6668078	0	true
pss_wip.m_8_1_diagApp_w0_Trans	pss_wip	pss_wip.m_8_1_diagApp_w0_Trans	0	1537084	isabelle/layerB/pss_wip.thy	23320	false	6668458	0	true
pss_wip.m_7_2_add_scb_conj3_uncond	pss_wip	pss_wip.m_7_2_add_scb_conj3_uncond	0	1537240	isabelle/layerB/pss_wip.thy	23427	false	6668640	0	true
pss_wip.trans_surgery_value	pss_wip	pss_wip.trans_surgery_value	0	1537384	isabelle/layerB/pss_wip.thy	23469	false	6669320	0	true
pss_wip.trans_surgery_value_keystone	pss_wip	pss_wip.trans_surgery_value_keystone	0	1537510	isabelle/layerB/pss_wip.thy	23553	false	6669672	0	true
pss_wip.transC2_single_principal_head(1)	pss_wip	pss_wip.transC2_single_principal_head	1	1537624	isabelle/layerB/pss_wip.thy	23581	false	6670092	0	true
pss_wip.transC2_single_principal_head(2)	pss_wip	pss_wip.transC2_single_principal_head	2	1537626	isabelle/layerB/pss_wip.thy	23581	false	6670092	0	true
pss_wip.transC2_single_principal_head(3)	pss_wip	pss_wip.transC2_single_principal_head	3	1537628	isabelle/layerB/pss_wip.thy	23581	false	6670092	0	true
pss_wip.transC2_single_principal_head(4)	pss_wip	pss_wip.transC2_single_principal_head	4	1537632	isabelle/layerB/pss_wip.thy	23581	false	6670092	0	true
pss_wip.trans_surgery_localized	pss_wip	pss_wip.trans_surgery_localized	0	1537746	isabelle/layerB/pss_wip.thy	23635	false	6670340	0	true
pss_wip.m_8_2_gB_Adm0_condA	pss_wip	pss_wip.m_8_2_gB_Adm0_condA	0	1537862	isabelle/layerB/pss_wip.thy	23704	false	6671078	0	true
pss_wip.m_8_2_subexpr_component_Pred_Adm0_nogB	pss_wip	pss_wip.m_8_2_subexpr_component_Pred_Adm0_nogB	0	1538316	isabelle/layerB/pss_wip.thy	23780	false	6671336	0	true
pss_wip.Trans_two_zero	pss_wip	pss_wip.Trans_two_zero	0	1538432	isabelle/layerB/pss_wip.thy	23926	false	6672702	0	true
pss_wip.Trans_take_lessBT	pss_wip	pss_wip.Trans_take_lessBT	0	1538474	isabelle/layerB/pss_wip.thy	23943	false	6672826	0	true
pss_wip.Trans_take_eq_imp_full	pss_wip	pss_wip.Trans_take_eq_imp_full	0	1538516	isabelle/layerB/pss_wip.thy	24014	false	6672964	0	true
pss_wip.m_7_3_Trans_Dv0_iff	pss_wip	pss_wip.m_7_3_Trans_Dv0_iff	0	1538766	isabelle/layerB/pss_wip.thy	24033	false	6673482	0	true
pss_wip.domB_single_TBv_struct	pss_wip	pss_wip.domB_single_TBv_struct	0	1538906	isabelle/layerB/pss_wip.thy	24342	false	6673748	0	true
pss_wip.operB_dom_TBv_body	pss_wip	pss_wip.operB_dom_TBv_body	0	1538978	isabelle/layerB/pss_wip.thy	24381	false	6674178	0	true
pss_wip.tbvIdx_TBv	pss_wip	pss_wip.tbvIdx_TBv	0	1539002	isabelle/layerB/pss_wip.thy	24559	false	6674342	0	true
pss_wip.xseq_dom_TBv_body	pss_wip	pss_wip.xseq_dom_TBv_body	0	1539036	isabelle/layerB/pss_wip.thy	24570	false	6674414	0	true
pss_wip.operB_dom_kind1	pss_wip	pss_wip.operB_dom_kind1	0	1539112	isabelle/layerB/pss_wip.thy	24600	false	6674682	0	true
pss_wip.operB_kind1_unfold	pss_wip	pss_wip.operB_kind1_unfold	0	1539182	isabelle/layerB/pss_wip.thy	24712	false	6674932	0	true
pss_wip.operB_dom_Dv0	pss_wip	pss_wip.operB_dom_Dv0	0	1539240	isabelle/layerB/pss_wip.thy	24751	false	6675122	0	true
pss_wip.operB_Dv0_num0	pss_wip	pss_wip.operB_Dv0_num0	0	1539292	isabelle/layerB/pss_wip.thy	24763	false	6675246	0	true
pss_wip.operB_peel_trailing_Dv0	pss_wip	pss_wip.operB_peel_trailing_Dv0	0	1539344	isabelle/layerB/pss_wip.thy	24785	false	6675388	0	true
pss_wip.domB_Dw0	pss_wip	pss_wip.domB_Dw0	0	1539402	isabelle/layerB/pss_wip.thy	24830	false	6675560	0	true
pss_wip.xseq_eval_0	pss_wip	pss_wip.xseq_eval_0	0	1539446	isabelle/layerB/pss_wip.thy	24842	false	6675666	0	true
pss_wip.xseq_single_TBv	pss_wip	pss_wip.xseq_single_TBv	0	1539520	isabelle/layerB/pss_wip.thy	24854	false	6675834	0	true
pss_wip.operB_Dv0_id	pss_wip	pss_wip.operB_Dv0_id	0	1539598	isabelle/layerB/pss_wip.thy	24872	false	6675986	0	true
pss_wip.operB_Du_Dw0_kind1	pss_wip	pss_wip.operB_Du_Dw0_kind1	0	1539688	isabelle/layerB/pss_wip.thy	24891	false	6676186	0	true
pss_wip.operB_Du_Dw0_base	pss_wip	pss_wip.operB_Du_Dw0_base	0	1539758	isabelle/layerB/pss_wip.thy	24920	false	6676446	0	true
pss_wip.operB_Du_D00	pss_wip	pss_wip.operB_Du_D00	0	1539788	isabelle/layerB/pss_wip.thy	24979	false	6676554	0	true
pss_wip.operB_iter_Du_Dw0	pss_wip	pss_wip.operB_iter_Du_Dw0	0	1539836	isabelle/layerB/pss_wip.thy	24997	false	6676764	0	true
pss_wip.xseq_Dv0_tower	pss_wip	pss_wip.xseq_Dv0_tower	0	1540082	isabelle/layerB/pss_wip.thy	25067	false	6677070	0	true
pss_wip.domB_Du_Dv0_NatSet	pss_wip	pss_wip.domB_Du_Dv0_NatSet	0	1540138	isabelle/layerB/pss_wip.thy	25097	false	6677286	0	true
pss_wip.operB_Du_Dv0_kind1_eval	pss_wip	pss_wip.operB_Du_Dv0_kind1_eval	0	1540200	isabelle/layerB/pss_wip.thy	25124	false	6677406	0	true
pss_wip.flatBT_Dprin_funpow_tower	pss_wip	pss_wip.flatBT_Dprin_funpow_tower	0	1540310	isabelle/layerB/pss_wip.thy	25151	false	6677564	0	true
pss_wip.m_7_2_scb_fseq_kind1_basic	pss_wip	pss_wip.m_7_2_scb_fseq_kind1_basic	0	1540618	isabelle/layerB/pss_wip.thy	25180	false	6677776	0	true
pss_wip.ex1_Dpt_addBT_triple	pss_wip	pss_wip.ex1_Dpt_addBT_triple	0	1540812	isabelle/layerB/pss_wip.thy	25249	false	6678118	0	true
pss_wip.trans_admpos_outer_principal(1)	pss_wip	pss_wip.trans_admpos_outer_principal	1	1540960	isabelle/layerB/pss_wip.thy	25320	false	6678526	0	true
pss_wip.trans_admpos_outer_principal(2)	pss_wip	pss_wip.trans_admpos_outer_principal	2	1540964	isabelle/layerB/pss_wip.thy	25320	false	6678526	0	true
pss_wip.m_8_2_subexpr_component_Pred_clause34_of_witness	pss_wip	pss_wip.m_8_2_subexpr_component_Pred_clause34_of_witness	0	1541356	isabelle/layerB/pss_wip.thy	25365	false	6678800	0	true
pss_wip.operB_dom_TBv_principal_aux	pss_wip	pss_wip.operB_dom_TBv_principal_aux	0	1541588	isabelle/layerB/pss_wip.thy	25456	false	6680088	0	true
pss_wip.operB_TBv_principal_unfold	pss_wip	pss_wip.operB_TBv_principal_unfold	0	1541724	isabelle/layerB/pss_wip.thy	25561	false	6680322	0	true
pss_wip.operB_dom_TBv_body_spine_aux	pss_wip	pss_wip.operB_dom_TBv_body_spine_aux	0	1542068	isabelle/layerB/pss_wip.thy	25607	false	6680622	0	true
pss_wip.operB_TBv_body_spine	pss_wip	pss_wip.operB_TBv_body_spine	0	1544264	isabelle/layerB/pss_wip.thy	25712	false	6681222	0	true
pss_wip.xseq_body_tower_flat	pss_wip	pss_wip.xseq_body_tower_flat	0	1544628	isabelle/layerB/pss_wip.thy	25928	false	6684386	0	true
pss_wip.domB_Du_body_NatSet	pss_wip	pss_wip.domB_Du_body_NatSet	0	1544830	isabelle/layerB/pss_wip.thy	26005	false	6684626	0	true
pss_wip.operB_Du_body_kind1_eval	pss_wip	pss_wip.operB_Du_body_kind1_eval	0	1544982	isabelle/layerB/pss_wip.thy	26030	false	6684858	0	true
pss_wip.concat_replicate_shift	pss_wip	pss_wip.concat_replicate_shift	0	1545052	isabelle/layerB/pss_wip.thy	26048	false	6685156	0	false
pss_wip.concat_replicate_append_comm	pss_wip	pss_wip.concat_replicate_append_comm	0	1545088	isabelle/layerB/pss_wip.thy	26068	false	6685288	0	false
pss_wip.m_7_2_scb_fseq_kind1_general	pss_wip	pss_wip.m_7_2_scb_fseq_kind1_general	0	1545352	isabelle/layerB/pss_wip.thy	26082	false	6685402	0	true
pss_wip.domB_addBT_Dv0	pss_wip	pss_wip.domB_addBT_Dv0	0	1545488	isabelle/layerB/pss_wip.thy	26220	false	6685816	0	true
pss_wip.operB_dom_addBT_Dv0	pss_wip	pss_wip.operB_dom_addBT_Dv0	0	1545598	isabelle/layerB/pss_wip.thy	26240	false	6686072	0	true
pss_wip.m_8_6_trailing_principal_peel	pss_wip	pss_wip.m_8_6_trailing_principal_peel	0	1545746	isabelle/layerB/pss_wip.thy	26273	false	6686286	0	true
pss_wip.m_8_3_TransCondII_oper1_descend	pss_wip	pss_wip.m_8_3_TransCondII_oper1_descend	0	1545864	isabelle/layerB/pss_wip.thy	26336	false	6686626	0	true
pss_wip.BT_split_last_principal	pss_wip	pss_wip.BT_split_last_principal	0	1545960	isabelle/layerB/pss_wip.thy	26360	false	6686836	0	true
pss_wip.flatBP_inj	pss_wip	pss_wip.flatBP_inj	0	1546030	isabelle/layerB/pss_wip.thy	26394	false	6686924	0	true
pss_wip.scb_outer_surgery_split	pss_wip	pss_wip.scb_outer_surgery_split	0	1546292	isabelle/layerB/pss_wip.thy	26412	false	6687146	0	true
pss_wip.trans_admpos_body_split	pss_wip	pss_wip.trans_admpos_body_split	0	1546470	isabelle/layerB/pss_wip.thy	26573	false	6687432	0	true
pss_wip.trans_admpos_body_split_wfin	pss_wip	pss_wip.trans_admpos_body_split_wfin	0	1546706	isabelle/layerB/pss_wip.thy	26699	false	6687586	0	true
pss_wip.operB_dist_trailing_single	pss_wip	pss_wip.operB_dist_trailing_single	0	1546930	isabelle/layerB/pss_wip.thy	26836	false	6687812	0	true
pss_wip.operB_dom_Du_Dw0	pss_wip	pss_wip.operB_dom_Du_Dw0	0	1547072	isabelle/layerB/pss_wip.thy	26873	false	6688018	0	true
pss_wip.operB_dom_Du_Dw0_any	pss_wip	pss_wip.operB_dom_Du_Dw0_any	0	1547118	isabelle/layerB/pss_wip.thy	26922	false	6688178	0	true
pss_wip.m_8_7_toplevel_Dw0_annihilate	pss_wip	pss_wip.m_8_7_toplevel_Dw0_annihilate	0	1547178	isabelle/layerB/pss_wip.thy	26950	false	6688338	0	true
pss_wip.m_8_2_subexpr_component_Pred_Adm0_full	pss_wip	pss_wip.m_8_2_subexpr_component_Pred_Adm0_full	0	1547472	isabelle/layerB/pss_wip.thy	27019	false	6688618	0	true
pss_wip.m_8_2_subexpr_component_Pred_Admpos_of_wid	pss_wip	pss_wip.m_8_2_subexpr_component_Pred_Admpos_of_wid	0	1547900	isabelle/layerB/pss_wip.thy	27174	false	6689484	0	true
pss_wip.m_8_7_toplevel_OT_tail_annihilate	pss_wip	pss_wip.m_8_7_toplevel_OT_tail_annihilate	0	1548026	isabelle/layerB/pss_wip.thy	27288	false	6690284	0	true
pss_wip.m_8_7_toplevel_succ_peel	pss_wip	pss_wip.m_8_7_toplevel_succ_peel	0	1548086	isabelle/layerB/pss_wip.thy	27337	false	6690572	0	true
pss_wip.m_8_2_strongmono_slice_mono_reduced	pss_wip	pss_wip.m_8_2_strongmono_slice_mono_reduced	0	1548112	isabelle/layerB/pss_wip.thy	27395	false	6690774	0	true
pss_wip.P_take_at_boundary	pss_wip	pss_wip.P_take_at_boundary	0	1548178	isabelle/layerB/pss_wip.thy	27478	false	6691066	0	true
pss_wip.P_take_prefix_eq	pss_wip	pss_wip.P_take_prefix_eq	0	1548250	isabelle/layerB/pss_wip.thy	27594	false	6691546	0	true
pss_wip.TrMax_seg_ancestor	pss_wip	pss_wip.TrMax_seg_ancestor	0	1548316	isabelle/layerB/pss_wip.thy	27706	false	6691888	0	true
pss_wip.m_8_2_strongmono_slice	pss_wip	pss_wip.m_8_2_strongmono_slice	0	1548600	isabelle/layerB/pss_wip.thy	27757	false	6692198	0	true
pss_wip.leBT_trans	pss_wip	pss_wip.leBT_trans	0	1548688	isabelle/layerB/pss_wip.thy	28017	false	6692410	0	true
pss_wip.b1x_operB_dom_all	pss_wip	pss_wip.b1x_operB_dom_all	0	1548836	isabelle/layerB/pss_wip.thy	28021	false	6692548	0	true
pss_wip.b1x_xseq_dom_all	pss_wip	pss_wip.b1x_xseq_dom_all	0	1548954	isabelle/layerB/pss_wip.thy	28113	false	6692658	0	true
pss_wip.b1x_operB_unfold	pss_wip	pss_wip.b1x_operB_unfold	0	1549352	isabelle/layerB/pss_wip.thy	28133	false	6692786	0	true
pss_wip.b1x_xseq_0	pss_wip	pss_wip.b1x_xseq_0	0	1549402	isabelle/layerB/pss_wip.thy	28152	false	6693446	0	true
pss_wip.b1x_xseq_Suc	pss_wip	pss_wip.b1x_xseq_Suc	0	1549432	isabelle/layerB/pss_wip.thy	28155	false	6693564	0	true
pss_wip.b1x_operB_zero	pss_wip	pss_wip.b1x_operB_zero	0	1549442	isabelle/layerB/pss_wip.thy	28160	false	6693690	0	true
pss_wip.b1x_operB_D0	pss_wip	pss_wip.b1x_operB_D0	0	1549476	isabelle/layerB/pss_wip.thy	28163	false	6693744	0	true
pss_wip.b1x_operB_Dinf	pss_wip	pss_wip.b1x_operB_Dinf	0	1549520	isabelle/layerB/pss_wip.thy	28166	false	6693814	0	true
pss_wip.b1x_operB_Dsucc	pss_wip	pss_wip.b1x_operB_Dsucc	0	1549538	isabelle/layerB/pss_wip.thy	28170	false	6694098	0	true
pss_wip.b1x_operB_case_i	pss_wip	pss_wip.b1x_operB_case_i	0	1549614	isabelle/layerB/pss_wip.thy	28179	false	6694364	0	true
pss_wip.b1x_operB_case_iii	pss_wip	pss_wip.b1x_operB_case_iii	0	1549690	isabelle/layerB/pss_wip.thy	28185	false	6694564	0	true
pss_wip.b1x_operB_multi	pss_wip	pss_wip.b1x_operB_multi	0	1549818	isabelle/layerB/pss_wip.thy	28196	false	6694872	0	true
pss_wip.b1x_domB_case_iii	pss_wip	pss_wip.b1x_domB_case_iii	0	1549926	isabelle/layerB/pss_wip.thy	28205	false	6695092	0	true
pss_wip.b1x_domB_Dsucc	pss_wip	pss_wip.b1x_domB_Dsucc	0	1550054	isabelle/layerB/pss_wip.thy	28216	false	6695234	0	true
pss_wip.b1x_mult_single	pss_wip	pss_wip.b1x_mult_single	0	1550108	isabelle/layerB/pss_wip.thy	28225	false	6695334	0	true
pss_wip.b1x_lessBT_replsnoc	pss_wip	pss_wip.b1x_lessBT_replsnoc	0	1550180	isabelle/layerB/pss_wip.thy	28231	false	6695434	0	true
pss_wip.b1x_leBT_head_replsnoc	pss_wip	pss_wip.b1x_leBT_head_replsnoc	0	1550264	isabelle/layerB/pss_wip.thy	28236	false	6695650	0	true
pss_wip.b1x_GBT_replsnoc	pss_wip	pss_wip.b1x_GBT_replsnoc	0	1550332	isabelle/layerB/pss_wip.thy	28239	false	6695748	0	true
pss_wip.b1x_lessBP_single	pss_wip	pss_wip.b1x_lessBP_single	0	1550420	isabelle/layerB/pss_wip.thy	28244	false	6695862	0	true
pss_wip.b1x_lessBP_asym	pss_wip	pss_wip.b1x_lessBP_asym	0	1550456	isabelle/layerB/pss_wip.thy	28247	false	6695962	0	true
pss_wip.b1x_leBT_single_idx	pss_wip	pss_wip.b1x_leBT_single_idx	0	1550568	isabelle/layerB/pss_wip.thy	28250	false	6696024	0	true
pss_wip.b1x_zero_TBv	pss_wip	pss_wip.b1x_zero_TBv	0	1550604	isabelle/layerB/pss_wip.thy	28255	false	6696166	0	true
pss_wip.b1x_NatSet_TBv	pss_wip	pss_wip.b1x_NatSet_TBv	0	1550660	isabelle/layerB/pss_wip.thy	28258	false	6696228	0	true
pss_wip.b1x_Dpt_TBv	pss_wip	pss_wip.b1x_Dpt_TBv	0	1550710	isabelle/layerB/pss_wip.thy	28261	false	6696300	0	true
pss_wip.b1x_TBv_lt_head	pss_wip	pss_wip.b1x_TBv_lt_head	0	1550750	isabelle/layerB/pss_wip.thy	28264	false	6696398	0	true
pss_wip.b1x_descP_last_hd	pss_wip	pss_wip.b1x_descP_last_hd	0	1550824	isabelle/layerB/pss_wip.thy	28281	false	6696512	0	true
pss_wip.b1x_TBv_head_gt	pss_wip	pss_wip.b1x_TBv_head_gt	0	1550902	isabelle/layerB/pss_wip.thy	28300	false	6696660	0	true
pss_wip.b1x_Dw0_lt	pss_wip	pss_wip.b1x_Dw0_lt	0	1550966	isabelle/layerB/pss_wip.thy	28327	false	6696890	0	true
pss_wip.b1x_descent	pss_wip	pss_wip.b1x_descent	0	1551076	isabelle/layerB/pss_wip.thy	28361	false	6697088	0	true
pss_wip.m_buc1_3_2a_fseq_lt	pss_wip	pss_wip.m_buc1_3_2a_fseq_lt	0	1551108	isabelle/layerB/pss_wip.thy	28499	false	6697222	0	true
pss_wip.m_8_1_Trans_fseq_condI_descent	pss_wip	pss_wip.m_8_1_Trans_fseq_condI_descent	0	1551252	isabelle/layerB/pss_wip.thy	28509	false	6697298	0	true
pss_wip.m_8_3_TransCondII_oper_descend_engine	pss_wip	pss_wip.m_8_3_TransCondII_oper_descend_engine	0	1551460	isabelle/layerB/pss_wip.thy	28563	false	6697498	0	true
pss_wip.m_8_2_subexpr_component_Pred_of_wid	pss_wip	pss_wip.m_8_2_subexpr_component_Pred_of_wid	0	1552116	isabelle/layerB/pss_wip.thy	28627	false	6697844	0	true
pss_wip.m_8_7_OT_zero	pss_wip	pss_wip.m_8_7_OT_zero	0	1552190	isabelle/layerB/pss_wip.thy	28715	false	6698550	0	true
pss_wip.m_8_7_Trans_in_T_B_ST	pss_wip	pss_wip.m_8_7_Trans_in_T_B_ST	0	1552238	isabelle/layerB/pss_wip.thy	28722	false	6698626	0	true
pss_wip.m_8_7_Trans_preserves_OT_base	pss_wip	pss_wip.m_8_7_Trans_preserves_OT_base	0	1552306	isabelle/layerB/pss_wip.thy	28738	false	6698758	0	true
pss_wip.m_8_7_multBT_Dpt_OT	pss_wip	pss_wip.m_8_7_multBT_Dpt_OT	0	1552364	isabelle/layerB/pss_wip.thy	28777	false	6698852	0	true
pss_wip.m_8_7_Trans_cnst_OT	pss_wip	pss_wip.m_8_7_Trans_cnst_OT	0	1552420	isabelle/layerB/pss_wip.thy	28785	false	6699080	0	true
pss_wip.m_8_7_Trans_rcseq_OT	pss_wip	pss_wip.m_8_7_Trans_rcseq_OT	0	1552474	isabelle/layerB/pss_wip.thy	28803	false	6699202	0	true
pss_wip.m_8_2_wid_step	pss_wip	pss_wip.m_8_2_wid_step	0	1552526	isabelle/layerB/pss_wip.thy	28837	false	6699452	0	true
pss_wip.m_8_2_wid_of_predRN	pss_wip	pss_wip.m_8_2_wid_of_predRN	0	1552680	isabelle/layerB/pss_wip.thy	28893	false	6699704	0	true
pss_wip.rn1_outer_inner_trailing	pss_wip	pss_wip.rn1_outer_inner_trailing	0	1552730	isabelle/layerB/pss_wip.thy	28913	false	6700068	0	true
pss_wip.m_8_2_keystone_imp_wid	pss_wip	pss_wip.m_8_2_keystone_imp_wid	0	1553074	isabelle/layerB/pss_wip.thy	28936	false	6700250	0	true
pss_wip.m_8_2_wid_of_predwid	pss_wip	pss_wip.m_8_2_wid_of_predwid	0	1553156	isabelle/layerB/pss_wip.thy	29038	false	6701002	0	true
pss_wip.wid_Br_Pred	pss_wip	pss_wip.wid_Br_Pred	0	1553216	isabelle/layerB/pss_wip.thy	29093	false	6702040	0	true
pss_wip.wid_JBr_Pred_imp	pss_wip	pss_wip.wid_JBr_Pred_imp	0	1553254	isabelle/layerB/pss_wip.thy	29168	false	6702250	0	true
pss_wip.wid_FirstNodes_Pred	pss_wip	pss_wip.wid_FirstNodes_Pred	0	1553302	isabelle/layerB/pss_wip.thy	29203	false	6702366	0	true
pss_wip.wid_Joints_Pred	pss_wip	pss_wip.wid_Joints_Pred	0	1553418	isabelle/layerB/pss_wip.thy	29260	false	6702596	0	true
pss_wip.wid_adm_trunk_interior_False	pss_wip	pss_wip.wid_adm_trunk_interior_False	0	1553460	isabelle/layerB/pss_wip.thy	29340	false	6702748	0	false
pss_wip.wid_transJ0_eq_TrMax	pss_wip	pss_wip.wid_transJ0_eq_TrMax	0	1553540	isabelle/layerB/pss_wip.thy	29359	false	6702876	0	true
pss_wip.wid_entry1_Pred_agree	pss_wip	pss_wip.wid_entry1_Pred_agree	0	1553624	isabelle/layerB/pss_wip.thy	29380	false	6702998	0	false
pss_wip.m_8_2_ft_transport	pss_wip	pss_wip.m_8_2_ft_transport	0	1553770	isabelle/layerB/pss_wip.thy	29392	false	6703152	0	true
pss_wip.m_8_2_jt_transport	pss_wip	pss_wip.m_8_2_jt_transport	0	1553930	isabelle/layerB/pss_wip.thy	29460	false	6703534	0	true
pss_wip.m_8_2_wid	pss_wip	pss_wip.m_8_2_wid	0	1554250	isabelle/layerB/pss_wip.thy	29605	false	6703904	0	true
pss_wip.m_8_2_subexpr_component_Pred	pss_wip	pss_wip.m_8_2_subexpr_component_Pred	0	1554752	isabelle/layerB/pss_wip.thy	29702	false	6704664	0	true
pss_wip.m_8_1_c1_around_part4_setup	pss_wip	pss_wip.m_8_1_c1_around_part4_setup	0	1554864	isabelle/layerB/pss_wip.thy	29756	false	6705818	0	true
pss_wip.m_8_1_c1_around_part4_head	pss_wip	pss_wip.m_8_1_c1_around_part4_head	0	1555016	isabelle/layerB/pss_wip.thy	29815	false	6706210	0	true
pss_wip.m_8_2_j0_eq_TrMax	pss_wip	pss_wip.m_8_2_j0_eq_TrMax	0	1555066	isabelle/layerB/pss_wip.thy	29887	false	6706570	0	true
pss_wip.m_8_2_cpU_rhs_eq	pss_wip	pss_wip.m_8_2_cpU_rhs_eq	0	1555088	isabelle/layerB/pss_wip.thy	29918	false	6706710	0	true
pss_wip.m_8_2_cpU_of_widTrMaxM	pss_wip	pss_wip.m_8_2_cpU_of_widTrMaxM	0	1555126	isabelle/layerB/pss_wip.thy	29946	false	6706858	0	true
pss_wip.baseU_Br_empty_TrMax	pss_wip	pss_wip.baseU_Br_empty_TrMax	0	1555134	isabelle/layerB/pss_wip.thy	29985	false	6707004	0	true
pss_wip.baseU_alltrunk_diag_entry	pss_wip	pss_wip.baseU_alltrunk_diag_entry	0	1555156	isabelle/layerB/pss_wip.thy	29995	false	6707072	0	true
pss_wip.baseU_alltrunk_Trans_RN1	pss_wip	pss_wip.baseU_alltrunk_Trans_RN1	0	1555168	isabelle/layerB/pss_wip.thy	30086	false	6707284	0	true
pss_wip.baseU_twoseg_monoT	pss_wip	pss_wip.baseU_twoseg_monoT	0	1555174	isabelle/layerB/pss_wip.thy	30125	false	6707344	0	false
pss_wip.baseU_caseI_geom	pss_wip	pss_wip.baseU_caseI_geom	0	1555190	isabelle/layerB/pss_wip.thy	30141	false	6707420	0	true
pss_wip.m_8_2_baseU	pss_wip	pss_wip.m_8_2_baseU	0	1555258	isabelle/layerB/pss_wip.thy	30199	false	6707532	0	true
pss_wip.m_8_1_c1_around_part4_Nred	pss_wip	pss_wip.m_8_1_c1_around_part4_Nred	0	1555308	isabelle/layerB/pss_wip.thy	30389	false	6707652	0	true
pss_wip.m_8_2_wid_uncond	pss_wip	pss_wip.m_8_2_wid_uncond	0	1555348	isabelle/layerB/pss_wip.thy	30460	false	6707828	0	true
pss_wip.m_8_2_wid_uncond_widTrM	pss_wip	pss_wip.m_8_2_wid_uncond_widTrM	0	1555386	isabelle/layerB/pss_wip.thy	30481	false	6708036	0	true
pss_wip.m_8_2_subexpr_component_Pred_final	pss_wip	pss_wip.m_8_2_subexpr_component_Pred_final	0	1555710	isabelle/layerB/pss_wip.thy	30517	false	6708566	0	true
pss_wip.m_6_3_Adm_prefix_slice	pss_wip	pss_wip.m_6_3_Adm_prefix_slice	0	1555790	isabelle/layerB/pss_wip.thy	30566	false	6708924	0	true
pss_wip.m_8_1_c1_around_part4_Adm0	pss_wip	pss_wip.m_8_1_c1_around_part4_Adm0	0	1555898	isabelle/layerB/pss_wip.thy	30590	false	6709026	0	true
pss_wip.chainOK_graph.intros	pss_wip	pss_wip.chainOK_graph.intros	0	1556052	isabelle/layerB/pss_wip.thy	30726	true	6709162	0	true
pss_wip.chainOK_graph.cases	pss_wip	pss_wip.chainOK_graph.cases	0	1556058	isabelle/layerB/pss_wip.thy	30726	true	6709162	0	true
pss_wip.chainOK_graph.induct	pss_wip	pss_wip.chainOK_graph.induct	0	1556070	isabelle/layerB/pss_wip.thy	30726	true	6709162	0	true
pss_wip.chainOK_graph.simps	pss_wip	pss_wip.chainOK_graph.simps	0	1556076	isabelle/layerB/pss_wip.thy	30726	true	6709162	0	true
pss_wip.chainOK_graph.inducts	pss_wip	pss_wip.chainOK_graph.inducts	0	1556084	isabelle/layerB/pss_wip.thy	30726	true	6709162	0	true
pss_wip.chainOK_rel.intros	pss_wip	pss_wip.chainOK_rel.intros	0	1556220	isabelle/layerB/pss_wip.thy	30726	true	6709162	0	true
pss_wip.chainOK_rel.cases	pss_wip	pss_wip.chainOK_rel.cases	0	1556228	isabelle/layerB/pss_wip.thy	30726	true	6709162	0	true
pss_wip.chainOK_rel.induct	pss_wip	pss_wip.chainOK_rel.induct	0	1556234	isabelle/layerB/pss_wip.thy	30726	true	6709162	0	true
pss_wip.chainOK_rel.simps	pss_wip	pss_wip.chainOK_rel.simps	0	1556240	isabelle/layerB/pss_wip.thy	30726	true	6709162	0	true
pss_wip.chainOK_rel.inducts	pss_wip	pss_wip.chainOK_rel.inducts	0	1556244	isabelle/layerB/pss_wip.thy	30726	true	6709162	0	true
pss_wip.chainOK.psimps	pss_wip	pss_wip.chainOK.psimps	0	1556360	isabelle/layerB/pss_wip.thy	30726	false	6709162	0	true
pss_wip.chainOK.pinduct	pss_wip	pss_wip.chainOK.pinduct	0	1556364	isabelle/layerB/pss_wip.thy	30726	false	6709162	0	true
pss_wip.chainOK.termination	pss_wip	pss_wip.chainOK.termination	0	1556370	isabelle/layerB/pss_wip.thy	30726	true	6709162	0	true
pss_wip.chainOK.cases	pss_wip	pss_wip.chainOK.cases	0	1556374	isabelle/layerB/pss_wip.thy	30726	false	6709162	0	true
pss_wip.chainOK.pelims(1)	pss_wip	pss_wip.chainOK.pelims	1	1556382	isabelle/layerB/pss_wip.thy	30726	false	6709162	0	true
pss_wip.chainOK.pelims(2)	pss_wip	pss_wip.chainOK.pelims	2	1556388	isabelle/layerB/pss_wip.thy	30726	false	6709162	0	true
pss_wip.chainOK.pelims(3)	pss_wip	pss_wip.chainOK.pelims	3	1556390	isabelle/layerB/pss_wip.thy	30726	false	6709162	0	true
pss_wip.chainOK.simps	pss_wip	pss_wip.chainOK.simps	0	1556434	isabelle/layerB/pss_wip.thy	30731	false	6709956	0	true
pss_wip.chainOK.induct	pss_wip	pss_wip.chainOK.induct	0	1556438	isabelle/layerB/pss_wip.thy	30731	false	6709956	0	true
pss_wip.chainOK.elims(1)	pss_wip	pss_wip.chainOK.elims	1	1556440	isabelle/layerB/pss_wip.thy	30731	false	6709956	0	true
pss_wip.chainOK.elims(2)	pss_wip	pss_wip.chainOK.elims	2	1556442	isabelle/layerB/pss_wip.thy	30731	false	6709956	0	true
pss_wip.chainOK.elims(3)	pss_wip	pss_wip.chainOK.elims	3	1556444	isabelle/layerB/pss_wip.thy	30731	false	6709956	0	true
pss_wip.m_8_2_chainOK_imp_widTrM	pss_wip	pss_wip.m_8_2_chainOK_imp_widTrM	0	1556512	isabelle/layerB/pss_wip.thy	30747	false	6710142	0	true
pss_wip.m_8_2_cpU_of_chainOK	pss_wip	pss_wip.m_8_2_cpU_of_chainOK	0	1556618	isabelle/layerB/pss_wip.thy	30841	false	6710256	0	true
pss_wip.m_8_2_subexpr_component_Pred_via_chainOK	pss_wip	pss_wip.m_8_2_subexpr_component_Pred_via_chainOK	0	1556990	isabelle/layerB/pss_wip.thy	30864	false	6710378	0	true
pss_wip.m_8_1_c1_around_part4_cond42	pss_wip	pss_wip.m_8_1_c1_around_part4_cond42	0	1557140	isabelle/layerB/pss_wip.thy	30932	false	6710658	0	true
pss_wip.m_8_2_chainOK_of_descAdm	pss_wip	pss_wip.m_8_2_chainOK_of_descAdm	0	1557154	isabelle/layerB/pss_wip.thy	31113	false	6710804	0	true
pss_wip.m_8_1_c1_around_part4_cond41	pss_wip	pss_wip.m_8_1_c1_around_part4_cond41	0	1557310	isabelle/layerB/pss_wip.thy	31225	false	6710938	0	true
pss_wip.m_8_1_c1_around_part4_TransN_41	pss_wip	pss_wip.m_8_1_c1_around_part4_TransN_41	0	1557370	isabelle/layerB/pss_wip.thy	31445	false	6711066	0	true
pss_wip.monoT_branch_hasParent	pss_wip	pss_wip.monoT_branch_hasParent	0	1557440	isabelle/layerB/pss_wip.thy	31628	false	6711238	0	true
pss_wip.transJm1_seg0_eq_Adm	pss_wip	pss_wip.transJm1_seg0_eq_Adm	0	1557458	isabelle/layerB/pss_wip.thy	31652	false	6711384	0	true
pss_wip.m_8_2_TrMax_ge_1	pss_wip	pss_wip.m_8_2_TrMax_ge_1	0	1557478	isabelle/layerB/pss_wip.thy	31683	false	6711540	0	true
pss_wip.m_8_2_descAdm_of_premises	pss_wip	pss_wip.m_8_2_descAdm_of_premises	0	1557500	isabelle/layerB/pss_wip.thy	31725	false	6711624	0	true
pss_wip.m_8_2_chainOK_of_branchPar	pss_wip	pss_wip.m_8_2_chainOK_of_branchPar	0	1557516	isabelle/layerB/pss_wip.thy	31764	false	6711806	0	true
pss_wip.m_8_2_subexpr_component_Pred_done	pss_wip	pss_wip.m_8_2_subexpr_component_Pred_done	0	1557576	isabelle/layerB/pss_wip.thy	31789	false	6711920	0	true
pss_wip.flatBT_Trm_cons_cons	pss_wip	pss_wip.flatBT_Trm_cons_cons	0	1557586	isabelle/layerB/pss_wip.thy	31849	false	6712248	0	true
pss_wip.addBT_trailing_align	pss_wip	pss_wip.addBT_trailing_align	0	1557600	isabelle/layerB/pss_wip.thy	31857	false	6712568	0	true
pss_wip.m_8_1_c1_around_part4_segpos	pss_wip	pss_wip.m_8_1_c1_around_part4_segpos	0	1557620	isabelle/layerB/pss_wip.thy	31903	false	6712690	0	true
pss_wip.m_8_1_c1_around_part4_1	pss_wip	pss_wip.m_8_1_c1_around_part4_1	0	1557674	isabelle/layerB/pss_wip.thy	32085	false	6713090	0	true
pss_wip.adm_trunk_interior_nadm	pss_wip	pss_wip.adm_trunk_interior_nadm	0	1557692	isabelle/layerB/pss_wip.thy	32280	false	6713444	0	false
pss_wip.adm_le_TrMax_cases	pss_wip	pss_wip.adm_le_TrMax_cases	0	1557700	isabelle/layerB/pss_wip.thy	32297	false	6713550	0	false
pss_wip.m_8_2_transJ0_eq_TrMax	pss_wip	pss_wip.m_8_2_transJ0_eq_TrMax	0	1557710	isabelle/layerB/pss_wip.thy	32316	false	6713652	0	true
pss_wip.m_8_2_joints_all_TrMax	pss_wip	pss_wip.m_8_2_joints_all_TrMax	0	1557752	isabelle/layerB/pss_wip.thy	32350	false	6713734	0	true
pss_wip.m_8_2_branchHigh	pss_wip	pss_wip.m_8_2_branchHigh	0	1557766	isabelle/layerB/pss_wip.thy	32391	false	6713836	0	true
pss_wip.m_8_2_branchPar	pss_wip	pss_wip.m_8_2_branchPar	0	1557810	isabelle/layerB/pss_wip.thy	32434	false	6713930	0	true
pss_wip.m_8_2_keystone	pss_wip	pss_wip.m_8_2_keystone	0	1557830	isabelle/layerB/pss_wip.thy	32461	false	6714034	0	true
pss_wip.transCondIIorIV_notAVI	pss_wip	pss_wip.transCondIIorIV_notAVI	0	1557836	isabelle/layerB/pss_wip.thy	32514	false	6714170	0	false
pss_wip.transC2_Adm0_exposed	pss_wip	pss_wip.transC2_Adm0_exposed	0	1557842	isabelle/layerB/pss_wip.thy	32548	false	6714226	0	true
pss_wip.m_8_1_c1_around_part4_TransN_42	pss_wip	pss_wip.m_8_1_c1_around_part4_TransN_42	0	1557848	isabelle/layerB/pss_wip.thy	32629	false	6714300	0	true
pss_wip.m_8_1_c1_around_part4_2	pss_wip	pss_wip.m_8_1_c1_around_part4_2	0	1557854	isabelle/layerB/pss_wip.thy	32827	false	6714400	0	true
pss_wip.m_8_1_operB_numBT0_Pred	pss_wip	pss_wip.m_8_1_operB_numBT0_Pred	0	1557860	isabelle/layerB/pss_wip.thy	33088	false	6714508	0	true
pss_wip.m_8_1_Trans_fseq_condI_n1	pss_wip	pss_wip.m_8_1_Trans_fseq_condI_n1	0	1557866	isabelle/layerB/pss_wip.thy	33271	false	6714574	0	true
pss_wip.PB_Dpt_single	pss_wip	pss_wip.PB_Dpt_single	0	1557872	isabelle/layerB/pss_wip.thy	33302	false	6714640	0	true
pss_wip.PB_addBT_app	pss_wip	pss_wip.PB_addBT_app	0	1557878	isabelle/layerB/pss_wip.thy	33305	false	6714686	0	true
pss_wip.leBT_Dpt0_iff	pss_wip	pss_wip.leBT_Dpt0_iff	0	1557884	isabelle/layerB/pss_wip.thy	33308	false	6714728	0	true
pss_wip.m_8_2_subexpr_component_strongmono_of_witness	pss_wip	pss_wip.m_8_2_subexpr_component_strongmono_of_witness	0	1557890	isabelle/layerB/pss_wip.thy	33330	false	6714798	0	true
pss_wip.m_8_1_Trans_fseq_condI_comm_append_reduce	pss_wip	pss_wip.m_8_1_Trans_fseq_condI_comm_append_reduce	0	1557896	isabelle/layerB/pss_wip.thy	33418	false	6714906	0	true
pss_wip.wid_BrLen_Pred	pss_wip	pss_wip.wid_BrLen_Pred	0	1557902	isabelle/layerB/pss_wip.thy	33469	false	6714996	0	true
pss_wip.wid_JPm1_map	pss_wip	pss_wip.wid_JPm1_map	0	1557908	isabelle/layerB/pss_wip.thy	33529	false	6715058	0	true
pss_wip.wid_FNJ_Pred_at_JPm1	pss_wip	pss_wip.wid_FNJ_Pred_at_JPm1	0	1557914	isabelle/layerB/pss_wip.thy	33544	false	6715120	0	true
pss_wip.m_8_1_condI_B_eq_Pred_j0zero	pss_wip	pss_wip.m_8_1_condI_B_eq_Pred_j0zero	0	1557920	isabelle/layerB/pss_wip.thy	33580	false	6715184	0	false
pss_wip.m_8_1_condI_oper_pow_j0zero	pss_wip	pss_wip.m_8_1_condI_oper_pow_j0zero	0	1557926	isabelle/layerB/pss_wip.thy	33616	false	6715246	0	true
pss_wip.m_8_1_operB_condI_c2_value	pss_wip	pss_wip.m_8_1_operB_condI_c2_value	0	1557932	isabelle/layerB/pss_wip.thy	33646	false	6715318	0	true
pss_wip.m_8_1_stepT_j0zero_of_additivity	pss_wip	pss_wip.m_8_1_stepT_j0zero_of_additivity	0	1557938	isabelle/layerB/pss_wip.thy	33668	false	6715388	0	true
pss_wip.wit_FirstNodes0	pss_wip	pss_wip.wit_FirstNodes0	0	1557944	isabelle/layerB/pss_wip.thy	33707	false	6715482	0	true
pss_wip.wit_J1pos	pss_wip	pss_wip.wit_J1pos	0	1557950	isabelle/layerB/pss_wip.thy	33723	false	6715534	0	true
pss_wip.wit_PB_relax	pss_wip	pss_wip.wit_PB_relax	0	1557956	isabelle/layerB/pss_wip.thy	33742	false	6715596	0	true
pss_wip.wit_PB_tail_bound	pss_wip	pss_wip.wit_PB_tail_bound	0	1557962	isabelle/layerB/pss_wip.thy	33765	false	6715676	0	true
pss_wip.wit_step_lift	pss_wip	pss_wip.wit_step_lift	0	1557968	isabelle/layerB/pss_wip.thy	33787	false	6715764	0	true
pss_wip.descending_col0_cong	pss_wip	pss_wip.descending_col0_cong	0	1557974	isabelle/layerB/pss_wip.thy	33808	false	6715870	0	false
pss_wip.wid_Br_Pred_col0_agree	pss_wip	pss_wip.wid_Br_Pred_col0_agree	0	1557980	isabelle/layerB/pss_wip.thy	33851	false	6715942	0	true
pss_wip.wid_Br_Pred_lenle	pss_wip	pss_wip.wid_Br_Pred_lenle	0	1557986	isabelle/layerB/pss_wip.thy	33918	false	6716014	0	true
pss_wip.descending_Br_Pred	pss_wip	pss_wip.descending_Br_Pred	0	1557992	isabelle/layerB/pss_wip.thy	33958	false	6716076	0	true
pss_wip.m_8_2_subexpr_component_strongmono_of_factAB	pss_wip	pss_wip.m_8_2_subexpr_component_strongmono_of_factAB	0	1557998	isabelle/layerB/pss_wip.thy	34014	false	6716138	0	true
pss_wip.m_8_2_wit_step_thr	pss_wip	pss_wip.m_8_2_wit_step_thr	0	1558004	isabelle/layerB/pss_wip.thy	34088	false	6716224	0	true
pss_wip.m_8_2_factA_step	pss_wip	pss_wip.m_8_2_factA_step	0	1558010	isabelle/layerB/pss_wip.thy	34212	false	6716344	0	true
pss_wip.m_8_2_joint_row1_eq	pss_wip	pss_wip.m_8_2_joint_row1_eq	0	1558016	isabelle/layerB/pss_wip.thy	34346	false	6716472	0	true
pss_wip.m_8_2_thrmono	pss_wip	pss_wip.m_8_2_thrmono	0	1558022	isabelle/layerB/pss_wip.thy	34390	false	6716540	0	true
pss_wip.m_8_2_joint_idx_mono	pss_wip	pss_wip.m_8_2_joint_idx_mono	0	1558028	isabelle/layerB/pss_wip.thy	34417	false	6716618	0	true
pss_wip.m_8_2_factA_base	pss_wip	pss_wip.m_8_2_factA_base	0	1558034	isabelle/layerB/pss_wip.thy	34448	false	6716696	0	true
pss_wip.m_8_2_factA	pss_wip	pss_wip.m_8_2_factA	0	1558040	isabelle/layerB/pss_wip.thy	34540	false	6716774	0	true
pss_wip.m_8_2_newdom	pss_wip	pss_wip.m_8_2_newdom	0	1558046	isabelle/layerB/pss_wip.thy	34670	false	6716852	0	true
pss_wip.m_8_2_subexpr_component_strongmono	pss_wip	pss_wip.m_8_2_subexpr_component_strongmono	0	1558052	isabelle/layerB/pss_wip.thy	34924	false	6716914	0	true
pss_wip.m_8_2_branch_row1_tiebreak	pss_wip	pss_wip.m_8_2_branch_row1_tiebreak	0	1558058	isabelle/layerB/pss_wip.thy	34984	false	6716988	0	true
pss_wip.m_8_2_factB_base	pss_wip	pss_wip.m_8_2_factB_base	0	1558064	isabelle/layerB/pss_wip.thy	35008	false	6717068	0	true
pss_wip.m_8_2_factA_uncond	pss_wip	pss_wip.m_8_2_factA_uncond	0	1558070	isabelle/layerB/pss_wip.thy	35084	false	6717148	0	true
pss_wip.m_8_2_wid_full	pss_wip	pss_wip.m_8_2_wid_full	0	1558078	isabelle/layerB/pss_wip.thy	35112	false	6717222	0	true
pss_wip.m_8_2_factB_step	pss_wip	pss_wip.m_8_2_factB_step	0	1558194	isabelle/layerB/pss_wip.thy	35130	false	6717320	0	true
pss_wip.m_8_2_strict_coeff_no_row1	pss_wip	pss_wip.m_8_2_strict_coeff_no_row1	0	1558242	isabelle/layerB/pss_wip.thy	35161	false	6717536	0	true
pss_wip.m_8_2_le0_above_parent	pss_wip	pss_wip.m_8_2_le0_above_parent	0	1558254	isabelle/layerB/pss_wip.thy	35208	false	6717652	0	false
pss_wip.m_8_2_e1_le_e1par_of_notnextR1	pss_wip	pss_wip.m_8_2_e1_le_e1par_of_notnextR1	0	1558272	isabelle/layerB/pss_wip.thy	35241	false	6717796	0	false
pss_wip.m_8_2_branch_row1_le_TrMax_of_notnextR	pss_wip	pss_wip.m_8_2_branch_row1_le_TrMax_of_notnextR	0	1558330	isabelle/layerB/pss_wip.thy	35286	false	6717934	0	true
pss_wip.m_8_2_branch_row1_le_TrMax_J0	pss_wip	pss_wip.m_8_2_branch_row1_le_TrMax_J0	0	1558342	isabelle/layerB/pss_wip.thy	35357	false	6718074	0	true
pss_wip.m_8_2_branch_row1_le_TrMax_single	pss_wip	pss_wip.m_8_2_branch_row1_le_TrMax_single	0	1558358	isabelle/layerB/pss_wip.thy	35377	false	6718154	0	true
pss_wip.m_8_2_branch_col0_val	pss_wip	pss_wip.m_8_2_branch_col0_val	0	1558420	isabelle/layerB/pss_wip.thy	35397	false	6718252	0	true
pss_wip.m_8_2_branch_row1_le_TrMax	pss_wip	pss_wip.m_8_2_branch_row1_le_TrMax	0	1558486	isabelle/layerB/pss_wip.thy	35459	false	6718400	0	true
pss_wip.m_8_2_det_imp_joint_lt_TrMax	pss_wip	pss_wip.m_8_2_det_imp_joint_lt_TrMax	0	1558522	isabelle/layerB/pss_wip.thy	35547	false	6718500	0	true
pss_wip.m_8_2_det_imp_not_admpos_of_j1eq	pss_wip	pss_wip.m_8_2_det_imp_not_admpos_of_j1eq	0	1558548	isabelle/layerB/pss_wip.thy	35584	false	6718594	0	true
pss_wip.m_8_2_det_of_case4excl	pss_wip	pss_wip.m_8_2_det_of_case4excl	0	1558610	isabelle/layerB/pss_wip.thy	35616	false	6718688	0	true
pss_wip.m_8_2_widH_admpos_j1ne_step	pss_wip	pss_wip.m_8_2_widH_admpos_j1ne_step	0	1558674	isabelle/layerB/pss_wip.thy	35717	false	6718790	0	true
pss_wip.m_8_2_widH_of_j1side	pss_wip	pss_wip.m_8_2_widH_of_j1side	0	1558680	isabelle/layerB/pss_wip.thy	35761	false	6718878	0	true
pss_wip.m_8_2_widH_base2	pss_wip	pss_wip.m_8_2_widH_base2	0	1558686	isabelle/layerB/pss_wip.thy	35804	false	6718944	0	true
pss_wip.m_8_2_widH	pss_wip	pss_wip.m_8_2_widH	0	1558692	isabelle/layerB/pss_wip.thy	35857	false	6719008	0	true
pss_wip.m_8_2_det	pss_wip	pss_wip.m_8_2_det	0	1558698	isabelle/layerB/pss_wip.thy	36051	false	6719070	0	true
pss_wip.wid_entry_Pred_agree	pss_wip	pss_wip.wid_entry_Pred_agree	0	1558704	isabelle/layerB/pss_wip.thy	36085	false	6719134	0	false
pss_wip.wid_FN_Suc_lt	pss_wip	pss_wip.wid_FN_Suc_lt	0	1558712	isabelle/layerB/pss_wip.thy	36099	false	6719212	0	true
pss_wip.m_8_2_factB_base2	pss_wip	pss_wip.m_8_2_factB_base2	0	1558776	isabelle/layerB/pss_wip.thy	36142	false	6719286	0	true
pss_wip.m_8_2_factB	pss_wip	pss_wip.m_8_2_factB	0	1558810	isabelle/layerB/pss_wip.thy	36200	false	6719398	0	true
pss_wip.m_8_2_subexpr_component_strongmono_uncond	pss_wip	pss_wip.m_8_2_subexpr_component_strongmono_uncond	0	1558816	isabelle/layerB/pss_wip.thy	36477	false	6719488	0	true
pss_wip.m_8_7_isOT_BT_snoc	pss_wip	pss_wip.m_8_7_isOT_BT_snoc	0	1558822	isabelle/layerB/pss_wip.thy	36523	false	6719556	0	true
pss_wip.m_8_7_isOT_BT_Dpt	pss_wip	pss_wip.m_8_7_isOT_BT_Dpt	0	1558854	isabelle/layerB/pss_wip.thy	36528	false	6719614	0	true
pss_wip.m_8_7_OT_wrap_snoc	pss_wip	pss_wip.m_8_7_OT_wrap_snoc	0	1558924	isabelle/layerB/pss_wip.thy	36533	false	6719668	0	true
pss_wip.m_8_7_OT_via_body	pss_wip	pss_wip.m_8_7_OT_via_body	0	1558930	isabelle/layerB/pss_wip.thy	36561	false	6719774	0	true
pss_wip.m_8_7_OT_B_of_isOT_BT	pss_wip	pss_wip.m_8_7_OT_B_of_isOT_BT	0	1558938	isabelle/layerB/pss_wip.thy	36575	false	6719888	0	true
pss_wip.descP_snoc	pss_wip	pss_wip.descP_snoc	0	1559018	isabelle/layerB/pss_wip.thy	36589	false	6719974	0	true
pss_wip.m_8_7_isOT_BT_snoc_leBT	pss_wip	pss_wip.m_8_7_isOT_BT_snoc_leBT	0	1559100	isabelle/layerB/pss_wip.thy	36604	false	6720030	0	true
pss_wip.isOT_BT_Dpt_body	pss_wip	pss_wip.isOT_BT_Dpt_body	0	1559148	isabelle/layerB/pss_wip.thy	36618	false	6720110	0	true
pss_wip.m_8_7_OT_step_uniform	pss_wip	pss_wip.m_8_7_OT_step_uniform	0	1559256	isabelle/layerB/pss_wip.thy	36638	false	6720180	0	true
pss_wip.m_8_2_wid_case2_excl	pss_wip	pss_wip.m_8_2_wid_case2_excl	0	1559262	isabelle/layerB/pss_wip.thy	36669	false	6720286	0	true
pss_wip.descP_append1	pss_wip	pss_wip.descP_append1	0	1559268	isabelle/layerB/pss_wip.thy	36682	false	6720344	0	true
pss_wip.isOT_BT_addBT_left	pss_wip	pss_wip.isOT_BT_addBT_left	0	1559274	isabelle/layerB/pss_wip.thy	36694	false	6720386	0	true
pss_wip.m_8_7_Trans_preserves_OT_step	pss_wip	pss_wip.m_8_7_Trans_preserves_OT_step	0	1559324	isabelle/layerB/pss_wip.thy	36715	false	6720446	0	true
pss_wip.trans_multi_split	pss_wip	pss_wip.trans_multi_split	0	1559366	isabelle/layerB/pss_wip.thy	36762	false	6720612	0	true
pss_wip.operI_j0zero_trans_step	pss_wip	pss_wip.operI_j0zero_trans_step	0	1559374	isabelle/layerB/pss_wip.thy	36809	false	6720674	0	true
pss_wip.operI_j0zero_trans_mult	pss_wip	pss_wip.operI_j0zero_trans_mult	0	1559414	isabelle/layerB/pss_wip.thy	36977	false	6720758	0	true
pss_wip.m_8_1_operB_condI_value	pss_wip	pss_wip.m_8_1_operB_condI_value	0	1559432	isabelle/layerB/pss_wip.thy	37012	false	6720872	0	true
pss_wip.m_8_1_Trans_replicate_pred_condI	pss_wip	pss_wip.m_8_1_Trans_replicate_pred_condI	0	1559440	isabelle/layerB/pss_wip.thy	37059	false	6720958	0	true
pss_wip.operB_marked_scb_value	pss_wip	pss_wip.operB_marked_scb_value	0	1559456	isabelle/layerB/pss_wip.thy	37100	false	6721068	0	true
pss_wip.m_8_1_stepT_j0pos_of_lhs_closed	pss_wip	pss_wip.m_8_1_stepT_j0pos_of_lhs_closed	0	1559610	isabelle/layerB/pss_wip.thy	37137	false	6721204	0	true
pss_wip.m_8_1_lhs_j0pos_of_step	pss_wip	pss_wip.m_8_1_lhs_j0pos_of_step	0	1559632	isabelle/layerB/pss_wip.thy	37176	false	6721366	0	true
pss_wip.m_8_1_stepT_j0pos_of_step	pss_wip	pss_wip.m_8_1_stepT_j0pos_of_step	0	1559664	isabelle/layerB/pss_wip.thy	37218	false	6721520	0	true
pss_wip.monoT_operI_j0pos	pss_wip	pss_wip.monoT_operI_j0pos	0	1559670	isabelle/layerB/pss_wip.thy	37259	false	6721698	0	true
pss_wip.m_8_3_exch_of_lhs_closed	pss_wip	pss_wip.m_8_3_exch_of_lhs_closed	0	1559724	isabelle/layerB/pss_wip.thy	37371	false	6721774	0	true
pss_wip.operB_marked_scb_value_kind1	pss_wip	pss_wip.operB_marked_scb_value_kind1	0	1559904	isabelle/layerB/pss_wip.thy	37408	false	6721952	0	true
pss_wip.m_8_5_exch_of_lhs_closed	pss_wip	pss_wip.m_8_5_exch_of_lhs_closed	0	1560096	isabelle/layerB/pss_wip.thy	37450	false	6722106	0	true
pss_wip.m_8_5_TransCondV_oper_descend_engine	pss_wip	pss_wip.m_8_5_TransCondV_oper_descend_engine	0	1560304	isabelle/layerB/pss_wip.thy	37496	false	6722494	0	true
pss_wip.m_8_4_exch_of_lhs_closed	pss_wip	pss_wip.m_8_4_exch_of_lhs_closed	0	1560520	isabelle/layerB/pss_wip.thy	37550	false	6722654	0	true
pss_wip.leBT_Dpt_mono	pss_wip	pss_wip.leBT_Dpt_mono	0	1560598	isabelle/layerB/pss_wip.thy	37591	false	6722928	0	true
pss_wip.leBT_Zero_left_any	pss_wip	pss_wip.leBT_Zero_left_any	0	1560642	isabelle/layerB/pss_wip.thy	37605	false	6723020	0	true
pss_wip.leBT_refl	pss_wip	pss_wip.leBT_refl	0	1560674	isabelle/layerB/pss_wip.thy	37608	false	6723070	0	false
pss_wip.leBT_funpow_mono	pss_wip	pss_wip.leBT_funpow_mono	0	1560744	isabelle/layerB/pss_wip.thy	37611	false	6723130	0	false
pss_wip.leBT_Dpt_funpow_mono	pss_wip	pss_wip.leBT_Dpt_funpow_mono	0	1560794	isabelle/layerB/pss_wip.thy	37623	false	6723226	0	true
pss_wip.leBT_funpow_common	pss_wip	pss_wip.leBT_funpow_common	0	1560862	isabelle/layerB/pss_wip.thy	37634	false	6723316	0	true
pss_wip.m_8_1_step_w1_nesting_condI	pss_wip	pss_wip.m_8_1_step_w1_nesting_condI	0	1561010	isabelle/layerB/pss_wip.thy	37652	false	6723410	0	true
pss_wip.entry_operI_d0zero_last	pss_wip	pss_wip.entry_operI_d0zero_last	0	1561080	isabelle/layerB/pss_wip.thy	37685	false	6723564	0	true
pss_wip.m_8_1_step_w1_nesting	pss_wip	pss_wip.m_8_1_step_w1_nesting	0	1561144	isabelle/layerB/pss_wip.thy	37735	false	6723690	0	true
pss_wip.m_8_1_operI_Pred_w1	pss_wip	pss_wip.m_8_1_operI_Pred_w1	0	1561164	isabelle/layerB/pss_wip.thy	37772	false	6723854	0	true
pss_wip.m_8_1_step_w1_Adm0_closed	pss_wip	pss_wip.m_8_1_step_w1_Adm0_closed	0	1561338	isabelle/layerB/pss_wip.thy	37808	false	6723976	0	true
pss_wip.m_8_45_lhs_of_flat_decomp	pss_wip	pss_wip.m_8_45_lhs_of_flat_decomp	0	1561346	isabelle/layerB/pss_wip.thy	37877	false	6724204	0	true
pss_wip.m_8_45_lhs_of_funpow_recurrence	pss_wip	pss_wip.m_8_45_lhs_of_funpow_recurrence	0	1561420	isabelle/layerB/pss_wip.thy	37990	false	6724366	0	false
pss_wip.m_8_45_lhs_of_funpow_recurrence_scb	pss_wip	pss_wip.m_8_45_lhs_of_funpow_recurrence_scb	0	1561632	isabelle/layerB/pss_wip.thy	38025	false	6724570	0	true
pss_wip.funpow_closed_of_step	pss_wip	pss_wip.funpow_closed_of_step	0	1561742	isabelle/layerB/pss_wip.thy	38176	false	6724774	0	true
pss_wip.funpow_closed_of_step_from2	pss_wip	pss_wip.funpow_closed_of_step_from2	0	1561902	isabelle/layerB/pss_wip.thy	38225	false	6724924	0	true
pss_wip.m_8_45_lhs_of_onestep_scb	pss_wip	pss_wip.m_8_45_lhs_of_onestep_scb	0	1562004	isabelle/layerB/pss_wip.thy	38260	false	6725102	0	true
pss_wip.m_8_45_lhs_of_step2_scb	pss_wip	pss_wip.m_8_45_lhs_of_step2_scb	0	1562306	isabelle/layerB/pss_wip.thy	38303	false	6725398	0	true
pss_wip.m_8_5_TransCondV_descend_of_step2_residuals	pss_wip	pss_wip.m_8_5_TransCondV_descend_of_step2_residuals	0	1562836	isabelle/layerB/pss_wip.thy	38401	false	6725816	0	true
pss_wip.Trans_unflat_transC2	pss_wip	pss_wip.Trans_unflat_transC2	0	1563062	isabelle/layerB/pss_wip.thy	38441	false	6726454	0	true
pss_wip.m_8_5_condV_uv	pss_wip	pss_wip.m_8_5_condV_uv	0	1563168	isabelle/layerB/pss_wip.thy	38509	false	6726676	0	true
pss_wip.m_8_5_caseA_kind1_of_uv	pss_wip	pss_wip.m_8_5_caseA_kind1_of_uv	0	1563606	isabelle/layerB/pss_wip.thy	38563	false	6726846	0	true
pss_wip.m_8_5_TransCondV_producer	pss_wip	pss_wip.m_8_5_TransCondV_producer	0	1563974	isabelle/layerB/pss_wip.thy	38761	false	6727118	0	true
pss_wip.m_8_5_base_scb	pss_wip	pss_wip.m_8_5_base_scb	0	1564208	isabelle/layerB/pss_wip.thy	38796	false	6727278	0	true
pss_wip.m_8_5_base_jm1_0	pss_wip	pss_wip.m_8_5_base_jm1_0	0	1564418	isabelle/layerB/pss_wip.thy	38887	false	6727450	0	true
pss_wip.m_8_5_anchor_OW	pss_wip	pss_wip.m_8_5_anchor_OW	0	1564498	isabelle/layerB/pss_wip.thy	38940	false	6727670	0	true
pss_wip.addBT_scb_C_eq	pss_wip	pss_wip.addBT_scb_C_eq	0	1564566	isabelle/layerB/pss_wip.thy	38970	false	6727908	0	true
pss_wip.m_8_5_botU_of_inner	pss_wip	pss_wip.m_8_5_botU_of_inner	0	1564678	isabelle/layerB/pss_wip.thy	39009	false	6728084	0	true
pss_wip.m_8_7_OT_step_prefix	pss_wip	pss_wip.m_8_7_OT_step_prefix	0	1564856	isabelle/layerB/pss_wip.thy	39041	false	6728252	0	true
pss_wip.m_8_7_OT_keystone_step	pss_wip	pss_wip.m_8_7_OT_keystone_step	0	1565246	isabelle/layerB/pss_wip.thy	39076	false	6728596	0	true
pss_wip.m_8_7_Pred_ST_PS	pss_wip	pss_wip.m_8_7_Pred_ST_PS	0	1565422	isabelle/layerB/pss_wip.thy	39191	false	6729138	0	true
pss_wip.m_8_7_GBT_addBT	pss_wip	pss_wip.m_8_7_GBT_addBT	0	1565456	isabelle/layerB/pss_wip.thy	39211	false	6729252	0	true
pss_wip.m_8_7_gbt_outer_reduce	pss_wip	pss_wip.m_8_7_gbt_outer_reduce	0	1565546	isabelle/layerB/pss_wip.thy	39230	false	6729352	0	true
pss_wip.m_8_7_Trans_OT_step_keystone	pss_wip	pss_wip.m_8_7_Trans_OT_step_keystone	0	1565974	isabelle/layerB/pss_wip.thy	39265	false	6729552	0	true
pss_wip.descP_last_le	pss_wip	pss_wip.descP_last_le	0	1566222	isabelle/layerB/pss_wip.thy	39298	false	6729852	0	true
pss_wip.m_8_7_pred_spine_bound	pss_wip	pss_wip.m_8_7_pred_spine_bound	0	1566428	isabelle/layerB/pss_wip.thy	39335	false	6729986	0	true
pss_wip.m_8_7_dstep_assemble	pss_wip	pss_wip.m_8_7_dstep_assemble	0	1566554	isabelle/layerB/pss_wip.thy	39364	false	6730140	0	true
pss_wip.m_8_7_dstep_case1	pss_wip	pss_wip.m_8_7_dstep_case1	0	1566692	isabelle/layerB/pss_wip.thy	39399	false	6730364	0	true
pss_wip.seg_to_last_append	pss_wip	pss_wip.seg_to_last_append	0	1566808	isabelle/layerB/pss_wip.thy	39464	false	6730536	0	false
pss_wip.oper_ST_RT_T	pss_wip	pss_wip.oper_ST_RT_T	0	1566932	isabelle/layerB/pss_wip.thy	39486	false	6730666	0	true
pss_wip.condV_oper_Suc_append	pss_wip	pss_wip.condV_oper_Suc_append	0	1566978	isabelle/layerB/pss_wip.thy	39503	false	6730902	0	true
pss_wip.hasParent1_parent_lt	pss_wip	pss_wip.hasParent1_parent_lt	0	1566998	isabelle/layerB/pss_wip.thy	39520	false	6731272	0	false
pss_wip.oper_d0pos_nth_prefix	pss_wip	pss_wip.oper_d0pos_nth_prefix	0	1567040	isabelle/layerB/pss_wip.thy	39541	false	6731406	0	false
pss_wip.oper_d0pos_entry_prefix	pss_wip	pss_wip.oper_d0pos_entry_prefix	0	1567092	isabelle/layerB/pss_wip.thy	39563	false	6731696	0	false
pss_wip.Pred_pow_append	pss_wip	pss_wip.Pred_pow_append	0	1567110	isabelle/layerB/pss_wip.thy	39582	false	6731844	0	true
pss_wip.Mark_iterate_slice_append	pss_wip	pss_wip.Mark_iterate_slice_append	0	1567536	isabelle/layerB/pss_wip.thy	39633	false	6732058	0	true
pss_wip.Pred_pow_append_full	pss_wip	pss_wip.Pred_pow_append_full	0	1567582	isabelle/layerB/pss_wip.thy	39659	false	6732496	0	true
pss_wip.Pred_append_single	pss_wip	pss_wip.Pred_append_single	0	1567610	isabelle/layerB/pss_wip.thy	39674	false	6732580	0	true
pss_wip.Trans_append_col_keystone	pss_wip	pss_wip.Trans_append_col_keystone	0	1567968	isabelle/layerB/pss_wip.thy	39692	false	6732694	0	true
pss_wip.oper_d0pos_seg_prefix	pss_wip	pss_wip.oper_d0pos_seg_prefix	0	1568234	isabelle/layerB/pss_wip.thy	39736	false	6733662	0	true
pss_wip.scb_context_eq_of_prefix	pss_wip	pss_wip.scb_context_eq_of_prefix	0	1568484	isabelle/layerB/pss_wip.thy	39775	false	6733908	0	true
pss_wip.oper_d0pos_nth	pss_wip	pss_wip.oper_d0pos_nth	0	1568880	isabelle/layerB/pss_wip.thy	39833	false	6734296	0	true
pss_wip.oper_d0pos_entry0	pss_wip	pss_wip.oper_d0pos_entry0	0	1569162	isabelle/layerB/pss_wip.thy	39862	false	6734810	0	true
pss_wip.oper_d0pos_nth_low	pss_wip	pss_wip.oper_d0pos_nth_low	0	1569304	isabelle/layerB/pss_wip.thy	39877	false	6735128	0	true
pss_wip.oper_d0pos_blockstart_step	pss_wip	pss_wip.oper_d0pos_blockstart_step	0	1569728	isabelle/layerB/pss_wip.thy	39908	false	6735374	0	true
pss_wip.oper_d0pos_j0_to_end	pss_wip	pss_wip.oper_d0pos_j0_to_end	0	1570106	isabelle/layerB/pss_wip.thy	40001	false	6735728	0	true
pss_wip.m_8_3_kind1_base_basepoint	pss_wip	pss_wip.m_8_3_kind1_base_basepoint	0	1570362	isabelle/layerB/pss_wip.thy	40108	false	6736094	0	true
pss_wip.m_8_6_TransCondVI_oper_descend_engine	pss_wip	pss_wip.m_8_6_TransCondVI_oper_descend_engine	0	1570578	isabelle/layerB/pss_wip.thy	40250	false	6736432	0	true
pss_wip.m_8_6_diagSeq_condVI_commute	pss_wip	pss_wip.m_8_6_diagSeq_condVI_commute	0	1570698	isabelle/layerB/pss_wip.thy	40305	false	6736678	0	true
pss_wip.m_8_6_diagSeq_condVI_descent	pss_wip	pss_wip.m_8_6_diagSeq_condVI_descent	0	1570850	isabelle/layerB/pss_wip.thy	40331	false	6736928	0	true
pss_wip.m_8_6_exch_of_lhs_closed	pss_wip	pss_wip.m_8_6_exch_of_lhs_closed	0	1571334	isabelle/layerB/pss_wip.thy	40365	false	6737096	0	true
pss_wip.m_8_5_Joints_FirstNodes_basic(1)	pss_wip	pss_wip.m_8_5_Joints_FirstNodes_basic	1	1571800	isabelle/layerB/pss_wip.thy	40416	false	6737638	0	true
pss_wip.m_8_5_Joints_FirstNodes_basic(2)	pss_wip	pss_wip.m_8_5_Joints_FirstNodes_basic	2	1571806	isabelle/layerB/pss_wip.thy	40416	false	6737638	0	true
pss_wip.m_8_5_Joints_FirstNodes_basic(3)	pss_wip	pss_wip.m_8_5_Joints_FirstNodes_basic	3	1571814	isabelle/layerB/pss_wip.thy	40416	false	6737638	0	true
pss_wip.m_8_5_Joints_FirstNodes_basic(4)	pss_wip	pss_wip.m_8_5_Joints_FirstNodes_basic	4	1571816	isabelle/layerB/pss_wip.thy	40416	false	6737638	0	true
pss_wip.m_8_4_rightmost_nonadm_ancestor(1)	pss_wip	pss_wip.m_8_4_rightmost_nonadm_ancestor	1	1572102	isabelle/layerB/pss_wip.thy	40628	false	6738032	0	true
pss_wip.m_8_4_rightmost_nonadm_ancestor(2)	pss_wip	pss_wip.m_8_4_rightmost_nonadm_ancestor	2	1572104	isabelle/layerB/pss_wip.thy	40628	false	6738032	0	true
pss_wip.m_8_4_rightmost_nonadm_ancestor(3)	pss_wip	pss_wip.m_8_4_rightmost_nonadm_ancestor	3	1572106	isabelle/layerB/pss_wip.thy	40628	false	6738032	0	true
pss_wip.m_8_4_rightmost_nonadm_ancestor(4)	pss_wip	pss_wip.m_8_4_rightmost_nonadm_ancestor	4	1572108	isabelle/layerB/pss_wip.thy	40628	false	6738032	0	true
pss_wip.m_8_5_step2_of_wrap_body	pss_wip	pss_wip.m_8_5_step2_of_wrap_body	0	1572674	isabelle/layerB/pss_wip.thy	40884	false	6738400	0	true
pss_wip.m_8_5_base2_of_wrap_body	pss_wip	pss_wip.m_8_5_base2_of_wrap_body	0	1572990	isabelle/layerB/pss_wip.thy	40914	false	6738776	0	false
pss_wip.m_8_5_base_leaf	pss_wip	pss_wip.m_8_5_base_leaf	0	1573150	isabelle/layerB/pss_wip.thy	40936	false	6739224	0	false
pss_wip.m_8_5_OW_inj_of_scb	pss_wip	pss_wip.m_8_5_OW_inj_of_scb	0	1573308	isabelle/layerB/pss_wip.thy	40955	false	6739452	0	true
pss_wip.m_8_5_markstep_of_surgery	pss_wip	pss_wip.m_8_5_markstep_of_surgery	0	1574082	isabelle/layerB/pss_wip.thy	41004	false	6739668	0	true
pss_wip.m_8_5_wrap_of_iterscb	pss_wip	pss_wip.m_8_5_wrap_of_iterscb	0	1574394	isabelle/layerB/pss_wip.thy	41044	false	6740478	0	true
pss_wip.leBT_Dpt_head_le	pss_wip	pss_wip.leBT_Dpt_head_le	0	1574506	isabelle/layerB/pss_wip.thy	41096	false	6740854	0	true
pss_wip.m_8_7_dstep_properprefix_reduce	pss_wip	pss_wip.m_8_7_dstep_properprefix_reduce	0	1574818	isabelle/layerB/pss_wip.thy	41129	false	6740958	0	true
pss_wip.m_8_5_deepen_step	pss_wip	pss_wip.m_8_5_deepen_step	0	1575232	isabelle/layerB/pss_wip.thy	41177	false	6741204	0	true
pss_wip.m_8_5_appended_col_j1ne	pss_wip	pss_wip.m_8_5_appended_col_j1ne	0	1575342	isabelle/layerB/pss_wip.thy	41267	false	6741432	0	true
pss_wip.m_8_5_appended_col_deepen	pss_wip	pss_wip.m_8_5_appended_col_deepen	0	1575570	isabelle/layerB/pss_wip.thy	41294	false	6741560	0	true
pss_wip.m_8_5_transT2_readback	pss_wip	pss_wip.m_8_5_transT2_readback	0	1575688	isabelle/layerB/pss_wip.thy	41357	false	6741844	0	true
pss_wip.m_8_5_Mark_slice_block_readback	pss_wip	pss_wip.m_8_5_Mark_slice_block_readback	0	1575784	isabelle/layerB/pss_wip.thy	41388	false	6741984	0	true
pss_wip.spineLeaf_def	pss_wip	pss_wip.spineLeaf_def	0	1575808	isabelle/layerB/pss_wip.thy	41430	false	6742170	0	false
pss_wip.m_8_5_spineLeaf_Dpt_addBT	pss_wip	pss_wip.m_8_5_spineLeaf_Dpt_addBT	0	1575844	isabelle/layerB/pss_wip.thy	41433	false	6742288	0	true
pss_wip.m_8_5_spine_step_glue	pss_wip	pss_wip.m_8_5_spine_step_glue	0	1575942	isabelle/layerB/pss_wip.thy	41456	false	6742404	0	true
pss_wip.m_8_5_surgery_spine_step	pss_wip	pss_wip.m_8_5_surgery_spine_step	0	1576250	isabelle/layerB/pss_wip.thy	41492	false	6742642	0	true
pss_wip.m_8_5_surgery_spine_compose	pss_wip	pss_wip.m_8_5_surgery_spine_compose	0	1576406	isabelle/layerB/pss_wip.thy	41533	false	6743130	0	true
pss_wip.m_8_5_surgery_of_geom_endpoint	pss_wip	pss_wip.m_8_5_surgery_of_geom_endpoint	0	1576538	isabelle/layerB/pss_wip.thy	41594	false	6743366	0	true
pss_wip.m_8_5_base_of_surgery_pred	pss_wip	pss_wip.m_8_5_base_of_surgery_pred	0	1576576	isabelle/layerB/pss_wip.thy	41648	false	6743826	0	true
pss_wip.scbSubst_def	pss_wip	pss_wip.scbSubst_def	0	1576596	isabelle/layerB/pss_wip.thy	41685	false	6743966	0	false
pss_wip.scb_SOME_eq	pss_wip	pss_wip.scb_SOME_eq	0	1576606	isabelle/layerB/pss_wip.thy	41691	false	6744292	0	true
pss_wip.scbSubst_eq	pss_wip	pss_wip.scbSubst_eq	0	1576640	isabelle/layerB/pss_wip.thy	41703	false	6744392	0	true
pss_wip.flat_addBT_Dpt	pss_wip	pss_wip.flat_addBT_Dpt	0	1576714	isabelle/layerB/pss_wip.thy	41708	false	6744520	0	true
pss_wip.m_8_5_scbSubst_addBT_commute	pss_wip	pss_wip.m_8_5_scbSubst_addBT_commute	0	1576836	isabelle/layerB/pss_wip.thy	41737	false	6744620	0	true
pss_wip.ST_PS_take	pss_wip	pss_wip.ST_PS_take	0	1576922	isabelle/layerB/pss_wip.thy	41790	false	6744802	0	true
pss_wip.RT_PS_take	pss_wip	pss_wip.RT_PS_take	0	1576952	isabelle/layerB/pss_wip.thy	41809	false	6744896	0	true
pss_wip.T_PS_take	pss_wip	pss_wip.T_PS_take	0	1576980	isabelle/layerB/pss_wip.thy	41814	false	6744976	0	true
pss_wip.m_8_5_Mark_scbSubst_step	pss_wip	pss_wip.m_8_5_Mark_scbSubst_step	0	1577124	isabelle/layerB/pss_wip.thy	41830	false	6745094	0	true
pss_wip.m_8_5_Mark_spine_deepen	pss_wip	pss_wip.m_8_5_Mark_spine_deepen	0	1577192	isabelle/layerB/pss_wip.thy	41911	false	6745244	0	true
pss_wip.m_8_5_surgery_of_pred_geom_endpoint	pss_wip	pss_wip.m_8_5_surgery_of_pred_geom_endpoint	0	1577248	isabelle/layerB/pss_wip.thy	41933	false	6745416	0	true
pss_wip.m_8_7_dstep_wholebody	pss_wip	pss_wip.m_8_7_dstep_wholebody	0	1577440	isabelle/layerB/pss_wip.thy	41972	false	6745794	0	true
pss_wip.m_8_2_condV_rightmost_parent	pss_wip	pss_wip.m_8_2_condV_rightmost_parent	0	1577564	isabelle/layerB/pss_wip.thy	42048	false	6746044	0	true
pss_wip.fullprefix_take_eq	pss_wip	pss_wip.fullprefix_take_eq	0	1577578	isabelle/layerB/pss_wip.thy	42218	false	6746334	0	true
pss_wip.m_8_5_fullprefix_ST	pss_wip	pss_wip.m_8_5_fullprefix_ST	0	1577600	isabelle/layerB/pss_wip.thy	42229	false	6746430	0	true
pss_wip.m_8_5_fullprefix_RT	pss_wip	pss_wip.m_8_5_fullprefix_RT	0	1577632	isabelle/layerB/pss_wip.thy	42239	false	6746496	0	true
pss_wip.m_8_5_fullprefix_PT	pss_wip	pss_wip.m_8_5_fullprefix_PT	0	1577674	isabelle/layerB/pss_wip.thy	42254	false	6746596	0	true
pss_wip.m_8_5_surgery_fullprefix	pss_wip	pss_wip.m_8_5_surgery_fullprefix	0	1577906	isabelle/layerB/pss_wip.thy	42303	false	6746738	0	true
pss_wip.m_8_5_gBrne_from_gpar	pss_wip	pss_wip.m_8_5_gBrne_from_gpar	0	1578020	isabelle/layerB/pss_wip.thy	42377	false	6747070	0	true
pss_wip.m_8_5_TrMax_append_Br	pss_wip	pss_wip.m_8_5_TrMax_append_Br	0	1578088	isabelle/layerB/pss_wip.thy	42412	false	6747190	0	true
pss_wip.m_8_5_TrMax_host	pss_wip	pss_wip.m_8_5_TrMax_host	0	1578212	isabelle/layerB/pss_wip.thy	42460	false	6747334	0	true
pss_wip.m_8_5_parent0_take_prefix	pss_wip	pss_wip.m_8_5_parent0_take_prefix	0	1578298	isabelle/layerB/pss_wip.thy	42488	false	6747584	0	false
pss_wip.m_8_5_parent_host	pss_wip	pss_wip.m_8_5_parent_host	0	1578484	isabelle/layerB/pss_wip.thy	42536	false	6747712	0	true
pss_wip.oper_gen_row0_boundary_index	pss_wip	pss_wip.oper_gen_row0_boundary_index	0	1579296	isabelle/layerB/pss_wip.thy	42582	false	6747990	0	true
pss_wip.m_8_5_gpar_m0	pss_wip	pss_wip.m_8_5_gpar_m0	0	1579788	isabelle/layerB/pss_wip.thy	42805	false	6748398	0	true
pss_wip.oper_gen_row0_interior_lower	pss_wip	pss_wip.oper_gen_row0_interior_lower	0	1580766	isabelle/layerB/pss_wip.thy	42849	false	6748812	0	true
pss_wip.m_8_5_gpar_interior	pss_wip	pss_wip.m_8_5_gpar_interior	0	1581282	isabelle/layerB/pss_wip.thy	42907	false	6749328	0	true
pss_wip.m_8_5_gpar_col	pss_wip	pss_wip.m_8_5_gpar_col	0	1581928	isabelle/layerB/pss_wip.thy	42989	false	6749646	0	true
pss_wip.m_8_5_transC2_condV	pss_wip	pss_wip.m_8_5_transC2_condV	0	1582092	isabelle/layerB/pss_wip.thy	43023	false	6750122	0	false
pss_wip.m_8_5_Mark_RightNodes_split(1)	pss_wip	pss_wip.m_8_5_Mark_RightNodes_split	1	1582336	isabelle/layerB/pss_wip.thy	43042	false	6750240	0	true
pss_wip.m_8_5_Mark_RightNodes_split(2)	pss_wip	pss_wip.m_8_5_Mark_RightNodes_split	2	1582344	isabelle/layerB/pss_wip.thy	43042	false	6750240	0	true
pss_wip.m_8_5_Mark_RightNodes_split(3)	pss_wip	pss_wip.m_8_5_Mark_RightNodes_split	3	1582346	isabelle/layerB/pss_wip.thy	43042	false	6750240	0	true
pss_wip.m_8_5_Mark_RightNodes_split(4)	pss_wip	pss_wip.m_8_5_Mark_RightNodes_split	4	1582352	isabelle/layerB/pss_wip.thy	43042	false	6750240	0	true
pss_wip.m_8_5_Mark_whole_loc	pss_wip	pss_wip.m_8_5_Mark_whole_loc	0	1582518	isabelle/layerB/pss_wip.thy	43078	false	6750458	0	true
pss_wip.m_8_5_Trans_scbSubst_whole	pss_wip	pss_wip.m_8_5_Trans_scbSubst_whole	0	1582602	isabelle/layerB/pss_wip.thy	43103	false	6750598	0	true
pss_wip.m_8_5_scbSubst_netfold	pss_wip	pss_wip.m_8_5_scbSubst_netfold	0	1582716	isabelle/layerB/pss_wip.thy	43136	false	6750700	0	true
pss_wip.m_8_5_Trans_netfold_condV	pss_wip	pss_wip.m_8_5_Trans_netfold_condV	0	1582966	isabelle/layerB/pss_wip.thy	43173	false	6750822	0	true
pss_wip.m_8_5_Trans_netfold_surgery	pss_wip	pss_wip.m_8_5_Trans_netfold_surgery	0	1583172	isabelle/layerB/pss_wip.thy	43234	false	6751088	0	true
pss_wip.m_8_5_gpar_fullprefix	pss_wip	pss_wip.m_8_5_gpar_fullprefix	0	1583796	isabelle/layerB/pss_wip.thy	43320	false	6751320	0	true
pss_wip.m_8_5_cinv	pss_wip	pss_wip.m_8_5_cinv	0	1584308	isabelle/layerB/pss_wip.thy	43441	false	6752122	0	true
pss_wip.m_8_5_basepoint	pss_wip	pss_wip.m_8_5_basepoint	0	1584528	isabelle/layerB/pss_wip.thy	43530	false	6752450	0	true
pss_wip.m_8_5_brickB	pss_wip	pss_wip.m_8_5_brickB	0	1584720	isabelle/layerB/pss_wip.thy	43562	false	6752684	0	true
pss_wip.m_8_5_iterscb	pss_wip	pss_wip.m_8_5_iterscb	0	1585048	isabelle/layerB/pss_wip.thy	43586	false	6752818	0	true
pss_wip.red_slice_extend	pss_wip	pss_wip.red_slice_extend	0	1585256	isabelle/layerB/pss_wip.thy	43619	false	6753064	0	true
pss_wip.m_8_5_slice_surgery_skeleton	pss_wip	pss_wip.m_8_5_slice_surgery_skeleton	0	1585434	isabelle/layerB/pss_wip.thy	43679	false	6753204	0	true
pss_wip.seg_append_prefix	pss_wip	pss_wip.seg_append_prefix	0	1585554	isabelle/layerB/pss_wip.thy	43707	false	6753442	0	false
pss_wip.m_8_5_transC2_condI	pss_wip	pss_wip.m_8_5_transC2_condI	0	1585734	isabelle/layerB/pss_wip.thy	43726	false	6753558	0	false
pss_wip.m_8_5_condI_append_base	pss_wip	pss_wip.m_8_5_condI_append_base	0	1585854	isabelle/layerB/pss_wip.thy	43752	false	6753726	0	true
pss_wip.m_8_5_surgery_compose_to_endpoint	pss_wip	pss_wip.m_8_5_surgery_compose_to_endpoint	0	1585956	isabelle/layerB/pss_wip.thy	43797	false	6753928	0	true
pss_wip.m_8_5_reduced_slice_surgery_condI	pss_wip	pss_wip.m_8_5_reduced_slice_surgery_condI	0	1586538	isabelle/layerB/pss_wip.thy	43851	false	6754518	0	true
pss_wip.m_8_5_redslice_Adm0_condI	pss_wip	pss_wip.m_8_5_redslice_Adm0_condI	0	1586790	isabelle/layerB/pss_wip.thy	43902	false	6755234	0	true
pss_wip.m_8_5_body_of_sliceY	pss_wip	pss_wip.m_8_5_body_of_sliceY	0	1588002	isabelle/layerB/pss_wip.thy	43939	false	6755514	0	true
pss_wip.m_8_5_step2_kernel	pss_wip	pss_wip.m_8_5_step2_kernel	0	1589722	isabelle/layerB/pss_wip.thy	44001	false	6757026	0	true
pss_wip.m_8_5_TransCondV_descend_kernel	pss_wip	pss_wip.m_8_5_TransCondV_descend_kernel	0	1591906	isabelle/layerB/pss_wip.thy	44050	false	6758954	0	true
pss_wip.m_8_5_B0_derivable(1)	pss_wip	pss_wip.m_8_5_B0_derivable	1	1592090	isabelle/layerB/pss_wip.thy	44117	false	6761536	0	true
pss_wip.m_8_5_B0_derivable(2)	pss_wip	pss_wip.m_8_5_B0_derivable	2	1592098	isabelle/layerB/pss_wip.thy	44117	false	6761536	0	true
pss_wip.m_8_5_B0_derivable(3)	pss_wip	pss_wip.m_8_5_B0_derivable	3	1592102	isabelle/layerB/pss_wip.thy	44117	false	6761536	0	true
pss_wip.m_8_5_B0_uv	pss_wip	pss_wip.m_8_5_B0_uv	0	1592326	isabelle/layerB/pss_wip.thy	44153	false	6761856	0	true
pss_wip.m_8_5_transC2_shared	pss_wip	pss_wip.m_8_5_transC2_shared	0	1592392	isabelle/layerB/pss_wip.thy	44187	false	6761978	0	false
pss_wip.m_8_5_shared_append_base	pss_wip	pss_wip.m_8_5_shared_append_base	0	1592482	isabelle/layerB/pss_wip.thy	44201	false	6762092	0	true
pss_wip.m_8_5_redslice_Adm0_shared	pss_wip	pss_wip.m_8_5_redslice_Adm0_shared	0	1592678	isabelle/layerB/pss_wip.thy	44245	false	6762236	0	true
pss_wip.m_8_5_FeqC_bridge	pss_wip	pss_wip.m_8_5_FeqC_bridge	0	1592792	isabelle/layerB/pss_wip.thy	44282	false	6762548	0	true
pss_wip.m_8_5_surgC_of_skeleton	pss_wip	pss_wip.m_8_5_surgC_of_skeleton	0	1592862	isabelle/layerB/pss_wip.thy	44315	false	6762772	0	true
pss_wip.m_8_5_surgC_of_geom	pss_wip	pss_wip.m_8_5_surgC_of_geom	0	1593084	isabelle/layerB/pss_wip.thy	44348	false	6762966	0	true
pss_wip.m_8_5_C_body	pss_wip	pss_wip.m_8_5_C_body	0	1593212	isabelle/layerB/pss_wip.thy	44382	false	6763446	0	true
pss_wip.m_8_5_endpoint_of_blockC	pss_wip	pss_wip.m_8_5_endpoint_of_blockC	0	1593320	isabelle/layerB/pss_wip.thy	44416	false	6763628	0	true
pss_wip.m_8_5_blockC_of_spinelaw	pss_wip	pss_wip.m_8_5_blockC_of_spinelaw	0	1593374	isabelle/layerB/pss_wip.thy	44454	false	6763856	0	false
pss_wip.m_8_5_deepen_block_explicit	pss_wip	pss_wip.m_8_5_deepen_block_explicit	0	1593598	isabelle/layerB/pss_wip.thy	44483	false	6764002	0	true
pss_wip.m_8_5_deepen_block_row0	pss_wip	pss_wip.m_8_5_deepen_block_row0	0	1593756	isabelle/layerB/pss_wip.thy	44514	false	6764502	0	false
pss_wip.m_8_5_Pcut_of_le0_cut	pss_wip	pss_wip.m_8_5_Pcut_of_le0_cut	0	1593784	isabelle/layerB/pss_wip.thy	44533	false	6764674	0	false
pss_wip.m_8_5_slice_concat	pss_wip	pss_wip.m_8_5_slice_concat	0	1593950	isabelle/layerB/pss_wip.thy	44561	false	6764816	0	false
pss_wip.m_8_5_slice_entry0	pss_wip	pss_wip.m_8_5_slice_entry0	0	1594070	isabelle/layerB/pss_wip.thy	44595	false	6765200	0	true
pss_wip.m_8_5_Lng_slice	pss_wip	pss_wip.m_8_5_Lng_slice	0	1594104	isabelle/layerB/pss_wip.thy	44630	false	6765476	0	true
pss_wip.m_8_5_slice_nextrel0_blockstart	pss_wip	pss_wip.m_8_5_slice_nextrel0_blockstart	0	1594288	isabelle/layerB/pss_wip.thy	44658	false	6765832	0	true
pss_wip.m_8_5_slice_nextrel0_shift	pss_wip	pss_wip.m_8_5_slice_nextrel0_shift	0	1594482	isabelle/layerB/pss_wip.thy	44724	false	6766204	0	true
pss_wip.m_8_5_slice_le0_lastblock	pss_wip	pss_wip.m_8_5_slice_le0_lastblock	0	1594806	isabelle/layerB/pss_wip.thy	44794	false	6766678	0	true
pss_wip.m_8_5_slice_le0_cut	pss_wip	pss_wip.m_8_5_slice_le0_cut	0	1595216	isabelle/layerB/pss_wip.thy	44867	false	6767320	0	true
pss_wip.m_8_5_Pcut_append_block	pss_wip	pss_wip.m_8_5_Pcut_append_block	0	1595534	isabelle/layerB/pss_wip.thy	44936	false	6767854	0	true
pss_wip.m_8_5_slice_nextrel0_trap	pss_wip	pss_wip.m_8_5_slice_nextrel0_trap	0	1595772	isabelle/layerB/pss_wip.thy	44977	false	6768414	0	true
pss_wip.m_8_5_slice_le0_trap	pss_wip	pss_wip.m_8_5_slice_le0_trap	0	1595932	isabelle/layerB/pss_wip.thy	45033	false	6768882	0	true
pss_wip.m_8_5_slice_interior_nocut	pss_wip	pss_wip.m_8_5_slice_interior_nocut	0	1596296	isabelle/layerB/pss_wip.thy	45066	false	6769224	0	true
pss_wip.m_8_5_Pcut_append	pss_wip	pss_wip.m_8_5_Pcut_append	0	1596410	isabelle/layerB/pss_wip.thy	45104	false	6769572	0	true
pss_wip.m_8_5_le0M_of_parR	pss_wip	pss_wip.m_8_5_le0M_of_parR	0	1596506	isabelle/layerB/pss_wip.thy	45124	false	6769854	0	false
pss_wip.m_8_5_Pcut_append_T	pss_wip	pss_wip.m_8_5_Pcut_append_T	0	1596818	isabelle/layerB/pss_wip.thy	45148	false	6769966	0	true
pss_wip.m_8_5_Trans_scbSubst_Pred	pss_wip	pss_wip.m_8_5_Trans_scbSubst_Pred	0	1596904	isabelle/layerB/pss_wip.thy	45173	false	6770196	0	true
pss_wip.m_8_7_Trans_preserves_OT	pss_wip	pss_wip.m_8_7_Trans_preserves_OT	0	1597082	isabelle/layerB/pss_wip.thy	45218	false	6770382	0	true
pss_wip.m_8_5_scbSubst_Dpt	pss_wip	pss_wip.m_8_5_scbSubst_Dpt	0	1597132	isabelle/layerB/pss_wip.thy	45269	false	6771084	0	true
pss_wip.m_8_5_spineLeaf_scbSubst	pss_wip	pss_wip.m_8_5_spineLeaf_scbSubst	0	1597176	isabelle/layerB/pss_wip.thy	45319	false	6771314	0	true
pss_wip.m_8_5_spineLeaf_fold	pss_wip	pss_wip.m_8_5_spineLeaf_fold	0	1597228	isabelle/layerB/pss_wip.thy	45363	false	6771588	0	false
pss_wip.Trans_take_leBT	pss_wip	pss_wip.Trans_take_leBT	0	1597260	isabelle/layerB/pss_wip.thy	45391	false	6771796	0	true
pss_wip.m_8_7_eqhead_tail_from_branch_prefix	pss_wip	pss_wip.m_8_7_eqhead_tail_from_branch_prefix	0	1597348	isabelle/layerB/pss_wip.thy	45425	false	6772010	0	true
pss_wip.descP_tl	pss_wip	pss_wip.descP_tl	0	1597394	isabelle/layerB/pss_wip.thy	45454	false	6772184	0	true
pss_wip.descP_Cons_hd_le	pss_wip	pss_wip.descP_Cons_hd_le	0	1597520	isabelle/layerB/pss_wip.thy	45457	false	6772254	0	true
pss_wip.descP_append	pss_wip	pss_wip.descP_append	0	1597784	isabelle/layerB/pss_wip.thy	45461	false	6772412	0	true
pss_wip.trans_multi_split_full	pss_wip	pss_wip.trans_multi_split_full	0	1597940	isabelle/layerB/pss_wip.thy	45489	false	6772630	0	true
pss_wip.m_8_7_Trans_OT_nonkey	pss_wip	pss_wip.m_8_7_Trans_OT_nonkey	0	1598374	isabelle/layerB/pss_wip.thy	45546	false	6772902	0	true
pss_wip.m_8_7_Trans_preserves_OT_modulo	pss_wip	pss_wip.m_8_7_Trans_preserves_OT_modulo	0	1599184	isabelle/layerB/pss_wip.thy	45728	false	6773556	0	true
pss_wip.m_8_5_surgC_of_blockC	pss_wip	pss_wip.m_8_5_surgC_of_blockC	0	1599572	isabelle/layerB/pss_wip.thy	45776	false	6774440	0	true
pss_wip.m_8_5_endpoint_of_surgshape	pss_wip	pss_wip.m_8_5_endpoint_of_surgshape	0	1599676	isabelle/layerB/pss_wip.thy	45810	false	6775152	0	true
pss_wip.m_8_7_multiD_junction	pss_wip	pss_wip.m_8_7_multiD_junction	0	1599856	isabelle/layerB/pss_wip.thy	45836	false	6775626	0	true
pss_wip.m_8_5_fold_of_colstep	pss_wip	pss_wip.m_8_5_fold_of_colstep	0	1599906	isabelle/layerB/pss_wip.thy	46000	false	6776002	0	true
pss_wip.m_8_5_fold_of_colstep_partial	pss_wip	pss_wip.m_8_5_fold_of_colstep_partial	0	1600014	isabelle/layerB/pss_wip.thy	46040	false	6776166	0	true
pss_wip.m_8_5_Mark_netfold_condV	pss_wip	pss_wip.m_8_5_Mark_netfold_condV	0	1600066	isabelle/layerB/pss_wip.thy	46095	false	6776398	0	true
pss_wip.m_8_5_scbSubst_whole	pss_wip	pss_wip.m_8_5_scbSubst_whole	0	1600168	isabelle/layerB/pss_wip.thy	46162	false	6776900	0	true
pss_wip.m_8_5_spineLeaf_scbSubst_whole	pss_wip	pss_wip.m_8_5_spineLeaf_scbSubst_whole	0	1600220	isabelle/layerB/pss_wip.thy	46175	false	6777028	0	true
pss_wip.m_8_5_Mark_bpHeadT_step_condV	pss_wip	pss_wip.m_8_5_Mark_bpHeadT_step_condV	0	1600296	isabelle/layerB/pss_wip.thy	46193	false	6777142	0	true
pss_wip.m_8_5_Mark_bpHeadT_step_condVI	pss_wip	pss_wip.m_8_5_Mark_bpHeadT_step_condVI	0	1600418	isabelle/layerB/pss_wip.thy	46225	false	6777358	0	true
pss_wip.m_8_5_Mark_bpHeadT_step_tt2zero	pss_wip	pss_wip.m_8_5_Mark_bpHeadT_step_tt2zero	0	1600484	isabelle/layerB/pss_wip.thy	46245	false	6777536	0	true
pss_wip.m_8_5_Mark_bpHeadT_step_else	pss_wip	pss_wip.m_8_5_Mark_bpHeadT_step_else	0	1600546	isabelle/layerB/pss_wip.thy	46273	false	6777806	0	true
pss_wip.rspine_def	pss_wip	pss_wip.rspine_def	0	1600578	isabelle/layerB/pss_wip.thy	46316	true	6778402	0	false
pss_wip.rspine.simps(1)	pss_wip	pss_wip.rspine.simps	1	1600596	isabelle/layerB/pss_wip.thy	46316	false	6778402	0	true
pss_wip.rspine.simps(2)	pss_wip	pss_wip.rspine.simps	2	1600598	isabelle/layerB/pss_wip.thy	46316	false	6778402	0	true
pss_wip.rspine_nonempty	pss_wip	pss_wip.rspine_nonempty	0	1600628	isabelle/layerB/pss_wip.thy	46322	false	6778888	0	true
pss_wip.rspine_scb_decomp	pss_wip	pss_wip.rspine_scb_decomp	0	1600650	isabelle/layerB/pss_wip.thy	46334	false	6779142	0	true
pss_wip.rspine_spineLeaf_nav	pss_wip	pss_wip.rspine_spineLeaf_nav	0	1600662	isabelle/layerB/pss_wip.thy	46371	false	6779306	0	true
pss_wip.rspine_spineLeaf_scbSubst	pss_wip	pss_wip.rspine_spineLeaf_scbSubst	0	1600674	isabelle/layerB/pss_wip.thy	46388	false	6779424	0	true
pss_wip.rspine_funpow_scbSubst_commute	pss_wip	pss_wip.rspine_funpow_scbSubst_commute	0	1600720	isabelle/layerB/pss_wip.thy	46435	false	6779576	0	true
pss_wip.b3b_spineLeaf_fold_drive	pss_wip	pss_wip.b3b_spineLeaf_fold_drive	0	1600760	isabelle/layerB/pss_wip.thy	46487	false	6779822	0	true
pss_wip.b3_markstep_skeleton	pss_wip	pss_wip.b3_markstep_skeleton	0	1600790	isabelle/layerB/pss_wip.thy	46557	false	6780170	0	false
pss_wip.rnav_def	pss_wip	pss_wip.rnav_def	0	1600800	isabelle/layerB/pss_wip.thy	46586	false	6780326	0	false
pss_wip.rnav_addBT	pss_wip	pss_wip.rnav_addBT	0	1600812	isabelle/layerB/pss_wip.thy	46589	false	6780524	0	true
pss_wip.rnav_Dpt	pss_wip	pss_wip.rnav_Dpt	0	1600822	isabelle/layerB/pss_wip.thy	46595	false	6780598	0	true
pss_wip.rspine_r_def	pss_wip	pss_wip.rspine_r_def	0	1600836	isabelle/layerB/pss_wip.thy	46598	true	6780684	0	false
pss_wip.rspine_r.simps(1)	pss_wip	pss_wip.rspine_r.simps	1	1600854	isabelle/layerB/pss_wip.thy	46598	false	6780684	0	true
pss_wip.rspine_r.simps(2)	pss_wip	pss_wip.rspine_r.simps	2	1600858	isabelle/layerB/pss_wip.thy	46598	false	6780684	0	true
pss_wip.rspine_r_nonempty	pss_wip	pss_wip.rspine_r_nonempty	0	1600874	isabelle/layerB/pss_wip.thy	46603	false	6780906	0	true
pss_wip.rnav_scbSubst_step	pss_wip	pss_wip.rnav_scbSubst_step	0	1600910	isabelle/layerB/pss_wip.thy	46616	false	6780978	0	true
pss_wip.rspine_r_scb_decomp	pss_wip	pss_wip.rspine_r_scb_decomp	0	1600966	isabelle/layerB/pss_wip.thy	46633	false	6781132	0	true
pss_wip.rspine_r_nav	pss_wip	pss_wip.rspine_r_nav	0	1601006	isabelle/layerB/pss_wip.thy	46673	false	6781274	0	true
pss_wip.rspine_r_scbSubst	pss_wip	pss_wip.rspine_r_scbSubst	0	1601080	isabelle/layerB/pss_wip.thy	46689	false	6781376	0	true
pss_wip.rspine_r_funpow_scbSubst_commute	pss_wip	pss_wip.rspine_r_funpow_scbSubst_commute	0	1601120	isabelle/layerB/pss_wip.thy	46715	false	6781520	0	true
pss_wip.b3b_rnav_fold_drive	pss_wip	pss_wip.b3b_rnav_fold_drive	0	1601222	isabelle/layerB/pss_wip.thy	46743	false	6781668	0	true
pss_wip.b3_markstep_skeleton_rnav	pss_wip	pss_wip.b3_markstep_skeleton_rnav	0	1601410	isabelle/layerB/pss_wip.thy	46804	false	6781920	0	false
pss_wip.bpHeadT_eq_rnav	pss_wip	pss_wip.bpHeadT_eq_rnav	0	1601462	isabelle/layerB/pss_wip.thy	46827	false	6782084	0	true
pss_wip.bpHeadT_rnav_Dpt	pss_wip	pss_wip.bpHeadT_rnav_Dpt	0	1601490	isabelle/layerB/pss_wip.thy	46838	false	6782176	0	true
pss_wip.m_8_5_funpow_Inv	pss_wip	pss_wip.m_8_5_funpow_Inv	0	1601534	isabelle/layerB/pss_wip.thy	46869	false	6782260	0	false
pss_wip.m_8_5_keystone_telescope	pss_wip	pss_wip.m_8_5_keystone_telescope	0	1601656	isabelle/layerB/pss_wip.thy	46879	false	6782366	0	false
pss_wip.m_8_5_keystone_recursion	pss_wip	pss_wip.m_8_5_keystone_recursion	0	1601836	isabelle/layerB/pss_wip.thy	46911	false	6782516	0	false
pss_wip.m_8_5_keystone_allq	pss_wip	pss_wip.m_8_5_keystone_allq	0	1601924	isabelle/layerB/pss_wip.thy	46932	false	6782640	0	false
pss_wip.m_8_5_anchor_col	pss_wip	pss_wip.m_8_5_anchor_col	0	1601962	isabelle/layerB/pss_wip.thy	46978	false	6782806	0	true
pss_wip.m_8_5_anchor_fold	pss_wip	pss_wip.m_8_5_anchor_fold	0	1602074	isabelle/layerB/pss_wip.thy	47006	false	6782936	0	true
pss_wip.m_8_5_Mark_netfold_via_anchor	pss_wip	pss_wip.m_8_5_Mark_netfold_via_anchor	0	1602362	isabelle/layerB/pss_wip.thy	47054	false	6783136	0	true
pss_wip.m_8_5_marked_adm_persist	pss_wip	pss_wip.m_8_5_marked_adm_persist	0	1602482	isabelle/layerB/pss_wip.thy	47120	false	6783554	0	false
pss_wip.m_8_5_marked_le0_step	pss_wip	pss_wip.m_8_5_marked_le0_step	0	1602582	isabelle/layerB/pss_wip.thy	47137	false	6783638	0	false
pss_wip.m_8_5_monoT_le0_all	pss_wip	pss_wip.m_8_5_monoT_le0_all	0	1602592	isabelle/layerB/pss_wip.thy	47180	false	6783832	0	true
pss_wip.m_8_5_nextrel0_rtrancl_last_step	pss_wip	pss_wip.m_8_5_nextrel0_rtrancl_last_step	0	1602608	isabelle/layerB/pss_wip.thy	47244	false	6783926	0	false
pss_wip.m_8_5_le0_ancestor_linear	pss_wip	pss_wip.m_8_5_le0_ancestor_linear	0	1602620	isabelle/layerB/pss_wip.thy	47255	false	6784062	0	false
pss_wip.m_8_5_marked_requires_last_component	pss_wip	pss_wip.m_8_5_marked_requires_last_component	0	1602628	isabelle/layerB/pss_wip.thy	47335	false	6784208	0	true
pss_wip.m_8_5_Mark_multi_raw	pss_wip	pss_wip.m_8_5_Mark_multi_raw	0	1602640	isabelle/layerB/pss_wip.thy	47376	false	6784316	0	true
pss_wip.m_8_5_PJ_marked0	pss_wip	pss_wip.m_8_5_PJ_marked0	0	1602646	isabelle/layerB/pss_wip.thy	47402	false	6784450	0	true
pss_wip.m_8_5_anchor_col_trunkstuck	pss_wip	pss_wip.m_8_5_anchor_col_trunkstuck	0	1602652	isabelle/layerB/pss_wip.thy	47435	false	6784604	0	true
pss_wip.m_8_5_hasParent0_of_entry0_lt	pss_wip	pss_wip.m_8_5_hasParent0_of_entry0_lt	0	1602658	isabelle/layerB/pss_wip.thy	47538	false	6784716	0	true
pss_wip.m_8_5_R2b_of_hasParent0	pss_wip	pss_wip.m_8_5_R2b_of_hasParent0	0	1602664	isabelle/layerB/pss_wip.thy	47553	false	6784780	0	true
pss_wip.m_8_5_trunkstuck_hyps_of_hasParent0(1)	pss_wip	pss_wip.m_8_5_trunkstuck_hyps_of_hasParent0	1	1602670	isabelle/layerB/pss_wip.thy	47571	false	6784850	0	true
pss_wip.m_8_5_trunkstuck_hyps_of_hasParent0(2)	pss_wip	pss_wip.m_8_5_trunkstuck_hyps_of_hasParent0	2	1602672	isabelle/layerB/pss_wip.thy	47571	false	6784850	0	true
pss_wip.m_8_5_anchor_col_trunkstuck_regime	pss_wip	pss_wip.m_8_5_anchor_col_trunkstuck_regime	0	1602678	isabelle/layerB/pss_wip.thy	47586	false	6784998	0	true
pss_wip.m_8_5_hasParent0_of_pcut_entry_lt	pss_wip	pss_wip.m_8_5_hasParent0_of_pcut_entry_lt	0	1602684	isabelle/layerB/pss_wip.thy	47657	false	6785214	0	true
pss_wip.m_8_5_Pcut_cut_witness	pss_wip	pss_wip.m_8_5_Pcut_cut_witness	0	1602690	isabelle/layerB/pss_wip.thy	47715	false	6785308	0	true
pss_wip.m_8_5_Pcut_nocut_witness	pss_wip	pss_wip.m_8_5_Pcut_nocut_witness	0	1602696	isabelle/layerB/pss_wip.thy	47797	false	6785412	0	true
pss_wip.m_8_5_Pcut_freezes	pss_wip	pss_wip.m_8_5_Pcut_freezes	0	1602702	isabelle/layerB/pss_wip.thy	47938	false	6785538	0	true
pss_wip.m_8_5_reset_Pcut_jump	pss_wip	pss_wip.m_8_5_reset_Pcut_jump	0	1602708	isabelle/layerB/pss_wip.thy	47973	false	6785626	0	false
pss_wip.m_8_5_Pcut_reset_freeze	pss_wip	pss_wip.m_8_5_Pcut_reset_freeze	0	1602714	isabelle/layerB/pss_wip.thy	48017	false	6785724	0	true
pss_wip.m_8_5_Pcut_reset_witness	pss_wip	pss_wip.m_8_5_Pcut_reset_witness	0	1602764	isabelle/layerB/pss_wip.thy	48072	false	6785860	0	true
pss_wip.m_8_5_Pcut_nonreset_witness	pss_wip	pss_wip.m_8_5_Pcut_nonreset_witness	0	1602874	isabelle/layerB/pss_wip.thy	48131	false	6786080	0	true
pss_wip.m_8_5_Pcut_witness_of_smaller_at	pss_wip	pss_wip.m_8_5_Pcut_witness_of_smaller_at	0	1602934	isabelle/layerB/pss_wip.thy	48264	false	6786352	0	true
pss_wip.m_8_5_Pcut_witness_of_entry0	pss_wip	pss_wip.m_8_5_Pcut_witness_of_entry0	0	1602988	isabelle/layerB/pss_wip.thy	48297	false	6786442	0	true
pss_wip.m_8_5_anchor_col_trunkstuck_regime2	pss_wip	pss_wip.m_8_5_anchor_col_trunkstuck_regime2	0	1603072	isabelle/layerB/pss_wip.thy	48310	false	6786528	0	true
pss_wip.m_8_5_anchor_fold_mixed	pss_wip	pss_wip.m_8_5_anchor_fold_mixed	0	1603174	isabelle/layerB/pss_wip.thy	48349	false	6786628	0	true
pss_wip.m_8_5_dfree_transC1_std	pss_wip	pss_wip.m_8_5_dfree_transC1_std	0	1603182	isabelle/layerB/pss_wip.thy	48420	false	6786852	0	true
pss_wip.m_8_5_isPTB_str_transC2_std	pss_wip	pss_wip.m_8_5_isPTB_str_transC2_std	0	1603190	isabelle/layerB/pss_wip.thy	48444	false	6786908	0	true
pss_wip.m_8_5_Mark_netfold_condV_partial	pss_wip	pss_wip.m_8_5_Mark_netfold_condV_partial	0	1603200	isabelle/layerB/pss_wip.thy	48487	false	6786994	0	true
pss_wip.m_8_5_fold_C_commute	pss_wip	pss_wip.m_8_5_fold_C_commute	0	1603268	isabelle/layerB/pss_wip.thy	48561	false	6787170	0	true
pss_wip.m_8_5_C_rnav	pss_wip	pss_wip.m_8_5_C_rnav	0	1603418	isabelle/layerB/pss_wip.thy	48619	false	6787390	0	true
pss_wip.m_8_5_C_rnav_funpow	pss_wip	pss_wip.m_8_5_C_rnav_funpow	0	1603560	isabelle/layerB/pss_wip.thy	48638	false	6787546	0	true
pss_wip.m_8_5_markstep_of_Trans_keystone	pss_wip	pss_wip.m_8_5_markstep_of_Trans_keystone	0	1604038	isabelle/layerB/pss_wip.thy	48674	false	6787680	0	true
pss_wip.m_8_5_surgC_of_keystone	pss_wip	pss_wip.m_8_5_surgC_of_keystone	0	1604060	isabelle/layerB/pss_wip.thy	48710	false	6787904	0	false
pss_wip.m_8_5_op_of_monoT	pss_wip	pss_wip.m_8_5_op_of_monoT	0	1604144	isabelle/layerB/pss_wip.thy	48730	false	6788076	0	true
pss_wip.m_8_5_op_of_Marked	pss_wip	pss_wip.m_8_5_op_of_Marked	0	1604328	isabelle/layerB/pss_wip.thy	48751	false	6788194	0	true
pss_wip.m_8_5_Mark_headform	pss_wip	pss_wip.m_8_5_Mark_headform	0	1604442	isabelle/layerB/pss_wip.thy	48777	false	6788320	0	true
pss_wip.m_8_5_Mark_nonzero	pss_wip	pss_wip.m_8_5_Mark_nonzero	0	1604576	isabelle/layerB/pss_wip.thy	48796	false	6788436	0	true
pss_wip.m_8_5_Mark_nonzero_fold	pss_wip	pss_wip.m_8_5_Mark_nonzero_fold	0	1604772	isabelle/layerB/pss_wip.thy	48820	false	6788536	0	true
pss_wip.m_8_5_Mark_fold_C_commute	pss_wip	pss_wip.m_8_5_Mark_fold_C_commute	0	1605016	isabelle/layerB/pss_wip.thy	48852	false	6788680	0	true
pss_wip.m_8_5_entry_append_prefix	pss_wip	pss_wip.m_8_5_entry_append_prefix	0	1605028	isabelle/layerB/pss_wip.thy	48925	false	6788928	0	false
pss_wip.m_8_5_entry_jm1_step	pss_wip	pss_wip.m_8_5_entry_jm1_step	0	1605134	isabelle/layerB/pss_wip.thy	48935	false	6789016	0	false
pss_wip.m_8_5_entry_jm1_const	pss_wip	pss_wip.m_8_5_entry_jm1_const	0	1605254	isabelle/layerB/pss_wip.thy	48948	false	6789128	0	false
pss_wip.m_8_5_Lng_iterate_mono	pss_wip	pss_wip.m_8_5_Lng_iterate_mono	0	1605340	isabelle/layerB/pss_wip.thy	48973	false	6789244	0	true
pss_wip.m_8_5_entry_jm1_const_regime	pss_wip	pss_wip.m_8_5_entry_jm1_const_regime	0	1605438	isabelle/layerB/pss_wip.thy	48997	false	6789354	0	true
pss_wip.m_8_5_surgC_instance_of_keystone	pss_wip	pss_wip.m_8_5_surgC_instance_of_keystone	0	1605884	isabelle/layerB/pss_wip.thy	49028	false	6789556	0	true
pss_wip.Shift_def	pss_wip	pss_wip.Shift_def	0	1605978	isabelle/layerB/pss_wip.thy	49155	false	6790180	0	false
pss_wip.Lng_Shift	pss_wip	pss_wip.Lng_Shift	0	1606022	isabelle/layerB/pss_wip.thy	49158	false	6790278	0	false
pss_wip.entry_Shift	pss_wip	pss_wip.entry_Shift	0	1606056	isabelle/layerB/pss_wip.thy	49161	false	6790332	0	false
pss_wip.nextrel0_Shift	pss_wip	pss_wip.nextrel0_Shift	0	1606084	isabelle/layerB/pss_wip.thy	49166	false	6790404	0	false
pss_wip.le0_Shift	pss_wip	pss_wip.le0_Shift	0	1606102	isabelle/layerB/pss_wip.thy	49180	false	6790464	0	false
pss_wip.nextrel1_Shift	pss_wip	pss_wip.nextrel1_Shift	0	1606142	isabelle/layerB/pss_wip.thy	49186	false	6790520	0	false
pss_wip.le1_Shift	pss_wip	pss_wip.le1_Shift	0	1606158	isabelle/layerB/pss_wip.thy	49208	false	6790594	0	false
pss_wip.nextR_Shift	pss_wip	pss_wip.nextR_Shift	0	1606224	isabelle/layerB/pss_wip.thy	49214	false	6790664	0	false
pss_wip.leR_Shift	pss_wip	pss_wip.leR_Shift	0	1606312	isabelle/layerB/pss_wip.thy	49217	false	6790732	0	false
pss_wip.hasParent_Shift	pss_wip	pss_wip.hasParent_Shift	0	1606362	isabelle/layerB/pss_wip.thy	49220	false	6790806	0	false
pss_wip.parent_Shift	pss_wip	pss_wip.parent_Shift	0	1606420	isabelle/layerB/pss_wip.thy	49223	false	6790878	0	false
pss_wip.Pred_Shift	pss_wip	pss_wip.Pred_Shift	0	1606458	isabelle/layerB/pss_wip.thy	49231	false	6790940	0	false
pss_wip.idx1_Shift	pss_wip	pss_wip.idx1_Shift	0	1606508	isabelle/layerB/pss_wip.thy	49234	false	6790982	0	false
pss_wip.nextR_parent_witness	pss_wip	pss_wip.nextR_parent_witness	0	1606546	isabelle/layerB/pss_wip.thy	49253	false	6791074	0	false
pss_wip.oper_Shift	pss_wip	pss_wip.oper_Shift	0	1606648	isabelle/layerB/pss_wip.thy	49258	false	6791130	0	true
pss_wip.seg_Shift	pss_wip	pss_wip.seg_Shift	0	1606706	isabelle/layerB/pss_wip.thy	49420	false	6791210	0	false
pss_wip.append_Shift	pss_wip	pss_wip.append_Shift	0	1606734	isabelle/layerB/pss_wip.thy	49437	false	6791378	0	false
pss_wip.take_Shift	pss_wip	pss_wip.take_Shift	0	1606750	isabelle/layerB/pss_wip.thy	49440	false	6791472	0	false
pss_wip.entry00_lt_fstcol_Shift	pss_wip	pss_wip.entry00_lt_fstcol_Shift	0	1606782	isabelle/layerB/pss_wip.thy	49447	false	6791552	0	false
pss_wip.m_8_5_oper_genform0	pss_wip	pss_wip.m_8_5_oper_genform0	0	1606904	isabelle/layerB/pss_wip.thy	49515	false	6791666	0	true
pss_wip.m_8_5_deepen_block_explicit0	pss_wip	pss_wip.m_8_5_deepen_block_explicit0	0	1607018	isabelle/layerB/pss_wip.thy	49555	false	6791920	0	true
pss_wip.m_8_5_Pcut_adm	pss_wip	pss_wip.m_8_5_Pcut_adm	0	1607100	isabelle/layerB/pss_wip.thy	49585	false	6792294	0	true
pss_wip.m_8_5_Pcut_le_Adm_parent0	pss_wip	pss_wip.m_8_5_Pcut_le_Adm_parent0	0	1607196	isabelle/layerB/pss_wip.thy	49631	false	6792370	0	true
pss_wip.m_8_5_witness_of_small_prefix	pss_wip	pss_wip.m_8_5_witness_of_small_prefix	0	1607282	isabelle/layerB/pss_wip.thy	49670	false	6792472	0	true
pss_wip.m_8_5_basecut_small0	pss_wip	pss_wip.m_8_5_basecut_small0	0	1607514	isabelle/layerB/pss_wip.thy	49690	false	6792626	0	true
pss_wip.m_8_5_basecut_small1	pss_wip	pss_wip.m_8_5_basecut_small1	0	1607682	isabelle/layerB/pss_wip.thy	49759	false	6792936	0	true
pss_wip.m_8_5_basecut_residual	pss_wip	pss_wip.m_8_5_basecut_residual	0	1607846	isabelle/layerB/pss_wip.thy	49823	false	6793248	0	true
pss_wip.m_8_5_trunkstuck_basecut_witness	pss_wip	pss_wip.m_8_5_trunkstuck_basecut_witness	0	1608174	isabelle/layerB/pss_wip.thy	49878	false	6793652	0	true
pss_wip.m_8_5_anchor_col_trunkstuck_basecut	pss_wip	pss_wip.m_8_5_anchor_col_trunkstuck_basecut	0	1608772	isabelle/layerB/pss_wip.thy	49932	false	6794222	0	true
pss_wip.m_8_5_colcase_trunkstuck_basecut	pss_wip	pss_wip.m_8_5_colcase_trunkstuck_basecut	0	1617434	isabelle/layerB/pss_wip.thy	49964	false	6795634	0	true
pss_wip.b1x_le_less_trans	pss_wip	pss_wip.b1x_le_less_trans	0	1617614	isabelle/layerB/pss_wip.thy	50022	false	6804502	0	true
pss_wip.b1x_less_le_trans	pss_wip	pss_wip.b1x_less_le_trans	0	1617654	isabelle/layerB/pss_wip.thy	50033	false	6804578	0	true
pss_wip.b1x_size_last_lt	pss_wip	pss_wip.b1x_size_last_lt	0	1617730	isabelle/layerB/pss_wip.thy	50046	false	6804662	0	true
pss_wip.b1x_mono	pss_wip	pss_wip.b1x_mono	0	1617842	isabelle/layerB/pss_wip.thy	50059	false	6804760	0	true
pss_wip.b1x_TBv_dom_hd_gt	pss_wip	pss_wip.b1x_TBv_dom_hd_gt	0	1617944	isabelle/layerB/pss_wip.thy	50126	false	6804854	0	true
pss_wip.b1x_lowerbound	pss_wip	pss_wip.b1x_lowerbound	0	1617996	isabelle/layerB/pss_wip.thy	50147	false	6804978	0	true
pss_wip.b1x_GBT_size	pss_wip	pss_wip.b1x_GBT_size	0	1618004	isabelle/layerB/pss_wip.thy	50212	false	6805074	0	true
pss_wip.b1x_GBT_trans	pss_wip	pss_wip.b1x_GBT_trans	0	1618032	isabelle/layerB/pss_wip.thy	50234	false	6805122	0	true
pss_wip.b1x_GBT_antitone	pss_wip	pss_wip.b1x_GBT_antitone	0	1618038	isabelle/layerB/pss_wip.thy	50257	false	6805194	0	true
pss_wip.b1x_GBT_numBT	pss_wip	pss_wip.b1x_GBT_numBT	0	1618046	isabelle/layerB/pss_wip.thy	50285	false	6805268	0	true
pss_wip.b1x_GBT_TBv_small_empty	pss_wip	pss_wip.b1x_GBT_TBv_small_empty	0	1618058	isabelle/layerB/pss_wip.thy	50288	false	6805338	0	true
pss_wip.b1x_setle_def	pss_wip	pss_wip.b1x_setle_def	0	1618138	isabelle/layerB/pss_wip.thy	50305	false	6805436	0	false
pss_wip.b1x_setle_subset	pss_wip	pss_wip.b1x_setle_subset	0	1618172	isabelle/layerB/pss_wip.thy	50308	false	6805606	0	false
pss_wip.b1x_setle_widen	pss_wip	pss_wip.b1x_setle_widen	0	1618204	isabelle/layerB/pss_wip.thy	50311	false	6805656	0	false
pss_wip.b1x_setle_union	pss_wip	pss_wip.b1x_setle_union	0	1618240	isabelle/layerB/pss_wip.thy	50314	false	6805816	0	false
pss_wip.b1x_triG_def	pss_wip	pss_wip.b1x_triG_def	0	1618336	isabelle/layerB/pss_wip.thy	50322	false	6805918	0	false
pss_wip.b1x_triG_I	pss_wip	pss_wip.b1x_triG_I	0	1618364	isabelle/layerB/pss_wip.thy	50327	false	6806092	0	false
pss_wip.b1x_triG_D	pss_wip	pss_wip.b1x_triG_D	0	1618380	isabelle/layerB/pss_wip.thy	50333	false	6806198	0	false
pss_wip.b1x_G_control	pss_wip	pss_wip.b1x_G_control	0	1618396	isabelle/layerB/pss_wip.thy	50342	false	6806354	0	true
pss_wip.b1x_sandwich_prefix	pss_wip	pss_wip.b1x_sandwich_prefix	0	1618458	isabelle/layerB/pss_wip.thy	50424	false	6806516	0	true
pss_wip.b1x_sandwich_Dpt	pss_wip	pss_wip.b1x_sandwich_Dpt	0	1618542	isabelle/layerB/pss_wip.thy	50455	false	6806658	0	true
pss_wip.b1x_triG_addBT	pss_wip	pss_wip.b1x_triG_addBT	0	1618624	isabelle/layerB/pss_wip.thy	50486	false	6806878	0	true
pss_wip.b1x_triG_Dpt	pss_wip	pss_wip.b1x_triG_Dpt	0	1618718	isabelle/layerB/pss_wip.thy	50515	false	6806970	0	true
pss_wip.b1x_domB_shape	pss_wip	pss_wip.b1x_domB_shape	0	1618816	isabelle/layerB/pss_wip.thy	50545	false	6807186	0	true
pss_wip.b1x_operB_NatSet_nonzero	pss_wip	pss_wip.b1x_operB_NatSet_nonzero	0	1618872	isabelle/layerB/pss_wip.thy	50593	false	6807394	0	true
pss_wip.b1x_domB_nonempty	pss_wip	pss_wip.b1x_domB_nonempty	0	1618904	isabelle/layerB/pss_wip.thy	50656	false	6807474	0	true
pss_wip.b1x_descP_append	pss_wip	pss_wip.b1x_descP_append	0	1619018	isabelle/layerB/pss_wip.thy	50706	false	6807570	0	true
pss_wip.b1x_master	pss_wip	pss_wip.b1x_master	0	1619274	isabelle/layerB/pss_wip.thy	50744	false	6807944	0	true
pss_wip.m_buc1_3_2_OT_B_closed	pss_wip	pss_wip.m_buc1_3_2_OT_B_closed	0	1619336	isabelle/layerB/pss_wip.thy	51232	false	6808150	0	true
pss_wip.m_8_5_scbdec_c1_shape(1)	pss_wip	pss_wip.m_8_5_scbdec_c1_shape	1	1619402	isabelle/layerB/pss_wip.thy	51286	false	6808340	0	true
pss_wip.m_8_5_scbdec_c1_shape(2)	pss_wip	pss_wip.m_8_5_scbdec_c1_shape	2	1619404	isabelle/layerB/pss_wip.thy	51286	false	6808340	0	true
pss_wip.m_8_5_scbdec_c1_shape(3)	pss_wip	pss_wip.m_8_5_scbdec_c1_shape	3	1619406	isabelle/layerB/pss_wip.thy	51286	false	6808340	0	true
pss_wip.m_8_5_scbdec_c1_shape(4)	pss_wip	pss_wip.m_8_5_scbdec_c1_shape	4	1619408	isabelle/layerB/pss_wip.thy	51286	false	6808340	0	true
pss_wip.m_8_5_scbdec_c2_condV	pss_wip	pss_wip.m_8_5_scbdec_c2_condV	0	1619480	isabelle/layerB/pss_wip.thy	51357	false	6808514	0	true
pss_wip.m_8_5_scbdec_c2_sb_subst	pss_wip	pss_wip.m_8_5_scbdec_c2_sb_subst	0	1619592	isabelle/layerB/pss_wip.thy	51411	false	6808664	0	true
pss_wip.m_8_5_scbdec_fseq_condV	pss_wip	pss_wip.m_8_5_scbdec_fseq_condV	0	1619846	isabelle/layerB/pss_wip.thy	51466	false	6808860	0	true
pss_wip.m_8_5_scbdec_oper1_core_condV	pss_wip	pss_wip.m_8_5_scbdec_oper1_core_condV	0	1620112	isabelle/layerB/pss_wip.thy	51633	false	6809144	0	true
pss_wip.m_8_5_scbdec_exchange1_n1_condV	pss_wip	pss_wip.m_8_5_scbdec_exchange1_n1_condV	0	1620190	isabelle/layerB/pss_wip.thy	51728	false	6809334	0	true
pss_wip.f7x_addBT_assoc	pss_wip	pss_wip.f7x_addBT_assoc	0	1620230	isabelle/layerB/pss_wip.thy	51787	false	6809512	0	true
pss_wip.f7x_addBT_zero_right	pss_wip	pss_wip.f7x_addBT_zero_right	0	1620260	isabelle/layerB/pss_wip.thy	51790	false	6809572	0	true
pss_wip.f7x_multBT_single	pss_wip	pss_wip.f7x_multBT_single	0	1620310	isabelle/layerB/pss_wip.thy	51795	false	6809650	0	true
pss_wip.f7x_multBT_lessBT_principal	pss_wip	pss_wip.f7x_multBT_lessBT_principal	0	1620352	isabelle/layerB/pss_wip.thy	51801	false	6809742	0	true
pss_wip.f7x_Dpow_lessBT_Dpt	pss_wip	pss_wip.f7x_Dpow_lessBT_Dpt	0	1620388	isabelle/layerB/pss_wip.thy	51815	false	6809856	0	true
pss_wip.f7x_lessBT_D00_imp_zero	pss_wip	pss_wip.f7x_lessBT_D00_imp_zero	0	1620422	isabelle/layerB/pss_wip.thy	51828	false	6809968	0	true
pss_wip.f7x_concat_replicate_single	pss_wip	pss_wip.f7x_concat_replicate_single	0	1620472	isabelle/layerB/pss_wip.thy	51853	false	6810048	0	false
pss_wip.f7x_concat_map_singleton	pss_wip	pss_wip.f7x_concat_map_singleton	0	1620502	isabelle/layerB/pss_wip.thy	51856	false	6810128	0	false
pss_wip.f7x_parent_one_zero	pss_wip	pss_wip.f7x_parent_one_zero	0	1620512	isabelle/layerB/pss_wip.thy	51861	false	6810218	0	false
pss_wip.f7x_adm_zero	pss_wip	pss_wip.f7x_adm_zero	0	1620520	isabelle/layerB/pss_wip.thy	51875	false	6810306	0	true
pss_wip.f7x_Trans_append_Pblocks	pss_wip	pss_wip.f7x_Trans_append_Pblocks	0	1620532	isabelle/layerB/pss_wip.thy	51888	false	6810406	0	true
pss_wip.f7x_fseq_descend_mono	pss_wip	pss_wip.f7x_fseq_descend_mono	0	1620648	isabelle/layerB/pss_wip.thy	52051	false	6810558	0	true
pss_wip.m_8_7_fseq_descend_dispatcher	pss_wip	pss_wip.m_8_7_fseq_descend_dispatcher	0	1621058	isabelle/layerB/pss_wip.thy	52353	false	6811282	0	true
pss_wip.m_8_7_fseq_descend_of_exchange	pss_wip	pss_wip.m_8_7_fseq_descend_of_exchange	0	1621180	isabelle/layerB/pss_wip.thy	52573	false	6811828	0	true
pss_wip.s84x_jm2_def	pss_wip	pss_wip.s84x_jm2_def	0	1621192	isabelle/layerB/pss_wip.thy	52620	false	6812240	0	false
pss_wip.s84x_jm3_def	pss_wip	pss_wip.s84x_jm3_def	0	1621200	isabelle/layerB/pss_wip.thy	52623	false	6812298	0	false
pss_wip.s84x_N_def	pss_wip	pss_wip.s84x_N_def	0	1621210	isabelle/layerB/pss_wip.thy	52626	false	6812356	0	false
pss_wip.s84x_Np_def	pss_wip	pss_wip.s84x_Np_def	0	1621218	isabelle/layerB/pss_wip.thy	52629	false	6812414	0	false
pss_wip.s84x_Lp_def	pss_wip	pss_wip.s84x_Lp_def	0	1621242	isabelle/layerB/pss_wip.thy	52632	false	6812472	0	false
pss_wip.s84x_L_def	pss_wip	pss_wip.s84x_L_def	0	1621276	isabelle/layerB/pss_wip.thy	52636	false	6812584	0	false
pss_wip.s84x_s1_def	pss_wip	pss_wip.s84x_s1_def	0	1621286	isabelle/layerB/pss_wip.thy	52642	false	6812804	0	false
pss_wip.s84x_b1_def	pss_wip	pss_wip.s84x_b1_def	0	1621298	isabelle/layerB/pss_wip.thy	52646	false	6812952	0	false
pss_wip.s84c1_nextR1_jm2	pss_wip	pss_wip.s84c1_nextR1_jm2	0	1621308	isabelle/layerB/pss_wip.thy	52670	false	6813078	0	false
pss_wip.s84c1_jm2_basic(1)	pss_wip	pss_wip.s84c1_jm2_basic	1	1621332	isabelle/layerB/pss_wip.thy	52675	false	6813136	0	false
pss_wip.s84c1_jm2_basic(2)	pss_wip	pss_wip.s84c1_jm2_basic	2	1621334	isabelle/layerB/pss_wip.thy	52675	false	6813136	0	false
pss_wip.s84c1_jm2_basic(3)	pss_wip	pss_wip.s84c1_jm2_basic	3	1621336	isabelle/layerB/pss_wip.thy	52675	false	6813136	0	false
pss_wip.s84c1_jm2_univ	pss_wip	pss_wip.s84c1_jm2_univ	0	1621360	isabelle/layerB/pss_wip.thy	52692	false	6813236	0	false
pss_wip.s84c1_hp0	pss_wip	pss_wip.s84c1_hp0	0	1621372	isabelle/layerB/pss_wip.thy	52702	false	6813382	0	false
pss_wip.s84c1_nextR0_j0(1)	pss_wip	pss_wip.s84c1_nextR0_j0	1	1621402	isabelle/layerB/pss_wip.thy	52711	false	6813524	0	false
pss_wip.s84c1_nextR0_j0(2)	pss_wip	pss_wip.s84c1_nextR0_j0	2	1621406	isabelle/layerB/pss_wip.thy	52711	false	6813524	0	false
pss_wip.s84c1_le0_j0	pss_wip	pss_wip.s84c1_le0_j0	0	1621412	isabelle/layerB/pss_wip.thy	52722	false	6813808	0	false
pss_wip.s84c1_anc_le_j0	pss_wip	pss_wip.s84c1_anc_le_j0	0	1621430	isabelle/layerB/pss_wip.thy	52735	false	6813912	0	false
pss_wip.s84c1_jm2_le_j0	pss_wip	pss_wip.s84c1_jm2_le_j0	0	1621452	isabelle/layerB/pss_wip.thy	52746	false	6814126	0	false
pss_wip.s84c1_e1_jm2_le_j0	pss_wip	pss_wip.s84c1_e1_jm2_le_j0	0	1621464	isabelle/layerB/pss_wip.thy	52756	false	6814298	0	false
pss_wip.s84c1_e1lt_imp_jm2_eq_j0	pss_wip	pss_wip.s84c1_e1lt_imp_jm2_eq_j0	0	1621474	isabelle/layerB/pss_wip.thy	52773	false	6814404	0	false
pss_wip.m_8_4_oper_props_1(1)	pss_wip	pss_wip.m_8_4_oper_props_1	1	1621504	isabelle/layerB/pss_wip.thy	52810	false	6814582	0	false
pss_wip.m_8_4_oper_props_1(2)	pss_wip	pss_wip.m_8_4_oper_props_1	2	1621506	isabelle/layerB/pss_wip.thy	52810	false	6814582	0	false
pss_wip.s84c1_e1j1_pos	pss_wip	pss_wip.s84c1_e1j1_pos	0	1621522	isabelle/layerB/pss_wip.thy	52835	false	6814786	0	false
pss_wip.s84c1_e0_jm2_lt	pss_wip	pss_wip.s84c1_e0_jm2_lt	0	1621536	isabelle/layerB/pss_wip.thy	52840	false	6814910	0	false
pss_wip.s84c1_genform	pss_wip	pss_wip.s84c1_genform	0	1621596	isabelle/layerB/pss_wip.thy	52853	false	6815136	0	false
pss_wip.s84c1_Lng_oper	pss_wip	pss_wip.s84c1_Lng_oper	0	1621616	isabelle/layerB/pss_wip.thy	52865	false	6815450	0	true
pss_wip.s84c1_oper_Suc_eq_L_app	pss_wip	pss_wip.s84c1_oper_Suc_eq_L_app	0	1621658	isabelle/layerB/pss_wip.thy	52886	false	6815642	0	true
pss_wip.s84c1_Lng_L	pss_wip	pss_wip.s84c1_Lng_L	0	1621672	isabelle/layerB/pss_wip.thy	52921	false	6815894	0	false
pss_wip.s84c1_L_take	pss_wip	pss_wip.s84c1_L_take	0	1621690	isabelle/layerB/pss_wip.thy	52925	false	6815982	0	true
pss_wip.m_8_4_oper_props_2(1)	pss_wip	pss_wip.m_8_4_oper_props_2	1	1621718	isabelle/layerB/pss_wip.thy	52946	false	6816244	0	true
pss_wip.m_8_4_oper_props_2(2)	pss_wip	pss_wip.m_8_4_oper_props_2	2	1621720	isabelle/layerB/pss_wip.thy	52946	false	6816244	0	true
pss_wip.s84c1_nextrel0_dir	pss_wip	pss_wip.s84c1_nextrel0_dir	0	1621754	isabelle/layerB/pss_wip.thy	53016	false	6816762	0	false
pss_wip.s84c1_nextrel0_cong	pss_wip	pss_wip.s84c1_nextrel0_cong	0	1621766	isabelle/layerB/pss_wip.thy	53037	false	6817034	0	false
pss_wip.s84c1_le0_cong	pss_wip	pss_wip.s84c1_le0_cong	0	1621808	isabelle/layerB/pss_wip.thy	53050	false	6817274	0	false
pss_wip.s84c1_nextrel1_dir	pss_wip	pss_wip.s84c1_nextrel1_dir	0	1621866	isabelle/layerB/pss_wip.thy	53060	false	6817440	0	false
pss_wip.s84c1_nextrel1_cong	pss_wip	pss_wip.s84c1_nextrel1_cong	0	1621914	isabelle/layerB/pss_wip.thy	53089	false	6817888	0	false
pss_wip.s84c1_nextrel1_chain_dir	pss_wip	pss_wip.s84c1_nextrel1_chain_dir	0	1621980	isabelle/layerB/pss_wip.thy	53105	false	6818098	0	false
pss_wip.s84c1_le1_cong	pss_wip	pss_wip.s84c1_le1_cong	0	1622054	isabelle/layerB/pss_wip.thy	53125	false	6818426	0	false
pss_wip.s84c1_L1_form	pss_wip	pss_wip.s84c1_L1_form	0	1622120	isabelle/layerB/pss_wip.thy	53150	false	6818614	0	false
pss_wip.s84c1_L1_Lng	pss_wip	pss_wip.s84c1_L1_Lng	0	1622174	isabelle/layerB/pss_wip.thy	53162	false	6818802	0	false
pss_wip.s84c1_L1_entry0	pss_wip	pss_wip.s84c1_L1_entry0	0	1622234	isabelle/layerB/pss_wip.thy	53172	false	6818892	0	false
pss_wip.s84c1_L1_entry1_lt	pss_wip	pss_wip.s84c1_L1_entry1_lt	0	1622278	isabelle/layerB/pss_wip.thy	53197	false	6819014	0	false
pss_wip.s84c1_L1_entry1_j1	pss_wip	pss_wip.s84c1_L1_entry1_j1	0	1622306	isabelle/layerB/pss_wip.thy	53211	false	6819106	0	false
pss_wip.m_8_4_oper_props_3(1)	pss_wip	pss_wip.m_8_4_oper_props_3	1	1622378	isabelle/layerB/pss_wip.thy	53230	false	6819204	0	false
pss_wip.m_8_4_oper_props_3(2)	pss_wip	pss_wip.m_8_4_oper_props_3	2	1622380	isabelle/layerB/pss_wip.thy	53230	false	6819204	0	false
pss_wip.m_8_4_oper_props_4(1)	pss_wip	pss_wip.m_8_4_oper_props_4	1	1622530	isabelle/layerB/pss_wip.thy	53257	false	6819536	0	true
pss_wip.m_8_4_oper_props_4(2)	pss_wip	pss_wip.m_8_4_oper_props_4	2	1622534	isabelle/layerB/pss_wip.thy	53257	false	6819536	0	true
pss_wip.s84c1_mult_pred	pss_wip	pss_wip.s84c1_mult_pred	0	1622590	isabelle/layerB/pss_wip.thy	53393	false	6819758	0	true
pss_wip.s84c1_oper_lastblock	pss_wip	pss_wip.s84c1_oper_lastblock	0	1622872	isabelle/layerB/pss_wip.thy	53401	false	6819846	0	true
pss_wip.s84c1_Pred_Np	pss_wip	pss_wip.s84c1_Pred_Np	0	1622966	isabelle/layerB/pss_wip.thy	53440	false	6820198	0	false
pss_wip.s84c1_Mn_tail	pss_wip	pss_wip.s84c1_Mn_tail	0	1623138	isabelle/layerB/pss_wip.thy	53466	false	6820270	0	true
pss_wip.s84c1_L_tail	pss_wip	pss_wip.s84c1_L_tail	0	1623310	isabelle/layerB/pss_wip.thy	53485	false	6820522	0	true
pss_wip.s84c1_Pred_L	pss_wip	pss_wip.s84c1_Pred_L	0	1623470	isabelle/layerB/pss_wip.thy	53535	false	6820684	0	true
pss_wip.s84c1_L_prefix(1)	pss_wip	pss_wip.s84c1_L_prefix	1	1623612	isabelle/layerB/pss_wip.thy	53549	false	6820778	0	true
pss_wip.s84c1_L_prefix(2)	pss_wip	pss_wip.s84c1_L_prefix	2	1623614	isabelle/layerB/pss_wip.thy	53549	false	6820778	0	true
pss_wip.s84c1_Mn_entry_mstar	pss_wip	pss_wip.s84c1_Mn_entry_mstar	0	1623786	isabelle/layerB/pss_wip.thy	53597	false	6820940	0	true
pss_wip.s84c1_Mn_entry_mstar_pred	pss_wip	pss_wip.s84c1_Mn_entry_mstar_pred	0	1624156	isabelle/layerB/pss_wip.thy	53619	false	6821122	0	true
pss_wip.s84c1_adm_L_mstar	pss_wip	pss_wip.s84c1_adm_L_mstar	0	1624350	isabelle/layerB/pss_wip.thy	53659	false	6821432	0	true
pss_wip.s84c1_le0_L_mstar	pss_wip	pss_wip.s84c1_le0_L_mstar	0	1624420	isabelle/layerB/pss_wip.thy	53779	false	6821548	0	true
pss_wip.s84c1_marked_L	pss_wip	pss_wip.s84c1_marked_L	0	1624434	isabelle/layerB/pss_wip.thy	53860	false	6821720	0	true
pss_wip.s84c1_Mark_L_mstar	pss_wip	pss_wip.s84c1_Mark_L_mstar	0	1624458	isabelle/layerB/pss_wip.thy	53883	false	6821978	0	true
pss_wip.s84c1_Mark_Mn_mstar(1)	pss_wip	pss_wip.s84c1_Mark_Mn_mstar	1	1624574	isabelle/layerB/pss_wip.thy	53932	false	6822178	0	true
pss_wip.s84c1_Mark_Mn_mstar(2)	pss_wip	pss_wip.s84c1_Mark_Mn_mstar	2	1624576	isabelle/layerB/pss_wip.thy	53932	false	6822178	0	true
pss_wip.m_8_4_oper_props_5	pss_wip	pss_wip.m_8_4_oper_props_5	0	1624748	isabelle/layerB/pss_wip.thy	54005	false	6822528	0	true
pss_wip.s84c2_funpow_IncrFirst_append	pss_wip	pss_wip.s84c2_funpow_IncrFirst_append	0	1624812	isabelle/layerB/pss_wip.thy	54208	false	6822736	0	false
pss_wip.s84c2_funpow_IncrFirst_single	pss_wip	pss_wip.s84c2_funpow_IncrFirst_single	0	1624858	isabelle/layerB/pss_wip.thy	54212	false	6822874	0	false
pss_wip.s84c2_seg_butlast	pss_wip	pss_wip.s84c2_seg_butlast	0	1624882	isabelle/layerB/pss_wip.thy	54216	false	6823018	0	false
pss_wip.s84c2_scb_self	pss_wip	pss_wip.s84c2_scb_self	0	1624968	isabelle/layerB/pss_wip.thy	54231	false	6823136	0	true
pss_wip.s84c2_R_base(1)	pss_wip	pss_wip.s84c2_R_base	1	1625190	isabelle/layerB/pss_wip.thy	54240	false	6823270	0	false
pss_wip.s84c2_R_base(2)	pss_wip	pss_wip.s84c2_R_base	2	1625194	isabelle/layerB/pss_wip.thy	54240	false	6823270	0	false
pss_wip.s84c2_R_base(3)	pss_wip	pss_wip.s84c2_R_base	3	1625196	isabelle/layerB/pss_wip.thy	54240	false	6823270	0	false
pss_wip.s84c2_R_base(4)	pss_wip	pss_wip.s84c2_R_base	4	1625198	isabelle/layerB/pss_wip.thy	54240	false	6823270	0	false
pss_wip.s84c2_R_base(5)	pss_wip	pss_wip.s84c2_R_base	5	1625204	isabelle/layerB/pss_wip.thy	54240	false	6823270	0	false
pss_wip.s84c2_R_base(6)	pss_wip	pss_wip.s84c2_R_base	6	1625208	isabelle/layerB/pss_wip.thy	54240	false	6823270	0	false
pss_wip.s84c2_R_facts(1)	pss_wip	pss_wip.s84c2_R_facts	1	1625714	isabelle/layerB/pss_wip.thy	54302	false	6823600	0	true
pss_wip.s84c2_R_facts(2)	pss_wip	pss_wip.s84c2_R_facts	2	1625716	isabelle/layerB/pss_wip.thy	54302	false	6823600	0	true
pss_wip.s84c2_R_facts(3)	pss_wip	pss_wip.s84c2_R_facts	3	1625718	isabelle/layerB/pss_wip.thy	54302	false	6823600	0	true
pss_wip.s84c2_R_facts(4)	pss_wip	pss_wip.s84c2_R_facts	4	1625722	isabelle/layerB/pss_wip.thy	54302	false	6823600	0	true
pss_wip.s84c2_R_facts(5)	pss_wip	pss_wip.s84c2_R_facts	5	1625724	isabelle/layerB/pss_wip.thy	54302	false	6823600	0	true
pss_wip.s84c2_R_facts(6)	pss_wip	pss_wip.s84c2_R_facts	6	1625728	isabelle/layerB/pss_wip.thy	54302	false	6823600	0	true
pss_wip.s84c2_R_facts(7)	pss_wip	pss_wip.s84c2_R_facts	7	1625732	isabelle/layerB/pss_wip.thy	54302	false	6823600	0	true
pss_wip.s84c2_R_facts(8)	pss_wip	pss_wip.s84c2_R_facts	8	1625736	isabelle/layerB/pss_wip.thy	54302	false	6823600	0	true
pss_wip.s84c2_concat_map_single	pss_wip	pss_wip.s84c2_concat_map_single	0	1625810	isabelle/layerB/pss_wip.thy	54596	false	6823954	0	false
pss_wip.s84c2_Trans_c2_decomp	pss_wip	pss_wip.s84c2_Trans_c2_decomp	0	1625988	isabelle/layerB/pss_wip.thy	54605	false	6824034	0	true
pss_wip.m_8_4_rightend_Trans	pss_wip	pss_wip.m_8_4_rightend_Trans	0	1626314	isabelle/layerB/pss_wip.thy	54650	false	6824332	0	true
pss_wip.s84c3_entry1_funpow_IncrFirst	pss_wip	pss_wip.s84c3_entry1_funpow_IncrFirst	0	1626348	isabelle/layerB/pss_wip.thy	55199	false	6824508	0	false
pss_wip.s84c3_nextrel0_funpow_IncrFirst	pss_wip	pss_wip.s84c3_nextrel0_funpow_IncrFirst	0	1626398	isabelle/layerB/pss_wip.thy	55208	false	6824584	0	false
pss_wip.s84c3_le0_funpow_IncrFirst	pss_wip	pss_wip.s84c3_le0_funpow_IncrFirst	0	1626440	isabelle/layerB/pss_wip.thy	55219	false	6824678	0	false
pss_wip.s84c3_winOK_def	pss_wip	pss_wip.s84c3_winOK_def	0	1626488	isabelle/layerB/pss_wip.thy	55230	false	6824794	0	false
pss_wip.s84c3_winOK_singleton	pss_wip	pss_wip.s84c3_winOK_singleton	0	1626496	isabelle/layerB/pss_wip.thy	55237	false	6824930	0	false
pss_wip.s84c3_winOK_pair	pss_wip	pss_wip.s84c3_winOK_pair	0	1626502	isabelle/layerB/pss_wip.thy	55240	false	6824974	0	false
pss_wip.s84c3_winOK_triple	pss_wip	pss_wip.s84c3_winOK_triple	0	1626512	isabelle/layerB/pss_wip.thy	55253	false	6825028	0	false
pss_wip.s84c3_winOK_glue	pss_wip	pss_wip.s84c3_winOK_glue	0	1626540	isabelle/layerB/pss_wip.thy	55278	false	6825162	0	true
pss_wip.s84c3_chainOK_def	pss_wip	pss_wip.s84c3_chainOK_def	0	1626600	isabelle/layerB/pss_wip.thy	55365	false	6825300	0	false
pss_wip.s84c3_RightAnces_chain	pss_wip	pss_wip.s84c3_RightAnces_chain	0	1626650	isabelle/layerB/pss_wip.thy	55372	false	6825514	0	true
pss_wip.m_8_4_Trans_scb	pss_wip	pss_wip.m_8_4_Trans_scb	0	1626792	isabelle/layerB/pss_wip.thy	55783	false	6825820	0	true
pss_wip.m_8_5_hasParent0_of_edge	pss_wip	pss_wip.m_8_5_hasParent0_of_edge	0	1626822	isabelle/layerB/pss_wip.thy	56191	false	6826064	0	false
pss_wip.m_8_5_Marked_Adm_edge	pss_wip	pss_wip.m_8_5_Marked_Adm_edge	0	1626840	isabelle/layerB/pss_wip.thy	56208	false	6826160	0	true
pss_wip.m_8_5_le0_cross_block	pss_wip	pss_wip.m_8_5_le0_cross_block	0	1626870	isabelle/layerB/pss_wip.thy	56235	false	6826270	0	false
pss_wip.m_8_5_le0_block_climb	pss_wip	pss_wip.m_8_5_le0_block_climb	0	1626884	isabelle/layerB/pss_wip.thy	56280	false	6826402	0	false
pss_wip.m_8_5_entry_block_at	pss_wip	pss_wip.m_8_5_entry_block_at	0	1626898	isabelle/layerB/pss_wip.thy	56318	false	6826634	0	true
pss_wip.m_8_5_block_base_min	pss_wip	pss_wip.m_8_5_block_base_min	0	1626962	isabelle/layerB/pss_wip.thy	56337	false	6826826	0	true
pss_wip.m_8_5_fold_blocker	pss_wip	pss_wip.m_8_5_fold_blocker	0	1627084	isabelle/layerB/pss_wip.thy	56408	false	6827454	0	true
pss_wip.m_8_5_fold_parentwit	pss_wip	pss_wip.m_8_5_fold_parentwit	0	1627254	isabelle/layerB/pss_wip.thy	56441	false	6828296	0	true
pss_wip.m_8_5_ok_of_ok1	pss_wip	pss_wip.m_8_5_ok_of_ok1	0	1627394	isabelle/layerB/pss_wip.thy	56476	false	6829300	0	true
pss_wip.m_8_5_R2a_of_ok1	pss_wip	pss_wip.m_8_5_R2a_of_ok1	0	1627572	isabelle/layerB/pss_wip.thy	56532	false	6829868	0	true
pss_wip.m_8_5_stuck_suffix	pss_wip	pss_wip.m_8_5_stuck_suffix	0	1627634	isabelle/layerB/pss_wip.thy	56571	false	6830954	0	true
pss_wip.m_8_5_colcase_cols_ge1	pss_wip	pss_wip.m_8_5_colcase_cols_ge1	0	1628512	isabelle/layerB/pss_wip.thy	56671	false	6831548	0	true
pss_wip.m_8_5_colcase_full	pss_wip	pss_wip.m_8_5_colcase_full	0	1647468	isabelle/layerB/pss_wip.thy	56724	false	6832862	0	true
pss_wip.m_8_5_anchor_fold_kernel	pss_wip	pss_wip.m_8_5_anchor_fold_kernel	0	1648166	isabelle/layerB/pss_wip.thy	56915	false	6848726	0	true
pss_wip.s85b_crep_snoc	pss_wip	pss_wip.s85b_crep_snoc	0	1648198	isabelle/layerB/pss_wip.thy	57006	false	6850178	0	false
pss_wip.s85b_crep_comm	pss_wip	pss_wip.s85b_crep_comm	0	1648258	isabelle/layerB/pss_wip.thy	57009	false	6850278	0	false
pss_wip.s85b_rot	pss_wip	pss_wip.s85b_rot	0	1648298	isabelle/layerB/pss_wip.thy	57012	false	6850454	0	false
pss_wip.s85b_rot_cons	pss_wip	pss_wip.s85b_rot_cons	0	1648334	isabelle/layerB/pss_wip.thy	57029	false	6850568	0	false
pss_wip.s85b_crep_comm_cons	pss_wip	pss_wip.s85b_crep_comm_cons	0	1648364	isabelle/layerB/pss_wip.thy	57045	false	6850688	0	false
pss_wip.s85b_crep_comm_snoc0	pss_wip	pss_wip.s85b_crep_comm_snoc0	0	1648376	isabelle/layerB/pss_wip.thy	57056	false	6850854	0	false
pss_wip.s85b_crep_comm_snoc	pss_wip	pss_wip.s85b_crep_comm_snoc	0	1648414	isabelle/layerB/pss_wip.thy	57060	false	6850962	0	false
pss_wip.s85b_condV_bridge(1)	pss_wip	pss_wip.s85b_condV_bridge	1	1648496	isabelle/layerB/pss_wip.thy	57072	false	6851100	0	false
pss_wip.s85b_condV_bridge(2)	pss_wip	pss_wip.s85b_condV_bridge	2	1648498	isabelle/layerB/pss_wip.thy	57072	false	6851100	0	false
pss_wip.s85b_condV_bridge(3)	pss_wip	pss_wip.s85b_condV_bridge	3	1648500	isabelle/layerB/pss_wip.thy	57072	false	6851100	0	false
pss_wip.s85b_condV_bridge(4)	pss_wip	pss_wip.s85b_condV_bridge	4	1648504	isabelle/layerB/pss_wip.thy	57072	false	6851100	0	false
pss_wip.s85b_condV_setup(1)	pss_wip	pss_wip.s85b_condV_setup	1	1648584	isabelle/layerB/pss_wip.thy	57120	false	6851226	0	true
pss_wip.s85b_condV_setup(2)	pss_wip	pss_wip.s85b_condV_setup	2	1648586	isabelle/layerB/pss_wip.thy	57120	false	6851226	0	true
pss_wip.s85b_jm1_adm	pss_wip	pss_wip.s85b_jm1_adm	0	1648624	isabelle/layerB/pss_wip.thy	57138	false	6851376	0	false
pss_wip.m_8_5_scbdec_t2_nonzero_condV	pss_wip	pss_wip.m_8_5_scbdec_t2_nonzero_condV	0	1648664	isabelle/layerB/pss_wip.thy	57150	false	6851478	0	true
pss_wip.m_8_5_scbdec_Np_condV_adm(1)	pss_wip	pss_wip.m_8_5_scbdec_Np_condV_adm	1	1648708	isabelle/layerB/pss_wip.thy	57191	false	6851564	0	true
pss_wip.m_8_5_scbdec_Np_condV_adm(2)	pss_wip	pss_wip.m_8_5_scbdec_Np_condV_adm	2	1648710	isabelle/layerB/pss_wip.thy	57191	false	6851564	0	true
pss_wip.s85b_seg_butlast_host	pss_wip	pss_wip.s85b_seg_butlast_host	0	1648776	isabelle/layerB/pss_wip.thy	57233	false	6851954	0	false
pss_wip.m_8_5_scbdec_PredNp_condV_adm(1)	pss_wip	pss_wip.m_8_5_scbdec_PredNp_condV_adm	1	1648876	isabelle/layerB/pss_wip.thy	57249	false	6852112	0	true
pss_wip.m_8_5_scbdec_PredNp_condV_adm(2)	pss_wip	pss_wip.m_8_5_scbdec_PredNp_condV_adm	2	1648878	isabelle/layerB/pss_wip.thy	57249	false	6852112	0	true
pss_wip.m_8_5_scbdec_Lp_condV_adm	pss_wip	pss_wip.m_8_5_scbdec_Lp_condV_adm	0	1648948	isabelle/layerB/pss_wip.thy	57315	false	6852278	0	true
pss_wip.s85b_L1_decomp_adm	pss_wip	pss_wip.s85b_L1_decomp_adm	0	1649028	isabelle/layerB/pss_wip.thy	57387	false	6852562	0	true
pss_wip.m_8_5_scbdec_adm_forms	pss_wip	pss_wip.m_8_5_scbdec_adm_forms	0	1649492	isabelle/layerB/pss_wip.thy	57556	false	6853002	0	true
pss_wip.m_8_5_scbdec_oper_general_condV_adm	pss_wip	pss_wip.m_8_5_scbdec_oper_general_condV_adm	0	1649922	isabelle/layerB/pss_wip.thy	57769	false	6853890	0	true
pss_wip.m_8_5_scbdec_exchange1_condV_adm	pss_wip	pss_wip.m_8_5_scbdec_exchange1_condV_adm	0	1650170	isabelle/layerB/pss_wip.thy	57964	false	6854394	0	true
pss_wip.s85b_W_graph.intros(1)	pss_wip	pss_wip.s85b_W_graph.intros	1	1650506	isabelle/layerB/pss_wip.thy	58002	true	6854582	0	true
pss_wip.s85b_W_graph.intros(2)	pss_wip	pss_wip.s85b_W_graph.intros	2	1650510	isabelle/layerB/pss_wip.thy	58002	true	6854582	0	true
pss_wip.s85b_W_graph.cases	pss_wip	pss_wip.s85b_W_graph.cases	0	1650524	isabelle/layerB/pss_wip.thy	58002	true	6854582	0	true
pss_wip.s85b_W_graph.induct	pss_wip	pss_wip.s85b_W_graph.induct	0	1650542	isabelle/layerB/pss_wip.thy	58002	true	6854582	0	true
pss_wip.s85b_W_graph.simps	pss_wip	pss_wip.s85b_W_graph.simps	0	1650556	isabelle/layerB/pss_wip.thy	58002	true	6854582	0	true
pss_wip.s85b_W_graph.inducts	pss_wip	pss_wip.s85b_W_graph.inducts	0	1650568	isabelle/layerB/pss_wip.thy	58002	true	6854582	0	true
pss_wip.s85b_W_rel.intros	pss_wip	pss_wip.s85b_W_rel.intros	0	1650698	isabelle/layerB/pss_wip.thy	58002	true	6854582	0	true
pss_wip.s85b_W_rel.cases	pss_wip	pss_wip.s85b_W_rel.cases	0	1650700	isabelle/layerB/pss_wip.thy	58002	true	6854582	0	true
pss_wip.s85b_W_rel.induct	pss_wip	pss_wip.s85b_W_rel.induct	0	1650702	isabelle/layerB/pss_wip.thy	58002	true	6854582	0	true
pss_wip.s85b_W_rel.simps	pss_wip	pss_wip.s85b_W_rel.simps	0	1650704	isabelle/layerB/pss_wip.thy	58002	true	6854582	0	true
pss_wip.s85b_W_rel.inducts	pss_wip	pss_wip.s85b_W_rel.inducts	0	1650714	isabelle/layerB/pss_wip.thy	58002	true	6854582	0	true
pss_wip.s85b_W.psimps(1)	pss_wip	pss_wip.s85b_W.psimps	1	1650848	isabelle/layerB/pss_wip.thy	58002	true	6854582	0	true
pss_wip.s85b_W.psimps(2)	pss_wip	pss_wip.s85b_W.psimps	2	1650850	isabelle/layerB/pss_wip.thy	58002	true	6854582	0	true
pss_wip.s85b_W.pinduct	pss_wip	pss_wip.s85b_W.pinduct	0	1650854	isabelle/layerB/pss_wip.thy	58002	true	6854582	0	true
pss_wip.s85b_W.termination	pss_wip	pss_wip.s85b_W.termination	0	1650862	isabelle/layerB/pss_wip.thy	58002	true	6854582	0	true
pss_wip.s85b_W.cases	pss_wip	pss_wip.s85b_W.cases	0	1650866	isabelle/layerB/pss_wip.thy	58002	false	6854582	0	true
pss_wip.s85b_W.pelims	pss_wip	pss_wip.s85b_W.pelims	0	1650868	isabelle/layerB/pss_wip.thy	58002	false	6854582	0	true
pss_wip.s85b_W.simps(1)	pss_wip	pss_wip.s85b_W.simps	1	1650902	isabelle/layerB/pss_wip.thy	58002	false	6854582	0	true
pss_wip.s85b_W.simps(2)	pss_wip	pss_wip.s85b_W.simps	2	1650904	isabelle/layerB/pss_wip.thy	58002	false	6854582	0	true
pss_wip.s85b_W.induct	pss_wip	pss_wip.s85b_W.induct	0	1650916	isabelle/layerB/pss_wip.thy	58002	false	6854582	0	true
pss_wip.s85b_W.elims	pss_wip	pss_wip.s85b_W.elims	0	1650922	isabelle/layerB/pss_wip.thy	58002	false	6854582	0	true
pss_wip.s85b_W_principal	pss_wip	pss_wip.s85b_W_principal	0	1651000	isabelle/layerB/pss_wip.thy	58006	false	6857486	0	true
pss_wip.s85b_W_dfree	pss_wip	pss_wip.s85b_W_dfree	0	1651052	isabelle/layerB/pss_wip.thy	58009	false	6857610	0	true
pss_wip.s85b_W_flat	pss_wip	pss_wip.s85b_W_flat	0	1651118	isabelle/layerB/pss_wip.thy	58014	false	6857742	0	true
pss_wip.s85b_W_mono_seed	pss_wip	pss_wip.s85b_W_mono_seed	0	1651150	isabelle/layerB/pss_wip.thy	58048	false	6857956	0	true
pss_wip.s85b_W_lt_top	pss_wip	pss_wip.s85b_W_lt_top	0	1651198	isabelle/layerB/pss_wip.thy	58060	false	6858060	0	true
pss_wip.m_8_5_scbdec_exchange2_condV_adm	pss_wip	pss_wip.m_8_5_scbdec_exchange2_condV_adm	0	1651236	isabelle/layerB/pss_wip.thy	58086	false	6858290	0	true
pss_wip.m_8_5_scbdec_prev_lt_M_condV_adm	pss_wip	pss_wip.m_8_5_scbdec_prev_lt_M_condV_adm	0	1651314	isabelle/layerB/pss_wip.thy	58168	false	6858484	0	true
pss_wip.m_8_5_scbdec_exchange3_condV_adm	pss_wip	pss_wip.m_8_5_scbdec_exchange3_condV_adm	0	1651350	isabelle/layerB/pss_wip.thy	58270	false	6858692	0	true
pss_wip.s85b_complb_lessBT	pss_wip	pss_wip.s85b_complb_lessBT	0	1651410	isabelle/layerB/pss_wip.thy	58289	false	6858848	0	true
pss_wip.m_8_5_scbdec_exchange3_strict_condV_adm	pss_wip	pss_wip.m_8_5_scbdec_exchange3_strict_condV_adm	0	1651518	isabelle/layerB/pss_wip.thy	58322	false	6859066	0	true
pss_wip.m_8_5_Trans_oper_exchange_condV_adm(1)	pss_wip	pss_wip.m_8_5_Trans_oper_exchange_condV_adm	1	1651640	isabelle/layerB/pss_wip.thy	58346	false	6859254	0	true
pss_wip.m_8_5_Trans_oper_exchange_condV_adm(2)	pss_wip	pss_wip.m_8_5_Trans_oper_exchange_condV_adm	2	1651644	isabelle/layerB/pss_wip.thy	58346	false	6859254	0	true
pss_wip.m_8_5_Trans_oper_exchange_condV_adm(3)	pss_wip	pss_wip.m_8_5_Trans_oper_exchange_condV_adm	3	1651646	isabelle/layerB/pss_wip.thy	58346	false	6859254	0	true
pss_wip.s84d_c2hole_def	pss_wip	pss_wip.s84d_c2hole_def	0	1651898	isabelle/layerB/pss_wip.thy	58420	false	6860002	0	false
pss_wip.s84d_c2hole_at_j1	pss_wip	pss_wip.s84d_c2hole_at_j1	0	1651922	isabelle/layerB/pss_wip.thy	58436	false	6860754	0	false
pss_wip.s84d_corepair_shared	pss_wip	pss_wip.s84d_corepair_shared	0	1651964	isabelle/layerB/pss_wip.thy	58443	false	6860846	0	true
pss_wip.s84d_corepair_nested	pss_wip	pss_wip.s84d_corepair_nested	0	1652054	isabelle/layerB/pss_wip.thy	58463	false	6861050	0	true
pss_wip.s84d_c2hole_scb	pss_wip	pss_wip.s84d_c2hole_scb	0	1652228	isabelle/layerB/pss_wip.thy	58511	false	6861486	0	true
pss_wip.s84d_c2_rightmost_scb	pss_wip	pss_wip.s84d_c2_rightmost_scb	0	1652290	isabelle/layerB/pss_wip.thy	58666	false	6861684	0	true
pss_wip.s84d_L4_regime(1)	pss_wip	pss_wip.s84d_L4_regime	1	1652318	isabelle/layerB/pss_wip.thy	58710	false	6861926	0	true
pss_wip.s84d_L4_regime(2)	pss_wip	pss_wip.s84d_L4_regime	2	1652324	isabelle/layerB/pss_wip.thy	58710	false	6861926	0	true
pss_wip.m_8_4_slice_scb_part1	pss_wip	pss_wip.m_8_4_slice_scb_part1	0	1652364	isabelle/layerB/pss_wip.thy	58762	false	6862048	0	true
pss_wip.s84d_jm3_Marked(1)	pss_wip	pss_wip.s84d_jm3_Marked	1	1652414	isabelle/layerB/pss_wip.thy	58783	false	6862310	0	true
pss_wip.s84d_jm3_Marked(2)	pss_wip	pss_wip.s84d_jm3_Marked	2	1652416	isabelle/layerB/pss_wip.thy	58783	false	6862310	0	true
pss_wip.s84d_jm3_Marked(3)	pss_wip	pss_wip.s84d_jm3_Marked	3	1652420	isabelle/layerB/pss_wip.thy	58783	false	6862310	0	true
pss_wip.s84d_jm1_Marked(1)	pss_wip	pss_wip.s84d_jm1_Marked	1	1652480	isabelle/layerB/pss_wip.thy	58808	false	6862652	0	true
pss_wip.s84d_jm1_Marked(2)	pss_wip	pss_wip.s84d_jm1_Marked	2	1652482	isabelle/layerB/pss_wip.thy	58808	false	6862652	0	true
pss_wip.s84d_dec1_Trans_N_scb	pss_wip	pss_wip.s84d_dec1_Trans_N_scb	0	1652524	isabelle/layerB/pss_wip.thy	58846	false	6862914	0	true
pss_wip.s84d_Mark_neq	pss_wip	pss_wip.s84d_Mark_neq	0	1652554	isabelle/layerB/pss_wip.thy	58887	false	6863240	0	true
pss_wip.s84d_dec2_nest_scb	pss_wip	pss_wip.s84d_dec2_nest_scb	0	1652624	isabelle/layerB/pss_wip.thy	58991	false	6863600	0	true
pss_wip.s84d_rep_shift	pss_wip	pss_wip.s84d_rep_shift	0	1652658	isabelle/layerB/pss_wip.thy	59172	false	6863998	0	false
pss_wip.s84d_concat_rep_snoc	pss_wip	pss_wip.s84d_concat_rep_snoc	0	1652704	isabelle/layerB/pss_wip.thy	59186	false	6864222	0	true
pss_wip.s84d_set_concat_rep	pss_wip	pss_wip.s84d_set_concat_rep	0	1652730	isabelle/layerB/pss_wip.thy	59196	false	6864346	0	false
pss_wip.s84d_L5_branch	pss_wip	pss_wip.s84d_L5_branch	0	1652776	isabelle/layerB/pss_wip.thy	59206	false	6864546	0	true
pss_wip.s84d_L5_rng	pss_wip	pss_wip.s84d_L5_rng	0	1652830	isabelle/layerB/pss_wip.thy	59256	false	6864646	0	true
pss_wip.s84d_L1_data(1)	pss_wip	pss_wip.s84d_L1_data	1	1652898	isabelle/layerB/pss_wip.thy	59295	false	6864944	0	true
pss_wip.s84d_L1_data(2)	pss_wip	pss_wip.s84d_L1_data	2	1652900	isabelle/layerB/pss_wip.thy	59295	false	6864944	0	true
pss_wip.s84d_L1_data(3)	pss_wip	pss_wip.s84d_L1_data	3	1652902	isabelle/layerB/pss_wip.thy	59295	false	6864944	0	true
pss_wip.s84d_L1_data(4)	pss_wip	pss_wip.s84d_L1_data	4	1652906	isabelle/layerB/pss_wip.thy	59295	false	6864944	0	true
pss_wip.s84d_L1_data(5)	pss_wip	pss_wip.s84d_L1_data	5	1652908	isabelle/layerB/pss_wip.thy	59295	false	6864944	0	true
pss_wip.s84d_L1_data(6)	pss_wip	pss_wip.s84d_L1_data	6	1652910	isabelle/layerB/pss_wip.thy	59295	false	6864944	0	true
pss_wip.s84d_L1_data(7)	pss_wip	pss_wip.s84d_L1_data	7	1652912	isabelle/layerB/pss_wip.thy	59295	false	6864944	0	true
pss_wip.s84d_L1_data(8)	pss_wip	pss_wip.s84d_L1_data	8	1652916	isabelle/layerB/pss_wip.thy	59295	false	6864944	0	true
pss_wip.s84d_L1_data(9)	pss_wip	pss_wip.s84d_L1_data	9	1652918	isabelle/layerB/pss_wip.thy	59295	false	6864944	0	true
pss_wip.s84d_L1_data(10)	pss_wip	pss_wip.s84d_L1_data	10	1652920	isabelle/layerB/pss_wip.thy	59295	false	6864944	0	true
pss_wip.s84d_L1_data(11)	pss_wip	pss_wip.s84d_L1_data	11	1652924	isabelle/layerB/pss_wip.thy	59295	false	6864944	0	true
pss_wip.s84d_c2hole_L1	pss_wip	pss_wip.s84d_c2hole_L1	0	1653082	isabelle/layerB/pss_wip.thy	59433	false	6865496	0	true
pss_wip.m_8_4_various_scb_IIIV_from_slice	pss_wip	pss_wip.m_8_4_various_scb_IIIV_from_slice	0	1653600	isabelle/layerB/pss_wip.thy	59601	false	6865864	0	true
pss_wip.m_8_4_various_scb_IIIIV_from_slice	pss_wip	pss_wip.m_8_4_various_scb_IIIIV_from_slice	0	1654118	isabelle/layerB/pss_wip.thy	60034	false	6867132	0	true
pss_wip.e1x_condV_nextR1	pss_wip	pss_wip.e1x_condV_nextR1	0	1654256	isabelle/layerB/pss_wip.thy	60614	false	6870332	0	false
pss_wip.m_8_5_Joints_FirstNodes_basic_condV(1)	pss_wip	pss_wip.m_8_5_Joints_FirstNodes_basic_condV	1	1654354	isabelle/layerB/pss_wip.thy	60636	false	6870624	0	true
pss_wip.m_8_5_Joints_FirstNodes_basic_condV(2)	pss_wip	pss_wip.m_8_5_Joints_FirstNodes_basic_condV	2	1654358	isabelle/layerB/pss_wip.thy	60636	false	6870624	0	true
pss_wip.m_8_5_Joints_FirstNodes_basic_condV(3)	pss_wip	pss_wip.m_8_5_Joints_FirstNodes_basic_condV	3	1654360	isabelle/layerB/pss_wip.thy	60636	false	6870624	0	true
pss_wip.m_8_5_Joints_FirstNodes_basic_condV(4)	pss_wip	pss_wip.m_8_5_Joints_FirstNodes_basic_condV	4	1654366	isabelle/layerB/pss_wip.thy	60636	false	6870624	0	true
pss_wip.m_8_5_condV_adm_t2_components	pss_wip	pss_wip.m_8_5_condV_adm_t2_components	0	1654446	isabelle/layerB/pss_wip.thy	60690	false	6871540	0	true
pss_wip.m_8_5_condV_adm_t2lb	pss_wip	pss_wip.m_8_5_condV_adm_t2lb	0	1654460	isabelle/layerB/pss_wip.thy	60857	false	6871780	0	true
pss_wip.m_8_5_Trans_oper_exchange_condV_adm_uncond(1)	pss_wip	pss_wip.m_8_5_Trans_oper_exchange_condV_adm_uncond	1	1654502	isabelle/layerB/pss_wip.thy	60884	false	6871894	0	true
pss_wip.m_8_5_Trans_oper_exchange_condV_adm_uncond(2)	pss_wip	pss_wip.m_8_5_Trans_oper_exchange_condV_adm_uncond	2	1654504	isabelle/layerB/pss_wip.thy	60884	false	6871894	0	true
pss_wip.m_8_5_Trans_oper_exchange_condV_adm_uncond(3)	pss_wip	pss_wip.m_8_5_Trans_oper_exchange_condV_adm_uncond	3	1654506	isabelle/layerB/pss_wip.thy	60884	false	6871894	0	true
pss_wip.m_8_7_fseq_descend_dispatcher_admV	pss_wip	pss_wip.m_8_7_fseq_descend_dispatcher_admV	0	1655134	isabelle/layerB/pss_wip.thy	60919	false	6872154	0	true
pss_wip.e2x_Trans_principal_head	pss_wip	pss_wip.e2x_Trans_principal_head	0	1655372	isabelle/layerB/pss_wip.thy	60990	false	6873446	0	true
pss_wip.e2x_terminal_slice_scaffold	pss_wip	pss_wip.e2x_terminal_slice_scaffold	0	1655620	isabelle/layerB/pss_wip.thy	61011	false	6873562	0	true
pss_wip.m_8_2_condV_terminal_slice_Trans_modVE	pss_wip	pss_wip.m_8_2_condV_terminal_slice_Trans_modVE	0	1655828	isabelle/layerB/pss_wip.thy	61039	false	6873812	0	true
pss_wip.e3x_H_graph.intros(1)	pss_wip	pss_wip.e3x_H_graph.intros	1	1656086	isabelle/layerB/pss_wip.thy	61132	true	6874190	0	true
pss_wip.e3x_H_graph.intros(2)	pss_wip	pss_wip.e3x_H_graph.intros	2	1656090	isabelle/layerB/pss_wip.thy	61132	true	6874190	0	true
pss_wip.e3x_H_graph.cases	pss_wip	pss_wip.e3x_H_graph.cases	0	1656104	isabelle/layerB/pss_wip.thy	61132	true	6874190	0	true
pss_wip.e3x_H_graph.induct	pss_wip	pss_wip.e3x_H_graph.induct	0	1656118	isabelle/layerB/pss_wip.thy	61132	true	6874190	0	true
pss_wip.e3x_H_graph.simps	pss_wip	pss_wip.e3x_H_graph.simps	0	1656124	isabelle/layerB/pss_wip.thy	61132	true	6874190	0	true
pss_wip.e3x_H_graph.inducts	pss_wip	pss_wip.e3x_H_graph.inducts	0	1656140	isabelle/layerB/pss_wip.thy	61132	true	6874190	0	true
pss_wip.e3x_H_rel.intros	pss_wip	pss_wip.e3x_H_rel.intros	0	1656346	isabelle/layerB/pss_wip.thy	61132	true	6874190	0	true
pss_wip.e3x_H_rel.cases	pss_wip	pss_wip.e3x_H_rel.cases	0	1656352	isabelle/layerB/pss_wip.thy	61132	true	6874190	0	true
pss_wip.e3x_H_rel.induct	pss_wip	pss_wip.e3x_H_rel.induct	0	1656366	isabelle/layerB/pss_wip.thy	61132	true	6874190	0	true
pss_wip.e3x_H_rel.simps	pss_wip	pss_wip.e3x_H_rel.simps	0	1656370	isabelle/layerB/pss_wip.thy	61132	true	6874190	0	true
pss_wip.e3x_H_rel.inducts	pss_wip	pss_wip.e3x_H_rel.inducts	0	1656378	isabelle/layerB/pss_wip.thy	61132	true	6874190	0	true
pss_wip.e3x_H.psimps(1)	pss_wip	pss_wip.e3x_H.psimps	1	1656598	isabelle/layerB/pss_wip.thy	61132	true	6874190	0	true
pss_wip.e3x_H.psimps(2)	pss_wip	pss_wip.e3x_H.psimps	2	1656602	isabelle/layerB/pss_wip.thy	61132	true	6874190	0	true
pss_wip.e3x_H.pinduct	pss_wip	pss_wip.e3x_H.pinduct	0	1656608	isabelle/layerB/pss_wip.thy	61132	true	6874190	0	true
pss_wip.e3x_H.termination	pss_wip	pss_wip.e3x_H.termination	0	1656612	isabelle/layerB/pss_wip.thy	61132	true	6874190	0	true
pss_wip.e3x_H.cases	pss_wip	pss_wip.e3x_H.cases	0	1656618	isabelle/layerB/pss_wip.thy	61132	false	6874190	0	true
pss_wip.e3x_H.pelims	pss_wip	pss_wip.e3x_H.pelims	0	1656622	isabelle/layerB/pss_wip.thy	61132	false	6874190	0	true
pss_wip.e3x_H.simps(1)	pss_wip	pss_wip.e3x_H.simps	1	1656670	isabelle/layerB/pss_wip.thy	61132	false	6874190	0	true
pss_wip.e3x_H.simps(2)	pss_wip	pss_wip.e3x_H.simps	2	1656674	isabelle/layerB/pss_wip.thy	61132	false	6874190	0	true
pss_wip.e3x_H.induct	pss_wip	pss_wip.e3x_H.induct	0	1656692	isabelle/layerB/pss_wip.thy	61132	false	6874190	0	true
pss_wip.e3x_H.elims	pss_wip	pss_wip.e3x_H.elims	0	1656698	isabelle/layerB/pss_wip.thy	61132	false	6874190	0	true
pss_wip.e3x_H_dfree	pss_wip	pss_wip.e3x_H_dfree	0	1656754	isabelle/layerB/pss_wip.thy	61136	false	6876602	0	true
pss_wip.e3x_H_TB	pss_wip	pss_wip.e3x_H_TB	0	1656780	isabelle/layerB/pss_wip.thy	61141	false	6876676	0	true
pss_wip.e3x_H_flat	pss_wip	pss_wip.e3x_H_flat	0	1656854	isabelle/layerB/pss_wip.thy	61146	false	6876756	0	true
pss_wip.e3x_H_lt_top	pss_wip	pss_wip.e3x_H_lt_top	0	1656936	isabelle/layerB/pss_wip.thy	61179	false	6877026	0	true
pss_wip.e3x_exchange2_condIII	pss_wip	pss_wip.e3x_exchange2_condIII	0	1657118	isabelle/layerB/pss_wip.thy	61208	false	6877220	0	true
pss_wip.e4x_Zero_OT_B	pss_wip	pss_wip.e4x_Zero_OT_B	0	1657158	isabelle/layerB/pss_wip.thy	61382	false	6877662	0	true
pss_wip.e4x_OT_B_operB_numBT	pss_wip	pss_wip.e4x_OT_B_operB_numBT	0	1657182	isabelle/layerB/pss_wip.thy	61390	false	6877762	0	true
pss_wip.e4x_OT_B_op0_iter	pss_wip	pss_wip.e4x_OT_B_op0_iter	0	1657224	isabelle/layerB/pss_wip.thy	61406	false	6877948	0	true
pss_wip.m_8_7_OT_via_exchange_value	pss_wip	pss_wip.m_8_7_OT_via_exchange_value	0	1657294	isabelle/layerB/pss_wip.thy	61430	false	6878076	0	true
pss_wip.m_8_7_Trans_OT_step_via_exchange	pss_wip	pss_wip.m_8_7_Trans_OT_step_via_exchange	0	1657406	isabelle/layerB/pss_wip.thy	61448	false	6878226	0	true
pss_wip.m_8_7_Trans_preserves_OT_via_closure	pss_wip	pss_wip.m_8_7_Trans_preserves_OT_via_closure	0	1657546	isabelle/layerB/pss_wip.thy	61476	false	6878396	0	true
pss_wip.e5x_bodyM_graph.intros(1)	pss_wip	pss_wip.e5x_bodyM_graph.intros	1	1657694	isabelle/layerB/pss_wip.thy	61534	true	6878690	0	true
pss_wip.e5x_bodyM_graph.intros(2)	pss_wip	pss_wip.e5x_bodyM_graph.intros	2	1657696	isabelle/layerB/pss_wip.thy	61534	true	6878690	0	true
pss_wip.e5x_bodyM_graph.cases	pss_wip	pss_wip.e5x_bodyM_graph.cases	0	1657702	isabelle/layerB/pss_wip.thy	61534	true	6878690	0	true
pss_wip.e5x_bodyM_graph.induct	pss_wip	pss_wip.e5x_bodyM_graph.induct	0	1657714	isabelle/layerB/pss_wip.thy	61534	true	6878690	0	true
pss_wip.e5x_bodyM_graph.simps	pss_wip	pss_wip.e5x_bodyM_graph.simps	0	1657724	isabelle/layerB/pss_wip.thy	61534	true	6878690	0	true
pss_wip.e5x_bodyM_graph.inducts	pss_wip	pss_wip.e5x_bodyM_graph.inducts	0	1657726	isabelle/layerB/pss_wip.thy	61534	true	6878690	0	true
pss_wip.e5x_bodyM_rel.cases	pss_wip	pss_wip.e5x_bodyM_rel.cases	0	1657888	isabelle/layerB/pss_wip.thy	61534	true	6878690	0	true
pss_wip.e5x_bodyM_rel.induct	pss_wip	pss_wip.e5x_bodyM_rel.induct	0	1657896	isabelle/layerB/pss_wip.thy	61534	true	6878690	0	true
pss_wip.e5x_bodyM_rel.simps	pss_wip	pss_wip.e5x_bodyM_rel.simps	0	1657900	isabelle/layerB/pss_wip.thy	61534	true	6878690	0	true
pss_wip.e5x_bodyM_rel.inducts	pss_wip	pss_wip.e5x_bodyM_rel.inducts	0	1657906	isabelle/layerB/pss_wip.thy	61534	true	6878690	0	true
pss_wip.e5x_bodyM.psimps(1)	pss_wip	pss_wip.e5x_bodyM.psimps	1	1658024	isabelle/layerB/pss_wip.thy	61534	true	6878690	0	true
pss_wip.e5x_bodyM.psimps(2)	pss_wip	pss_wip.e5x_bodyM.psimps	2	1658026	isabelle/layerB/pss_wip.thy	61534	true	6878690	0	true
pss_wip.e5x_bodyM.pinduct	pss_wip	pss_wip.e5x_bodyM.pinduct	0	1658030	isabelle/layerB/pss_wip.thy	61534	true	6878690	0	true
pss_wip.e5x_bodyM.termination	pss_wip	pss_wip.e5x_bodyM.termination	0	1658032	isabelle/layerB/pss_wip.thy	61534	true	6878690	0	true
pss_wip.e5x_bodyM.cases	pss_wip	pss_wip.e5x_bodyM.cases	0	1658038	isabelle/layerB/pss_wip.thy	61534	false	6878690	0	true
pss_wip.e5x_bodyM.pelims	pss_wip	pss_wip.e5x_bodyM.pelims	0	1658048	isabelle/layerB/pss_wip.thy	61534	false	6878690	0	true
pss_wip.e5x_bodyM.simps(1)	pss_wip	pss_wip.e5x_bodyM.simps	1	1658058	isabelle/layerB/pss_wip.thy	61534	false	6878690	0	true
pss_wip.e5x_bodyM.simps(2)	pss_wip	pss_wip.e5x_bodyM.simps	2	1658060	isabelle/layerB/pss_wip.thy	61534	false	6878690	0	true
pss_wip.e5x_bodyM.induct	pss_wip	pss_wip.e5x_bodyM.induct	0	1658066	isabelle/layerB/pss_wip.thy	61534	false	6878690	0	true
pss_wip.e5x_bodyM.elims	pss_wip	pss_wip.e5x_bodyM.elims	0	1658074	isabelle/layerB/pss_wip.thy	61534	false	6878690	0	true
pss_wip.e5x_bodyO_def	pss_wip	pss_wip.e5x_bodyO_def	0	1658104	isabelle/layerB/pss_wip.thy	61541	false	6880238	0	false
pss_wip.e5x_W_lt_Dpt	pss_wip	pss_wip.e5x_W_lt_Dpt	0	1658122	isabelle/layerB/pss_wip.thy	61547	false	6880376	0	true
pss_wip.e5x_W_seed_shift	pss_wip	pss_wip.e5x_W_seed_shift	0	1658140	isabelle/layerB/pss_wip.thy	61562	false	6880524	0	true
pss_wip.e5x_W_height_mono0	pss_wip	pss_wip.e5x_W_height_mono0	0	1658184	isabelle/layerB/pss_wip.thy	61580	false	6880634	0	true
pss_wip.e5x_bodyM_lt_c2	pss_wip	pss_wip.e5x_bodyM_lt_c2	0	1658226	isabelle/layerB/pss_wip.thy	61597	false	6880716	0	true
pss_wip.e5x_bodyM_lt_bodyO	pss_wip	pss_wip.e5x_bodyM_lt_bodyO	0	1658326	isabelle/layerB/pss_wip.thy	61615	false	6880816	0	true
pss_wip.m_8_5_Trans_oper_exchange_condV_nonadm(1)	pss_wip	pss_wip.m_8_5_Trans_oper_exchange_condV_nonadm	1	1658644	isabelle/layerB/pss_wip.thy	61656	false	6880956	0	true
pss_wip.m_8_5_Trans_oper_exchange_condV_nonadm(2)	pss_wip	pss_wip.m_8_5_Trans_oper_exchange_condV_nonadm	2	1658646	isabelle/layerB/pss_wip.thy	61656	false	6880956	0	true
pss_wip.m_8_7_fseq_descend_dispatcher_condV	pss_wip	pss_wip.m_8_7_fseq_descend_dispatcher_condV	0	1659058	isabelle/layerB/pss_wip.thy	61753	false	6881602	0	true
pss_wip.fpx_seg0_self	pss_wip	pss_wip.fpx_seg0_self	0	1659138	isabelle/layerB/pss_wip.thy	61846	false	6883746	0	false
pss_wip.fpx_slice_principal	pss_wip	pss_wip.fpx_slice_principal	0	1659172	isabelle/layerB/pss_wip.thy	61864	false	6883870	0	true
pss_wip.fpx_VE_reduction	pss_wip	pss_wip.fpx_VE_reduction	0	1659188	isabelle/layerB/pss_wip.thy	61913	false	6884086	0	false
pss_wip.fpx_terminal_slice_Trans_modStep	pss_wip	pss_wip.fpx_terminal_slice_Trans_modStep	0	1659280	isabelle/layerB/pss_wip.thy	61947	false	6884250	0	true
pss_wip.d2x_multBT_replicate	pss_wip	pss_wip.d2x_multBT_replicate	0	1659328	isabelle/layerB/pss_wip.thy	62007	false	6884880	0	true
pss_wip.d2x_multBT_lt_top	pss_wip	pss_wip.d2x_multBT_lt_top	0	1659356	isabelle/layerB/pss_wip.thy	62017	false	6885094	0	true
pss_wip.d2x_exchange2_condII	pss_wip	pss_wip.d2x_exchange2_condII	0	1659472	isabelle/layerB/pss_wip.thy	62054	false	6885376	0	true
pss_wip.d6x_Dtower_lt_Dpt	pss_wip	pss_wip.d6x_Dtower_lt_Dpt	0	1659504	isabelle/layerB/pss_wip.thy	62161	false	6885894	0	true
pss_wip.d6x_exchange2_condVI	pss_wip	pss_wip.d6x_exchange2_condVI	0	1659634	isabelle/layerB/pss_wip.thy	62178	false	6886066	0	true
pss_wip.d6x_exchange2_condVI_tower	pss_wip	pss_wip.d6x_exchange2_condVI_tower	0	1659794	isabelle/layerB/pss_wip.thy	62245	false	6886574	0	true
pss_wip.d13x_T_graph.intros(1)	pss_wip	pss_wip.d13x_T_graph.intros	1	1659996	isabelle/layerB/pss_wip.thy	62328	true	6887466	0	true
pss_wip.d13x_T_graph.intros(2)	pss_wip	pss_wip.d13x_T_graph.intros	2	1659998	isabelle/layerB/pss_wip.thy	62328	true	6887466	0	true
pss_wip.d13x_T_graph.cases	pss_wip	pss_wip.d13x_T_graph.cases	0	1660002	isabelle/layerB/pss_wip.thy	62328	true	6887466	0	true
pss_wip.d13x_T_graph.induct	pss_wip	pss_wip.d13x_T_graph.induct	0	1660016	isabelle/layerB/pss_wip.thy	62328	true	6887466	0	true
pss_wip.d13x_T_graph.simps	pss_wip	pss_wip.d13x_T_graph.simps	0	1660024	isabelle/layerB/pss_wip.thy	62328	true	6887466	0	true
pss_wip.d13x_T_graph.inducts	pss_wip	pss_wip.d13x_T_graph.inducts	0	1660032	isabelle/layerB/pss_wip.thy	62328	true	6887466	0	true
pss_wip.d13x_T_rel.intros	pss_wip	pss_wip.d13x_T_rel.intros	0	1660172	isabelle/layerB/pss_wip.thy	62328	true	6887466	0	true
pss_wip.d13x_T_rel.cases	pss_wip	pss_wip.d13x_T_rel.cases	0	1660178	isabelle/layerB/pss_wip.thy	62328	true	6887466	0	true
pss_wip.d13x_T_rel.induct	pss_wip	pss_wip.d13x_T_rel.induct	0	1660186	isabelle/layerB/pss_wip.thy	62328	true	6887466	0	true
pss_wip.d13x_T_rel.simps	pss_wip	pss_wip.d13x_T_rel.simps	0	1660188	isabelle/layerB/pss_wip.thy	62328	true	6887466	0	true
pss_wip.d13x_T_rel.inducts	pss_wip	pss_wip.d13x_T_rel.inducts	0	1660192	isabelle/layerB/pss_wip.thy	62328	true	6887466	0	true
pss_wip.d13x_T.psimps(1)	pss_wip	pss_wip.d13x_T.psimps	1	1660298	isabelle/layerB/pss_wip.thy	62328	true	6887466	0	true
pss_wip.d13x_T.psimps(2)	pss_wip	pss_wip.d13x_T.psimps	2	1660300	isabelle/layerB/pss_wip.thy	62328	true	6887466	0	true
pss_wip.d13x_T.pinduct	pss_wip	pss_wip.d13x_T.pinduct	0	1660302	isabelle/layerB/pss_wip.thy	62328	true	6887466	0	true
pss_wip.d13x_T.termination	pss_wip	pss_wip.d13x_T.termination	0	1660306	isabelle/layerB/pss_wip.thy	62328	true	6887466	0	true
pss_wip.d13x_T.cases	pss_wip	pss_wip.d13x_T.cases	0	1660310	isabelle/layerB/pss_wip.thy	62328	false	6887466	0	true
pss_wip.d13x_T.pelims	pss_wip	pss_wip.d13x_T.pelims	0	1660314	isabelle/layerB/pss_wip.thy	62328	false	6887466	0	true
pss_wip.d13x_T.simps(1)	pss_wip	pss_wip.d13x_T.simps	1	1660334	isabelle/layerB/pss_wip.thy	62328	false	6887466	0	true
pss_wip.d13x_T.simps(2)	pss_wip	pss_wip.d13x_T.simps	2	1660338	isabelle/layerB/pss_wip.thy	62328	false	6887466	0	true
pss_wip.d13x_T.induct	pss_wip	pss_wip.d13x_T.induct	0	1660350	isabelle/layerB/pss_wip.thy	62328	false	6887466	0	true
pss_wip.d13x_T.elims	pss_wip	pss_wip.d13x_T.elims	0	1660360	isabelle/layerB/pss_wip.thy	62328	false	6887466	0	true
pss_wip.d13x_T_dfree	pss_wip	pss_wip.d13x_T_dfree	0	1660400	isabelle/layerB/pss_wip.thy	62332	false	6890636	0	true
pss_wip.d13x_T_TB	pss_wip	pss_wip.d13x_T_TB	0	1660418	isabelle/layerB/pss_wip.thy	62337	false	6890782	0	true
pss_wip.d13x_T_flat	pss_wip	pss_wip.d13x_T_flat	0	1660464	isabelle/layerB/pss_wip.thy	62342	false	6890986	0	true
pss_wip.d13x_T_interleave	pss_wip	pss_wip.d13x_T_interleave	0	1660542	isabelle/layerB/pss_wip.thy	62379	false	6891424	0	true
pss_wip.d13x_T_mono_base	pss_wip	pss_wip.d13x_T_mono_base	0	1660562	isabelle/layerB/pss_wip.thy	62424	false	6891636	0	true
pss_wip.d13x_T_compose	pss_wip	pss_wip.d13x_T_compose	0	1660586	isabelle/layerB/pss_wip.thy	62440	false	6891734	0	true
pss_wip.d13x_Lbase	pss_wip	pss_wip.d13x_Lbase	0	1660644	isabelle/layerB/pss_wip.thy	62449	false	6891944	0	true
pss_wip.d13x_fseq_condIII	pss_wip	pss_wip.d13x_fseq_condIII	0	1660710	isabelle/layerB/pss_wip.thy	62471	false	6892160	0	true
pss_wip.d13x_exchange13_condIII	pss_wip	pss_wip.d13x_exchange13_condIII	0	1660840	isabelle/layerB/pss_wip.thy	62514	false	6892740	0	true
pss_wip.m_8_4_Trans_oper_exchange_corrected_condIII	pss_wip	pss_wip.m_8_4_Trans_oper_exchange_corrected_condIII	0	1661198	isabelle/layerB/pss_wip.thy	62656	false	6894516	0	true
pss_wip.m_8_cf_descent_of_CF	pss_wip	pss_wip.m_8_cf_descent_of_CF	0	1661278	isabelle/layerB/pss_wip.thy	62766	false	6896828	0	true
pss_wip.m_8_3_lhs_of_CF	pss_wip	pss_wip.m_8_3_lhs_of_CF	0	1661400	isabelle/layerB/pss_wip.thy	62783	false	6897378	0	true
pss_wip.m_8_6_cf_of_CF	pss_wip	pss_wip.m_8_6_cf_of_CF	0	1661514	isabelle/layerB/pss_wip.thy	62810	false	6897892	0	false
pss_wip.m_8_termination_modulo_CF	pss_wip	pss_wip.m_8_termination_modulo_CF	0	1661938	isabelle/layerB/pss_wip.thy	62834	false	6898770	0	true
pss_wip.cfax_crep_rot	pss_wip	pss_wip.cfax_crep_rot	0	1662016	isabelle/layerB/pss_wip.thy	62917	false	6901502	0	false
pss_wip.cfax_CF_kind1_concat	pss_wip	pss_wip.cfax_CF_kind1_concat	0	1662124	isabelle/layerB/pss_wip.thy	62928	false	6901760	0	true
pss_wip.cfax_CF_kind1_mnform	pss_wip	pss_wip.cfax_CF_kind1_mnform	0	1662396	isabelle/layerB/pss_wip.thy	63064	false	6902666	0	true
pss_wip.cfax_condIII_exchange13_of_CFvalues	pss_wip	pss_wip.cfax_condIII_exchange13_of_CFvalues	0	1662766	isabelle/layerB/pss_wip.thy	63126	false	6903886	0	true
pss_wip.cfbx_reg_def	pss_wip	pss_wip.cfbx_reg_def	0	1662824	isabelle/layerB/pss_wip.thy	63208	false	6905544	0	false
pss_wip.cfbx_j1p_def	pss_wip	pss_wip.cfbx_j1p_def	0	1662864	isabelle/layerB/pss_wip.thy	63217	false	6905908	0	false
pss_wip.cfbx_VE_backpeel	pss_wip	pss_wip.cfbx_VE_backpeel	0	1662932	isabelle/layerB/pss_wip.thy	63230	false	6906300	0	true
pss_wip.cfbx_VE_iff_Mark	pss_wip	pss_wip.cfbx_VE_iff_Mark	0	1662994	isabelle/layerB/pss_wip.thy	63283	false	6906850	0	true
pss_wip.cfbx_Mark0_Trans	pss_wip	pss_wip.cfbx_Mark0_Trans	0	1663018	isabelle/layerB/pss_wip.thy	63298	false	6907028	0	true
pss_wip.cfbx_VE_iff_Mark0	pss_wip	pss_wip.cfbx_VE_iff_Mark0	0	1663096	isabelle/layerB/pss_wip.thy	63319	false	6907148	0	true
pss_wip.cfbx_terminal_slice_Trans_modBackpeel	pss_wip	pss_wip.cfbx_terminal_slice_Trans_modBackpeel	0	1663324	isabelle/layerB/pss_wip.thy	63338	false	6907350	0	true
pss_wip.cfcx_scb_principal_peel	pss_wip	pss_wip.cfcx_scb_principal_peel	0	1663392	isabelle/layerB/pss_wip.thy	63400	false	6908036	0	true
pss_wip.cfcx_surgery_bpHeadT_eq	pss_wip	pss_wip.cfcx_surgery_bpHeadT_eq	0	1663514	isabelle/layerB/pss_wip.thy	63422	false	6908326	0	true
pss_wip.cfcx_VE_step_abstract	pss_wip	pss_wip.cfcx_VE_step_abstract	0	1663702	isabelle/layerB/pss_wip.thy	63476	false	6908586	0	true
pss_wip.cfcx_VE_step_concrete	pss_wip	pss_wip.cfcx_VE_step_concrete	0	1663882	isabelle/layerB/pss_wip.thy	63522	false	6908862	0	true
pss_wip.d4vx_Trans_oper_exchange_corrected_condIV	pss_wip	pss_wip.d4vx_Trans_oper_exchange_corrected_condIV	0	1664578	isabelle/layerB/pss_wip.thy	63617	false	6909116	0	true
pss_wip.d4vx_Trans_oper_exchange_corrected	pss_wip	pss_wip.d4vx_Trans_oper_exchange_corrected	0	1665028	isabelle/layerB/pss_wip.thy	63687	false	6910216	0	true
pss_wip.d4vx_ins_def	pss_wip	pss_wip.d4vx_ins_def	0	1665120	isabelle/layerB/pss_wip.thy	63756	false	6911316	0	false
pss_wip.d4vx_core_graph.intros(1)	pss_wip	pss_wip.d4vx_core_graph.intros	1	1665266	isabelle/layerB/pss_wip.thy	63759	true	6911522	0	true
pss_wip.d4vx_core_graph.intros(2)	pss_wip	pss_wip.d4vx_core_graph.intros	2	1665268	isabelle/layerB/pss_wip.thy	63759	true	6911522	0	true
pss_wip.d4vx_core_graph.cases	pss_wip	pss_wip.d4vx_core_graph.cases	0	1665270	isabelle/layerB/pss_wip.thy	63759	true	6911522	0	true
pss_wip.d4vx_core_graph.induct	pss_wip	pss_wip.d4vx_core_graph.induct	0	1665276	isabelle/layerB/pss_wip.thy	63759	true	6911522	0	true
pss_wip.d4vx_core_graph.simps	pss_wip	pss_wip.d4vx_core_graph.simps	0	1665284	isabelle/layerB/pss_wip.thy	63759	true	6911522	0	true
pss_wip.d4vx_core_graph.inducts	pss_wip	pss_wip.d4vx_core_graph.inducts	0	1665288	isabelle/layerB/pss_wip.thy	63759	true	6911522	0	true
pss_wip.d4vx_core_rel.intros	pss_wip	pss_wip.d4vx_core_rel.intros	0	1665354	isabelle/layerB/pss_wip.thy	63759	true	6911522	0	true
pss_wip.d4vx_core_rel.cases	pss_wip	pss_wip.d4vx_core_rel.cases	0	1665356	isabelle/layerB/pss_wip.thy	63759	true	6911522	0	true
pss_wip.d4vx_core_rel.induct	pss_wip	pss_wip.d4vx_core_rel.induct	0	1665360	isabelle/layerB/pss_wip.thy	63759	true	6911522	0	true
pss_wip.d4vx_core_rel.simps	pss_wip	pss_wip.d4vx_core_rel.simps	0	1665362	isabelle/layerB/pss_wip.thy	63759	true	6911522	0	true
pss_wip.d4vx_core_rel.inducts	pss_wip	pss_wip.d4vx_core_rel.inducts	0	1665364	isabelle/layerB/pss_wip.thy	63759	true	6911522	0	true
pss_wip.d4vx_core.psimps(1)	pss_wip	pss_wip.d4vx_core.psimps	1	1665590	isabelle/layerB/pss_wip.thy	63759	true	6911522	0	true
pss_wip.d4vx_core.psimps(2)	pss_wip	pss_wip.d4vx_core.psimps	2	1665596	isabelle/layerB/pss_wip.thy	63759	true	6911522	0	true
pss_wip.d4vx_core.pinduct	pss_wip	pss_wip.d4vx_core.pinduct	0	1665604	isabelle/layerB/pss_wip.thy	63759	true	6911522	0	true
pss_wip.d4vx_core.termination	pss_wip	pss_wip.d4vx_core.termination	0	1665614	isabelle/layerB/pss_wip.thy	63759	true	6911522	0	true
pss_wip.d4vx_core.cases	pss_wip	pss_wip.d4vx_core.cases	0	1665620	isabelle/layerB/pss_wip.thy	63759	false	6911522	0	true
pss_wip.d4vx_core.pelims	pss_wip	pss_wip.d4vx_core.pelims	0	1665626	isabelle/layerB/pss_wip.thy	63759	false	6911522	0	true
pss_wip.d4vx_core.simps(1)	pss_wip	pss_wip.d4vx_core.simps	1	1665634	isabelle/layerB/pss_wip.thy	63759	false	6911522	0	true
pss_wip.d4vx_core.simps(2)	pss_wip	pss_wip.d4vx_core.simps	2	1665636	isabelle/layerB/pss_wip.thy	63759	false	6911522	0	true
pss_wip.d4vx_core.induct	pss_wip	pss_wip.d4vx_core.induct	0	1665644	isabelle/layerB/pss_wip.thy	63759	false	6911522	0	true
pss_wip.d4vx_core.elims	pss_wip	pss_wip.d4vx_core.elims	0	1665656	isabelle/layerB/pss_wip.thy	63759	false	6911522	0	true
pss_wip.d4vx_ins_flat	pss_wip	pss_wip.d4vx_ins_flat	0	1665764	isabelle/layerB/pss_wip.thy	63767	false	6913786	0	true
pss_wip.d4vx_core_flat	pss_wip	pss_wip.d4vx_core_flat	0	1665826	isabelle/layerB/pss_wip.thy	63783	false	6913894	0	true
pss_wip.d4vx_core_lt_c2body	pss_wip	pss_wip.d4vx_core_lt_c2body	0	1665904	isabelle/layerB/pss_wip.thy	63815	false	6913998	0	true
pss_wip.d4vx_exchange2_condIV	pss_wip	pss_wip.d4vx_exchange2_condIV	0	1666048	isabelle/layerB/pss_wip.thy	63856	false	6914342	0	true
pss_wip.d4vx_Trans_oper_exchange_corrected_otfree	pss_wip	pss_wip.d4vx_Trans_oper_exchange_corrected_otfree	0	1666738	isabelle/layerB/pss_wip.thy	64013	false	6915816	0	true
pss_wip.c1x_condI_j0pos_exchange	pss_wip	pss_wip.c1x_condI_j0pos_exchange	0	1666818	isabelle/layerB/pss_wip.thy	64124	false	6917886	0	true
pss_wip.nfx_rot_s0	pss_wip	pss_wip.nfx_rot_s0	0	1666888	isabelle/layerB/pss_wip.thy	64198	false	6918562	0	false
pss_wip.nfx_bodyO_flat	pss_wip	pss_wip.nfx_bodyO_flat	0	1667028	isabelle/layerB/pss_wip.thy	64207	false	6918716	0	true
pss_wip.nfx_operB_form	pss_wip	pss_wip.nfx_operB_form	0	1667198	isabelle/layerB/pss_wip.thy	64249	false	6918986	0	true
pss_wip.nfx_bodyM_flat	pss_wip	pss_wip.nfx_bodyM_flat	0	1667342	isabelle/layerB/pss_wip.thy	64305	false	6919476	0	true
pss_wip.nfx_M_tower	pss_wip	pss_wip.nfx_M_tower	0	1667764	isabelle/layerB/pss_wip.thy	64348	false	6919830	0	true
pss_wip.nfx_NFall	pss_wip	pss_wip.nfx_NFall	0	1668288	isabelle/layerB/pss_wip.thy	64558	false	6920540	0	true
pss_wip.RPrel_def	pss_wip	pss_wip.RPrel_def	0	1668378	isabelle/layerB/pss_wip.thy	64626	false	6921314	0	false
pss_wip.RTrel_def	pss_wip	pss_wip.RTrel_def	0	1668468	isabelle/layerB/pss_wip.thy	64629	false	6921514	0	false
pss_wip.wfox_goal_eq_RTrel	pss_wip	pss_wip.wfox_goal_eq_RTrel	0	1668538	isabelle/layerB/pss_wip.thy	64634	false	6921718	0	false
pss_wip.wfox_RTrel_irrefl	pss_wip	pss_wip.wfox_RTrel_irrefl	0	1668558	isabelle/layerB/pss_wip.thy	64640	false	6921826	0	true
pss_wip.wfox_RTrel_trans	pss_wip	pss_wip.wfox_RTrel_trans	0	1668596	isabelle/layerB/pss_wip.thy	64643	false	6921882	0	true
pss_wip.wfox_wf_iff_nochain	pss_wip	pss_wip.wfox_wf_iff_nochain	0	1668664	isabelle/layerB/pss_wip.thy	64649	false	6921984	0	false
pss_wip.wfox_RPrel_into_RTrel	pss_wip	pss_wip.wfox_RPrel_into_RTrel	0	1668768	isabelle/layerB/pss_wip.thy	64674	false	6922124	0	true
pss_wip.wfox_RPrel_of_RTrel	pss_wip	pss_wip.wfox_RPrel_of_RTrel	0	1668802	isabelle/layerB/pss_wip.thy	64678	false	6922262	0	true
pss_wip.wfox_RPrel_subterm	pss_wip	pss_wip.wfox_RPrel_subterm	0	1668872	isabelle/layerB/pss_wip.thy	64687	false	6922380	0	true
pss_wip.wfox_Trm_untrm	pss_wip	pss_wip.wfox_Trm_untrm	0	1668896	isabelle/layerB/pss_wip.thy	64703	false	6922486	0	true
pss_wip.wfox_hd_guarded	pss_wip	pss_wip.wfox_hd_guarded	0	1668930	isabelle/layerB/pss_wip.thy	64706	false	6922602	0	true
pss_wip.wfox_tl_guarded	pss_wip	pss_wip.wfox_tl_guarded	0	1668960	isabelle/layerB/pss_wip.thy	64710	false	6922662	0	true
pss_wip.wfox_chain_nonempty	pss_wip	pss_wip.wfox_chain_nonempty	0	1668974	isabelle/layerB/pss_wip.thy	64714	false	6922868	0	true
pss_wip.wfox_head_step	pss_wip	pss_wip.wfox_head_step	0	1668994	isabelle/layerB/pss_wip.thy	64724	false	6923032	0	true
pss_wip.wfox_tail_step	pss_wip	pss_wip.wfox_tail_step	0	1669024	isabelle/layerB/pss_wip.thy	64739	false	6923168	0	true
pss_wip.wfox_head_bound	pss_wip	pss_wip.wfox_head_bound	0	1669154	isabelle/layerB/pss_wip.thy	64755	false	6923288	0	true
pss_wip.wfox_tail_step'	pss_wip	pss_wip.wfox_tail_step'	0	1669252	isabelle/layerB/pss_wip.thy	64789	false	6923428	0	true
pss_wip.wfox_NoBad	pss_wip	pss_wip.wfox_NoBad	0	1669518	isabelle/layerB/pss_wip.thy	64810	false	6923670	0	true
pss_wip.wfox_tuple_lift	pss_wip	pss_wip.wfox_tuple_lift	0	1669644	isabelle/layerB/pss_wip.thy	64949	false	6923962	0	true
pss_wip.wfox_wf_RPrel_iff_RTrel	pss_wip	pss_wip.wfox_wf_RPrel_iff_RTrel	0	1669686	isabelle/layerB/pss_wip.thy	64998	false	6924034	0	true
pss_wip.m_buc1_2_2_OT_B_wf_via_principal	pss_wip	pss_wip.m_buc1_2_2_OT_B_wf_via_principal	0	1669750	isabelle/layerB/pss_wip.thy	65006	false	6924122	0	true
pss_wip.m_buc1_2_2_OT_B_wf	pss_wip	pss_wip.m_buc1_2_2_OT_B_wf	0	1669958	isabelle/layerB/pss_wip.thy	65016	false	6924256	0	false
pss_wip.ctx_transJm1_shift	pss_wip	pss_wip.ctx_transJm1_shift	0	1670394	isabelle/layerB/pss_wip.thy	65072	false	6924454	0	true
pss_wip.ctx_adm_transJ0_shift	pss_wip	pss_wip.ctx_adm_transJ0_shift	0	1670632	isabelle/layerB/pss_wip.thy	65112	false	6924644	0	true
pss_wip.ctx_transCond_atoms(1)	pss_wip	pss_wip.ctx_transCond_atoms	1	1671248	isabelle/layerB/pss_wip.thy	65164	false	6924900	0	true
pss_wip.ctx_transCond_atoms(2)	pss_wip	pss_wip.ctx_transCond_atoms	2	1671250	isabelle/layerB/pss_wip.thy	65164	false	6924900	0	true
pss_wip.ctx_transCond_atoms(3)	pss_wip	pss_wip.ctx_transCond_atoms	3	1671252	isabelle/layerB/pss_wip.thy	65164	false	6924900	0	true
pss_wip.ctx_transCond_atoms(4)	pss_wip	pss_wip.ctx_transCond_atoms	4	1671258	isabelle/layerB/pss_wip.thy	65164	false	6924900	0	true
pss_wip.ctx_transCond_atoms(5)	pss_wip	pss_wip.ctx_transCond_atoms	5	1671262	isabelle/layerB/pss_wip.thy	65164	false	6924900	0	true
pss_wip.ctx_transCondI_eq	pss_wip	pss_wip.ctx_transCondI_eq	0	1671462	isabelle/layerB/pss_wip.thy	65227	false	6925636	0	true
pss_wip.ctx_transCondIII_eq	pss_wip	pss_wip.ctx_transCondIII_eq	0	1671596	isabelle/layerB/pss_wip.thy	65247	false	6925852	0	true
pss_wip.ctx_transCondV_eq	pss_wip	pss_wip.ctx_transCondV_eq	0	1671744	isabelle/layerB/pss_wip.thy	65272	false	6926012	0	true
pss_wip.ctx_transCondVI_eq	pss_wip	pss_wip.ctx_transCondVI_eq	0	1671960	isabelle/layerB/pss_wip.thy	65302	false	6926216	0	true
pss_wip.ctx_interior_id2	pss_wip	pss_wip.ctx_interior_id2	0	1672160	isabelle/layerB/pss_wip.thy	65336	false	6926426	0	true
pss_wip.ctx_interior_id3	pss_wip	pss_wip.ctx_interior_id3	0	1672368	isabelle/layerB/pss_wip.thy	65361	false	6926708	0	true
pss_wip.ctx_markShift	pss_wip	pss_wip.ctx_markShift	0	1672596	isabelle/layerB/pss_wip.thy	65403	false	6926988	0	true
pss_wip.ctx_interior_ids	pss_wip	pss_wip.ctx_interior_ids	0	1672800	isabelle/layerB/pss_wip.thy	65526	false	6927236	0	true
pss_wip.ctx_VE_step_nonmarked	pss_wip	pss_wip.ctx_VE_step_nonmarked	0	1673358	isabelle/layerB/pss_wip.thy	65557	false	6927446	0	true
pss_wip.bpax_Trans_PredN_leR	pss_wip	pss_wip.bpax_Trans_PredN_leR	0	1673610	isabelle/layerB/pss_wip.thy	65617	false	6928018	0	true
pss_wip.bpax_VE_step	pss_wip	pss_wip.bpax_VE_step	0	1674100	isabelle/layerB/pss_wip.thy	65663	false	6928312	0	true
pss_wip.bpax_terminal_slice_modResidual	pss_wip	pss_wip.bpax_terminal_slice_modResidual	0	1674264	isabelle/layerB/pss_wip.thy	65808	false	6928792	0	true
pss_wip.bpax_RPERS	pss_wip	pss_wip.bpax_RPERS	0	1674288	isabelle/layerB/pss_wip.thy	65860	false	6929268	0	true
pss_wip.bpax_terminal_slice_modResidual2	pss_wip	pss_wip.bpax_terminal_slice_modResidual2	0	1674326	isabelle/layerB/pss_wip.thy	65981	false	6929376	0	true
pss_wip.bpbx_descending_transfer	pss_wip	pss_wip.bpbx_descending_transfer	0	1674332	isabelle/layerB/pss_wip.thy	66050	false	6929652	0	false
pss_wip.bpbx_RPERS	pss_wip	pss_wip.bpbx_RPERS	0	1674338	isabelle/layerB/pss_wip.thy	66077	false	6929726	0	true
pss_wip.bpbx_Br_Pred_j1eq	pss_wip	pss_wip.bpbx_Br_Pred_j1eq	0	1674344	isabelle/layerB/pss_wip.thy	66230	false	6929794	0	true
pss_wip.bpbx_BASE	pss_wip	pss_wip.bpbx_BASE	0	1674350	isabelle/layerB/pss_wip.thy	66283	false	6929862	0	false
pss_wip.bpbx_cfbx_VE_modSTEP_PEEL	pss_wip	pss_wip.bpbx_cfbx_VE_modSTEP_PEEL	0	1674356	isabelle/layerB/pss_wip.thy	66308	false	6929934	0	true
pss_wip.vfx_flat_head_bpHeadV	pss_wip	pss_wip.vfx_flat_head_bpHeadV	0	1674362	isabelle/layerB/pss_wip.thy	66339	false	6930026	0	true
pss_wip.vfx_Np_head	pss_wip	pss_wip.vfx_Np_head	0	1674368	isabelle/layerB/pss_wip.thy	66372	false	6930092	0	true
pss_wip.vfx_fPN	pss_wip	pss_wip.vfx_fPN	0	1674404	isabelle/layerB/pss_wip.thy	66423	false	6930190	0	true
pss_wip.vfx_fLp	pss_wip	pss_wip.vfx_fLp	0	1674510	isabelle/layerB/pss_wip.thy	66482	false	6930314	0	true
pss_wip.nf2x_Lpv	pss_wip	pss_wip.nf2x_Lpv	0	1674564	isabelle/layerB/pss_wip.thy	66630	false	6930580	0	true
pss_wip.nf2x_L1v	pss_wip	pss_wip.nf2x_L1v	0	1674720	isabelle/layerB/pss_wip.thy	66709	false	6930708	0	true
pss_wip.nf2x_NFall	pss_wip	pss_wip.nf2x_NFall	0	1675070	isabelle/layerB/pss_wip.thy	66850	false	6930926	0	true
pss_wip.svx_stepval_of_exchange_eq	pss_wip	pss_wip.svx_stepval_of_exchange_eq	0	1675184	isabelle/layerB/pss_wip.thy	66928	false	6931322	0	false
pss_wip.svx_OT_step_of_exchange_eq	pss_wip	pss_wip.svx_OT_step_of_exchange_eq	0	1675234	isabelle/layerB/pss_wip.thy	66940	false	6931438	0	true
pss_wip.svx_stepval_condI	pss_wip	pss_wip.svx_stepval_condI	0	1675280	isabelle/layerB/pss_wip.thy	66960	false	6931554	0	false
pss_wip.svx_OT_step_condI	pss_wip	pss_wip.svx_OT_step_condI	0	1675290	isabelle/layerB/pss_wip.thy	66967	false	6931638	0	true
pss_wip.svx_stepval_condII	pss_wip	pss_wip.svx_stepval_condII	0	1675296	isabelle/layerB/pss_wip.thy	66978	false	6931716	0	false
pss_wip.svx_OT_step_condII	pss_wip	pss_wip.svx_OT_step_condII	0	1675306	isabelle/layerB/pss_wip.thy	66989	false	6931790	0	true
pss_wip.svx_stepval_of_flat_eq	pss_wip	pss_wip.svx_stepval_of_flat_eq	0	1675322	isabelle/layerB/pss_wip.thy	67010	false	6931888	0	true
pss_wip.svx_OT_step_of_flat_eq	pss_wip	pss_wip.svx_OT_step_of_flat_eq	0	1675488	isabelle/layerB/pss_wip.thy	67023	false	6932026	0	true
pss_wip.svx_flat_eq_of_wrapper_core	pss_wip	pss_wip.svx_flat_eq_of_wrapper_core	0	1675692	isabelle/layerB/pss_wip.thy	67045	false	6932144	0	true
pss_wip.svx_stepval_condIIIVI_of_wrapper	pss_wip	pss_wip.svx_stepval_condIIIVI_of_wrapper	0	1675888	isabelle/layerB/pss_wip.thy	67055	false	6932324	0	true
pss_wip.svx_stepval_interleave_n2	pss_wip	pss_wip.svx_stepval_interleave_n2	0	1675990	isabelle/layerB/pss_wip.thy	67076	false	6932516	0	true
pss_wip.svx_OT_preserved_stepval_split	pss_wip	pss_wip.svx_OT_preserved_stepval_split	0	1676058	isabelle/layerB/pss_wip.thy	67095	false	6932712	0	true
pss_wip.svx_OT_preserved_condI_vs_flat	pss_wip	pss_wip.svx_OT_preserved_condI_vs_flat	0	1676192	isabelle/layerB/pss_wip.thy	67150	false	6933046	0	true
pss_wip.c1vx_condI_j0pos_exchange_step	pss_wip	pss_wip.c1vx_condI_j0pos_exchange_step	0	1676364	isabelle/layerB/pss_wip.thy	67222	false	6933304	0	true
pss_wip.c4vx_condIV_exchange_of_CFvalues	pss_wip	pss_wip.c4vx_condIV_exchange_of_CFvalues	0	1676622	isabelle/layerB/pss_wip.thy	67332	false	6933656	0	true
pss_wip.c6vx_diag_predMarked0	pss_wip	pss_wip.c6vx_diag_predMarked0	0	1676652	isabelle/layerB/pss_wip.thy	67451	false	6934616	0	true
pss_wip.c6vx_diag_condVI	pss_wip	pss_wip.c6vx_diag_condVI	0	1676664	isabelle/layerB/pss_wip.thy	67469	false	6934722	0	false
pss_wip.c6vx_diag_transV	pss_wip	pss_wip.c6vx_diag_transV	0	1676676	isabelle/layerB/pss_wip.thy	67502	false	6934874	0	true
pss_wip.c6vx_diag_transC2	pss_wip	pss_wip.c6vx_diag_transC2	0	1676716	isabelle/layerB/pss_wip.thy	67541	false	6934978	0	true
pss_wip.c6vx_diag_transJ0entry	pss_wip	pss_wip.c6vx_diag_transJ0entry	0	1676792	isabelle/layerB/pss_wip.thy	67576	false	6935090	0	false
pss_wip.c6vx_diagSeq_CF_VI_flat	pss_wip	pss_wip.c6vx_diagSeq_CF_VI_flat	0	1676814	isabelle/layerB/pss_wip.thy	67600	false	6935168	0	true
pss_wip.c6vx_diagSeq_condVI_cf	pss_wip	pss_wip.c6vx_diagSeq_condVI_cf	0	1676832	isabelle/layerB/pss_wip.thy	67619	false	6935288	0	true
pss_wip.c6vx_diagSeq_condVI_descent_free	pss_wip	pss_wip.c6vx_diagSeq_condVI_descent_free	0	1676840	isabelle/layerB/pss_wip.thy	67658	false	6935420	0	true
pss_wip.wfpx_nrmT_def	pss_wip	pss_wip.wfpx_nrmT_def	0	1676848	isabelle/layerB/pss_wip.thy	67732	true	6935530	0	false
pss_wip.wfpx_nrmP_def	pss_wip	pss_wip.wfpx_nrmP_def	0	1676852	isabelle/layerB/pss_wip.thy	67732	true	6935530	0	false
pss_wip.wfpx_nrmT.simps	pss_wip	pss_wip.wfpx_nrmT.simps	0	1676866	isabelle/layerB/pss_wip.thy	67732	false	6935530	0	true
pss_wip.wfpx_nrmP.simps	pss_wip	pss_wip.wfpx_nrmP.simps	0	1676870	isabelle/layerB/pss_wip.thy	67732	false	6935530	0	true
pss_wip.wfpx_nrmP_pos	pss_wip	pss_wip.wfpx_nrmP_pos	0	1676878	isabelle/layerB/pss_wip.thy	67736	false	6935684	0	true
pss_wip.wfpx_length_le_sum	pss_wip	pss_wip.wfpx_length_le_sum	0	1676884	isabelle/layerB/pss_wip.thy	67739	false	6935720	0	true
pss_wip.wfpx_nrmP_le_sum	pss_wip	pss_wip.wfpx_nrmP_le_sum	0	1676890	isabelle/layerB/pss_wip.thy	67751	false	6935758	0	true
pss_wip.wfpx_finite_norm_le	pss_wip	pss_wip.wfpx_finite_norm_le	0	1676898	isabelle/layerB/pss_wip.thy	67774	false	6935834	0	true
pss_wip.wfpx_finite_BT_norm	pss_wip	pss_wip.wfpx_finite_BT_norm	0	1676918	isabelle/layerB/pss_wip.thy	67875	false	6935878	0	true
pss_wip.wfpx_finite_BP_norm	pss_wip	pss_wip.wfpx_finite_BP_norm	0	1676924	isabelle/layerB/pss_wip.thy	67878	false	6935938	0	true
pss_wip.RPrel_bnd_def	pss_wip	pss_wip.RPrel_bnd_def	0	1676938	isabelle/layerB/pss_wip.thy	67883	false	6936050	0	false
pss_wip.wfpx_RPrel_trans	pss_wip	pss_wip.wfpx_RPrel_trans	0	1676958	isabelle/layerB/pss_wip.thy	67886	false	6936294	0	true
pss_wip.wfpx_RPrel_irrefl	pss_wip	pss_wip.wfpx_RPrel_irrefl	0	1676964	isabelle/layerB/pss_wip.thy	67889	false	6936348	0	true
pss_wip.wfpx_RPrel_acyclic	pss_wip	pss_wip.wfpx_RPrel_acyclic	0	1676970	isabelle/layerB/pss_wip.thy	67892	false	6936386	0	true
pss_wip.wfpx_finite_RPrel_bnd	pss_wip	pss_wip.wfpx_finite_RPrel_bnd	0	1676976	isabelle/layerB/pss_wip.thy	67895	false	6936416	0	true
pss_wip.wfpx_RPrel_bnd_acyclic	pss_wip	pss_wip.wfpx_RPrel_bnd_acyclic	0	1676982	isabelle/layerB/pss_wip.thy	67905	false	6936452	0	true
pss_wip.wfpx_wf_RPrel_bnd	pss_wip	pss_wip.wfpx_wf_RPrel_bnd	0	1676988	isabelle/layerB/pss_wip.thy	67908	false	6936490	0	true
pss_wip.wfpx_bounded_chain_impossible	pss_wip	pss_wip.wfpx_bounded_chain_impossible	0	1676994	isabelle/layerB/pss_wip.thy	67913	false	6936544	0	true
pss_wip.wfpx_infinite_chain_unbounded_norm	pss_wip	pss_wip.wfpx_infinite_chain_unbounded_norm	0	1677004	isabelle/layerB/pss_wip.thy	67924	false	6936608	0	true
pss_wip.wfpx_wf_RPrel_iff_no_unbounded_chain	pss_wip	pss_wip.wfpx_wf_RPrel_iff_no_unbounded_chain	0	1677038	isabelle/layerB/pss_wip.thy	67937	false	6936662	0	true
pss_wip.RTrel_bnd_def	pss_wip	pss_wip.RTrel_bnd_def	0	1677080	isabelle/layerB/pss_wip.thy	67963	false	6936758	0	false
pss_wip.wfpx_RTrel_acyclic	pss_wip	pss_wip.wfpx_RTrel_acyclic	0	1677104	isabelle/layerB/pss_wip.thy	67966	false	6936870	0	true
pss_wip.wfpx_finite_RTrel_bnd	pss_wip	pss_wip.wfpx_finite_RTrel_bnd	0	1677154	isabelle/layerB/pss_wip.thy	67974	false	6936940	0	true
pss_wip.wfpx_RTrel_bnd_acyclic	pss_wip	pss_wip.wfpx_RTrel_bnd_acyclic	0	1677162	isabelle/layerB/pss_wip.thy	67984	false	6937020	0	true
pss_wip.wfpx_wf_RTrel_bnd	pss_wip	pss_wip.wfpx_wf_RTrel_bnd	0	1677178	isabelle/layerB/pss_wip.thy	67987	false	6937068	0	true
pss_wip.wfpx_wf_goal_bnd	pss_wip	pss_wip.wfpx_wf_goal_bnd	0	1677212	isabelle/layerB/pss_wip.thy	67993	false	6937138	0	true
pss_wip.wfpx_bounded_Tchain_impossible	pss_wip	pss_wip.wfpx_bounded_Tchain_impossible	0	1677262	isabelle/layerB/pss_wip.thy	67998	false	6937204	0	true
pss_wip.wfpx_infinite_Tchain_unbounded_norm	pss_wip	pss_wip.wfpx_infinite_Tchain_unbounded_norm	0	1677272	isabelle/layerB/pss_wip.thy	68009	false	6937316	0	true
pss_wip.wfpx_wf_RTrel_iff_no_unbounded_chain	pss_wip	pss_wip.wfpx_wf_RTrel_iff_no_unbounded_chain	0	1677334	isabelle/layerB/pss_wip.thy	68022	false	6937408	0	true
pss_wip.six_scb_prefix_ne	pss_wip	pss_wip.six_scb_prefix_ne	0	1677580	isabelle/layerB/pss_wip.thy	68081	false	6937582	0	true
pss_wip.six_regime_core(1)	pss_wip	pss_wip.six_regime_core	1	1677692	isabelle/layerB/pss_wip.thy	68130	false	6937786	0	true
pss_wip.six_regime_core(2)	pss_wip	pss_wip.six_regime_core	2	1677696	isabelle/layerB/pss_wip.thy	68130	false	6937786	0	true
pss_wip.six_regime_core(3)	pss_wip	pss_wip.six_regime_core	3	1677698	isabelle/layerB/pss_wip.thy	68130	false	6937786	0	true
pss_wip.six_regime_core(4)	pss_wip	pss_wip.six_regime_core	4	1677702	isabelle/layerB/pss_wip.thy	68130	false	6937786	0	true
pss_wip.six_regime_core(5)	pss_wip	pss_wip.six_regime_core	5	1677704	isabelle/layerB/pss_wip.thy	68130	false	6937786	0	true
pss_wip.six_regime_core(6)	pss_wip	pss_wip.six_regime_core	6	1677708	isabelle/layerB/pss_wip.thy	68130	false	6937786	0	true
pss_wip.six_regime_core(7)	pss_wip	pss_wip.six_regime_core	7	1677710	isabelle/layerB/pss_wip.thy	68130	false	6937786	0	true
pss_wip.six_regime_core(8)	pss_wip	pss_wip.six_regime_core	8	1677714	isabelle/layerB/pss_wip.thy	68130	false	6937786	0	true
pss_wip.six_tneR	pss_wip	pss_wip.six_tneR	0	1677898	isabelle/layerB/pss_wip.thy	68200	false	6938050	0	true
pss_wip.six_intMR	pss_wip	pss_wip.six_intMR	0	1677988	isabelle/layerB/pss_wip.thy	68225	false	6938148	0	true
pss_wip.six_intNR	pss_wip	pss_wip.six_intNR	0	1678108	isabelle/layerB/pss_wip.thy	68247	false	6938342	0	true
pss_wip.bpax_terminal_slice_modResidual3	pss_wip	pss_wip.bpax_terminal_slice_modResidual3	0	1678180	isabelle/layerB/pss_wip.thy	68340	false	6938546	0	true
pss_wip.six_lerR	pss_wip	pss_wip.six_lerR	0	1678238	isabelle/layerB/pss_wip.thy	68371	false	6938862	0	true
pss_wip.six_ids	pss_wip	pss_wip.six_ids	0	1678290	isabelle/layerB/pss_wip.thy	68377	false	6938950	0	true
pss_wip.six_id2R	pss_wip	pss_wip.six_id2R	0	1678384	isabelle/layerB/pss_wip.thy	68396	false	6939148	0	true
pss_wip.six_id3R	pss_wip	pss_wip.six_id3R	0	1678496	isabelle/layerB/pss_wip.thy	68402	false	6939456	0	true
pss_wip.bpax_terminal_slice_modBASE	pss_wip	pss_wip.bpax_terminal_slice_modBASE	0	1678742	isabelle/layerB/pss_wip.thy	68416	false	6939620	0	true
pss_wip.wsx_j1p_le_parent0	pss_wip	pss_wip.wsx_j1p_le_parent0	0	1678954	isabelle/layerB/pss_wip.thy	68454	false	6939992	0	true
pss_wip.wsx_regime_ancJm1	pss_wip	pss_wip.wsx_regime_ancJm1	0	1679038	isabelle/layerB/pss_wip.thy	68507	false	6940182	0	true
pss_wip.wsx_VE_step	pss_wip	pss_wip.wsx_VE_step	0	1679292	isabelle/layerB/pss_wip.thy	68547	false	6940616	0	true
pss_wip.wsx_terminal_slice_modResidual	pss_wip	pss_wip.wsx_terminal_slice_modResidual	0	1679656	isabelle/layerB/pss_wip.thy	68700	false	6940978	0	true
pss_wip.lrx_lerR	pss_wip	pss_wip.lrx_lerR	0	1679734	isabelle/layerB/pss_wip.thy	68762	false	6941338	0	true
pss_wip.lrx_terminal_slice_modResidual3	pss_wip	pss_wip.lrx_terminal_slice_modResidual3	0	1679938	isabelle/layerB/pss_wip.thy	68794	false	6941484	0	true
pss_wip.bpx2_BASE	pss_wip	pss_wip.bpx2_BASE	0	1680108	isabelle/layerB/pss_wip.thy	68866	false	6941858	0	true
pss_wip.bpx2_BASE_all	pss_wip	pss_wip.bpx2_BASE_all	0	1680308	isabelle/layerB/pss_wip.thy	68985	false	6942006	0	true
pss_wip.bpx2_terminal_slice_modResidual	pss_wip	pss_wip.bpx2_terminal_slice_modResidual	0	1680484	isabelle/layerB/pss_wip.thy	69021	false	6942182	0	true
pss_wip.vf2x_slice_principal	pss_wip	pss_wip.vf2x_slice_principal	0	1680518	isabelle/layerB/pss_wip.thy	69116	false	6942526	0	true
pss_wip.vf2x_baseML	pss_wip	pss_wip.vf2x_baseML	0	1680648	isabelle/layerB/pss_wip.thy	69151	false	6942668	0	true
pss_wip.vf2x_flat_head_bpHeadT	pss_wip	pss_wip.vf2x_flat_head_bpHeadT	0	1680674	isabelle/layerB/pss_wip.thy	69403	false	6942898	0	true
pss_wip.vf2x_condIII_baseML_cf	pss_wip	pss_wip.vf2x_condIII_baseML_cf	0	1680888	isabelle/layerB/pss_wip.thy	69439	false	6942980	0	true
pss_wip.nf3x_slice_jm1_c2	pss_wip	pss_wip.nf3x_slice_jm1_c2	0	1680942	isabelle/layerB/pss_wip.thy	69535	false	6943374	0	true
pss_wip.nf3x_slice_jm1_c1	pss_wip	pss_wip.nf3x_slice_jm1_c1	0	1680978	isabelle/layerB/pss_wip.thy	69568	false	6943460	0	true
pss_wip.nf3x_NpVal	pss_wip	pss_wip.nf3x_NpVal	0	1681036	isabelle/layerB/pss_wip.thy	69619	false	6943548	0	true
pss_wip.nf3x_PredNp	pss_wip	pss_wip.nf3x_PredNp	0	1681120	isabelle/layerB/pss_wip.thy	69652	false	6943814	0	true
pss_wip.nf3x_NFall	pss_wip	pss_wip.nf3x_NFall	0	1681492	isabelle/layerB/pss_wip.thy	69697	false	6944300	0	true
pss_wip.nf3x_NFall_kernel	pss_wip	pss_wip.nf3x_NFall_kernel	0	1681824	isabelle/layerB/pss_wip.thy	69742	false	6945822	0	true
pss_wip.c6gx_condVI_j0(1)	pss_wip	pss_wip.c6gx_condVI_j0	1	1682018	isabelle/layerB/pss_wip.thy	69818	false	6946692	0	false
pss_wip.c6gx_condVI_j0(2)	pss_wip	pss_wip.c6gx_condVI_j0	2	1682020	isabelle/layerB/pss_wip.thy	69818	false	6946692	0	false
pss_wip.c6gx_condVI_j0(3)	pss_wip	pss_wip.c6gx_condVI_j0	3	1682022	isabelle/layerB/pss_wip.thy	69818	false	6946692	0	false
pss_wip.c6gx_condVI_bridge(1)	pss_wip	pss_wip.c6gx_condVI_bridge	1	1682118	isabelle/layerB/pss_wip.thy	69828	false	6947024	0	false
pss_wip.c6gx_condVI_bridge(2)	pss_wip	pss_wip.c6gx_condVI_bridge	2	1682120	isabelle/layerB/pss_wip.thy	69828	false	6947024	0	false
pss_wip.c6gx_condVI_setup(1)	pss_wip	pss_wip.c6gx_condVI_setup	1	1682228	isabelle/layerB/pss_wip.thy	69867	false	6947150	0	true
pss_wip.c6gx_condVI_setup(2)	pss_wip	pss_wip.c6gx_condVI_setup	2	1682232	isabelle/layerB/pss_wip.thy	69867	false	6947150	0	true
pss_wip.c6gx_condVI_transC2	pss_wip	pss_wip.c6gx_condVI_transC2	0	1682312	isabelle/layerB/pss_wip.thy	69884	false	6947300	0	false
pss_wip.c6gx_condVI_transC1_adm(1)	pss_wip	pss_wip.c6gx_condVI_transC1_adm	1	1682404	isabelle/layerB/pss_wip.thy	69904	false	6947426	0	true
pss_wip.c6gx_condVI_transC1_adm(2)	pss_wip	pss_wip.c6gx_condVI_transC1_adm	2	1682408	isabelle/layerB/pss_wip.thy	69904	false	6947426	0	true
pss_wip.c6gx_Trans_col	pss_wip	pss_wip.c6gx_Trans_col	0	1682488	isabelle/layerB/pss_wip.thy	69942	false	6947608	0	true
pss_wip.c6gx_seg_pair	pss_wip	pss_wip.c6gx_seg_pair	0	1682532	isabelle/layerB/pss_wip.thy	69957	false	6947712	0	true
pss_wip.c6gx_condVI_row0_step	pss_wip	pss_wip.c6gx_condVI_row0_step	0	1682588	isabelle/layerB/pss_wip.thy	69962	false	6947800	0	true
pss_wip.c6gx_condVI_Np_form	pss_wip	pss_wip.c6gx_condVI_Np_form	0	1682664	isabelle/layerB/pss_wip.thy	69984	false	6947962	0	true
pss_wip.c6gx_condVI_PredNp	pss_wip	pss_wip.c6gx_condVI_PredNp	0	1682836	isabelle/layerB/pss_wip.thy	69997	false	6948086	0	true
pss_wip.c6gx_condVI_Lp	pss_wip	pss_wip.c6gx_condVI_Lp	0	1682974	isabelle/layerB/pss_wip.thy	70020	false	6948226	0	true
pss_wip.c6gx_condVI_Np_transC2	pss_wip	pss_wip.c6gx_condVI_Np_transC2	0	1683006	isabelle/layerB/pss_wip.thy	70058	false	6948360	0	true
pss_wip.c6gx_concat_rep_single	pss_wip	pss_wip.c6gx_concat_rep_single	0	1683048	isabelle/layerB/pss_wip.thy	70086	false	6948484	0	false
pss_wip.c6gx_concat_rep_nil	pss_wip	pss_wip.c6gx_concat_rep_nil	0	1683072	isabelle/layerB/pss_wip.thy	70089	false	6948566	0	false
pss_wip.c6gx_condVI_descent_adm	pss_wip	pss_wip.c6gx_condVI_descent_adm	0	1683244	isabelle/layerB/pss_wip.thy	70101	false	6948782	0	true
pss_wip.c6gx_condVI_baseL	pss_wip	pss_wip.c6gx_condVI_baseL	0	1683546	isabelle/layerB/pss_wip.thy	70220	false	6949100	0	true
pss_wip.c6gx_condVI_descent_free_adm	pss_wip	pss_wip.c6gx_condVI_descent_free_adm	0	1683748	isabelle/layerB/pss_wip.thy	70372	false	6949414	0	true
pss_wip.c4cx_d4vx_ins_mono	pss_wip	pss_wip.c4cx_d4vx_ins_mono	0	1683844	isabelle/layerB/pss_wip.thy	70411	false	6949644	0	true
pss_wip.c4cx_d4vx_core_interleave	pss_wip	pss_wip.c4cx_d4vx_core_interleave	0	1683954	isabelle/layerB/pss_wip.thy	70431	false	6949786	0	true
pss_wip.c4cx_d4vx_core_mono_base	pss_wip	pss_wip.c4cx_d4vx_core_mono_base	0	1684028	isabelle/layerB/pss_wip.thy	70481	false	6950032	0	true
pss_wip.c4cx_d4vx_core_compose	pss_wip	pss_wip.c4cx_d4vx_core_compose	0	1684104	isabelle/layerB/pss_wip.thy	70494	false	6950244	0	true
pss_wip.c4cx_condIV_exchange13	pss_wip	pss_wip.c4cx_condIV_exchange13	0	1684674	isabelle/layerB/pss_wip.thy	70498	false	6950452	0	true
pss_wip.c4cx_condIV_exchange_full	pss_wip	pss_wip.c4cx_condIV_exchange_full	0	1685470	isabelle/layerB/pss_wip.thy	70642	false	6951216	0	true
pss_wip.c2ex_exch_of_lhs_closed_ex	pss_wip	pss_wip.c2ex_exch_of_lhs_closed_ex	0	1685762	isabelle/layerB/pss_wip.thy	70717	false	6952488	0	true
pss_wip.c2ex_exchange2_condII_ex	pss_wip	pss_wip.c2ex_exchange2_condII_ex	0	1686050	isabelle/layerB/pss_wip.thy	70763	false	6953072	0	true
pss_wip.vmlx_veM_of_kernel	pss_wip	pss_wip.vmlx_veM_of_kernel	0	1686210	isabelle/layerB/pss_wip.thy	70844	false	6953596	0	true
pss_wip.vmlx_veL_of_kernel	pss_wip	pss_wip.vmlx_veL_of_kernel	0	1686406	isabelle/layerB/pss_wip.thy	70912	false	6954014	0	true
pss_wip.vmlx_baseML_of_kernel	pss_wip	pss_wip.vmlx_baseML_of_kernel	0	1686560	isabelle/layerB/pss_wip.thy	71033	false	6954410	0	true
pss_wip.dax_c2L1_of_notLD	pss_wip	pss_wip.dax_c2L1_of_notLD	0	1686616	isabelle/layerB/pss_wip.thy	71081	false	6955030	0	true
pss_wip.dax_nf3x_NFall_kernel_notLD	pss_wip	pss_wip.dax_nf3x_NFall_kernel_notLD	0	1686916	isabelle/layerB/pss_wip.thy	71201	false	6955326	0	true
pss_wip.bihx_base_m_lt_TrMax	pss_wip	pss_wip.bihx_base_m_lt_TrMax	0	1687050	isabelle/layerB/pss_wip.thy	71267	false	6955912	0	true
pss_wip.bihx_base_mint	pss_wip	pss_wip.bihx_base_mint	0	1687112	isabelle/layerB/pss_wip.thy	71334	false	6956120	0	true
pss_wip.bihx_base_lerB	pss_wip	pss_wip.bihx_base_lerB	0	1687212	isabelle/layerB/pss_wip.thy	71358	false	6956326	0	true
pss_wip.bihx_base_tneB	pss_wip	pss_wip.bihx_base_tneB	0	1687328	isabelle/layerB/pss_wip.thy	71384	false	6956454	0	true
pss_wip.bihx_base_VE_modResidual	pss_wip	pss_wip.bihx_base_VE_modResidual	0	1687692	isabelle/layerB/pss_wip.thy	71422	false	6956672	0	true
pss_wip.dkbx_deadm_of_wrap	pss_wip	pss_wip.dkbx_deadm_of_wrap	0	1688012	isabelle/layerB/pss_wip.thy	71475	false	6957204	0	true
pss_wip.dkbx_ker_of_wrap	pss_wip	pss_wip.dkbx_ker_of_wrap	0	1688186	isabelle/layerB/pss_wip.thy	71559	false	6957564	0	true
pss_wip.dkbx_baseML_of_wrap	pss_wip	pss_wip.dkbx_baseML_of_wrap	0	1688458	isabelle/layerB/pss_wip.thy	71590	false	6957834	0	true
pss_wip.dkbx_nf3x_of_wrap	pss_wip	pss_wip.dkbx_nf3x_of_wrap	0	1688772	isabelle/layerB/pss_wip.thy	71613	false	6958298	0	true
pss_wip.dkbx_nf3x_of_wrap_notLD	pss_wip	pss_wip.dkbx_nf3x_of_wrap_notLD	0	1688884	isabelle/layerB/pss_wip.thy	71667	false	6959020	0	true
pss_wip.dkbx_wrap_of_w1w2	pss_wip	pss_wip.dkbx_wrap_of_w1w2	0	1688954	isabelle/layerB/pss_wip.thy	71718	false	6959504	0	true
pss_wip.dkax_slice_principal_gen	pss_wip	pss_wip.dkax_slice_principal_gen	0	1689102	isabelle/layerB/pss_wip.thy	71793	false	6959964	0	true
pss_wip.dkax_DEADM_of_KER_principal	pss_wip	pss_wip.dkax_DEADM_of_KER_principal	0	1689126	isabelle/layerB/pss_wip.thy	71838	false	6960098	0	true
pss_wip.vbax_base_baseIH	pss_wip	pss_wip.vbax_base_baseIH	0	1689136	isabelle/layerB/pss_wip.thy	71891	false	6960252	0	true
pss_wip.vbax_base_VE_modResidual	pss_wip	pss_wip.vbax_base_VE_modResidual	0	1689226	isabelle/layerB/pss_wip.thy	71977	false	6960392	0	true
pss_wip.vbax_reg_TrMax_lt	pss_wip	pss_wip.vbax_reg_TrMax_lt	0	1689256	isabelle/layerB/pss_wip.thy	71995	false	6960680	0	true
pss_wip.vbax_base_eq	pss_wip	pss_wip.vbax_base_eq	0	1689268	isabelle/layerB/pss_wip.thy	72015	false	6960798	0	true
pss_wip.vbax_VE_backpeel	pss_wip	pss_wip.vbax_VE_backpeel	0	1689380	isabelle/layerB/pss_wip.thy	72042	false	6960950	0	true
pss_wip.vbax_terminal_slice_modResidualB	pss_wip	pss_wip.vbax_terminal_slice_modResidualB	0	1689642	isabelle/layerB/pss_wip.thy	72095	false	6961280	0	true
pss_wip.c6zx_L_tower	pss_wip	pss_wip.c6zx_L_tower	0	1689998	isabelle/layerB/pss_wip.thy	72166	false	6961922	0	true
pss_wip.c6zx_condVI_oper_L	pss_wip	pss_wip.c6zx_condVI_oper_L	0	1690076	isabelle/layerB/pss_wip.thy	72257	false	6962378	0	true
pss_wip.c6zx_condVI_baseL_free	pss_wip	pss_wip.c6zx_condVI_baseL_free	0	1690324	isabelle/layerB/pss_wip.thy	72286	false	6962622	0	true
pss_wip.c6zx_condVI_descent_adm	pss_wip	pss_wip.c6zx_condVI_descent_adm	0	1690354	isabelle/layerB/pss_wip.thy	72441	false	6962880	0	true
pss_wip.c6zx_condVI_u0_adm	pss_wip	pss_wip.c6zx_condVI_u0_adm	0	1690396	isabelle/layerB/pss_wip.thy	72537	false	6963104	0	false
pss_wip.c6zx_condVI_descent_u0	pss_wip	pss_wip.c6zx_condVI_descent_u0	0	1690436	isabelle/layerB/pss_wip.thy	72557	false	6963262	0	true
pss_wip.c6zx_condVI_baseL_gen	pss_wip	pss_wip.c6zx_condVI_baseL_gen	0	1690522	isabelle/layerB/pss_wip.thy	72602	false	6963848	0	true
pss_wip.c6zx_condVI_descent_nadm	pss_wip	pss_wip.c6zx_condVI_descent_nadm	0	1690602	isabelle/layerB/pss_wip.thy	72762	false	6964200	0	true
pss_wip.c6zx_condVI_descent_modt2	pss_wip	pss_wip.c6zx_condVI_descent_modt2	0	1690630	isabelle/layerB/pss_wip.thy	72872	false	6964464	0	true
pss_wip.nldx_notLD_of_lph	pss_wip	pss_wip.nldx_notLD_of_lph	0	1690678	isabelle/layerB/pss_wip.thy	72932	false	6964708	0	false
pss_wip.nldx_dax_c2L1_of_lph	pss_wip	pss_wip.nldx_dax_c2L1_of_lph	0	1690758	isabelle/layerB/pss_wip.thy	72954	false	6964904	0	true
pss_wip.wf2x_p_isOT	pss_wip	pss_wip.wf2x_p_isOT	0	1690792	isabelle/layerB/pss_wip.thy	73029	false	6965246	0	true
pss_wip.wf2x_p_dfree	pss_wip	pss_wip.wf2x_p_dfree	0	1690810	isabelle/layerB/pss_wip.thy	73032	false	6965296	0	true
pss_wip.wf2x_nrmP_p	pss_wip	pss_wip.wf2x_nrmP_p	0	1690840	isabelle/layerB/pss_wip.thy	73035	false	6965352	0	true
pss_wip.wf2x_nrmP_D0num	pss_wip	pss_wip.wf2x_nrmP_D0num	0	1690876	isabelle/layerB/pss_wip.thy	73041	false	6965440	0	true
pss_wip.wf2x_D0num_isOT	pss_wip	pss_wip.wf2x_D0num_isOT	0	1690898	isabelle/layerB/pss_wip.thy	73044	false	6965640	0	true
pss_wip.wf2x_D0num_dfree	pss_wip	pss_wip.wf2x_D0num_dfree	0	1690906	isabelle/layerB/pss_wip.thy	73061	false	6965692	0	true
pss_wip.wf2x_D0num_lessBP	pss_wip	pss_wip.wf2x_D0num_lessBP	0	1690924	isabelle/layerB/pss_wip.thy	73064	false	6965782	0	true
pss_wip.wf2x_D0num_in_RPrel	pss_wip	pss_wip.wf2x_D0num_in_RPrel	0	1690940	isabelle/layerB/pss_wip.thy	73067	false	6965994	0	true
pss_wip.wf2x_pred_norm_unbounded	pss_wip	pss_wip.wf2x_pred_norm_unbounded	0	1690986	isabelle/layerB/pss_wip.thy	73082	false	6966172	0	true
pss_wip.wf2x_no_stepwise_norm_bound	pss_wip	pss_wip.wf2x_no_stepwise_norm_bound	0	1691018	isabelle/layerB/pss_wip.thy	73099	false	6966534	0	true
pss_wip.wf2x_no_predecessor_norm_bound	pss_wip	pss_wip.wf2x_no_predecessor_norm_bound	0	1691044	isabelle/layerB/pss_wip.thy	73117	false	6966648	0	true
pss_wip.wf2x_pred_set_infinite	pss_wip	pss_wip.wf2x_pred_set_infinite	0	1691098	isabelle/layerB/pss_wip.thy	73138	false	6966772	0	true
pss_wip.c613x_Dtower_mono	pss_wip	pss_wip.c613x_Dtower_mono	0	1691138	isabelle/layerB/pss_wip.thy	73203	false	6966958	0	true
pss_wip.c613x_operB_fseq_value	pss_wip	pss_wip.c613x_operB_fseq_value	0	1691188	isabelle/layerB/pss_wip.thy	73220	false	6967074	0	true
pss_wip.c613x_tower_operB_eq	pss_wip	pss_wip.c613x_tower_operB_eq	0	1691308	isabelle/layerB/pss_wip.thy	73266	false	6967378	0	true
pss_wip.c613x_tower_operB_lt	pss_wip	pss_wip.c613x_tower_operB_lt	0	1691428	isabelle/layerB/pss_wip.thy	73284	false	6967626	0	true
pss_wip.c613x_condVI_exch_adm	pss_wip	pss_wip.c613x_condVI_exch_adm	0	1691810	isabelle/layerB/pss_wip.thy	73312	false	6968006	0	true
pss_wip.c613x_condVI_exch_nadm	pss_wip	pss_wip.c613x_condVI_exch_nadm	0	1692582	isabelle/layerB/pss_wip.thy	73514	false	6968830	0	true
pss_wip.w2x_nadm_seg	pss_wip	pss_wip.w2x_nadm_seg	0	1692802	isabelle/layerB/pss_wip.thy	73803	false	6969810	0	true
pss_wip.w2x_seg_left_geom(1)	pss_wip	pss_wip.w2x_seg_left_geom	1	1693038	isabelle/layerB/pss_wip.thy	73826	false	6969992	0	false
pss_wip.w2x_seg_left_geom(2)	pss_wip	pss_wip.w2x_seg_left_geom	2	1693040	isabelle/layerB/pss_wip.thy	73826	false	6969992	0	false
pss_wip.w2x_W2_of_VE1	pss_wip	pss_wip.w2x_W2_of_VE1	0	1693386	isabelle/layerB/pss_wip.thy	73859	false	6970306	0	true
pss_wip.w1x_nadm_nextrel0_left	pss_wip	pss_wip.w1x_nadm_nextrel0_left	0	1693580	isabelle/layerB/pss_wip.thy	73965	false	6970964	0	false
pss_wip.w1x_nadm_run_le0	pss_wip	pss_wip.w1x_nadm_run_le0	0	1693702	isabelle/layerB/pss_wip.thy	73990	false	6971102	0	true
pss_wip.w1x_nadm_run_reach_c	pss_wip	pss_wip.w1x_nadm_run_reach_c	0	1693846	isabelle/layerB/pss_wip.thy	74041	false	6971272	0	true
pss_wip.w1x_slice_principal_reach	pss_wip	pss_wip.w1x_slice_principal_reach	0	1694110	isabelle/layerB/pss_wip.thy	74058	false	6971488	0	true
pss_wip.w1x_wrap_reach_of_w1w2	pss_wip	pss_wip.w1x_wrap_reach_of_w1w2	0	1694430	isabelle/layerB/pss_wip.thy	74074	false	6971850	0	true
pss_wip.vsx_VE_step_m0	pss_wip	pss_wip.vsx_VE_step_m0	0	1694578	isabelle/layerB/pss_wip.thy	74144	false	6972348	0	false
pss_wip.vsx_VE_step	pss_wip	pss_wip.vsx_VE_step	0	1694766	isabelle/layerB/pss_wip.thy	74162	false	6972516	0	true
pss_wip.vsx_RPERS	pss_wip	pss_wip.vsx_RPERS	0	1694984	isabelle/layerB/pss_wip.thy	74204	false	6972758	0	true
pss_wip.vsx_terminal_slice_modResidualC	pss_wip	pss_wip.vsx_terminal_slice_modResidualC	0	1695492	isabelle/layerB/pss_wip.thy	74239	false	6972932	0	true
pss_wip.vbx_base_VE_strict	pss_wip	pss_wip.vbx_base_VE_strict	0	1695680	isabelle/layerB/pss_wip.thy	74300	false	6973466	0	true
pss_wip.vbx_base_VE_m0	pss_wip	pss_wip.vbx_base_VE_m0	0	1695716	isabelle/layerB/pss_wip.thy	74419	false	6973580	0	false
pss_wip.vbx_base_transJm1_zero_or_TrMax	pss_wip	pss_wip.vbx_base_transJm1_zero_or_TrMax	0	1695762	isabelle/layerB/pss_wip.thy	74440	false	6973772	0	true
pss_wip.vbx_base_VE_modAdm0	pss_wip	pss_wip.vbx_base_VE_modAdm0	0	1695888	isabelle/layerB/pss_wip.thy	74476	false	6973942	0	true
pss_wip.lpx_bpHeadV_PB_last	pss_wip	pss_wip.lpx_bpHeadV_PB_last	0	1695936	isabelle/layerB/pss_wip.thy	74520	false	6974084	0	true
pss_wip.lpx_lph_reduce	pss_wip	pss_wip.lpx_lph_reduce	0	1695996	isabelle/layerB/pss_wip.thy	74562	false	6974178	0	true
pss_wip.lpx_lph_of_rn	pss_wip	pss_wip.lpx_lph_of_rn	0	1696094	isabelle/layerB/pss_wip.thy	74601	false	6974296	0	true
pss_wip.lpx_c2L1_of_rn	pss_wip	pss_wip.lpx_c2L1_of_rn	0	1696176	isabelle/layerB/pss_wip.thy	74615	false	6974406	0	true
pss_wip.lpx_transC1_eq_TransS	pss_wip	pss_wip.lpx_transC1_eq_TransS	0	1696222	isabelle/layerB/pss_wip.thy	74642	false	6974614	0	true
pss_wip.lpx_lph_of_slice	pss_wip	pss_wip.lpx_lph_of_slice	0	1696284	isabelle/layerB/pss_wip.thy	74685	false	6974768	0	true
pss_wip.vjx_RPj1eq	pss_wip	pss_wip.vjx_RPj1eq	0	1696438	isabelle/layerB/pss_wip.thy	74726	false	6975152	0	true
pss_wip.vjx_VEj1eq_deepen	pss_wip	pss_wip.vjx_VEj1eq_deepen	0	1696604	isabelle/layerB/pss_wip.thy	74938	false	6975360	0	true
pss_wip.vjx_VEj1eq	pss_wip	pss_wip.vjx_VEj1eq	0	1696788	isabelle/layerB/pss_wip.thy	75079	false	6975502	0	true
pss_wip.vjx_terminal_slice_modResidualCollapse	pss_wip	pss_wip.vjx_terminal_slice_modResidualCollapse	0	1697176	isabelle/layerB/pss_wip.thy	75105	false	6975816	0	true
pss_wip.a0x_bpHeadT_transC2_eq	pss_wip	pss_wip.a0x_bpHeadT_transC2_eq	0	1697382	isabelle/layerB/pss_wip.thy	75168	false	6976278	0	true
pss_wip.a0x_nadm_below_of_Adm0	pss_wip	pss_wip.a0x_nadm_below_of_Adm0	0	1697488	isabelle/layerB/pss_wip.thy	75188	false	6976480	0	true
pss_wip.a0x_atoms(1)	pss_wip	pss_wip.a0x_atoms	1	1697750	isabelle/layerB/pss_wip.thy	75230	false	6976646	0	true
pss_wip.a0x_atoms(2)	pss_wip	pss_wip.a0x_atoms	2	1697756	isabelle/layerB/pss_wip.thy	75230	false	6976646	0	true
pss_wip.a0x_atoms(3)	pss_wip	pss_wip.a0x_atoms	3	1697760	isabelle/layerB/pss_wip.thy	75230	false	6976646	0	true
pss_wip.a0x_atoms(4)	pss_wip	pss_wip.a0x_atoms	4	1697764	isabelle/layerB/pss_wip.thy	75230	false	6976646	0	true
pss_wip.a0x_condV_eq	pss_wip	pss_wip.a0x_condV_eq	0	1697876	isabelle/layerB/pss_wip.thy	75286	false	6977000	0	true
pss_wip.a0x_condVI_eq	pss_wip	pss_wip.a0x_condVI_eq	0	1698016	isabelle/layerB/pss_wip.thy	75315	false	6977116	0	true
pss_wip.a0x_bnd_condV	pss_wip	pss_wip.a0x_bnd_condV	0	1698068	isabelle/layerB/pss_wip.thy	75352	false	6977304	0	true
pss_wip.a0x_base_VE_Adm0	pss_wip	pss_wip.a0x_base_VE_Adm0	0	1698148	isabelle/layerB/pss_wip.thy	75453	false	6977530	0	true
pss_wip.a0x_base_VE	pss_wip	pss_wip.a0x_base_VE	0	1698158	isabelle/layerB/pss_wip.thy	75701	false	6977646	0	true
pss_wip.v1x_W2reg_of_VE1regime	pss_wip	pss_wip.v1x_W2reg_of_VE1regime	0	1698204	isabelle/layerB/pss_wip.thy	75795	false	6977756	0	false
pss_wip.dkfx_deadm	pss_wip	pss_wip.dkfx_deadm	0	1698320	isabelle/layerB/pss_wip.thy	75880	false	6977990	0	true
pss_wip.dkfx_ker	pss_wip	pss_wip.dkfx_ker	0	1698442	isabelle/layerB/pss_wip.thy	75981	false	6978576	0	true
pss_wip.dkfx_baseML	pss_wip	pss_wip.dkfx_baseML	0	1698596	isabelle/layerB/pss_wip.thy	76011	false	6978968	0	true
pss_wip.dkfx_nf3x	pss_wip	pss_wip.dkfx_nf3x	0	1698880	isabelle/layerB/pss_wip.thy	76037	false	6979586	0	true
pss_wip.lp2x_bridge	pss_wip	pss_wip.lp2x_bridge	0	1698910	isabelle/layerB/pss_wip.thy	76232	false	6980658	0	true
pss_wip.lp2x_lph_of_sharp	pss_wip	pss_wip.lp2x_lph_of_sharp	0	1698978	isabelle/layerB/pss_wip.thy	76277	false	6980846	0	true
pss_wip.lp2x_c2L1_of_sharp	pss_wip	pss_wip.lp2x_c2L1_of_sharp	0	1699048	isabelle/layerB/pss_wip.thy	76297	false	6981072	0	true
pss_wip.c6nx_condVI_uv	pss_wip	pss_wip.c6nx_condVI_uv	0	1699070	isabelle/layerB/pss_wip.thy	76352	false	6981512	0	true
pss_wip.c6nx_nadm_jp0(1)	pss_wip	pss_wip.c6nx_nadm_jp0	1	1699130	isabelle/layerB/pss_wip.thy	76396	false	6981702	0	true
pss_wip.c6nx_nadm_jp0(2)	pss_wip	pss_wip.c6nx_nadm_jp0	2	1699134	isabelle/layerB/pss_wip.thy	76396	false	6981702	0	true
pss_wip.c6nx_nadm_jp0(3)	pss_wip	pss_wip.c6nx_nadm_jp0	3	1699136	isabelle/layerB/pss_wip.thy	76396	false	6981702	0	true
pss_wip.c6nx_predVI(1)	pss_wip	pss_wip.c6nx_predVI	1	1699246	isabelle/layerB/pss_wip.thy	76451	false	6982044	0	true
pss_wip.c6nx_predVI(2)	pss_wip	pss_wip.c6nx_predVI	2	1699248	isabelle/layerB/pss_wip.thy	76451	false	6982044	0	true
pss_wip.c6nx_jm1eq	pss_wip	pss_wip.c6nx_jm1eq	0	1699336	isabelle/layerB/pss_wip.thy	76542	false	6982334	0	true
pss_wip.c6nx_t2eq	pss_wip	pss_wip.c6nx_t2eq	0	1699414	isabelle/layerB/pss_wip.thy	76619	false	6982518	0	true
pss_wip.c6nx_condVI_exch_nadm_uncond	pss_wip	pss_wip.c6nx_condVI_exch_nadm_uncond	0	1699722	isabelle/layerB/pss_wip.thy	76705	false	6982732	0	true
pss_wip.vcx_bnd_strict	pss_wip	pss_wip.vcx_bnd_strict	0	1699860	isabelle/layerB/pss_wip.thy	76757	false	6983248	0	true
pss_wip.vcx_collapse_VE	pss_wip	pss_wip.vcx_collapse_VE	0	1700172	isabelle/layerB/pss_wip.thy	76819	false	6983538	0	true
pss_wip.vcx_VEj1eq	pss_wip	pss_wip.vcx_VEj1eq	0	1700332	isabelle/layerB/pss_wip.thy	77061	false	6983696	0	true
pss_wip.vcx_VE_all	pss_wip	pss_wip.vcx_VE_all	0	1700422	isabelle/layerB/pss_wip.thy	77076	false	6983898	0	true
pss_wip.m_8_2_condV_terminal_slice_Trans	pss_wip	pss_wip.m_8_2_condV_terminal_slice_Trans	0	1700674	isabelle/layerB/pss_wip.thy	77102	false	6984084	0	true
pss_wip.shx_rn_c1_eq_slice_RA	pss_wip	pss_wip.shx_rn_c1_eq_slice_RA	0	1700846	isabelle/layerB/pss_wip.thy	77151	false	6984550	0	true
pss_wip.shx_rn_c1_bounds	pss_wip	pss_wip.shx_rn_c1_bounds	0	1701050	isabelle/layerB/pss_wip.thy	77217	false	6984724	0	true
pss_wip.shx_sharp_of_len2_redB	pss_wip	pss_wip.shx_sharp_of_len2_redB	0	1701132	isabelle/layerB/pss_wip.thy	77365	false	6984976	0	true
pss_wip.shx_lph_of_len2_redB	pss_wip	pss_wip.shx_lph_of_len2_redB	0	1701222	isabelle/layerB/pss_wip.thy	77389	false	6985264	0	true
pss_wip.shx_c2L1_of_len2_redB	pss_wip	pss_wip.shx_c2L1_of_len2_redB	0	1701340	isabelle/layerB/pss_wip.thy	77410	false	6985504	0	true
pss_wip.ncx_deadm_of_w2nostr	pss_wip	pss_wip.ncx_deadm_of_w2nostr	0	1701478	isabelle/layerB/pss_wip.thy	77489	false	6985776	0	true
pss_wip.ncx_nf3x	pss_wip	pss_wip.ncx_nf3x	0	1702204	isabelle/layerB/pss_wip.thy	77523	false	6986054	0	true
pss_wip.ncx_deadm_regime	pss_wip	pss_wip.ncx_deadm_regime	0	1702480	isabelle/layerB/pss_wip.thy	77627	false	6986680	0	true
pss_wip.c3vx_KER_step	pss_wip	pss_wip.c3vx_KER_step	0	1702750	isabelle/layerB/pss_wip.thy	77733	false	6986976	0	true
pss_wip.c3vx_veM_of_VEslice	pss_wip	pss_wip.c3vx_veM_of_VEslice	0	1702980	isabelle/layerB/pss_wip.thy	77759	false	6987166	0	true
pss_wip.c3vx_veL_of_VEslice	pss_wip	pss_wip.c3vx_veL_of_VEslice	0	1703312	isabelle/layerB/pss_wip.thy	77811	false	6987332	0	true
pss_wip.c3vx_baseML_of_VEslices	pss_wip	pss_wip.c3vx_baseML_of_VEslices	0	1703854	isabelle/layerB/pss_wip.thy	77908	false	6987632	0	true
pss_wip.c3vx_condIII_baseML_cf_of_VEslices	pss_wip	pss_wip.c3vx_condIII_baseML_cf_of_VEslices	0	1704242	isabelle/layerB/pss_wip.thy	77940	false	6988088	0	true
pss_wip.maxl_graph.intros(1)	pss_wip	pss_wip.maxl_graph.intros	1	1704324	isabelle/layerB/pss_wip.thy	78025	true	6988674	0	true
pss_wip.maxl_graph.intros(2)	pss_wip	pss_wip.maxl_graph.intros	2	1704326	isabelle/layerB/pss_wip.thy	78025	true	6988674	0	true
pss_wip.maxl_graph.cases	pss_wip	pss_wip.maxl_graph.cases	0	1704328	isabelle/layerB/pss_wip.thy	78025	true	6988674	0	true
pss_wip.maxl_graph.induct	pss_wip	pss_wip.maxl_graph.induct	0	1704334	isabelle/layerB/pss_wip.thy	78025	true	6988674	0	true
pss_wip.maxl_graph.simps	pss_wip	pss_wip.maxl_graph.simps	0	1704336	isabelle/layerB/pss_wip.thy	78025	true	6988674	0	true
pss_wip.maxl_graph.inducts	pss_wip	pss_wip.maxl_graph.inducts	0	1704338	isabelle/layerB/pss_wip.thy	78025	true	6988674	0	true
pss_wip.maxl_rel.intros	pss_wip	pss_wip.maxl_rel.intros	0	1704476	isabelle/layerB/pss_wip.thy	78025	true	6988674	0	true
pss_wip.maxl_rel.cases	pss_wip	pss_wip.maxl_rel.cases	0	1704482	isabelle/layerB/pss_wip.thy	78025	true	6988674	0	true
pss_wip.maxl_rel.induct	pss_wip	pss_wip.maxl_rel.induct	0	1704490	isabelle/layerB/pss_wip.thy	78025	true	6988674	0	true
pss_wip.maxl_rel.simps	pss_wip	pss_wip.maxl_rel.simps	0	1704496	isabelle/layerB/pss_wip.thy	78025	true	6988674	0	true
pss_wip.maxl_rel.inducts	pss_wip	pss_wip.maxl_rel.inducts	0	1704506	isabelle/layerB/pss_wip.thy	78025	true	6988674	0	true
pss_wip.maxl.psimps(1)	pss_wip	pss_wip.maxl.psimps	1	1704754	isabelle/layerB/pss_wip.thy	78025	true	6988674	0	true
pss_wip.maxl.psimps(2)	pss_wip	pss_wip.maxl.psimps	2	1704758	isabelle/layerB/pss_wip.thy	78025	true	6988674	0	true
pss_wip.maxl.pinduct	pss_wip	pss_wip.maxl.pinduct	0	1704766	isabelle/layerB/pss_wip.thy	78025	true	6988674	0	true
pss_wip.maxl.termination	pss_wip	pss_wip.maxl.termination	0	1704770	isabelle/layerB/pss_wip.thy	78025	true	6988674	0	true
pss_wip.maxl.cases	pss_wip	pss_wip.maxl.cases	0	1704772	isabelle/layerB/pss_wip.thy	78025	false	6988674	0	true
pss_wip.maxl.pelims	pss_wip	pss_wip.maxl.pelims	0	1704774	isabelle/layerB/pss_wip.thy	78025	false	6988674	0	true
pss_wip.maxl.simps(1)	pss_wip	pss_wip.maxl.simps	1	1704800	isabelle/layerB/pss_wip.thy	78025	false	6988674	0	true
pss_wip.maxl.simps(2)	pss_wip	pss_wip.maxl.simps	2	1704802	isabelle/layerB/pss_wip.thy	78025	false	6988674	0	true
pss_wip.maxl.induct	pss_wip	pss_wip.maxl.induct	0	1704808	isabelle/layerB/pss_wip.thy	78025	false	6988674	0	true
pss_wip.maxl.elims	pss_wip	pss_wip.maxl.elims	0	1704810	isabelle/layerB/pss_wip.thy	78025	false	6988674	0	true
pss_wip.maxl_ge	pss_wip	pss_wip.maxl_ge	0	1704820	isabelle/layerB/pss_wip.thy	78029	false	6990026	0	true
pss_wip.bdepthT_bdepthP_graph.intros(1)	pss_wip	pss_wip.bdepthT_bdepthP_graph.intros	1	1704876	isabelle/layerB/pss_wip.thy	78032	true	6990108	0	true
pss_wip.bdepthT_bdepthP_graph.intros(2)	pss_wip	pss_wip.bdepthT_bdepthP_graph.intros	2	1704880	isabelle/layerB/pss_wip.thy	78032	true	6990108	0	true
pss_wip.bdepthT_bdepthP_graph.cases	pss_wip	pss_wip.bdepthT_bdepthP_graph.cases	0	1704882	isabelle/layerB/pss_wip.thy	78032	true	6990108	0	true
pss_wip.bdepthT_bdepthP_graph.induct	pss_wip	pss_wip.bdepthT_bdepthP_graph.induct	0	1704886	isabelle/layerB/pss_wip.thy	78032	true	6990108	0	true
pss_wip.bdepthT_bdepthP_graph.simps	pss_wip	pss_wip.bdepthT_bdepthP_graph.simps	0	1704888	isabelle/layerB/pss_wip.thy	78032	true	6990108	0	true
pss_wip.bdepthT_bdepthP_graph.inducts	pss_wip	pss_wip.bdepthT_bdepthP_graph.inducts	0	1704890	isabelle/layerB/pss_wip.thy	78032	true	6990108	0	true
pss_wip.bdepthT_bdepthP_rel.intros(1)	pss_wip	pss_wip.bdepthT_bdepthP_rel.intros	1	1704962	isabelle/layerB/pss_wip.thy	78032	true	6990108	0	true
pss_wip.bdepthT_bdepthP_rel.intros(2)	pss_wip	pss_wip.bdepthT_bdepthP_rel.intros	2	1704964	isabelle/layerB/pss_wip.thy	78032	true	6990108	0	true
pss_wip.bdepthT_bdepthP_rel.cases	pss_wip	pss_wip.bdepthT_bdepthP_rel.cases	0	1704972	isabelle/layerB/pss_wip.thy	78032	true	6990108	0	true
pss_wip.bdepthT_bdepthP_rel.induct	pss_wip	pss_wip.bdepthT_bdepthP_rel.induct	0	1704974	isabelle/layerB/pss_wip.thy	78032	true	6990108	0	true
pss_wip.bdepthT_bdepthP_rel.simps	pss_wip	pss_wip.bdepthT_bdepthP_rel.simps	0	1704976	isabelle/layerB/pss_wip.thy	78032	true	6990108	0	true
pss_wip.bdepthT_bdepthP_rel.inducts	pss_wip	pss_wip.bdepthT_bdepthP_rel.inducts	0	1704980	isabelle/layerB/pss_wip.thy	78032	true	6990108	0	true
pss_wip.bdepthT.psimps	pss_wip	pss_wip.bdepthT.psimps	0	1705060	isabelle/layerB/pss_wip.thy	78032	true	6990108	0	true
pss_wip.bdepthP.psimps	pss_wip	pss_wip.bdepthP.psimps	0	1705062	isabelle/layerB/pss_wip.thy	78032	true	6990108	0	true
pss_wip.bdepthT_bdepthP.pinduct(1)	pss_wip	pss_wip.bdepthT_bdepthP.pinduct	1	1705064	isabelle/layerB/pss_wip.thy	78032	true	6990108	0	true
pss_wip.bdepthT_bdepthP.pinduct(2)	pss_wip	pss_wip.bdepthT_bdepthP.pinduct	2	1705066	isabelle/layerB/pss_wip.thy	78032	true	6990108	0	true
pss_wip.bdepthT_bdepthP.termination	pss_wip	pss_wip.bdepthT_bdepthP.termination	0	1705070	isabelle/layerB/pss_wip.thy	78032	true	6990108	0	true
pss_wip.bdepthT.cases	pss_wip	pss_wip.bdepthT.cases	0	1705072	isabelle/layerB/pss_wip.thy	78032	false	6990108	0	true
pss_wip.bdepthP.cases	pss_wip	pss_wip.bdepthP.cases	0	1705076	isabelle/layerB/pss_wip.thy	78032	false	6990108	0	true
pss_wip.bdepthT.pelims	pss_wip	pss_wip.bdepthT.pelims	0	1705078	isabelle/layerB/pss_wip.thy	78032	false	6990108	0	true
pss_wip.bdepthP.pelims	pss_wip	pss_wip.bdepthP.pelims	0	1705094	isabelle/layerB/pss_wip.thy	78032	false	6990108	0	true
pss_wip.bdepthT.simps	pss_wip	pss_wip.bdepthT.simps	0	1705126	isabelle/layerB/pss_wip.thy	78032	false	6990108	0	true
pss_wip.bdepthP.simps	pss_wip	pss_wip.bdepthP.simps	0	1705128	isabelle/layerB/pss_wip.thy	78032	false	6990108	0	true
pss_wip.bdepthT_bdepthP.induct(1)	pss_wip	pss_wip.bdepthT_bdepthP.induct	1	1705134	isabelle/layerB/pss_wip.thy	78032	false	6990108	0	true
pss_wip.bdepthT_bdepthP.induct(2)	pss_wip	pss_wip.bdepthT_bdepthP.induct	2	1705136	isabelle/layerB/pss_wip.thy	78032	false	6990108	0	true
pss_wip.bdepthT.elims	pss_wip	pss_wip.bdepthT.elims	0	1705138	isabelle/layerB/pss_wip.thy	78032	false	6990108	0	true
pss_wip.bdepthP.elims	pss_wip	pss_wip.bdepthP.elims	0	1705140	isabelle/layerB/pss_wip.thy	78032	false	6990108	0	true
pss_wip.bdepthP_pos	pss_wip	pss_wip.bdepthP_pos	0	1705154	isabelle/layerB/pss_wip.thy	78036	false	6991928	0	true
pss_wip.bdepthP_head_le	pss_wip	pss_wip.bdepthP_head_le	0	1705160	isabelle/layerB/pss_wip.thy	78039	false	6991988	0	true
pss_wip.bdepthT_tl_le	pss_wip	pss_wip.bdepthT_tl_le	0	1705168	isabelle/layerB/pss_wip.thy	78046	false	6992042	0	true
pss_wip.bdepthT_zero_nil	pss_wip	pss_wip.bdepthT_zero_nil	0	1705174	isabelle/layerB/pss_wip.thy	78057	false	6992080	0	true
pss_wip.maxl_le_sum_list	pss_wip	pss_wip.maxl_le_sum_list	0	1705182	isabelle/layerB/pss_wip.thy	78070	false	6992184	0	true
pss_wip.bdepthT_le_nrmT	pss_wip	pss_wip.bdepthT_le_nrmT	0	1705194	isabelle/layerB/pss_wip.thy	78073	false	6992354	0	true
pss_wip.bdepthP_le_nrmP	pss_wip	pss_wip.bdepthP_le_nrmP	0	1705196	isabelle/layerB/pss_wip.thy	78074	false	6992354	0	true
pss_wip.RPrel_dep_def	pss_wip	pss_wip.RPrel_dep_def	0	1705208	isabelle/layerB/pss_wip.thy	78092	false	6992492	0	false
pss_wip.RTrel_dep_def	pss_wip	pss_wip.RTrel_dep_def	0	1705260	isabelle/layerB/pss_wip.thy	78095	false	6992636	0	false
pss_wip.RPrel_bnd_subset_dep	pss_wip	pss_wip.RPrel_bnd_subset_dep	0	1705274	isabelle/layerB/pss_wip.thy	78098	false	6992762	0	true
pss_wip.idxBP_graph.intros	pss_wip	pss_wip.idxBP_graph.intros	0	1705312	isabelle/layerB/pss_wip.thy	78108	true	6992814	0	true
pss_wip.idxBP_graph.cases	pss_wip	pss_wip.idxBP_graph.cases	0	1705316	isabelle/layerB/pss_wip.thy	78108	true	6992814	0	true
pss_wip.idxBP_graph.induct	pss_wip	pss_wip.idxBP_graph.induct	0	1705320	isabelle/layerB/pss_wip.thy	78108	true	6992814	0	true
pss_wip.idxBP_graph.simps	pss_wip	pss_wip.idxBP_graph.simps	0	1705324	isabelle/layerB/pss_wip.thy	78108	true	6992814	0	true
pss_wip.idxBP_graph.inducts	pss_wip	pss_wip.idxBP_graph.inducts	0	1705328	isabelle/layerB/pss_wip.thy	78108	true	6992814	0	true
pss_wip.idxBP_rel.cases	pss_wip	pss_wip.idxBP_rel.cases	0	1705362	isabelle/layerB/pss_wip.thy	78108	true	6992814	0	true
pss_wip.idxBP_rel.induct	pss_wip	pss_wip.idxBP_rel.induct	0	1705364	isabelle/layerB/pss_wip.thy	78108	true	6992814	0	true
pss_wip.idxBP_rel.simps	pss_wip	pss_wip.idxBP_rel.simps	0	1705366	isabelle/layerB/pss_wip.thy	78108	true	6992814	0	true
pss_wip.idxBP_rel.inducts	pss_wip	pss_wip.idxBP_rel.inducts	0	1705368	isabelle/layerB/pss_wip.thy	78108	true	6992814	0	true
pss_wip.idxBP.psimps	pss_wip	pss_wip.idxBP.psimps	0	1705388	isabelle/layerB/pss_wip.thy	78108	true	6992814	0	true
pss_wip.idxBP.pinduct	pss_wip	pss_wip.idxBP.pinduct	0	1705390	isabelle/layerB/pss_wip.thy	78108	true	6992814	0	true
pss_wip.idxBP.termination	pss_wip	pss_wip.idxBP.termination	0	1705392	isabelle/layerB/pss_wip.thy	78108	true	6992814	0	true
pss_wip.idxBP.cases	pss_wip	pss_wip.idxBP.cases	0	1705394	isabelle/layerB/pss_wip.thy	78108	false	6992814	0	true
pss_wip.idxBP.pelims	pss_wip	pss_wip.idxBP.pelims	0	1705396	isabelle/layerB/pss_wip.thy	78108	false	6992814	0	true
pss_wip.idxBP.simps	pss_wip	pss_wip.idxBP.simps	0	1705402	isabelle/layerB/pss_wip.thy	78108	false	6992814	0	true
pss_wip.idxBP.induct	pss_wip	pss_wip.idxBP.induct	0	1705406	isabelle/layerB/pss_wip.thy	78108	false	6992814	0	true
pss_wip.idxBP.elims	pss_wip	pss_wip.idxBP.elims	0	1705408	isabelle/layerB/pss_wip.thy	78108	false	6992814	0	true
pss_wip.subBP_graph.intros	pss_wip	pss_wip.subBP_graph.intros	0	1705436	isabelle/layerB/pss_wip.thy	78109	true	6993754	0	true
pss_wip.subBP_graph.cases	pss_wip	pss_wip.subBP_graph.cases	0	1705438	isabelle/layerB/pss_wip.thy	78109	true	6993754	0	true
pss_wip.subBP_graph.induct	pss_wip	pss_wip.subBP_graph.induct	0	1705440	isabelle/layerB/pss_wip.thy	78109	true	6993754	0	true
pss_wip.subBP_graph.simps	pss_wip	pss_wip.subBP_graph.simps	0	1705442	isabelle/layerB/pss_wip.thy	78109	true	6993754	0	true
pss_wip.subBP_graph.inducts	pss_wip	pss_wip.subBP_graph.inducts	0	1705444	isabelle/layerB/pss_wip.thy	78109	true	6993754	0	true
pss_wip.subBP_rel.cases	pss_wip	pss_wip.subBP_rel.cases	0	1705468	isabelle/layerB/pss_wip.thy	78109	true	6993754	0	true
pss_wip.subBP_rel.induct	pss_wip	pss_wip.subBP_rel.induct	0	1705470	isabelle/layerB/pss_wip.thy	78109	true	6993754	0	true
pss_wip.subBP_rel.simps	pss_wip	pss_wip.subBP_rel.simps	0	1705472	isabelle/layerB/pss_wip.thy	78109	true	6993754	0	true
pss_wip.subBP_rel.inducts	pss_wip	pss_wip.subBP_rel.inducts	0	1705474	isabelle/layerB/pss_wip.thy	78109	true	6993754	0	true
pss_wip.subBP.psimps	pss_wip	pss_wip.subBP.psimps	0	1705494	isabelle/layerB/pss_wip.thy	78109	true	6993754	0	true
pss_wip.subBP.pinduct	pss_wip	pss_wip.subBP.pinduct	0	1705496	isabelle/layerB/pss_wip.thy	78109	true	6993754	0	true
pss_wip.subBP.termination	pss_wip	pss_wip.subBP.termination	0	1705502	isabelle/layerB/pss_wip.thy	78109	true	6993754	0	true
pss_wip.subBP.cases	pss_wip	pss_wip.subBP.cases	0	1705506	isabelle/layerB/pss_wip.thy	78109	false	6993754	0	true
pss_wip.subBP.pelims	pss_wip	pss_wip.subBP.pelims	0	1705512	isabelle/layerB/pss_wip.thy	78109	false	6993754	0	true
pss_wip.subBP.simps	pss_wip	pss_wip.subBP.simps	0	1705532	isabelle/layerB/pss_wip.thy	78109	false	6993754	0	true
pss_wip.subBP.induct	pss_wip	pss_wip.subBP.induct	0	1705542	isabelle/layerB/pss_wip.thy	78109	false	6993754	0	true
pss_wip.subBP.elims	pss_wip	pss_wip.subBP.elims	0	1705548	isabelle/layerB/pss_wip.thy	78109	false	6993754	0	true
pss_wip.wfpd_RPrel_dep_0	pss_wip	pss_wip.wfpd_RPrel_dep_0	0	1705600	isabelle/layerB/pss_wip.thy	78111	false	6994708	0	true
pss_wip.wfpd_wf_RPrel_dep_0	pss_wip	pss_wip.wfpd_wf_RPrel_dep_0	0	1705650	isabelle/layerB/pss_wip.thy	78119	false	6994762	0	true
pss_wip.wfpd_RPrel_dep_lex	pss_wip	pss_wip.wfpd_RPrel_dep_lex	0	1705826	isabelle/layerB/pss_wip.thy	78133	false	6994882	0	true
pss_wip.wfpd_NoBad_dep	pss_wip	pss_wip.wfpd_NoBad_dep	0	1705918	isabelle/layerB/pss_wip.thy	78190	false	6995024	0	true
pss_wip.wfpd_tuple_lift_dep	pss_wip	pss_wip.wfpd_tuple_lift_dep	0	1705956	isabelle/layerB/pss_wip.thy	78353	false	6995162	0	true
pss_wip.wfpd_wf_dep	pss_wip	pss_wip.wfpd_wf_dep	0	1705972	isabelle/layerB/pss_wip.thy	78416	false	6995268	0	true
pss_wip.wfpd_wf_RPrel_dep	pss_wip	pss_wip.wfpd_wf_RPrel_dep	0	1705984	isabelle/layerB/pss_wip.thy	78430	false	6995316	0	true
pss_wip.wfpd_wf_RTrel_dep	pss_wip	pss_wip.wfpd_wf_RTrel_dep	0	1706000	isabelle/layerB/pss_wip.thy	78433	false	6995362	0	true
pss_wip.wfpd_wf_goal_dep	pss_wip	pss_wip.wfpd_wf_goal_dep	0	1706016	isabelle/layerB/pss_wip.thy	78440	false	6995444	0	true
pss_wip.wfpd_bounded_Rchain_impossible	pss_wip	pss_wip.wfpd_bounded_Rchain_impossible	0	1706042	isabelle/layerB/pss_wip.thy	78447	false	6995556	0	true
pss_wip.wfpd_infinite_Rchain_unbounded_depth	pss_wip	pss_wip.wfpd_infinite_Rchain_unbounded_depth	0	1706076	isabelle/layerB/pss_wip.thy	78458	false	6995686	0	true
pss_wip.wfpd_wf_RPrel_iff_no_unbounded_depth	pss_wip	pss_wip.wfpd_wf_RPrel_iff_no_unbounded_depth	0	1706116	isabelle/layerB/pss_wip.thy	78471	false	6995772	0	true
pss_wip.wfpd_bounded_Tchain_impossible	pss_wip	pss_wip.wfpd_bounded_Tchain_impossible	0	1706156	isabelle/layerB/pss_wip.thy	78499	false	6995874	0	true
pss_wip.wfpd_wf_RTrel_iff_no_unbounded_depth	pss_wip	pss_wip.wfpd_wf_RTrel_iff_no_unbounded_depth	0	1706204	isabelle/layerB/pss_wip.thy	78510	false	6995956	0	true
pss_wip.c2lx_lhs_ex_of_step	pss_wip	pss_wip.c2lx_lhs_ex_of_step	0	1706398	isabelle/layerB/pss_wip.thy	78568	false	6996056	0	true
pss_wip.c4cx2_condIV_mnform_of_slice	pss_wip	pss_wip.c4cx2_condIV_mnform_of_slice	0	1706568	isabelle/layerB/pss_wip.thy	78663	false	6996392	0	true
pss_wip.w84x_slice_value_of_reg	pss_wip	pss_wip.w84x_slice_value_of_reg	0	1706582	isabelle/layerB/pss_wip.thy	78815	false	6996784	0	true
pss_wip.w84x_reg_mono	pss_wip	pss_wip.w84x_reg_mono	0	1706596	isabelle/layerB/pss_wip.thy	78842	false	6997028	0	false
pss_wip.w84x_tail_share_of_reg	pss_wip	pss_wip.w84x_tail_share_of_reg	0	1706606	isabelle/layerB/pss_wip.thy	78864	false	6997176	0	true
pss_wip.w84x_scb_unlift	pss_wip	pss_wip.w84x_scb_unlift	0	1706614	isabelle/layerB/pss_wip.thy	78906	false	6997328	0	true
pss_wip.w84x_subslice_value	pss_wip	pss_wip.w84x_subslice_value	0	1706630	isabelle/layerB/pss_wip.thy	78924	false	6997436	0	true
pss_wip.w84x_sliceVE_of_hostreg	pss_wip	pss_wip.w84x_sliceVE_of_hostreg	0	1706682	isabelle/layerB/pss_wip.thy	78954	false	6997570	0	true
pss_wip.w84x_condIII_baseML_of_sliceregs	pss_wip	pss_wip.w84x_condIII_baseML_of_sliceregs	0	1706712	isabelle/layerB/pss_wip.thy	78997	false	6997670	0	true
pss_wip.w84x_condIII_baseML_cf_of_sliceregs	pss_wip	pss_wip.w84x_condIII_baseML_cf_of_sliceregs	0	1706836	isabelle/layerB/pss_wip.thy	79017	false	6997798	0	true
pss_wip.w84x_d4b_of_regS	pss_wip	pss_wip.w84x_d4b_of_regS	0	1706964	isabelle/layerB/pss_wip.thy	79063	false	6998592	0	true
pss_wip.w84x_d4a_of_regSP	pss_wip	pss_wip.w84x_d4a_of_regSP	0	1707032	isabelle/layerB/pss_wip.thy	79116	false	6998794	0	true
pss_wip.w84x_d4b_dispatch	pss_wip	pss_wip.w84x_d4b_dispatch	0	1707042	isabelle/layerB/pss_wip.thy	79198	false	6998962	0	true
pss_wip.w84x_d4a_dispatch	pss_wip	pss_wip.w84x_d4a_dispatch	0	1707090	isabelle/layerB/pss_wip.thy	79221	false	6999202	0	true
pss_wip.w84x_various_scb_IIIIV_of_sliceregs	pss_wip	pss_wip.w84x_various_scb_IIIIV_of_sliceregs	0	1707286	isabelle/layerB/pss_wip.thy	79251	false	6999448	0	true
pss_wip.w84x_TN_c2_of_admeq	pss_wip	pss_wip.w84x_TN_c2_of_admeq	0	1707400	isabelle/layerB/pss_wip.thy	79336	false	7000580	0	true
pss_wip.w84x_PN_c1_of_admeq	pss_wip	pss_wip.w84x_PN_c1_of_admeq	0	1707428	isabelle/layerB/pss_wip.thy	79359	false	7000700	0	true
pss_wip.w84x_d2_IIIV_dispatch	pss_wip	pss_wip.w84x_d2_IIIV_dispatch	0	1707438	isabelle/layerB/pss_wip.thy	79420	false	7000968	0	true
pss_wip.w84x_d3_IIIV_dispatch	pss_wip	pss_wip.w84x_d3_IIIV_dispatch	0	1707474	isabelle/layerB/pss_wip.thy	79495	false	7001176	0	true
pss_wip.w84x_various_scb_IIIV_of_sliceregs	pss_wip	pss_wip.w84x_various_scb_IIIV_of_sliceregs	0	1707658	isabelle/layerB/pss_wip.thy	79569	false	7001494	0	true
pss_wip.w84x_VE_m0	pss_wip	pss_wip.w84x_VE_m0	0	1707746	isabelle/layerB/pss_wip.thy	79626	false	7002178	0	false
pss_wip.w84x_condIII_baseML_cf_final	pss_wip	pss_wip.w84x_condIII_baseML_cf_final	0	1708076	isabelle/layerB/pss_wip.thy	79635	false	7002302	0	true
pss_wip.w84x_flat_head_Dpt	pss_wip	pss_wip.w84x_flat_head_Dpt	0	1708142	isabelle/layerB/pss_wip.thy	79726	false	7002940	0	true
pss_wip.w84x_bpHeadT_TB	pss_wip	pss_wip.w84x_bpHeadT_TB	0	1708168	isabelle/layerB/pss_wip.thy	79757	false	7003064	0	true
pss_wip.w84x_le1_entry_mono	pss_wip	pss_wip.w84x_le1_entry_mono	0	1708206	isabelle/layerB/pss_wip.thy	79779	false	7003142	0	false
pss_wip.w84x_exchange13_core	pss_wip	pss_wip.w84x_exchange13_core	0	1708368	isabelle/layerB/pss_wip.thy	79789	false	7003378	0	true
pss_wip.w84x_condIII_mnform_of_sliceregs	pss_wip	pss_wip.w84x_condIII_mnform_of_sliceregs	0	1708538	isabelle/layerB/pss_wip.thy	79926	false	7004826	0	true
pss_wip.w84x_condIII_exchange13_of_sliceregs	pss_wip	pss_wip.w84x_condIII_exchange13_of_sliceregs	0	1708726	isabelle/layerB/pss_wip.thy	80239	false	7005940	0	true
pss_wip.w84x_condIII_descent_of_sliceregs	pss_wip	pss_wip.w84x_condIII_descent_of_sliceregs	0	1708818	isabelle/layerB/pss_wip.thy	80363	false	7006788	0	true
pss_wip.w84x_condIII_exchange_full_of_sliceregs	pss_wip	pss_wip.w84x_condIII_exchange_full_of_sliceregs	0	1709134	isabelle/layerB/pss_wip.thy	80448	false	7007234	0	true
pss_wip.w84x_regPred_of_reg	pss_wip	pss_wip.w84x_regPred_of_reg	0	1709210	isabelle/layerB/pss_wip.thy	80497	false	7008436	0	true
pss_wip.wnx_le0_adjacent_step	pss_wip	pss_wip.wnx_le0_adjacent_step	0	1709282	isabelle/layerB/pss_wip.thy	80586	false	7008664	0	false
pss_wip.wnx_adjacent_parent0(1)	pss_wip	pss_wip.wnx_adjacent_parent0	1	1709336	isabelle/layerB/pss_wip.thy	80601	false	7008782	0	false
pss_wip.wnx_adjacent_parent0(2)	pss_wip	pss_wip.wnx_adjacent_parent0	2	1709338	isabelle/layerB/pss_wip.thy	80601	false	7008782	0	false
pss_wip.wnx_adjacent_parent1(1)	pss_wip	pss_wip.wnx_adjacent_parent1	1	1709430	isabelle/layerB/pss_wip.thy	80633	false	7009006	0	false
pss_wip.wnx_adjacent_parent1(2)	pss_wip	pss_wip.wnx_adjacent_parent1	2	1709432	isabelle/layerB/pss_wip.thy	80633	false	7009006	0	false
pss_wip.wnx_no_parent0_col0	pss_wip	pss_wip.wnx_no_parent0_col0	0	1709472	isabelle/layerB/pss_wip.thy	80667	false	7009108	0	true
pss_wip.wnx_col0_diag	pss_wip	pss_wip.wnx_col0_diag	0	1709490	isabelle/layerB/pss_wip.thy	80674	false	7009172	0	true
pss_wip.wnx_condA_step	pss_wip	pss_wip.wnx_condA_step	0	1709544	isabelle/layerB/pss_wip.thy	80685	false	7009286	0	true
pss_wip.wnx_run_nadm	pss_wip	pss_wip.wnx_run_nadm	0	1709614	isabelle/layerB/pss_wip.thy	80695	false	7009450	0	false
pss_wip.wnx_run_step_entries(1)	pss_wip	pss_wip.wnx_run_step_entries	1	1709742	isabelle/layerB/pss_wip.thy	80710	false	7009582	0	true
pss_wip.wnx_run_step_entries(2)	pss_wip	pss_wip.wnx_run_step_entries	2	1709744	isabelle/layerB/pss_wip.thy	80710	false	7009582	0	true
pss_wip.wnx_run_entries	pss_wip	pss_wip.wnx_run_entries	0	1709898	isabelle/layerB/pss_wip.thy	80739	false	7009868	0	true
pss_wip.wnx_seg_transport(1)	pss_wip	pss_wip.wnx_seg_transport	1	1710026	isabelle/layerB/pss_wip.thy	80767	false	7010470	0	true
pss_wip.wnx_seg_transport(2)	pss_wip	pss_wip.wnx_seg_transport	2	1710028	isabelle/layerB/pss_wip.thy	80767	false	7010470	0	true
pss_wip.wnx_seg_transport(3)	pss_wip	pss_wip.wnx_seg_transport	3	1710030	isabelle/layerB/pss_wip.thy	80767	false	7010470	0	true
pss_wip.wnx_transfer_of_reg	pss_wip	pss_wip.wnx_transfer_of_reg	0	1710084	isabelle/layerB/pss_wip.thy	80867	false	7011044	0	true
pss_wip.wnx_trunk_diagSeq	pss_wip	pss_wip.wnx_trunk_diagSeq	0	1710162	isabelle/layerB/pss_wip.thy	80890	false	7011452	0	true
pss_wip.wnx_trunk_transfer	pss_wip	pss_wip.wnx_trunk_transfer	0	1710250	isabelle/layerB/pss_wip.thy	80956	false	7011752	0	true
pss_wip.wnx_setup(1)	pss_wip	pss_wip.wnx_setup	1	1710400	isabelle/layerB/pss_wip.thy	81008	false	7012120	0	true
pss_wip.wnx_setup(2)	pss_wip	pss_wip.wnx_setup	2	1710402	isabelle/layerB/pss_wip.thy	81008	false	7012120	0	true
pss_wip.wnx_setup(3)	pss_wip	pss_wip.wnx_setup	3	1710406	isabelle/layerB/pss_wip.thy	81008	false	7012120	0	true
pss_wip.wnx_setup(4)	pss_wip	pss_wip.wnx_setup	4	1710408	isabelle/layerB/pss_wip.thy	81008	false	7012120	0	true
pss_wip.wnx_setup(5)	pss_wip	pss_wip.wnx_setup	5	1710410	isabelle/layerB/pss_wip.thy	81008	false	7012120	0	true
pss_wip.wnx_setup(6)	pss_wip	pss_wip.wnx_setup	6	1710414	isabelle/layerB/pss_wip.thy	81008	false	7012120	0	true
pss_wip.wnx_setup(7)	pss_wip	pss_wip.wnx_setup	7	1710416	isabelle/layerB/pss_wip.thy	81008	false	7012120	0	true
pss_wip.wnx_reg_c1(1)	pss_wip	pss_wip.wnx_reg_c1	1	1710564	isabelle/layerB/pss_wip.thy	81070	false	7012652	0	true
pss_wip.wnx_reg_c1(2)	pss_wip	pss_wip.wnx_reg_c1	2	1710566	isabelle/layerB/pss_wip.thy	81070	false	7012652	0	true
pss_wip.wnx_reg_c1(3)	pss_wip	pss_wip.wnx_reg_c1	3	1710570	isabelle/layerB/pss_wip.thy	81070	false	7012652	0	true
pss_wip.wnx_W2nostr_c1	pss_wip	pss_wip.wnx_W2nostr_c1	0	1710610	isabelle/layerB/pss_wip.thy	81279	false	7012942	0	true
pss_wip.wnx_W2nostr_c2	pss_wip	pss_wip.wnx_W2nostr_c2	0	1710686	isabelle/layerB/pss_wip.thy	81304	false	7013138	0	true
pss_wip.wnx_nf3x	pss_wip	pss_wip.wnx_nf3x	0	1710928	isabelle/layerB/pss_wip.thy	81434	false	7013386	0	true
pss_wip.s2x_RA_mono_unfold	pss_wip	pss_wip.s2x_RA_mono_unfold	0	1711204	isabelle/layerB/pss_wip.thy	81573	false	7014330	0	true
pss_wip.s2x_RA_single_col	pss_wip	pss_wip.s2x_RA_single_col	0	1711294	isabelle/layerB/pss_wip.thy	81623	false	7014580	0	true
pss_wip.s2x_chain	pss_wip	pss_wip.s2x_chain	0	1711534	isabelle/layerB/pss_wip.thy	81649	false	7014882	0	true
pss_wip.s2x_sharp_of_atoms	pss_wip	pss_wip.s2x_sharp_of_atoms	0	1711708	isabelle/layerB/pss_wip.thy	81955	false	7015190	0	true
pss_wip.s2x_lph_of_atoms	pss_wip	pss_wip.s2x_lph_of_atoms	0	1711992	isabelle/layerB/pss_wip.thy	82031	false	7015418	0	true
pss_wip.s2x_c2L1_of_atoms	pss_wip	pss_wip.s2x_c2L1_of_atoms	0	1712318	isabelle/layerB/pss_wip.thy	82056	false	7015852	0	true
pss_wip.scx_addBT_assoc	pss_wip	pss_wip.scx_addBT_assoc	0	1712344	isabelle/layerB/pss_wip.thy	82123	false	7016306	0	true
pss_wip.scx_addBT_0left	pss_wip	pss_wip.scx_addBT_0left	0	1712378	isabelle/layerB/pss_wip.thy	82126	false	7016414	0	true
pss_wip.scx_TB_zero	pss_wip	pss_wip.scx_TB_zero	0	1712404	isabelle/layerB/pss_wip.thy	82129	false	7016470	0	true
pss_wip.scx_TB_addBT	pss_wip	pss_wip.scx_TB_addBT	0	1712476	isabelle/layerB/pss_wip.thy	82132	false	7016510	0	true
pss_wip.scx_TB_multBT	pss_wip	pss_wip.scx_TB_multBT	0	1712516	isabelle/layerB/pss_wip.thy	82135	false	7016590	0	true
pss_wip.scx_TB_Dpt	pss_wip	pss_wip.scx_TB_Dpt	0	1712544	isabelle/layerB/pss_wip.thy	82138	false	7016680	0	true
pss_wip.scx_TB_Dpt_body	pss_wip	pss_wip.scx_TB_Dpt_body	0	1712598	isabelle/layerB/pss_wip.thy	82141	false	7016778	0	true
pss_wip.scx_TB_addBT_left	pss_wip	pss_wip.scx_TB_addBT_left	0	1712628	isabelle/layerB/pss_wip.thy	82144	false	7016874	0	true
pss_wip.scx_TB_addBT_right	pss_wip	pss_wip.scx_TB_addBT_right	0	1712660	isabelle/layerB/pss_wip.thy	82147	false	7016944	0	true
pss_wip.scx_scb_compose	pss_wip	pss_wip.scx_scb_compose	0	1712694	isabelle/layerB/pss_wip.thy	82153	false	7017062	0	false
pss_wip.scx_take_RT_PS	pss_wip	pss_wip.scx_take_RT_PS	0	1712718	isabelle/layerB/pss_wip.thy	82171	false	7017334	0	true
pss_wip.scx_seg0_RT_PS	pss_wip	pss_wip.scx_seg0_RT_PS	0	1712752	isabelle/layerB/pss_wip.thy	82199	false	7017468	0	true
pss_wip.scx_map_block_seg	pss_wip	pss_wip.scx_map_block_seg	0	1712808	isabelle/layerB/pss_wip.thy	82210	false	7017596	0	false
pss_wip.scx_row1_bound	pss_wip	pss_wip.scx_row1_bound	0	1712822	isabelle/layerB/pss_wip.thy	82228	false	7017774	0	true
pss_wip.scx_le0_to_parent	pss_wip	pss_wip.scx_le0_to_parent	0	1712840	isabelle/layerB/pss_wip.thy	82278	false	7017884	0	false
pss_wip.scx_hasParent_of_le0	pss_wip	pss_wip.scx_hasParent_of_le0	0	1712868	isabelle/layerB/pss_wip.thy	82297	false	7018008	0	false
pss_wip.scx_host_basic(1)	pss_wip	pss_wip.scx_host_basic	1	1713070	isabelle/layerB/pss_wip.thy	82322	false	7018104	0	true
pss_wip.scx_host_basic(2)	pss_wip	pss_wip.scx_host_basic	2	1713076	isabelle/layerB/pss_wip.thy	82322	false	7018104	0	true
pss_wip.scx_host_basic(3)	pss_wip	pss_wip.scx_host_basic	3	1713078	isabelle/layerB/pss_wip.thy	82322	false	7018104	0	true
pss_wip.scx_host_basic(4)	pss_wip	pss_wip.scx_host_basic	4	1713084	isabelle/layerB/pss_wip.thy	82322	false	7018104	0	true
pss_wip.scx_host_basic(5)	pss_wip	pss_wip.scx_host_basic	5	1713090	isabelle/layerB/pss_wip.thy	82322	false	7018104	0	true
pss_wip.scx_host_basic(6)	pss_wip	pss_wip.scx_host_basic	6	1713092	isabelle/layerB/pss_wip.thy	82322	false	7018104	0	true
pss_wip.scx_host_basic(7)	pss_wip	pss_wip.scx_host_basic	7	1713098	isabelle/layerB/pss_wip.thy	82322	false	7018104	0	true
pss_wip.scx_host_basic(8)	pss_wip	pss_wip.scx_host_basic	8	1713100	isabelle/layerB/pss_wip.thy	82322	false	7018104	0	true
pss_wip.scx_operI_nth_le_j0	pss_wip	pss_wip.scx_operI_nth_le_j0	0	1713168	isabelle/layerB/pss_wip.thy	82361	false	7018526	0	true
pss_wip.scx_N_facts(1)	pss_wip	pss_wip.scx_N_facts	1	1713730	isabelle/layerB/pss_wip.thy	82405	false	7018762	0	true
pss_wip.scx_N_facts(2)	pss_wip	pss_wip.scx_N_facts	2	1713734	isabelle/layerB/pss_wip.thy	82405	false	7018762	0	true
pss_wip.scx_N_facts(3)	pss_wip	pss_wip.scx_N_facts	3	1713738	isabelle/layerB/pss_wip.thy	82405	false	7018762	0	true
pss_wip.scx_N_facts(4)	pss_wip	pss_wip.scx_N_facts	4	1713742	isabelle/layerB/pss_wip.thy	82405	false	7018762	0	true
pss_wip.scx_N_facts(5)	pss_wip	pss_wip.scx_N_facts	5	1713746	isabelle/layerB/pss_wip.thy	82405	false	7018762	0	true
pss_wip.scx_N_facts(6)	pss_wip	pss_wip.scx_N_facts	6	1713750	isabelle/layerB/pss_wip.thy	82405	false	7018762	0	true
pss_wip.scx_N_facts(7)	pss_wip	pss_wip.scx_N_facts	7	1713754	isabelle/layerB/pss_wip.thy	82405	false	7018762	0	true
pss_wip.scx_N_facts(8)	pss_wip	pss_wip.scx_N_facts	8	1713756	isabelle/layerB/pss_wip.thy	82405	false	7018762	0	true
pss_wip.scx_N_facts(9)	pss_wip	pss_wip.scx_N_facts	9	1713762	isabelle/layerB/pss_wip.thy	82405	false	7018762	0	true
pss_wip.scx_N_facts(10)	pss_wip	pss_wip.scx_N_facts	10	1713764	isabelle/layerB/pss_wip.thy	82405	false	7018762	0	true
pss_wip.scx_N_facts(11)	pss_wip	pss_wip.scx_N_facts	11	1713768	isabelle/layerB/pss_wip.thy	82405	false	7018762	0	true
pss_wip.scx_N_facts(12)	pss_wip	pss_wip.scx_N_facts	12	1713772	isabelle/layerB/pss_wip.thy	82405	false	7018762	0	true
pss_wip.scx_N_facts(13)	pss_wip	pss_wip.scx_N_facts	13	1713780	isabelle/layerB/pss_wip.thy	82405	false	7018762	0	true
pss_wip.scx_N_facts(14)	pss_wip	pss_wip.scx_N_facts	14	1713784	isabelle/layerB/pss_wip.thy	82405	false	7018762	0	true
pss_wip.scx_N_facts(15)	pss_wip	pss_wip.scx_N_facts	15	1713788	isabelle/layerB/pss_wip.thy	82405	false	7018762	0	true
pss_wip.scx_N_facts(16)	pss_wip	pss_wip.scx_N_facts	16	1713794	isabelle/layerB/pss_wip.thy	82405	false	7018762	0	true
pss_wip.scx_N_facts(17)	pss_wip	pss_wip.scx_N_facts	17	1713798	isabelle/layerB/pss_wip.thy	82405	false	7018762	0	true
pss_wip.scx_N_facts(18)	pss_wip	pss_wip.scx_N_facts	18	1713800	isabelle/layerB/pss_wip.thy	82405	false	7018762	0	true
pss_wip.scx_mark_idx	pss_wip	pss_wip.scx_mark_idx	0	1714148	isabelle/layerB/pss_wip.thy	82604	false	7019792	0	true
pss_wip.scx_c1_w1	pss_wip	pss_wip.scx_c1_w1	0	1714276	isabelle/layerB/pss_wip.thy	82645	false	7020040	0	true
pss_wip.scx_marked_jm1p	pss_wip	pss_wip.scx_marked_jm1p	0	1714440	isabelle/layerB/pss_wip.thy	82685	false	7020260	0	true
pss_wip.scx_mark_pin	pss_wip	pss_wip.scx_mark_pin	0	1714770	isabelle/layerB/pss_wip.thy	82771	false	7020558	0	true
pss_wip.scx_stepA	pss_wip	pss_wip.scx_stepA	0	1715316	isabelle/layerB/pss_wip.thy	82938	false	7021130	0	true
pss_wip.scx_stepB	pss_wip	pss_wip.scx_stepB	0	1716114	isabelle/layerB/pss_wip.thy	83254	false	7022248	0	true
pss_wip.scx_condI_j0pos_masterCF	pss_wip	pss_wip.scx_condI_j0pos_masterCF	0	1716762	isabelle/layerB/pss_wip.thy	83639	false	7023300	0	true
pss_wip.scx_condI_exchange1	pss_wip	pss_wip.scx_condI_exchange1	0	1716982	isabelle/layerB/pss_wip.thy	84103	false	7023716	0	true
pss_wip.scx_condI_descent	pss_wip	pss_wip.scx_condI_descent	0	1717156	isabelle/layerB/pss_wip.thy	84167	false	7023892	0	true
pss_wip.c4dx_concat_singleton	pss_wip	pss_wip.c4dx_concat_singleton	0	1717220	isabelle/layerB/pss_wip.thy	84315	false	7024060	0	false
pss_wip.c4dx_lessBT_grow	pss_wip	pss_wip.c4dx_lessBT_grow	0	1717278	isabelle/layerB/pss_wip.thy	84321	false	7024184	0	true
pss_wip.c4dx_uv	pss_wip	pss_wip.c4dx_uv	0	1717392	isabelle/layerB/pss_wip.thy	84338	false	7024316	0	true
pss_wip.c4dx_condIV_excl(1)	pss_wip	pss_wip.c4dx_condIV_excl	1	1717436	isabelle/layerB/pss_wip.thy	84369	false	7024508	0	false
pss_wip.c4dx_condIV_excl(2)	pss_wip	pss_wip.c4dx_condIV_excl	2	1717440	isabelle/layerB/pss_wip.thy	84369	false	7024508	0	false
pss_wip.c4dx_condIV_excl(3)	pss_wip	pss_wip.c4dx_condIV_excl	3	1717442	isabelle/layerB/pss_wip.thy	84369	false	7024508	0	false
pss_wip.c4dx_condIV_excl(4)	pss_wip	pss_wip.c4dx_condIV_excl	4	1717444	isabelle/layerB/pss_wip.thy	84369	false	7024508	0	false
pss_wip.c4dx_condIV_c2body_shape	pss_wip	pss_wip.c4dx_condIV_c2body_shape	0	1717552	isabelle/layerB/pss_wip.thy	84387	false	7024690	0	true
pss_wip.c4dx_condIV_dbbody	pss_wip	pss_wip.c4dx_condIV_dbbody	0	1717572	isabelle/layerB/pss_wip.thy	84477	false	7024938	0	true
pss_wip.c4dx_condIV_k1	pss_wip	pss_wip.c4dx_condIV_k1	0	1717740	isabelle/layerB/pss_wip.thy	84541	false	7025276	0	true
pss_wip.c4dx_condIV_base1	pss_wip	pss_wip.c4dx_condIV_base1	0	1717948	isabelle/layerB/pss_wip.thy	84624	false	7025446	0	true
pss_wip.c4dx_condIV_exchange_assembled	pss_wip	pss_wip.c4dx_condIV_exchange_assembled	0	1718432	isabelle/layerB/pss_wip.thy	84743	false	7025712	0	true
pss_wip.c4dx_d4vx_core_AX	pss_wip	pss_wip.c4dx_d4vx_core_AX	0	1718488	isabelle/layerB/pss_wip.thy	84850	false	7026402	0	true
pss_wip.c4dx_condIV_exchange1	pss_wip	pss_wip.c4dx_condIV_exchange1	0	1718812	isabelle/layerB/pss_wip.thy	84869	false	7026632	0	true
pss_wip.c4dx_condIV_exchange12_assembled	pss_wip	pss_wip.c4dx_condIV_exchange12_assembled	0	1719102	isabelle/layerB/pss_wip.thy	84964	false	7027138	0	true
pss_wip.otx_replicate_snoc	pss_wip	pss_wip.otx_replicate_snoc	0	1719190	isabelle/layerB/pss_wip.thy	85104	false	7027504	0	false
pss_wip.otx_op0_numBT	pss_wip	pss_wip.otx_op0_numBT	0	1719222	isabelle/layerB/pss_wip.thy	85107	false	7027586	0	true
pss_wip.otx_op0_iter_numBT	pss_wip	pss_wip.otx_op0_iter_numBT	0	1719250	isabelle/layerB/pss_wip.thy	85159	false	7027662	0	true
pss_wip.otx_Dsucc_ne_numBT	pss_wip	pss_wip.otx_Dsucc_ne_numBT	0	1719292	isabelle/layerB/pss_wip.thy	85175	false	7027774	0	true
pss_wip.otx_stepval_refuted	pss_wip	pss_wip.otx_stepval_refuted	0	1719522	isabelle/layerB/pss_wip.thy	85203	false	7027936	0	true
pss_wip.otx_condVI_adm_eq	pss_wip	pss_wip.otx_condVI_adm_eq	0	1719620	isabelle/layerB/pss_wip.thy	85236	false	7028126	0	true
pss_wip.otx_stepval_condVI_adm	pss_wip	pss_wip.otx_stepval_condVI_adm	0	1719666	isabelle/layerB/pss_wip.thy	85249	false	7028256	0	true
pss_wip.otx_condVI_nadm_eq	pss_wip	pss_wip.otx_condVI_nadm_eq	0	1719680	isabelle/layerB/pss_wip.thy	85260	false	7028556	0	true
pss_wip.otx_stepval_condVI_nadm	pss_wip	pss_wip.otx_stepval_condVI_nadm	0	1719718	isabelle/layerB/pss_wip.thy	85273	false	7028748	0	true
pss_wip.otx_condI_j0z_eq	pss_wip	pss_wip.otx_condI_j0z_eq	0	1719728	isabelle/layerB/pss_wip.thy	85292	false	7028938	0	true
pss_wip.otx_stepval_condI_j0z	pss_wip	pss_wip.otx_stepval_condI_j0z	0	1719820	isabelle/layerB/pss_wip.thy	85319	false	7029060	0	true
pss_wip.otx_stepval_condI_n1	pss_wip	pss_wip.otx_stepval_condI_n1	0	1719916	isabelle/layerB/pss_wip.thy	85329	false	7029330	0	true
pss_wip.otx_le0_le	pss_wip	pss_wip.otx_le0_le	0	1719978	isabelle/layerB/pss_wip.thy	85350	false	7029564	0	false
pss_wip.otx_nextrel0_zero_end	pss_wip	pss_wip.otx_nextrel0_zero_end	0	1720016	isabelle/layerB/pss_wip.thy	85362	false	7029652	0	true
pss_wip.otx_zerocol_multi	pss_wip	pss_wip.otx_zerocol_multi	0	1720054	isabelle/layerB/pss_wip.thy	85376	false	7029764	0	true
pss_wip.otx_zerocol_Pcut	pss_wip	pss_wip.otx_zerocol_Pcut	0	1720108	isabelle/layerB/pss_wip.thy	85394	false	7029860	0	true
pss_wip.otx_zerocol_Trans	pss_wip	pss_wip.otx_zerocol_Trans	0	1720170	isabelle/layerB/pss_wip.thy	85420	false	7030016	0	true
pss_wip.otx_operB_snoc_D00	pss_wip	pss_wip.otx_operB_snoc_D00	0	1720180	isabelle/layerB/pss_wip.thy	85446	false	7030164	0	true
pss_wip.otx_zerocol_predval	pss_wip	pss_wip.otx_zerocol_predval	0	1720192	isabelle/layerB/pss_wip.thy	85474	false	7030220	0	true
pss_wip.otx_zerocol_operval	pss_wip	pss_wip.otx_zerocol_operval	0	1720222	isabelle/layerB/pss_wip.thy	85483	false	7030320	0	false
pss_wip.otx_stepval_zerocol	pss_wip	pss_wip.otx_stepval_zerocol	0	1720298	isabelle/layerB/pss_wip.thy	85494	false	7030456	0	true
pss_wip.otx_condI_j1eq1_eq	pss_wip	pss_wip.otx_condI_j1eq1_eq	0	1720386	isabelle/layerB/pss_wip.thy	85516	false	7030666	0	true
pss_wip.otx_condVI_j1eq1_eq	pss_wip	pss_wip.otx_condVI_j1eq1_eq	0	1720478	isabelle/layerB/pss_wip.thy	85582	false	7030942	0	true
pss_wip.otx_OT_B_zero	pss_wip	pss_wip.otx_OT_B_zero	0	1720520	isabelle/layerB/pss_wip.thy	85670	false	7031192	0	true
pss_wip.otx_Trans_preserves_OT_dispatch	pss_wip	pss_wip.otx_Trans_preserves_OT_dispatch	0	1721214	isabelle/layerB/pss_wip.thy	85710	false	7031450	0	true
pss_wip.atx_condV_nadm_t2_components	pss_wip	pss_wip.atx_condV_nadm_t2_components	0	1721346	isabelle/layerB/pss_wip.thy	86068	false	7032440	0	true
pss_wip.atx_notLD	pss_wip	pss_wip.atx_notLD	0	1721356	isabelle/layerB/pss_wip.thy	86198	false	7032580	0	true
pss_wip.atx_c2L1	pss_wip	pss_wip.atx_c2L1	0	1721452	isabelle/layerB/pss_wip.thy	86248	false	7032698	0	true
pss_wip.atx_nf3x	pss_wip	pss_wip.atx_nf3x	0	1721768	isabelle/layerB/pss_wip.thy	86273	false	7032824	0	true
pss_wip.atx_Trans_oper_exchange_condV_nonadm_uncond(1)	pss_wip	pss_wip.atx_Trans_oper_exchange_condV_nonadm_uncond	1	1721890	isabelle/layerB/pss_wip.thy	86315	false	7033290	0	true
pss_wip.atx_Trans_oper_exchange_condV_nonadm_uncond(2)	pss_wip	pss_wip.atx_Trans_oper_exchange_condV_nonadm_uncond	2	1721894	isabelle/layerB/pss_wip.thy	86315	false	7033290	0	true
pss_wip.atx_fseq_descend_dispatcher_Vclosed	pss_wip	pss_wip.atx_fseq_descend_dispatcher_Vclosed	0	1722664	isabelle/layerB/pss_wip.thy	86332	false	7033486	0	true
pss_wip.c2sx_pj_def	pss_wip	pss_wip.c2sx_pj_def	0	1722864	isabelle/layerB/pss_wip.thy	86431	false	7034348	0	false
pss_wip.c2sx_ldj_def	pss_wip	pss_wip.c2sx_ldj_def	0	1722918	isabelle/layerB/pss_wip.thy	86434	false	7034536	0	false
pss_wip.c2sx_t3_def	pss_wip	pss_wip.c2sx_t3_def	0	1722974	isabelle/layerB/pss_wip.thy	86437	false	7034634	0	false
pss_wip.c2sx_t4_def	pss_wip	pss_wip.c2sx_t4_def	0	1723034	isabelle/layerB/pss_wip.thy	86442	false	7034730	0	false
pss_wip.c2sx_tailval_def	pss_wip	pss_wip.c2sx_tailval_def	0	1723156	isabelle/layerB/pss_wip.thy	86448	false	7034832	0	false
pss_wip.c2sx_addBT_0right	pss_wip	pss_wip.c2sx_addBT_0right	0	1723204	isabelle/layerB/pss_wip.thy	86455	false	7034962	0	true
pss_wip.c2sx_multBT_one	pss_wip	pss_wip.c2sx_multBT_one	0	1723242	isabelle/layerB/pss_wip.thy	86458	false	7035018	0	true
pss_wip.c2sx_multBT_add	pss_wip	pss_wip.c2sx_multBT_add	0	1723286	isabelle/layerB/pss_wip.thy	86461	false	7035064	0	true
pss_wip.c2sx_host_basic(1)	pss_wip	pss_wip.c2sx_host_basic	1	1723506	isabelle/layerB/pss_wip.thy	86474	false	7035152	0	true
pss_wip.c2sx_host_basic(2)	pss_wip	pss_wip.c2sx_host_basic	2	1723510	isabelle/layerB/pss_wip.thy	86474	false	7035152	0	true
pss_wip.c2sx_host_basic(3)	pss_wip	pss_wip.c2sx_host_basic	3	1723512	isabelle/layerB/pss_wip.thy	86474	false	7035152	0	true
pss_wip.c2sx_host_basic(4)	pss_wip	pss_wip.c2sx_host_basic	4	1723516	isabelle/layerB/pss_wip.thy	86474	false	7035152	0	true
pss_wip.c2sx_host_basic(5)	pss_wip	pss_wip.c2sx_host_basic	5	1723518	isabelle/layerB/pss_wip.thy	86474	false	7035152	0	true
pss_wip.c2sx_host_basic(6)	pss_wip	pss_wip.c2sx_host_basic	6	1723520	isabelle/layerB/pss_wip.thy	86474	false	7035152	0	true
pss_wip.c2sx_host_basic(7)	pss_wip	pss_wip.c2sx_host_basic	7	1723522	isabelle/layerB/pss_wip.thy	86474	false	7035152	0	true
pss_wip.c2sx_host_basic(8)	pss_wip	pss_wip.c2sx_host_basic	8	1723524	isabelle/layerB/pss_wip.thy	86474	false	7035152	0	true
pss_wip.c2sx_host_basic(9)	pss_wip	pss_wip.c2sx_host_basic	9	1723526	isabelle/layerB/pss_wip.thy	86474	false	7035152	0	true
pss_wip.c2sx_host_basic(10)	pss_wip	pss_wip.c2sx_host_basic	10	1723530	isabelle/layerB/pss_wip.thy	86474	false	7035152	0	true
pss_wip.c2sx_host_basic(11)	pss_wip	pss_wip.c2sx_host_basic	11	1723534	isabelle/layerB/pss_wip.thy	86474	false	7035152	0	true
pss_wip.c2sx_host_basic(12)	pss_wip	pss_wip.c2sx_host_basic	12	1723536	isabelle/layerB/pss_wip.thy	86474	false	7035152	0	true
pss_wip.c2sx_c1_shape(1)	pss_wip	pss_wip.c2sx_c1_shape	1	1723662	isabelle/layerB/pss_wip.thy	86546	false	7035748	0	true
pss_wip.c2sx_c1_shape(2)	pss_wip	pss_wip.c2sx_c1_shape	2	1723664	isabelle/layerB/pss_wip.thy	86546	false	7035748	0	true
pss_wip.c2sx_c1_shape(3)	pss_wip	pss_wip.c2sx_c1_shape	3	1723666	isabelle/layerB/pss_wip.thy	86546	false	7035748	0	true
pss_wip.c2sx_c1_shape(4)	pss_wip	pss_wip.c2sx_c1_shape	4	1723668	isabelle/layerB/pss_wip.thy	86546	false	7035748	0	true
pss_wip.c2sx_c2_val	pss_wip	pss_wip.c2sx_c2_val	0	1723742	isabelle/layerB/pss_wip.thy	86603	false	7035898	0	true
pss_wip.c2sx_t2_split(1)	pss_wip	pss_wip.c2sx_t2_split	1	1723816	isabelle/layerB/pss_wip.thy	86626	false	7036090	0	true
pss_wip.c2sx_t2_split(2)	pss_wip	pss_wip.c2sx_t2_split	2	1723818	isabelle/layerB/pss_wip.thy	86626	false	7036090	0	true
pss_wip.c2sx_t2_split(3)	pss_wip	pss_wip.c2sx_t2_split	3	1723820	isabelle/layerB/pss_wip.thy	86626	false	7036090	0	true
pss_wip.c2sx_N_facts(1)	pss_wip	pss_wip.c2sx_N_facts	1	1724254	isabelle/layerB/pss_wip.thy	86706	false	7036324	0	true
pss_wip.c2sx_N_facts(2)	pss_wip	pss_wip.c2sx_N_facts	2	1724258	isabelle/layerB/pss_wip.thy	86706	false	7036324	0	true
pss_wip.c2sx_N_facts(3)	pss_wip	pss_wip.c2sx_N_facts	3	1724262	isabelle/layerB/pss_wip.thy	86706	false	7036324	0	true
pss_wip.c2sx_N_facts(4)	pss_wip	pss_wip.c2sx_N_facts	4	1724268	isabelle/layerB/pss_wip.thy	86706	false	7036324	0	true
pss_wip.c2sx_N_facts(5)	pss_wip	pss_wip.c2sx_N_facts	5	1724270	isabelle/layerB/pss_wip.thy	86706	false	7036324	0	true
pss_wip.c2sx_N_facts(6)	pss_wip	pss_wip.c2sx_N_facts	6	1724272	isabelle/layerB/pss_wip.thy	86706	false	7036324	0	true
pss_wip.c2sx_N_facts(7)	pss_wip	pss_wip.c2sx_N_facts	7	1724276	isabelle/layerB/pss_wip.thy	86706	false	7036324	0	true
pss_wip.c2sx_N_facts(8)	pss_wip	pss_wip.c2sx_N_facts	8	1724280	isabelle/layerB/pss_wip.thy	86706	false	7036324	0	true
pss_wip.c2sx_N_facts(9)	pss_wip	pss_wip.c2sx_N_facts	9	1724282	isabelle/layerB/pss_wip.thy	86706	false	7036324	0	true
pss_wip.c2sx_N_facts(10)	pss_wip	pss_wip.c2sx_N_facts	10	1724286	isabelle/layerB/pss_wip.thy	86706	false	7036324	0	true
pss_wip.c2sx_N_facts(11)	pss_wip	pss_wip.c2sx_N_facts	11	1724290	isabelle/layerB/pss_wip.thy	86706	false	7036324	0	true
pss_wip.c2sx_N_facts(12)	pss_wip	pss_wip.c2sx_N_facts	12	1724292	isabelle/layerB/pss_wip.thy	86706	false	7036324	0	true
pss_wip.c2sx_N_facts(13)	pss_wip	pss_wip.c2sx_N_facts	13	1724296	isabelle/layerB/pss_wip.thy	86706	false	7036324	0	true
pss_wip.c2sx_N_facts(14)	pss_wip	pss_wip.c2sx_N_facts	14	1724300	isabelle/layerB/pss_wip.thy	86706	false	7036324	0	true
pss_wip.c2sx_N_facts(15)	pss_wip	pss_wip.c2sx_N_facts	15	1724306	isabelle/layerB/pss_wip.thy	86706	false	7036324	0	true
pss_wip.c2sx_N_facts(16)	pss_wip	pss_wip.c2sx_N_facts	16	1724310	isabelle/layerB/pss_wip.thy	86706	false	7036324	0	true
pss_wip.c2sx_N_facts(17)	pss_wip	pss_wip.c2sx_N_facts	17	1724314	isabelle/layerB/pss_wip.thy	86706	false	7036324	0	true
pss_wip.c2sx_mark_idx	pss_wip	pss_wip.c2sx_mark_idx	0	1724470	isabelle/layerB/pss_wip.thy	86987	false	7037084	0	true
pss_wip.c2sx_marked_jm1	pss_wip	pss_wip.c2sx_marked_jm1	0	1724492	isabelle/layerB/pss_wip.thy	87021	false	7037354	0	true
pss_wip.c2sx_mark_pin	pss_wip	pss_wip.c2sx_mark_pin	0	1724576	isabelle/layerB/pss_wip.thy	87033	false	7037522	0	true
pss_wip.c2sx_step	pss_wip	pss_wip.c2sx_step	0	1725114	isabelle/layerB/pss_wip.thy	87202	false	7037966	0	true
pss_wip.c2sx_condII_masterCF	pss_wip	pss_wip.c2sx_condII_masterCF	0	1725316	isabelle/layerB/pss_wip.thy	87430	false	7038566	0	true
pss_wip.c2sx_exchange_ex_condII_of_tailval	pss_wip	pss_wip.c2sx_exchange_ex_condII_of_tailval	0	1725472	isabelle/layerB/pss_wip.thy	87577	false	7039064	0	true
pss_wip.c2sx_exchange2_condII_of_tailval	pss_wip	pss_wip.c2sx_exchange2_condII_of_tailval	0	1725502	isabelle/layerB/pss_wip.thy	87603	false	7039206	0	true
pss_wip.c2sx_slice_jm1_c1	pss_wip	pss_wip.c2sx_slice_jm1_c1	0	1725590	isabelle/layerB/pss_wip.thy	87633	false	7039392	0	true
pss_wip.c2sx_reach(1)	pss_wip	pss_wip.c2sx_reach	1	1725728	isabelle/layerB/pss_wip.thy	87666	false	7039494	0	true
pss_wip.c2sx_reach(2)	pss_wip	pss_wip.c2sx_reach	2	1725730	isabelle/layerB/pss_wip.thy	87666	false	7039494	0	true
pss_wip.c2sx_reach(3)	pss_wip	pss_wip.c2sx_reach	3	1725734	isabelle/layerB/pss_wip.thy	87666	false	7039494	0	true
pss_wip.c2sx_reach(4)	pss_wip	pss_wip.c2sx_reach	4	1725740	isabelle/layerB/pss_wip.thy	87666	false	7039494	0	true
pss_wip.c2sx_tailval_trunk	pss_wip	pss_wip.c2sx_tailval_trunk	0	1725836	isabelle/layerB/pss_wip.thy	87720	false	7039714	0	true
pss_wip.c2sx_tailval_of_reg	pss_wip	pss_wip.c2sx_tailval_of_reg	0	1725930	isabelle/layerB/pss_wip.thy	87838	false	7039956	0	true
pss_wip.c2sx_exchII_leg_of_tailval	pss_wip	pss_wip.c2sx_exchII_leg_of_tailval	0	1726116	isabelle/layerB/pss_wip.thy	87917	false	7040234	0	true
pss_wip.crx_dbbodyH	pss_wip	pss_wip.crx_dbbodyH	0	1726230	isabelle/layerB/pss_wip.thy	87961	false	7040562	0	true
pss_wip.crx_c2_shape_condIII	pss_wip	pss_wip.crx_c2_shape_condIII	0	1726248	isabelle/layerB/pss_wip.thy	88353	false	7040712	0	false
pss_wip.crx_A0lt_of_nest	pss_wip	pss_wip.crx_A0lt_of_nest	0	1726338	isabelle/layerB/pss_wip.thy	88367	false	7040870	0	true
pss_wip.crx_base1_of_nest	pss_wip	pss_wip.crx_base1_of_nest	0	1726554	isabelle/layerB/pss_wip.thy	88419	false	7041082	0	true
pss_wip.crx_run_of_guard	pss_wip	pss_wip.crx_run_of_guard	0	1726598	isabelle/layerB/pss_wip.thy	88536	false	7041336	0	false
pss_wip.crx_base0_of_run	pss_wip	pss_wip.crx_base0_of_run	0	1726682	isabelle/layerB/pss_wip.thy	88555	false	7041480	0	true
pss_wip.crx_slice_red_value	pss_wip	pss_wip.crx_slice_red_value	0	1726746	isabelle/layerB/pss_wip.thy	88803	false	7041730	0	true
pss_wip.crx_slice_red_head	pss_wip	pss_wip.crx_slice_red_head	0	1726804	isabelle/layerB/pss_wip.thy	88896	false	7041912	0	true
pss_wip.crx_d4b_of_redreg	pss_wip	pss_wip.crx_d4b_of_redreg	0	1726858	isabelle/layerB/pss_wip.thy	88934	false	7042084	0	true
pss_wip.crx_d4a_of_redreg	pss_wip	pss_wip.crx_d4a_of_redreg	0	1726930	isabelle/layerB/pss_wip.thy	88991	false	7042352	0	true
pss_wip.crx_d4b_dispatch	pss_wip	pss_wip.crx_d4b_dispatch	0	1727038	isabelle/layerB/pss_wip.thy	89109	false	7042538	0	true
pss_wip.crx_d4a_dispatch	pss_wip	pss_wip.crx_d4a_dispatch	0	1727136	isabelle/layerB/pss_wip.thy	89133	false	7042694	0	true
pss_wip.crx_various_scb_IIIIV	pss_wip	pss_wip.crx_various_scb_IIIIV	0	1727614	isabelle/layerB/pss_wip.thy	89161	false	7042962	0	true
pss_wip.crx_condIII_mnform	pss_wip	pss_wip.crx_condIII_mnform	0	1727930	isabelle/layerB/pss_wip.thy	89254	false	7043960	0	true
pss_wip.crx_condIII_exchange13	pss_wip	pss_wip.crx_condIII_exchange13	0	1728134	isabelle/layerB/pss_wip.thy	89557	false	7044410	0	true
pss_wip.crx_condIII_descent	pss_wip	pss_wip.crx_condIII_descent	0	1728298	isabelle/layerB/pss_wip.thy	89720	false	7044756	0	true
pss_wip.crx_condIII_exchange_full	pss_wip	pss_wip.crx_condIII_exchange_full	0	1728426	isabelle/layerB/pss_wip.thy	89824	false	7045018	0	true
pss_wip.crx_trmax_run	pss_wip	pss_wip.crx_trmax_run	0	1728448	isabelle/layerB/pss_wip.thy	89879	false	7045680	0	true
pss_wip.crx_regS_red_of_mcond	pss_wip	pss_wip.crx_regS_red_of_mcond	0	1728626	isabelle/layerB/pss_wip.thy	89979	false	7045846	0	true
pss_wip.cdx_addBT_left_cancel	pss_wip	pss_wip.cdx_addBT_left_cancel	0	1728666	isabelle/layerB/pss_wip.thy	90127	false	7046432	0	true
pss_wip.cdx_Dpt_inj	pss_wip	pss_wip.cdx_Dpt_inj	0	1728682	isabelle/layerB/pss_wip.thy	90137	false	7046580	0	true
pss_wip.cdx_condIIIV_scaffold	pss_wip	pss_wip.cdx_condIIIV_scaffold	0	1728766	isabelle/layerB/pss_wip.thy	90145	false	7046810	0	true
pss_wip.cdx_d_le_joints	pss_wip	pss_wip.cdx_d_le_joints	0	1728968	isabelle/layerB/pss_wip.thy	90230	false	7047730	0	true
pss_wip.cdx_tailval_notldj	pss_wip	pss_wip.cdx_tailval_notldj	0	1729414	isabelle/layerB/pss_wip.thy	90415	false	7048138	0	true
pss_wip.crg_regS_of_jointGeTrMax	pss_wip	pss_wip.crg_regS_of_jointGeTrMax	0	1729526	isabelle/layerB/pss_wip.thy	90510	false	7048702	0	true
pss_wip.c4hx_leBT_lower_shift	pss_wip	pss_wip.c4hx_leBT_lower_shift	0	1729620	isabelle/layerB/pss_wip.thy	90593	false	7048992	0	true
pss_wip.HB_condIV_t2_components	pss_wip	pss_wip.HB_condIV_t2_components	0	1729734	isabelle/layerB/pss_wip.thy	90609	false	7049188	0	true
pss_wip.c4hx_condIV_exchange_full_of_regimes	pss_wip	pss_wip.c4hx_condIV_exchange_full_of_regimes	0	1730086	isabelle/layerB/pss_wip.thy	90884	false	7049326	0	true
pss_wip.vgx_Br_last_head	pss_wip	pss_wip.vgx_Br_last_head	0	1730194	isabelle/layerB/pss_wip.thy	90964	false	7049714	0	true
pss_wip.vgx_LastStep_eqcase	pss_wip	pss_wip.vgx_LastStep_eqcase	0	1730268	isabelle/layerB/pss_wip.thy	90984	false	7049828	0	false
pss_wip.vgx_LastStep_elsecase	pss_wip	pss_wip.vgx_LastStep_elsecase	0	1730454	isabelle/layerB/pss_wip.thy	90993	false	7049932	0	false
pss_wip.vgx_LastStep_lt_Lng_Br	pss_wip	pss_wip.vgx_LastStep_lt_Lng_Br	0	1730626	isabelle/layerB/pss_wip.thy	91009	false	7050228	0	false
pss_wip.vgx_LastStep_lt_of_guard	pss_wip	pss_wip.vgx_LastStep_lt_of_guard	0	1730730	isabelle/layerB/pss_wip.thy	91032	false	7050374	0	true
pss_wip.vgx_geom_J1	pss_wip	pss_wip.vgx_geom_J1	0	1730790	isabelle/layerB/pss_wip.thy	91057	false	7050578	0	true
pss_wip.vgx_m1_bounds	pss_wip	pss_wip.vgx_m1_bounds	0	1730860	isabelle/layerB/pss_wip.thy	91077	false	7050714	0	true
pss_wip.vgx_slice_Mp_mono	pss_wip	pss_wip.vgx_slice_Mp_mono	0	1730934	isabelle/layerB/pss_wip.thy	91098	false	7050958	0	true
pss_wip.vgx_slice_Np_mono	pss_wip	pss_wip.vgx_slice_Np_mono	0	1730996	isabelle/layerB/pss_wip.thy	91120	false	7051056	0	true
pss_wip.vgx_slice_N_mono	pss_wip	pss_wip.vgx_slice_N_mono	0	1731070	isabelle/layerB/pss_wip.thy	91136	false	7051158	0	true
pss_wip.vgx_slice_princ	pss_wip	pss_wip.vgx_slice_princ	0	1731150	isabelle/layerB/pss_wip.thy	91167	false	7051336	0	true
pss_wip.vgx_condIIIV_of_VE	pss_wip	pss_wip.vgx_condIIIV_of_VE	0	1731378	isabelle/layerB/pss_wip.thy	91228	false	7051484	0	true
pss_wip.vgx_VE2_of_reg	pss_wip	pss_wip.vgx_VE2_of_reg	0	1731446	isabelle/layerB/pss_wip.thy	91332	false	7052010	0	true
pss_wip.crg_Br_empty_monoT	pss_wip	pss_wip.crg_Br_empty_monoT	0	1731496	isabelle/layerB/pss_wip.thy	91380	false	7052172	0	true
pss_wip.crg_slice_value_of_trunk	pss_wip	pss_wip.crg_slice_value_of_trunk	0	1731570	isabelle/layerB/pss_wip.thy	91399	false	7052266	0	true
pss_wip.crg_slice_red_value_trunk	pss_wip	pss_wip.crg_slice_red_value_trunk	0	1731678	isabelle/layerB/pss_wip.thy	91461	false	7052416	0	true
pss_wip.crg_d4a_trunk	pss_wip	pss_wip.crg_d4a_trunk	0	1731866	isabelle/layerB/pss_wip.thy	91554	false	7052654	0	true
pss_wip.crg_d4a_all	pss_wip	pss_wip.crg_d4a_all	0	1731966	isabelle/layerB/pss_wip.thy	91688	false	7052876	0	true
pss_wip.crg_various_scb_IIIIV	pss_wip	pss_wip.crg_various_scb_IIIIV	0	1732596	isabelle/layerB/pss_wip.thy	91725	false	7053268	0	true
pss_wip.crg_condIII_mnform	pss_wip	pss_wip.crg_condIII_mnform	0	1733182	isabelle/layerB/pss_wip.thy	91791	false	7054250	0	true
pss_wip.crg_condIII_exchange13	pss_wip	pss_wip.crg_condIII_exchange13	0	1733622	isabelle/layerB/pss_wip.thy	92094	false	7055480	0	true
pss_wip.crg_condIII_descent	pss_wip	pss_wip.crg_condIII_descent	0	1733926	isabelle/layerB/pss_wip.thy	92248	false	7056270	0	true
pss_wip.crg_condIII_exchange_full	pss_wip	pss_wip.crg_condIII_exchange_full	0	1734262	isabelle/layerB/pss_wip.thy	92351	false	7056530	0	true
pss_wip.orx_OTint	pss_wip	pss_wip.orx_OTint	0	1734934	isabelle/layerB/pss_wip.thy	92426	false	7056950	0	true
pss_wip.orx_OTpred	pss_wip	pss_wip.orx_OTpred	0	1735332	isabelle/layerB/pss_wip.thy	92450	false	7057400	0	true
pss_wip.orx_OTmulti	pss_wip	pss_wip.orx_OTmulti	0	1735570	isabelle/layerB/pss_wip.thy	92475	false	7057944	0	true
pss_wip.orx_Trans_preserves_OT	pss_wip	pss_wip.orx_Trans_preserves_OT	0	1736228	isabelle/layerB/pss_wip.thy	92506	false	7058544	0	true
pss_wip.vg2x_prefix_geom	pss_wip	pss_wip.vg2x_prefix_geom	0	1736502	isabelle/layerB/pss_wip.thy	92559	false	7059170	0	true
pss_wip.vg2x_prefix_TrMax	pss_wip	pss_wip.vg2x_prefix_TrMax	0	1736622	isabelle/layerB/pss_wip.thy	92663	false	7059300	0	true
pss_wip.vg2x_prefix_Br	pss_wip	pss_wip.vg2x_prefix_Br	0	1736694	isabelle/layerB/pss_wip.thy	92668	false	7059368	0	true
pss_wip.vg2x_prefix_LngBr	pss_wip	pss_wip.vg2x_prefix_LngBr	0	1736802	isabelle/layerB/pss_wip.thy	92673	false	7059466	0	true
pss_wip.vg2x_prefix_bgt	pss_wip	pss_wip.vg2x_prefix_bgt	0	1736860	isabelle/layerB/pss_wip.thy	92678	false	7059568	0	true
pss_wip.vg2x_prefix_blt	pss_wip	pss_wip.vg2x_prefix_blt	0	1736882	isabelle/layerB/pss_wip.thy	92683	false	7059670	0	true
pss_wip.vg2x_N_DT	pss_wip	pss_wip.vg2x_N_DT	0	1736916	isabelle/layerB/pss_wip.thy	92691	false	7059772	0	true
pss_wip.vg2x_prefix_fn	pss_wip	pss_wip.vg2x_prefix_fn	0	1736962	isabelle/layerB/pss_wip.thy	92711	false	7059866	0	true
pss_wip.vg2x_prefix_entry	pss_wip	pss_wip.vg2x_prefix_entry	0	1737058	isabelle/layerB/pss_wip.thy	92744	false	7059972	0	true
pss_wip.vg2x_prefix_joints	pss_wip	pss_wip.vg2x_prefix_joints	0	1737200	isabelle/layerB/pss_wip.thy	92780	false	7060094	0	true
pss_wip.vg2x_trunk_prefix	pss_wip	pss_wip.vg2x_trunk_prefix	0	1737300	isabelle/layerB/pss_wip.thy	92832	false	7060226	0	true
pss_wip.vg2x_eqdiag_M	pss_wip	pss_wip.vg2x_eqdiag_M	0	1737620	isabelle/layerB/pss_wip.thy	92870	false	7060334	0	true
pss_wip.vg2x_cfbx_reg	pss_wip	pss_wip.vg2x_cfbx_reg	0	1737934	isabelle/layerB/pss_wip.thy	92971	false	7060724	0	true
pss_wip.vg2x_VE2_reg	pss_wip	pss_wip.vg2x_VE2_reg	0	1738034	isabelle/layerB/pss_wip.thy	93037	false	7060950	0	true
pss_wip.vg2x_VE2_trunk	pss_wip	pss_wip.vg2x_VE2_trunk	0	1738086	isabelle/layerB/pss_wip.thy	93069	false	7061180	0	true
pss_wip.vg2x_VE2	pss_wip	pss_wip.vg2x_VE2	0	1738158	isabelle/layerB/pss_wip.thy	93126	false	7061306	0	true
pss_wip.vg2x_reg2_def	pss_wip	pss_wip.vg2x_reg2_def	0	1738212	isabelle/layerB/pss_wip.thy	93178	false	7061646	0	false
pss_wip.vg2x_VE34_backpeel	pss_wip	pss_wip.vg2x_VE34_backpeel	0	1738532	isabelle/layerB/pss_wip.thy	93197	false	7061958	0	true
pss_wip.vg2x_VE34_of_reg	pss_wip	pss_wip.vg2x_VE34_of_reg	0	1738836	isabelle/layerB/pss_wip.thy	93247	false	7062196	0	true
pss_wip.c3cx_nextrel0_adj_of_le0	pss_wip	pss_wip.c3cx_nextrel0_adj_of_le0	0	1738920	isabelle/layerB/pss_wip.thy	93320	false	7062504	0	false
pss_wip.c3cx_M0RUN_of_a	pss_wip	pss_wip.c3cx_M0RUN_of_a	0	1739016	isabelle/layerB/pss_wip.thy	93354	false	7062610	0	false
pss_wip.c4wx_d3_all	pss_wip	pss_wip.c4wx_d3_all	0	1739204	isabelle/layerB/pss_wip.thy	93453	false	7062820	0	true
pss_wip.c4wx_condIV_exchange_full_of_regimes	pss_wip	pss_wip.c4wx_condIV_exchange_full_of_regimes	0	1739580	isabelle/layerB/pss_wip.thy	93570	false	7063086	0	true
pss_wip.mcx_d_le_last_joint	pss_wip	pss_wip.mcx_d_le_last_joint	0	1739736	isabelle/layerB/pss_wip.thy	93647	false	7063606	0	true
pss_wip.mcx_MCOND_RN	pss_wip	pss_wip.mcx_MCOND_RN	0	1740262	isabelle/layerB/pss_wip.thy	93796	false	7063850	0	true
pss_wip.mcx_regS	pss_wip	pss_wip.mcx_regS	0	1740366	isabelle/layerB/pss_wip.thy	94021	false	7064084	0	true
pss_wip.mcx_regSP_of_diag	pss_wip	pss_wip.mcx_regSP_of_diag	0	1740778	isabelle/layerB/pss_wip.thy	94051	false	7064246	0	true
pss_wip.vg3x_le0_lt1	pss_wip	pss_wip.vg3x_le0_lt1	0	1740818	isabelle/layerB/pss_wip.thy	94242	false	7064502	0	false
pss_wip.vg3x_le0_lt2	pss_wip	pss_wip.vg3x_le0_lt2	0	1740848	isabelle/layerB/pss_wip.thy	94243	false	7064560	0	false
pss_wip.vg3x_le0_rtc	pss_wip	pss_wip.vg3x_le0_rtc	0	1740882	isabelle/layerB/pss_wip.thy	94244	false	7064632	0	false
pss_wip.vg3x_nextrel0_imp_le0	pss_wip	pss_wip.vg3x_nextrel0_imp_le0	0	1740910	isabelle/layerB/pss_wip.thy	94245	false	7064696	0	false
pss_wip.vg3x_row1_parent_of_le0ances	pss_wip	pss_wip.vg3x_row1_parent_of_le0ances	0	1740986	isabelle/layerB/pss_wip.thy	94255	false	7064786	0	true
pss_wip.vg3x_row1_le_row0	pss_wip	pss_wip.vg3x_row1_le_row0	0	1741066	isabelle/layerB/pss_wip.thy	94312	false	7064904	0	true
pss_wip.vg3x_ROW10	pss_wip	pss_wip.vg3x_ROW10	0	1741162	isabelle/layerB/pss_wip.thy	94397	false	7065004	0	true
pss_wip.vg3x_VE2	pss_wip	pss_wip.vg3x_VE2	0	1741526	isabelle/layerB/pss_wip.thy	94418	false	7065316	0	true
pss_wip.vg3x_reg3_def	pss_wip	pss_wip.vg3x_reg3_def	0	1741658	isabelle/layerB/pss_wip.thy	94469	false	7066156	0	false
pss_wip.vg3x_VE34_backpeel	pss_wip	pss_wip.vg3x_VE34_backpeel	0	1741892	isabelle/layerB/pss_wip.thy	94480	false	7066508	0	true
pss_wip.vg3x_VE34_of_DT	pss_wip	pss_wip.vg3x_VE34_of_DT	0	1742200	isabelle/layerB/pss_wip.thy	94529	false	7067212	0	true
pss_wip.otlx_OTint_of_operB_eq	pss_wip	pss_wip.otlx_OTint_of_operB_eq	0	1742328	isabelle/layerB/pss_wip.thy	94633	false	7067466	0	true
pss_wip.otlx_OTint_of_op0tower	pss_wip	pss_wip.otlx_OTint_of_op0tower	0	1742486	isabelle/layerB/pss_wip.thy	94646	false	7067580	0	true
pss_wip.otlx_OTint_condVI	pss_wip	pss_wip.otlx_OTint_condVI	0	1742624	isabelle/layerB/pss_wip.thy	94663	false	7067744	0	true
pss_wip.otlx_OTint_condI	pss_wip	pss_wip.otlx_OTint_condI	0	1742740	isabelle/layerB/pss_wip.thy	94690	false	7067888	0	true
pss_wip.otlx_OTint_condV_adm	pss_wip	pss_wip.otlx_OTint_condV_adm	0	1742920	isabelle/layerB/pss_wip.thy	94707	false	7068036	0	true
pss_wip.otlx_OTint_local	pss_wip	pss_wip.otlx_OTint_local	0	1743582	isabelle/layerB/pss_wip.thy	94725	false	7068328	0	true
pss_wip.otlx_Trans_preserves_OT_localOTint	pss_wip	pss_wip.otlx_Trans_preserves_OT_localOTint	0	1745366	isabelle/layerB/pss_wip.thy	94788	false	7068710	0	true
pss_wip.dgx_regSP_diag_of_lt	pss_wip	pss_wip.dgx_regSP_diag_of_lt	0	1745960	isabelle/layerB/pss_wip.thy	94864	false	7069828	0	true
pss_wip.dgx_regSP_of_lt	pss_wip	pss_wip.dgx_regSP_of_lt	0	1746188	isabelle/layerB/pss_wip.thy	95014	false	7070098	0	true
pss_wip.dgx_M0RUN_ineq_of_le0anc	pss_wip	pss_wip.dgx_M0RUN_ineq_of_le0anc	0	1746274	isabelle/layerB/pss_wip.thy	95054	false	7070240	0	false
pss_wip.dgx_M0RUN_of_le0anc	pss_wip	pss_wip.dgx_M0RUN_of_le0anc	0	1746350	isabelle/layerB/pss_wip.thy	95072	false	7070340	0	false
pss_wip.vg4x_reg4_def	pss_wip	pss_wip.vg4x_reg4_def	0	1746474	isabelle/layerB/pss_wip.thy	95122	false	7070452	0	false
pss_wip.vg4x_VE34_backpeel	pss_wip	pss_wip.vg4x_VE34_backpeel	0	1746700	isabelle/layerB/pss_wip.thy	95133	false	7070580	0	true
pss_wip.vg4x_RPERS	pss_wip	pss_wip.vg4x_RPERS	0	1746822	isabelle/layerB/pss_wip.thy	95186	false	7070746	0	true
pss_wip.vg4x_VE34_of_DT	pss_wip	pss_wip.vg4x_VE34_of_DT	0	1747050	isabelle/layerB/pss_wip.thy	95296	false	7070838	0	true
pss_wip.vg4x_base_transJ0	pss_wip	pss_wip.vg4x_base_transJ0	0	1747170	isabelle/layerB/pss_wip.thy	95326	false	7071084	0	false
pss_wip.vg4x_base_nadm	pss_wip	pss_wip.vg4x_base_nadm	0	1747224	isabelle/layerB/pss_wip.thy	95342	false	7071204	0	false
pss_wip.vg4x_base_Adm0	pss_wip	pss_wip.vg4x_base_Adm0	0	1747280	isabelle/layerB/pss_wip.thy	95362	false	7071294	0	true
pss_wip.vg4x_base_j1gt	pss_wip	pss_wip.vg4x_base_j1gt	0	1747344	isabelle/layerB/pss_wip.thy	95382	false	7071384	0	true
pss_wip.vg4x_base_notCondA	pss_wip	pss_wip.vg4x_base_notCondA	0	1747456	isabelle/layerB/pss_wip.thy	95408	false	7071502	0	true
pss_wip.c4rx_condIV_regS_of_noguard	pss_wip	pss_wip.c4rx_condIV_regS_of_noguard	0	1747534	isabelle/layerB/pss_wip.thy	95502	false	7071612	0	false
pss_wip.c4rx_condIV_exchange_full	pss_wip	pss_wip.c4rx_condIV_exchange_full	0	1747908	isabelle/layerB/pss_wip.thy	95512	false	7071670	0	true
pss_wip.cfvx_OTint_condV_adm_split	pss_wip	pss_wip.cfvx_OTint_condV_adm_split	0	1748184	isabelle/layerB/pss_wip.thy	95585	false	7071966	0	true
pss_wip.cfvx_OTint_local_condVadm_corrected	pss_wip	pss_wip.cfvx_OTint_local_condVadm_corrected	0	1749058	isabelle/layerB/pss_wip.thy	95612	false	7072150	0	true
pss_wip.lbx_nextrel0_jm2_succ	pss_wip	pss_wip.lbx_nextrel0_jm2_succ	0	1749116	isabelle/layerB/pss_wip.thy	95716	false	7072710	0	false
pss_wip.lbx_row0_diag_step	pss_wip	pss_wip.lbx_row0_diag_step	0	1749168	isabelle/layerB/pss_wip.thy	95730	false	7072788	0	true
pss_wip.lbx_le0_jm2_j0	pss_wip	pss_wip.lbx_le0_jm2_j0	0	1749208	isabelle/layerB/pss_wip.thy	95750	false	7072880	0	false
pss_wip.lbx_M0RUN_of_anc0	pss_wip	pss_wip.lbx_M0RUN_of_anc0	0	1749266	isabelle/layerB/pss_wip.thy	95780	false	7072982	0	false
pss_wip.lbx_condIII_exchange_full_of_anc0	pss_wip	pss_wip.lbx_condIII_exchange_full_of_anc0	0	1749446	isabelle/layerB/pss_wip.thy	95803	false	7073072	0	true
pss_wip.lbx_crg_condIII_exchange_full_reduced	pss_wip	pss_wip.lbx_crg_condIII_exchange_full_reduced	0	1749672	isabelle/layerB/pss_wip.thy	95844	false	7073398	0	true
pss_wip.vg5x_base_transM_form	pss_wip	pss_wip.vg5x_base_transM_form	0	1749774	isabelle/layerB/pss_wip.thy	95906	false	7073778	0	true
pss_wip.vg5x_base_VE34_of_bridges	pss_wip	pss_wip.vg5x_base_VE34_of_bridges	0	1749836	isabelle/layerB/pss_wip.thy	95982	false	7073958	0	true
pss_wip.vg5x_base_VE34_modBridges	pss_wip	pss_wip.vg5x_base_VE34_modBridges	0	1749866	isabelle/layerB/pss_wip.thy	96028	false	7074158	0	true
pss_wip.otx_otIII_of_keystone	pss_wip	pss_wip.otx_otIII_of_keystone	0	1750212	isabelle/layerB/pss_wip.thy	96150	false	7074392	0	true
pss_wip.otx_otIV_of_keystone	pss_wip	pss_wip.otx_otIV_of_keystone	0	1750338	isabelle/layerB/pss_wip.thy	96173	false	7074712	0	true
pss_wip.otx_otVnadm_of_keystone	pss_wip	pss_wip.otx_otVnadm_of_keystone	0	1750844	isabelle/layerB/pss_wip.thy	96196	false	7075176	0	true
pss_wip.otx_otVadmDeep_of_keystone	pss_wip	pss_wip.otx_otVadmDeep_of_keystone	0	1751326	isabelle/layerB/pss_wip.thy	96220	false	7075648	0	true
pss_wip.lb2x_nextrel0_condA	pss_wip	pss_wip.lb2x_nextrel0_condA	0	1751482	isabelle/layerB/pss_wip.thy	96275	false	7076178	0	true
pss_wip.lb2x_le0_row0_bound	pss_wip	pss_wip.lb2x_le0_row0_bound	0	1751556	isabelle/layerB/pss_wip.thy	96308	false	7076284	0	true
pss_wip.lb2x_le0_gap_consec	pss_wip	pss_wip.lb2x_le0_gap_consec	0	1751570	isabelle/layerB/pss_wip.thy	96331	false	7076410	0	true
pss_wip.lb2x_anc0_of_wgap	pss_wip	pss_wip.lb2x_anc0_of_wgap	0	1751580	isabelle/layerB/pss_wip.thy	96357	false	7076546	0	true
pss_wip.lb2x_crg_condIII_exchange_full_wgap	pss_wip	pss_wip.lb2x_crg_condIII_exchange_full_wgap	0	1751642	isabelle/layerB/pss_wip.thy	96380	false	7076678	0	true
pss_wip.lb2x_regSP_of_lt_eqd	pss_wip	pss_wip.lb2x_regSP_of_lt_eqd	0	1751664	isabelle/layerB/pss_wip.thy	96435	false	7076846	0	true
pss_wip.vg6x_addBT_split_lastD	pss_wip	pss_wip.vg6x_addBT_split_lastD	0	1751682	isabelle/layerB/pss_wip.thy	96501	false	7077040	0	true
pss_wip.vg6x_bridges_of_VE34	pss_wip	pss_wip.vg6x_bridges_of_VE34	0	1751716	isabelle/layerB/pss_wip.thy	96535	false	7077142	0	true
pss_wip.vg6x_base_princMp	pss_wip	pss_wip.vg6x_base_princMp	0	1751754	isabelle/layerB/pss_wip.thy	96593	false	7077400	0	true
pss_wip.vg6x_base_princN	pss_wip	pss_wip.vg6x_base_princN	0	1751762	isabelle/layerB/pss_wip.thy	96622	false	7077488	0	true
pss_wip.vg6x_base_bridges_of_VE34	pss_wip	pss_wip.vg6x_base_bridges_of_VE34	0	1751822	isabelle/layerB/pss_wip.thy	96658	false	7077574	0	true
pss_wip.vg6x_base_bridges_iff_VE34	pss_wip	pss_wip.vg6x_base_bridges_iff_VE34	0	1751848	isabelle/layerB/pss_wip.thy	96696	false	7077754	0	true
pss_wip.vs2x_addBT_assoc	pss_wip	pss_wip.vs2x_addBT_assoc	0	1751856	isabelle/layerB/pss_wip.thy	96759	false	7077940	0	true
pss_wip.vs2x_addBT_ne0_left	pss_wip	pss_wip.vs2x_addBT_ne0_left	0	1751866	isabelle/layerB/pss_wip.thy	96762	false	7077988	0	true
pss_wip.vs2x_VE34_step	pss_wip	pss_wip.vs2x_VE34_step	0	1751900	isabelle/layerB/pss_wip.thy	96800	false	7078066	0	false
pss_wip.vs2x_VE34_step_of_residuals	pss_wip	pss_wip.vs2x_VE34_step_of_residuals	0	1751938	isabelle/layerB/pss_wip.thy	96837	false	7078166	0	false
pss_wip.wgx37_m0run_ineq_of_e1ge	pss_wip	pss_wip.wgx37_m0run_ineq_of_e1ge	0	1751944	isabelle/layerB/pss_wip.thy	96914	false	7078280	0	false
pss_wip.wgx37_m0run_of_e1ge	pss_wip	pss_wip.wgx37_m0run_of_e1ge	0	1751950	isabelle/layerB/pss_wip.thy	96930	false	7078342	0	false
pss_wip.wgx37_e1ge_of_anc	pss_wip	pss_wip.wgx37_e1ge_of_anc	0	1751956	isabelle/layerB/pss_wip.thy	96942	false	7078404	0	false
pss_wip.wgx37_condIII_exchange_full_of_ineq	pss_wip	pss_wip.wgx37_condIII_exchange_full_of_ineq	0	1751984	isabelle/layerB/pss_wip.thy	96959	false	7078466	0	true
pss_wip.wgx37_condIII_exchange_full_of_e1ge	pss_wip	pss_wip.wgx37_condIII_exchange_full_of_e1ge	0	1752084	isabelle/layerB/pss_wip.thy	96990	false	7078590	0	true
pss_wip.slx37_strictlt_eqd	pss_wip	pss_wip.slx37_strictlt_eqd	0	1752096	isabelle/layerB/pss_wip.thy	97052	false	7078800	0	true
pss_wip.slx37_regSP_uncond	pss_wip	pss_wip.slx37_regSP_uncond	0	1752102	isabelle/layerB/pss_wip.thy	97329	false	7078954	0	true
pss_wip.vg7x_reg4_def	pss_wip	pss_wip.vg7x_reg4_def	0	1752108	isabelle/layerB/pss_wip.thy	97382	false	7079040	0	false
pss_wip.vg7x_reg4_DT	pss_wip	pss_wip.vg7x_reg4_DT	0	1752116	isabelle/layerB/pss_wip.thy	97389	false	7079112	0	false
pss_wip.vg7x_VE34_backpeel	pss_wip	pss_wip.vg7x_VE34_backpeel	0	1752124	isabelle/layerB/pss_wip.thy	97408	false	7079168	0	true
pss_wip.vg7x_RPERS	pss_wip	pss_wip.vg7x_RPERS	0	1752158	isabelle/layerB/pss_wip.thy	97463	false	7079538	0	true
pss_wip.vg7x_VE34_of_DT	pss_wip	pss_wip.vg7x_VE34_of_DT	0	1752420	isabelle/layerB/pss_wip.thy	97503	false	7079632	0	true
pss_wip.vg7x_condIIIV_of_DT	pss_wip	pss_wip.vg7x_condIIIV_of_DT	0	1752962	isabelle/layerB/pss_wip.thy	97539	false	7079844	0	true
pss_wip.e1x_child_is_FN	pss_wip	pss_wip.e1x_child_is_FN	0	1753146	isabelle/layerB/pss_wip.thy	97622	false	7080226	0	true
pss_wip.e1x_ineq_nonanc	pss_wip	pss_wip.e1x_ineq_nonanc	0	1753330	isabelle/layerB/pss_wip.thy	97657	false	7080360	0	true
pss_wip.e1x_e1ge_uncond	pss_wip	pss_wip.e1x_e1ge_uncond	0	1753438	isabelle/layerB/pss_wip.thy	97869	false	7080466	0	true
pss_wip.e1x_condIII_exchange_full_uncond	pss_wip	pss_wip.e1x_condIII_exchange_full_uncond	0	1753636	isabelle/layerB/pss_wip.thy	97898	false	7080568	0	true
pss_wip.e1x_condIII_exchange_full_crg_uncond	pss_wip	pss_wip.e1x_condIII_exchange_full_crg_uncond	0	1753844	isabelle/layerB/pss_wip.thy	97927	false	7080826	0	true
pss_wip.vg8x_base_transM_form	pss_wip	pss_wip.vg8x_base_transM_form	0	1753850	isabelle/layerB/pss_wip.thy	98001	false	7081228	0	true
pss_wip.vg8x_base_VE34_modBridges	pss_wip	pss_wip.vg8x_base_VE34_modBridges	0	1753898	isabelle/layerB/pss_wip.thy	98015	false	7081310	0	true
pss_wip.vg8x_BASE_of_bridgesR	pss_wip	pss_wip.vg8x_BASE_of_bridgesR	0	1753948	isabelle/layerB/pss_wip.thy	98040	false	7081426	0	true
pss_wip.vg8x_VE34_of_DT_modBridgesR	pss_wip	pss_wip.vg8x_VE34_of_DT_modBridgesR	0	1754016	isabelle/layerB/pss_wip.thy	98073	false	7081898	0	true
pss_wip.vg8x_terminal_slice_DT	pss_wip	pss_wip.vg8x_terminal_slice_DT	0	1754044	isabelle/layerB/pss_wip.thy	98108	false	7082568	0	true
pss_wip.vs3x_addBT_lastidx	pss_wip	pss_wip.vs3x_addBT_lastidx	0	1754084	isabelle/layerB/pss_wip.thy	98177	false	7082794	0	true
pss_wip.vs3x_step_transM_form	pss_wip	pss_wip.vs3x_step_transM_form	0	1754090	isabelle/layerB/pss_wip.thy	98190	false	7082950	0	true
pss_wip.vs3x_VE34_step_modBridges	pss_wip	pss_wip.vs3x_VE34_step_modBridges	0	1754124	isabelle/layerB/pss_wip.thy	98378	false	7083298	0	true
pss_wip.vs3x_VE34_of_DT_modBridges	pss_wip	pss_wip.vs3x_VE34_of_DT_modBridges	0	1754218	isabelle/layerB/pss_wip.thy	98421	false	7083724	0	true
pss_wip.cpx_d4a_all	pss_wip	pss_wip.cpx_d4a_all	0	1754298	isabelle/layerB/pss_wip.thy	98511	false	7084170	0	true
pss_wip.cpx_various_scb_IIIIV	pss_wip	pss_wip.cpx_various_scb_IIIIV	0	1754982	isabelle/layerB/pss_wip.thy	98539	false	7084750	0	true
pss_wip.cpx_condIII_mnform	pss_wip	pss_wip.cpx_condIII_mnform	0	1755452	isabelle/layerB/pss_wip.thy	98605	false	7085550	0	true
pss_wip.cpx_condIII_exchange13	pss_wip	pss_wip.cpx_condIII_exchange13	0	1755894	isabelle/layerB/pss_wip.thy	98908	false	7086066	0	true
pss_wip.cpx_condIII_descent	pss_wip	pss_wip.cpx_condIII_descent	0	1756054	isabelle/layerB/pss_wip.thy	99062	false	7086252	0	true
pss_wip.cpx_condIII_exchange_full	pss_wip	pss_wip.cpx_condIII_exchange_full	0	1756224	isabelle/layerB/pss_wip.thy	99165	false	7086454	0	true
pss_wip.cpx_condIII_exchange_uncond	pss_wip	pss_wip.cpx_condIII_exchange_uncond	0	1756246	isabelle/layerB/pss_wip.thy	99204	false	7086776	0	true
pss_wip.cpx_exchIII_slot	pss_wip	pss_wip.cpx_exchIII_slot	0	1756370	isabelle/layerB/pss_wip.thy	99264	false	7087762	0	true
pss_wip.bux_terminal_slice_ready	pss_wip	pss_wip.bux_terminal_slice_ready	0	1756452	isabelle/layerB/pss_wip.thy	99317	false	7088376	0	true
pss_wip.otkx_leBT_Trans_of_prefix	pss_wip	pss_wip.otkx_leBT_Trans_of_prefix	0	1756518	isabelle/layerB/pss_wip.thy	99437	false	7088540	0	true
pss_wip.otkx_multiD_of_pcomp_prefix	pss_wip	pss_wip.otkx_multiD_of_pcomp_prefix	0	1756640	isabelle/layerB/pss_wip.thy	99455	false	7088612	0	true
pss_wip.kyx_terminal_slice_keystone	pss_wip	pss_wip.kyx_terminal_slice_keystone	0	1756842	isabelle/layerB/pss_wip.thy	99548	false	7088856	0	true
pss_wip.kyx_terminal_slice_leadform	pss_wip	pss_wip.kyx_terminal_slice_leadform	0	1756914	isabelle/layerB/pss_wip.thy	99604	false	7089052	0	true
pss_wip.kyx_bridgesU_of_readoff	pss_wip	pss_wip.kyx_bridgesU_of_readoff	0	1757046	isabelle/layerB/pss_wip.thy	99659	false	7089252	0	true
pss_wip.kyx_VE34_of_DT_modReadoff	pss_wip	pss_wip.kyx_VE34_of_DT_modReadoff	0	1757208	isabelle/layerB/pss_wip.thy	99693	false	7089518	0	true
pss_wip.rgx_between_extends	pss_wip	pss_wip.rgx_between_extends	0	1757284	isabelle/layerB/pss_wip.thy	99817	false	7089810	0	true
pss_wip.rgx_size_Trm_append	pss_wip	pss_wip.rgx_size_Trm_append	0	1757314	isabelle/layerB/pss_wip.thy	99859	false	7089958	0	true
pss_wip.rgx_gbt_prefix_restrict	pss_wip	pss_wip.rgx_gbt_prefix_restrict	0	1757368	isabelle/layerB/pss_wip.thy	99877	false	7090042	0	true
pss_wip.rgx_gbt_of_appg	pss_wip	pss_wip.rgx_gbt_of_appg	0	1757460	isabelle/layerB/pss_wip.thy	99906	false	7090136	0	true
pss_wip.rgx_appg_split	pss_wip	pss_wip.rgx_appg_split	0	1757536	isabelle/layerB/pss_wip.thy	99929	false	7090334	0	true
pss_wip.rgx_dstep_wholebody_case	pss_wip	pss_wip.rgx_dstep_wholebody_case	0	1757670	isabelle/layerB/pss_wip.thy	99958	false	7090540	0	true
pss_wip.rgx_dstep_properprefix_case	pss_wip	pss_wip.rgx_dstep_properprefix_case	0	1757762	isabelle/layerB/pss_wip.thy	100006	false	7090820	0	true
pss_wip.rgx_resid_of_parts	pss_wip	pss_wip.rgx_resid_of_parts	0	1758084	isabelle/layerB/pss_wip.thy	100047	false	7091204	0	true
pss_wip.rgx_Trans_preserves_OT_modIH	pss_wip	pss_wip.rgx_Trans_preserves_OT_modIH	0	1758414	isabelle/layerB/pss_wip.thy	100209	false	7091518	0	true
pss_wip.rgx_Trans_preserves_OT_of_slots	pss_wip	pss_wip.rgx_Trans_preserves_OT_of_slots	0	1758822	isabelle/layerB/pss_wip.thy	100272	false	7091914	0	true
pss_wip.cpx_d2_condIV	pss_wip	pss_wip.cpx_d2_condIV	0	1758864	isabelle/layerB/pss_wip.thy	100405	false	7092762	0	true
pss_wip.cpx_d3_condIV	pss_wip	pss_wip.cpx_d3_condIV	0	1758882	isabelle/layerB/pss_wip.thy	100491	false	7092924	0	true
pss_wip.cpx_condIV_exchange_full	pss_wip	pss_wip.cpx_condIV_exchange_full	0	1758910	isabelle/layerB/pss_wip.thy	100623	false	7093046	0	true
pss_wip.cpx_condIV_exchange_uncond	pss_wip	pss_wip.cpx_condIV_exchange_uncond	0	1758930	isabelle/layerB/pss_wip.thy	100673	false	7093354	0	true
pss_wip.cnx_condIV_Trans_c2_decomp	pss_wip	pss_wip.cnx_condIV_Trans_c2_decomp	0	1758948	isabelle/layerB/pss_wip.thy	100742	false	7093538	0	true
pss_wip.cnx_condIV_exchange_alluncond	pss_wip	pss_wip.cnx_condIV_exchange_alluncond	0	1759040	isabelle/layerB/pss_wip.thy	100788	false	7093804	0	true
pss_wip.rdx_bridgesU_readoff	pss_wip	pss_wip.rdx_bridgesU_readoff	0	1759084	isabelle/layerB/pss_wip.thy	100874	false	7095128	0	true
pss_wip.rdx_VE34_of_DT	pss_wip	pss_wip.rdx_VE34_of_DT	0	1759198	isabelle/layerB/pss_wip.thy	100928	false	7096328	0	true
pss_wip.snx_newOT_of_sliceTrans	pss_wip	pss_wip.snx_newOT_of_sliceTrans	0	1759472	isabelle/layerB/pss_wip.thy	101023	false	7096728	0	true
pss_wip.snx_slotNewOT_modSlice	pss_wip	pss_wip.snx_slotNewOT_modSlice	0	1759630	isabelle/layerB/pss_wip.thy	101042	false	7097150	0	true
pss_wip.sax_slotAppg_modcore	pss_wip	pss_wip.sax_slotAppg_modcore	0	1759802	isabelle/layerB/pss_wip.thy	101096	false	7097548	0	true
pss_wip.stx_slotTail_properprefix_from_descent	pss_wip	pss_wip.stx_slotTail_properprefix_from_descent	0	1759896	isabelle/layerB/pss_wip.thy	101167	false	7097842	0	true
pss_wip.npx_oper_noParent_Pred	pss_wip	pss_wip.npx_oper_noParent_Pred	0	1759986	isabelle/layerB/pss_wip.thy	101281	false	7098074	0	false
pss_wip.npx_le0_last_entry_ge	pss_wip	pss_wip.npx_le0_last_entry_ge	0	1760052	isabelle/layerB/pss_wip.thy	101304	false	7098274	0	false
pss_wip.npx_domB_TBv_head	pss_wip	pss_wip.npx_domB_TBv_head	0	1760124	isabelle/layerB/pss_wip.thy	101375	false	7098466	0	true
pss_wip.npx_domB_Trans_TBv	pss_wip	pss_wip.npx_domB_Trans_TBv	0	1760236	isabelle/layerB/pss_wip.thy	101419	false	7098662	0	true
pss_wip.npx_operB_numBT0_Pred_condIII	pss_wip	pss_wip.npx_operB_numBT0_Pred_condIII	0	1760328	isabelle/layerB/pss_wip.thy	101500	false	7099134	0	true
pss_wip.npx_noParentPred	pss_wip	pss_wip.npx_noParentPred	0	1760402	isabelle/layerB/pss_wip.thy	101595	false	7099342	0	true
pss_wip.npx_exchIII_slot_uncond	pss_wip	pss_wip.npx_exchIII_slot_uncond	0	1760520	isabelle/layerB/pss_wip.thy	101624	false	7099686	0	true
pss_wip.cnv_condIV_ltJ	pss_wip	pss_wip.cnv_condIV_ltJ	0	1760592	isabelle/layerB/pss_wip.thy	101690	false	7100246	0	true
pss_wip.cnv_c2_shape_condIV	pss_wip	pss_wip.cnv_c2_shape_condIV	0	1760698	isabelle/layerB/pss_wip.thy	101719	false	7100366	0	true
pss_wip.cnv_body_grow	pss_wip	pss_wip.cnv_body_grow	0	1760758	isabelle/layerB/pss_wip.thy	101757	false	7100766	0	true
pss_wip.cnv_nested_hole_pair	pss_wip	pss_wip.cnv_nested_hole_pair	0	1760812	isabelle/layerB/pss_wip.thy	101788	false	7100958	0	true
pss_wip.cnv_A0lt_of_nest	pss_wip	pss_wip.cnv_A0lt_of_nest	0	1760922	isabelle/layerB/pss_wip.thy	101843	false	7101162	0	true
pss_wip.cnv_base1_of_nest	pss_wip	pss_wip.cnv_base1_of_nest	0	1761058	isabelle/layerB/pss_wip.thy	101903	false	7101426	0	true
pss_wip.cnv_base0_of_run	pss_wip	pss_wip.cnv_base0_of_run	0	1761240	isabelle/layerB/pss_wip.thy	102029	false	7101872	0	true
pss_wip.cnv_condIV_nonadmeq_exchange13	pss_wip	pss_wip.cnv_condIV_nonadmeq_exchange13	0	1761486	isabelle/layerB/pss_wip.thy	102242	false	7102212	0	true
pss_wip.cnv_condIV_nonadmeq_descent	pss_wip	pss_wip.cnv_condIV_nonadmeq_descent	0	1761708	isabelle/layerB/pss_wip.thy	102393	false	7102954	0	true
pss_wip.cnv_nonadmeq_exch	pss_wip	pss_wip.cnv_nonadmeq_exch	0	1761954	isabelle/layerB/pss_wip.thy	102500	false	7103382	0	true
pss_wip.cnv_condIV_exchange_final	pss_wip	pss_wip.cnv_condIV_exchange_final	0	1762186	isabelle/layerB/pss_wip.thy	102553	false	7103740	0	true
pss_wip.bpx_nth_overflow	pss_wip	pss_wip.bpx_nth_overflow	0	1762380	isabelle/layerB/pss_wip.thy	102684	false	7104240	0	true
pss_wip.bpx_growth_transport	pss_wip	pss_wip.bpx_growth_transport	0	1762510	isabelle/layerB/pss_wip.thy	102702	false	7104432	0	true
pss_wip.bpx_step_setup(1)	pss_wip	pss_wip.bpx_step_setup	1	1762612	isabelle/layerB/pss_wip.thy	102730	false	7104658	0	true
pss_wip.bpx_step_setup(2)	pss_wip	pss_wip.bpx_step_setup	2	1762614	isabelle/layerB/pss_wip.thy	102730	false	7104658	0	true
pss_wip.bpx_step_setup(3)	pss_wip	pss_wip.bpx_step_setup	3	1762616	isabelle/layerB/pss_wip.thy	102730	false	7104658	0	true
pss_wip.bpx_step_setup(4)	pss_wip	pss_wip.bpx_step_setup	4	1762618	isabelle/layerB/pss_wip.thy	102730	false	7104658	0	true
pss_wip.bpx_step_setup(5)	pss_wip	pss_wip.bpx_step_setup	5	1762620	isabelle/layerB/pss_wip.thy	102730	false	7104658	0	true
pss_wip.bpx_step_setup(6)	pss_wip	pss_wip.bpx_step_setup	6	1762622	isabelle/layerB/pss_wip.thy	102730	false	7104658	0	true
pss_wip.bpx_step_setup(7)	pss_wip	pss_wip.bpx_step_setup	7	1762624	isabelle/layerB/pss_wip.thy	102730	false	7104658	0	true
pss_wip.bpx_step_setup(8)	pss_wip	pss_wip.bpx_step_setup	8	1762626	isabelle/layerB/pss_wip.thy	102730	false	7104658	0	true
pss_wip.bpx_step_setup(9)	pss_wip	pss_wip.bpx_step_setup	9	1762628	isabelle/layerB/pss_wip.thy	102730	false	7104658	0	true
pss_wip.bpx_step_setup(10)	pss_wip	pss_wip.bpx_step_setup	10	1762630	isabelle/layerB/pss_wip.thy	102730	false	7104658	0	true
pss_wip.bpx_step_setup(11)	pss_wip	pss_wip.bpx_step_setup	11	1762632	isabelle/layerB/pss_wip.thy	102730	false	7104658	0	true
pss_wip.bpx_step_setup(12)	pss_wip	pss_wip.bpx_step_setup	12	1762634	isabelle/layerB/pss_wip.thy	102730	false	7104658	0	true
pss_wip.bpx_step_setup(13)	pss_wip	pss_wip.bpx_step_setup	13	1762636	isabelle/layerB/pss_wip.thy	102730	false	7104658	0	true
pss_wip.bpx_step_setup(14)	pss_wip	pss_wip.bpx_step_setup	14	1762638	isabelle/layerB/pss_wip.thy	102730	false	7104658	0	true
pss_wip.bpx_step_setup(15)	pss_wip	pss_wip.bpx_step_setup	15	1762640	isabelle/layerB/pss_wip.thy	102730	false	7104658	0	true
pss_wip.bpx_step_setup(16)	pss_wip	pss_wip.bpx_step_setup	16	1762642	isabelle/layerB/pss_wip.thy	102730	false	7104658	0	true
pss_wip.bpx_Br_head_entries_Pred(1)	pss_wip	pss_wip.bpx_Br_head_entries_Pred	1	1762668	isabelle/layerB/pss_wip.thy	102808	false	7104950	0	true
pss_wip.bpx_Br_head_entries_Pred(2)	pss_wip	pss_wip.bpx_Br_head_entries_Pred	2	1762670	isabelle/layerB/pss_wip.thy	102808	false	7104950	0	true
pss_wip.bpx_finset_Pred_eq	pss_wip	pss_wip.bpx_finset_Pred_eq	0	1762758	isabelle/layerB/pss_wip.thy	102840	false	7105194	0	true
pss_wip.bpx_fin_Pred	pss_wip	pss_wip.bpx_fin_Pred	0	1762832	isabelle/layerB/pss_wip.thy	102857	false	7105800	0	true
pss_wip.bpx_LastStep_Pred	pss_wip	pss_wip.bpx_LastStep_Pred	0	1762862	isabelle/layerB/pss_wip.thy	102872	false	7106114	0	true
pss_wip.bpx_m1_Pred	pss_wip	pss_wip.bpx_m1_Pred	0	1762908	isabelle/layerB/pss_wip.thy	102914	false	7106232	0	true
pss_wip.bpx_front_Pred	pss_wip	pss_wip.bpx_front_Pred	0	1762928	isabelle/layerB/pss_wip.thy	102945	false	7106478	0	true
pss_wip.bpx_term_Pred	pss_wip	pss_wip.bpx_term_Pred	0	1762942	isabelle/layerB/pss_wip.thy	102981	false	7106762	0	true
pss_wip.bpx_VE3_step	pss_wip	pss_wip.bpx_VE3_step	0	1763072	isabelle/layerB/pss_wip.thy	103023	false	7107042	0	true
pss_wip.bpx_step_form_pinned	pss_wip	pss_wip.bpx_step_form_pinned	0	1763174	isabelle/layerB/pss_wip.thy	103085	false	7107404	0	true
pss_wip.bpx_VE34_step_modTSPIN	pss_wip	pss_wip.bpx_VE34_step_modTSPIN	0	1763240	isabelle/layerB/pss_wip.thy	103234	false	7107846	0	true
pss_wip.bpx_VE34_backpeel_fin	pss_wip	pss_wip.bpx_VE34_backpeel_fin	0	1763500	isabelle/layerB/pss_wip.thy	103271	false	7108266	0	true
pss_wip.bpx_VE34_of_DT_modBASE_TSPIN	pss_wip	pss_wip.bpx_VE34_of_DT_modBASE_TSPIN	0	1763694	isabelle/layerB/pss_wip.thy	103347	false	7108860	0	true
pss_wip.spx_slotTail_eqhead_of_deposit_hosts	pss_wip	pss_wip.spx_slotTail_eqhead_of_deposit_hosts	0	1763726	isabelle/layerB/pss_wip.thy	103456	false	7109568	0	true
pss_wip.spx_slotTail_modDevel	pss_wip	pss_wip.spx_slotTail_modDevel	0	1763886	isabelle/layerB/pss_wip.thy	103484	false	7109730	0	true
pss_wip.tsx_scb_Dpt_lift	pss_wip	pss_wip.tsx_scb_Dpt_lift	0	1763968	isabelle/layerB/pss_wip.thy	103577	false	7110098	0	true
pss_wip.tsx_jp_geom(1)	pss_wip	pss_wip.tsx_jp_geom	1	1764252	isabelle/layerB/pss_wip.thy	103596	false	7110436	0	true
pss_wip.tsx_jp_geom(2)	pss_wip	pss_wip.tsx_jp_geom	2	1764254	isabelle/layerB/pss_wip.thy	103596	false	7110436	0	true
pss_wip.tsx_jp_geom(3)	pss_wip	pss_wip.tsx_jp_geom	3	1764256	isabelle/layerB/pss_wip.thy	103596	false	7110436	0	true
pss_wip.tsx_jp_geom(4)	pss_wip	pss_wip.tsx_jp_geom	4	1764258	isabelle/layerB/pss_wip.thy	103596	false	7110436	0	true
pss_wip.tsx_jp_geom(5)	pss_wip	pss_wip.tsx_jp_geom	5	1764260	isabelle/layerB/pss_wip.thy	103596	false	7110436	0	true
pss_wip.tsx_jp_geom(6)	pss_wip	pss_wip.tsx_jp_geom	6	1764262	isabelle/layerB/pss_wip.thy	103596	false	7110436	0	true
pss_wip.tsx_jp_geom(7)	pss_wip	pss_wip.tsx_jp_geom	7	1764264	isabelle/layerB/pss_wip.thy	103596	false	7110436	0	true
pss_wip.tsx_Mp_facts(1)	pss_wip	pss_wip.tsx_Mp_facts	1	1764610	isabelle/layerB/pss_wip.thy	103645	false	7110818	0	true
pss_wip.tsx_Mp_facts(2)	pss_wip	pss_wip.tsx_Mp_facts	2	1764614	isabelle/layerB/pss_wip.thy	103645	false	7110818	0	true
pss_wip.tsx_Mp_facts(3)	pss_wip	pss_wip.tsx_Mp_facts	3	1764618	isabelle/layerB/pss_wip.thy	103645	false	7110818	0	true
pss_wip.tsx_Mp_facts(4)	pss_wip	pss_wip.tsx_Mp_facts	4	1764622	isabelle/layerB/pss_wip.thy	103645	false	7110818	0	true
pss_wip.tsx_Mp_facts(5)	pss_wip	pss_wip.tsx_Mp_facts	5	1764626	isabelle/layerB/pss_wip.thy	103645	false	7110818	0	true
pss_wip.tsx_Mp_facts(6)	pss_wip	pss_wip.tsx_Mp_facts	6	1764630	isabelle/layerB/pss_wip.thy	103645	false	7110818	0	true
pss_wip.tsx_Mp_facts(7)	pss_wip	pss_wip.tsx_Mp_facts	7	1764636	isabelle/layerB/pss_wip.thy	103645	false	7110818	0	true
pss_wip.tsx_Mp_facts(8)	pss_wip	pss_wip.tsx_Mp_facts	8	1764638	isabelle/layerB/pss_wip.thy	103645	false	7110818	0	true
pss_wip.tsx_parent_slice	pss_wip	pss_wip.tsx_parent_slice	0	1764868	isabelle/layerB/pss_wip.thy	103685	false	7111184	0	true
pss_wip.tsx_Adm_slice(1)	pss_wip	pss_wip.tsx_Adm_slice	1	1765052	isabelle/layerB/pss_wip.thy	103729	false	7111580	0	true
pss_wip.tsx_Adm_slice(2)	pss_wip	pss_wip.tsx_Adm_slice	2	1765056	isabelle/layerB/pss_wip.thy	103729	false	7111580	0	true
pss_wip.tsx_Adm_slice(3)	pss_wip	pss_wip.tsx_Adm_slice	3	1765062	isabelle/layerB/pss_wip.thy	103729	false	7111580	0	true
pss_wip.tsx_Adm_slice(4)	pss_wip	pss_wip.tsx_Adm_slice	4	1765064	isabelle/layerB/pss_wip.thy	103729	false	7111580	0	true
pss_wip.tsx_c1_eq	pss_wip	pss_wip.tsx_c1_eq	0	1765200	isabelle/layerB/pss_wip.thy	103771	false	7111850	0	true
pss_wip.tsx_entry_transport(1)	pss_wip	pss_wip.tsx_entry_transport	1	1765346	isabelle/layerB/pss_wip.thy	103899	false	7111974	0	true
pss_wip.tsx_entry_transport(2)	pss_wip	pss_wip.tsx_entry_transport	2	1765348	isabelle/layerB/pss_wip.thy	103899	false	7111974	0	true
pss_wip.tsx_cond_transport(1)	pss_wip	pss_wip.tsx_cond_transport	1	1765374	isabelle/layerB/pss_wip.thy	103934	false	7112126	0	true
pss_wip.tsx_cond_transport(2)	pss_wip	pss_wip.tsx_cond_transport	2	1765376	isabelle/layerB/pss_wip.thy	103934	false	7112126	0	true
pss_wip.tsx_cond_transport(3)	pss_wip	pss_wip.tsx_cond_transport	3	1765378	isabelle/layerB/pss_wip.thy	103934	false	7112126	0	true
pss_wip.tsx_cond_transport(4)	pss_wip	pss_wip.tsx_cond_transport	4	1765380	isabelle/layerB/pss_wip.thy	103934	false	7112126	0	true
pss_wip.tsx_c2_eq	pss_wip	pss_wip.tsx_c2_eq	0	1765388	isabelle/layerB/pss_wip.thy	103971	false	7112258	0	true
pss_wip.tsx_t1_identified(1)	pss_wip	pss_wip.tsx_t1_identified	1	1765426	isabelle/layerB/pss_wip.thy	104001	false	7112318	0	true
pss_wip.tsx_t1_identified(2)	pss_wip	pss_wip.tsx_t1_identified	2	1765432	isabelle/layerB/pss_wip.thy	104001	false	7112318	0	true
pss_wip.tsx_assembly	pss_wip	pss_wip.tsx_assembly	0	1765648	isabelle/layerB/pss_wip.thy	104073	false	7112832	0	true
pss_wip.tsx_TSPIN	pss_wip	pss_wip.tsx_TSPIN	0	1765848	isabelle/layerB/pss_wip.thy	104267	false	7112950	0	true
pss_wip.tsx_VE34_step	pss_wip	pss_wip.tsx_VE34_step	0	1766116	isabelle/layerB/pss_wip.thy	104300	false	7113138	0	true
pss_wip.tsx_VE34_of_DT_modBASE	pss_wip	pss_wip.tsx_VE34_of_DT_modBASE	0	1766424	isabelle/layerB/pss_wip.thy	104316	false	7113292	0	true
pss_wip.bfx_base_setup(1)	pss_wip	pss_wip.bfx_base_setup	1	1766578	isabelle/layerB/pss_wip.thy	104483	false	7113490	0	true
pss_wip.bfx_base_setup(2)	pss_wip	pss_wip.bfx_base_setup	2	1766580	isabelle/layerB/pss_wip.thy	104483	false	7113490	0	true
pss_wip.bfx_base_setup(3)	pss_wip	pss_wip.bfx_base_setup	3	1766582	isabelle/layerB/pss_wip.thy	104483	false	7113490	0	true
pss_wip.bfx_base_setup(4)	pss_wip	pss_wip.bfx_base_setup	4	1766584	isabelle/layerB/pss_wip.thy	104483	false	7113490	0	true
pss_wip.bfx_base_setup(5)	pss_wip	pss_wip.bfx_base_setup	5	1766586	isabelle/layerB/pss_wip.thy	104483	false	7113490	0	true
pss_wip.bfx_base_setup(6)	pss_wip	pss_wip.bfx_base_setup	6	1766588	isabelle/layerB/pss_wip.thy	104483	false	7113490	0	true
pss_wip.bfx_base_setup(7)	pss_wip	pss_wip.bfx_base_setup	7	1766590	isabelle/layerB/pss_wip.thy	104483	false	7113490	0	true
pss_wip.bfx_base_setup(8)	pss_wip	pss_wip.bfx_base_setup	8	1766592	isabelle/layerB/pss_wip.thy	104483	false	7113490	0	true
pss_wip.bfx_base_setup(9)	pss_wip	pss_wip.bfx_base_setup	9	1766594	isabelle/layerB/pss_wip.thy	104483	false	7113490	0	true
pss_wip.bfx_base_setup(10)	pss_wip	pss_wip.bfx_base_setup	10	1766598	isabelle/layerB/pss_wip.thy	104483	false	7113490	0	true
pss_wip.bfx_base_setup(11)	pss_wip	pss_wip.bfx_base_setup	11	1766600	isabelle/layerB/pss_wip.thy	104483	false	7113490	0	true
pss_wip.bfx_base_setup(12)	pss_wip	pss_wip.bfx_base_setup	12	1766604	isabelle/layerB/pss_wip.thy	104483	false	7113490	0	true
pss_wip.bfx_gtN	pss_wip	pss_wip.bfx_gtN	0	1766686	isabelle/layerB/pss_wip.thy	104527	false	7113658	0	true
pss_wip.bfx_LastStep_le	pss_wip	pss_wip.bfx_LastStep_le	0	1766828	isabelle/layerB/pss_wip.thy	104553	false	7113748	0	true
pss_wip.bfx_run_prev(1)	pss_wip	pss_wip.bfx_run_prev	1	1767042	isabelle/layerB/pss_wip.thy	104581	false	7113902	0	true
pss_wip.bfx_run_prev(2)	pss_wip	pss_wip.bfx_run_prev	2	1767044	isabelle/layerB/pss_wip.thy	104581	false	7113902	0	true
pss_wip.bfx_JEQ	pss_wip	pss_wip.bfx_JEQ	0	1767200	isabelle/layerB/pss_wip.thy	104639	false	7114064	0	true
pss_wip.bfx_BrLen_Pred_base	pss_wip	pss_wip.bfx_BrLen_Pred_base	0	1767332	isabelle/layerB/pss_wip.thy	104718	false	7114206	0	true
pss_wip.bfx_BrPne_base	pss_wip	pss_wip.bfx_BrPne_base	0	1767398	isabelle/layerB/pss_wip.thy	104731	false	7114276	0	true
pss_wip.bfx_TrMax_Pred_base	pss_wip	pss_wip.bfx_TrMax_Pred_base	0	1767462	isabelle/layerB/pss_wip.thy	104744	false	7114354	0	true
pss_wip.bfx_PredDT_base	pss_wip	pss_wip.bfx_PredDT_base	0	1767508	isabelle/layerB/pss_wip.thy	104755	false	7114420	0	true
pss_wip.bfx_head_Pred_base(1)	pss_wip	pss_wip.bfx_head_Pred_base	1	1767600	isabelle/layerB/pss_wip.thy	104769	false	7114500	0	true
pss_wip.bfx_head_Pred_base(2)	pss_wip	pss_wip.bfx_head_Pred_base	2	1767604	isabelle/layerB/pss_wip.thy	104769	false	7114500	0	true
pss_wip.bfx_tgt_Pred_base	pss_wip	pss_wip.bfx_tgt_Pred_base	0	1767674	isabelle/layerB/pss_wip.thy	104789	false	7114618	0	true
pss_wip.bfx_gtP_base	pss_wip	pss_wip.bfx_gtP_base	0	1767684	isabelle/layerB/pss_wip.thy	104809	false	7114704	0	true
pss_wip.bfx_finset_mem_lt_base	pss_wip	pss_wip.bfx_finset_mem_lt_base	0	1767696	isabelle/layerB/pss_wip.thy	104834	false	7114852	0	true
pss_wip.bfx_fin_Pred_base	pss_wip	pss_wip.bfx_fin_Pred_base	0	1767702	isabelle/layerB/pss_wip.thy	104860	false	7115018	0	false
pss_wip.bfx_LastStep_Pred_base	pss_wip	pss_wip.bfx_LastStep_Pred_base	0	1767708	isabelle/layerB/pss_wip.thy	104893	false	7115178	0	true
pss_wip.bfx_Joints_Pred_last	pss_wip	pss_wip.bfx_Joints_Pred_last	0	1767714	isabelle/layerB/pss_wip.thy	104946	false	7115286	0	true
pss_wip.bfx_FN_Pred_LS_base	pss_wip	pss_wip.bfx_FN_Pred_LS_base	0	1767720	isabelle/layerB/pss_wip.thy	104970	false	7115408	0	true
pss_wip.bfx_front_Pred_base	pss_wip	pss_wip.bfx_front_Pred_base	0	1767728	isabelle/layerB/pss_wip.thy	104988	false	7115484	0	true
pss_wip.bfx_term_Pred_base	pss_wip	pss_wip.bfx_term_Pred_base	0	1767734	isabelle/layerB/pss_wip.thy	105021	false	7115612	0	true
pss_wip.bfx_RPERS_base	pss_wip	pss_wip.bfx_RPERS_base	0	1767742	isabelle/layerB/pss_wip.thy	105063	false	7115742	0	true
pss_wip.bfx_VE3_base_step	pss_wip	pss_wip.bfx_VE3_base_step	0	1767750	isabelle/layerB/pss_wip.thy	105113	false	7115820	0	true
pss_wip.bfx_VE34_base_step_modTSPIN	pss_wip	pss_wip.bfx_VE34_base_step_modTSPIN	0	1767756	isabelle/layerB/pss_wip.thy	105174	false	7115896	0	true
pss_wip.bfx_VE34_base_run0_modTSPIN	pss_wip	pss_wip.bfx_VE34_base_run0_modTSPIN	0	1767766	isabelle/layerB/pss_wip.thy	105212	false	7115972	0	true
pss_wip.bfx_VE34_backpeel_fin3	pss_wip	pss_wip.bfx_VE34_backpeel_fin3	0	1767772	isabelle/layerB/pss_wip.thy	105252	false	7116050	0	true
pss_wip.bfx_VE34_of_reg_modTSPIN_PIN_SPLIT0	pss_wip	pss_wip.bfx_VE34_of_reg_modTSPIN_PIN_SPLIT0	0	1767778	isabelle/layerB/pss_wip.thy	105353	false	7116130	0	true
pss_wip.bfx_VE34_base_modTSPIN_PIN_SPLIT0	pss_wip	pss_wip.bfx_VE34_base_modTSPIN_PIN_SPLIT0	0	1767784	isabelle/layerB/pss_wip.thy	105438	false	7116216	0	true
pss_wip.bfx_VE34_of_DT_modTSPIN_PIN_SPLIT0	pss_wip	pss_wip.bfx_VE34_of_DT_modTSPIN_PIN_SPLIT0	0	1767790	isabelle/layerB/pss_wip.thy	105477	false	7116314	0	true
pss_wip.dvx_standard_component	pss_wip	pss_wip.dvx_standard_component	0	1767798	isabelle/layerB/pss_wip.thy	105605	false	7116522	0	true
pss_wip.dvx_standard_last_component(1)	pss_wip	pss_wip.dvx_standard_last_component	1	1767804	isabelle/layerB/pss_wip.thy	105614	false	7116578	0	true
pss_wip.dvx_standard_last_component(2)	pss_wip	pss_wip.dvx_standard_last_component	2	1767806	isabelle/layerB/pss_wip.thy	105614	false	7116578	0	true
pss_wip.dvx_multi_last_principal	pss_wip	pss_wip.dvx_multi_last_principal	0	1767812	isabelle/layerB/pss_wip.thy	105636	false	7116640	0	true
pss_wip.dvx_slice_of_multi_host	pss_wip	pss_wip.dvx_slice_of_multi_host	0	1767832	isabelle/layerB/pss_wip.thy	105654	false	7116734	0	true
pss_wip.dvx_devel_of_parts	pss_wip	pss_wip.dvx_devel_of_parts	0	1767838	isabelle/layerB/pss_wip.thy	105670	false	7116856	0	true
pss_wip.dvx_devel_of_devpair	pss_wip	pss_wip.dvx_devel_of_devpair	0	1767860	isabelle/layerB/pss_wip.thy	105705	false	7117020	0	false
pss_wip.dvx_devpair_of_multi_host	pss_wip	pss_wip.dvx_devpair_of_multi_host	0	1767880	isabelle/layerB/pss_wip.thy	105741	false	7117172	0	true
pss_wip.dvx_slotTail_modDevpair	pss_wip	pss_wip.dvx_slotTail_modDevpair	0	1768004	isabelle/layerB/pss_wip.thy	105765	false	7117596	0	true
pss_wip.dvx_two_slots_of_devpair	pss_wip	pss_wip.dvx_two_slots_of_devpair	0	1768162	isabelle/layerB/pss_wip.thy	105788	false	7118170	0	true
pss_wip.dpx_condIV_noParent_operB0	pss_wip	pss_wip.dpx_condIV_noParent_operB0	0	1768254	isabelle/layerB/pss_wip.thy	105911	false	7118762	0	true
pss_wip.dpx_exchIV_noParent	pss_wip	pss_wip.dpx_exchIV_noParent	0	1768294	isabelle/layerB/pss_wip.thy	106063	false	7118930	0	true
pss_wip.dpx_exchIV_slot_uncond	pss_wip	pss_wip.dpx_exchIV_slot_uncond	0	1768340	isabelle/layerB/pss_wip.thy	106085	false	7119042	0	true
pss_wip.dpx_exchVI_slot_uncond	pss_wip	pss_wip.dpx_exchVI_slot_uncond	0	1768432	isabelle/layerB/pss_wip.thy	106114	false	7119208	0	true
pss_wip.dpx_fseq_descend_census	pss_wip	pss_wip.dpx_fseq_descend_census	0	1768500	isabelle/layerB/pss_wip.thy	106162	false	7119388	0	true
pss_wip.bgx_base_core(1)	pss_wip	pss_wip.bgx_base_core	1	1768540	isabelle/layerB/pss_wip.thy	106276	false	7119636	0	true
pss_wip.bgx_base_core(2)	pss_wip	pss_wip.bgx_base_core	2	1768542	isabelle/layerB/pss_wip.thy	106276	false	7119636	0	true
pss_wip.bgx_base_core(3)	pss_wip	pss_wip.bgx_base_core	3	1768544	isabelle/layerB/pss_wip.thy	106276	false	7119636	0	true
pss_wip.bgx_base_core(4)	pss_wip	pss_wip.bgx_base_core	4	1768546	isabelle/layerB/pss_wip.thy	106276	false	7119636	0	true
pss_wip.bgx_base_core(5)	pss_wip	pss_wip.bgx_base_core	5	1768548	isabelle/layerB/pss_wip.thy	106276	false	7119636	0	true
pss_wip.bgx_base_core(6)	pss_wip	pss_wip.bgx_base_core	6	1768550	isabelle/layerB/pss_wip.thy	106276	false	7119636	0	true
pss_wip.bgx_base_core(7)	pss_wip	pss_wip.bgx_base_core	7	1768552	isabelle/layerB/pss_wip.thy	106276	false	7119636	0	true
pss_wip.bgx_base_core(8)	pss_wip	pss_wip.bgx_base_core	8	1768554	isabelle/layerB/pss_wip.thy	106276	false	7119636	0	true
pss_wip.bgx_base_form_notleft	pss_wip	pss_wip.bgx_base_form_notleft	0	1768610	isabelle/layerB/pss_wip.thy	106329	false	7119754	0	true
pss_wip.bgx_base_form_left	pss_wip	pss_wip.bgx_base_form_left	0	1768660	isabelle/layerB/pss_wip.thy	106365	false	7119878	0	true
pss_wip.bgx_Mp_form	pss_wip	pss_wip.bgx_Mp_form	0	1768680	isabelle/layerB/pss_wip.thy	106407	false	7119988	0	true
pss_wip.bgx_VE34_base_step	pss_wip	pss_wip.bgx_VE34_base_step	0	1768694	isabelle/layerB/pss_wip.thy	106565	false	7120136	0	true
pss_wip.bgx_front_run0	pss_wip	pss_wip.bgx_front_run0	0	1768708	isabelle/layerB/pss_wip.thy	106648	false	7120244	0	true
pss_wip.bgx_VE34_base_run0_mod	pss_wip	pss_wip.bgx_VE34_base_run0_mod	0	1768726	isabelle/layerB/pss_wip.thy	106689	false	7120558	0	true
pss_wip.bgx_VE34_of_reg_modNOTLEFT_HEADEQ	pss_wip	pss_wip.bgx_VE34_of_reg_modNOTLEFT_HEADEQ	0	1768748	isabelle/layerB/pss_wip.thy	106728	false	7120694	0	true
pss_wip.bgx_headedge	pss_wip	pss_wip.bgx_headedge	0	1768790	isabelle/layerB/pss_wip.thy	106811	false	7121146	0	true
pss_wip.bgx_leBT_headV	pss_wip	pss_wip.bgx_leBT_headV	0	1768798	isabelle/layerB/pss_wip.thy	106842	false	7121302	0	true
pss_wip.bgx_lastPB	pss_wip	pss_wip.bgx_lastPB	0	1768822	isabelle/layerB/pss_wip.thy	106850	false	7121422	0	true
pss_wip.bgx_trunk_Trans	pss_wip	pss_wip.bgx_trunk_Trans	0	1768856	isabelle/layerB/pss_wip.thy	106875	false	7121582	0	true
pss_wip.bgx_notleft_run0	pss_wip	pss_wip.bgx_notleft_run0	0	1768886	isabelle/layerB/pss_wip.thy	106972	false	7121748	0	true
pss_wip.bgx_VE34_of_reg_modHEADEQ	pss_wip	pss_wip.bgx_VE34_of_reg_modHEADEQ	0	1768912	isabelle/layerB/pss_wip.thy	107245	false	7121886	0	true
pss_wip.bgx_VE34_of_DT_modHEADEQ	pss_wip	pss_wip.bgx_VE34_of_DT_modHEADEQ	0	1768944	isabelle/layerB/pss_wip.thy	107275	false	7122228	0	true
pss_wip.dpr_oper_d01	pss_wip	pss_wip.dpr_oper_d01	0	1768954	isabelle/layerB/pss_wip.thy	107362	false	7122704	0	true
pss_wip.dpr_oper_d10	pss_wip	pss_wip.dpr_oper_d10	0	1768976	isabelle/layerB/pss_wip.thy	107383	false	7122960	0	true
pss_wip.dpr_corner_host_ST	pss_wip	pss_wip.dpr_corner_host_ST	0	1768988	isabelle/layerB/pss_wip.thy	107410	false	7123136	0	true
pss_wip.dpr_corner_Trans	pss_wip	pss_wip.dpr_corner_Trans	0	1769002	isabelle/layerB/pss_wip.thy	107422	false	7123318	0	true
pss_wip.dpr_corner_slice	pss_wip	pss_wip.dpr_corner_slice	0	1769046	isabelle/layerB/pss_wip.thy	107429	false	7123448	0	true
pss_wip.dpr_devpair_of_eqdep	pss_wip	pss_wip.dpr_devpair_of_eqdep	0	1769102	isabelle/layerB/pss_wip.thy	107444	false	7123604	0	false
pss_wip.dpr_devpair_corner	pss_wip	pss_wip.dpr_devpair_corner	0	1769256	isabelle/layerB/pss_wip.thy	107466	false	7123972	0	true
pss_wip.dpr_dev.dpr_dev_step	pss_wip	pss_wip.dpr_dev.dpr_dev_step	0	1769362	isabelle/layerB/pss_wip.thy	107490	false	7124344	0	true
pss_wip.dpr_dev.dpr_dev_trans	pss_wip	pss_wip.dpr_dev.dpr_dev_trans	0	1769366	isabelle/layerB/pss_wip.thy	107491	false	7124344	0	true
pss_wip.dpr_dev.intros(1)	pss_wip	pss_wip.dpr_dev.intros	1	1769380	isabelle/layerB/pss_wip.thy	107489	false	7124344	0	true
pss_wip.dpr_dev.intros(2)	pss_wip	pss_wip.dpr_dev.intros	2	1769382	isabelle/layerB/pss_wip.thy	107489	false	7124344	0	true
pss_wip.dpr_dev.cases	pss_wip	pss_wip.dpr_dev.cases	0	1769386	isabelle/layerB/pss_wip.thy	107489	false	7124344	0	true
pss_wip.dpr_dev.induct	pss_wip	pss_wip.dpr_dev.induct	0	1769388	isabelle/layerB/pss_wip.thy	107489	false	7124344	0	true
pss_wip.dpr_dev.simps	pss_wip	pss_wip.dpr_dev.simps	0	1769390	isabelle/layerB/pss_wip.thy	107489	false	7124344	0	true
pss_wip.dpr_dev.inducts	pss_wip	pss_wip.dpr_dev.inducts	0	1769394	isabelle/layerB/pss_wip.thy	107489	false	7124344	0	true
pss_wip.dpr_dev_ST	pss_wip	pss_wip.dpr_dev_ST	0	1769442	isabelle/layerB/pss_wip.thy	107493	false	7125008	0	true
pss_wip.dpr_dev_lessBT	pss_wip	pss_wip.dpr_dev_lessBT	0	1769478	isabelle/layerB/pss_wip.thy	107502	false	7125084	0	true
pss_wip.dpr_devchain_of_devpair	pss_wip	pss_wip.dpr_devchain_of_devpair	0	1769560	isabelle/layerB/pss_wip.thy	107525	false	7125232	0	true
pss_wip.dpr_devel_of_devchain	pss_wip	pss_wip.dpr_devel_of_devchain	0	1769710	isabelle/layerB/pss_wip.thy	107556	false	7125446	0	true
pss_wip.dpr_slotTail_modDevchain	pss_wip	pss_wip.dpr_slotTail_modDevchain	0	1769734	isabelle/layerB/pss_wip.thy	107592	false	7125732	0	true
pss_wip.dpr_two_slots_of_devchain	pss_wip	pss_wip.dpr_two_slots_of_devchain	0	1769768	isabelle/layerB/pss_wip.thy	107616	false	7126170	0	true
pss_wip.dpr_two_slots_corner	pss_wip	pss_wip.dpr_two_slots_corner	0	1769788	isabelle/layerB/pss_wip.thy	107653	false	7126472	0	true
pss_wip.hgx_lessBT_single_cons	pss_wip	pss_wip.hgx_lessBT_single_cons	0	1769798	isabelle/layerB/pss_wip.thy	107724	false	7126680	0	true
pss_wip.hgx_lessBT_leBT_trans	pss_wip	pss_wip.hgx_lessBT_leBT_trans	0	1769814	isabelle/layerB/pss_wip.thy	107743	false	7126734	0	true
pss_wip.hgx_dom_lift	pss_wip	pss_wip.hgx_dom_lift	0	1769820	isabelle/layerB/pss_wip.thy	107753	false	7126806	0	true
pss_wip.hgx_descP_ps_of_OT	pss_wip	pss_wip.hgx_descP_ps_of_OT	0	1769826	isabelle/layerB/pss_wip.thy	107781	false	7126894	0	true
pss_wip.hgx_qltdep_of_depOT_headgap	pss_wip	pss_wip.hgx_qltdep_of_depOT_headgap	0	1769832	isabelle/layerB/pss_wip.thy	107796	false	7126978	0	true
pss_wip.hgx_depdom_of_parts	pss_wip	pss_wip.hgx_depdom_of_parts	0	1769840	isabelle/layerB/pss_wip.thy	107827	false	7127076	0	true
pss_wip.hgx_depdom_of_sliceV0	pss_wip	pss_wip.hgx_depdom_of_sliceV0	0	1769874	isabelle/layerB/pss_wip.thy	107865	false	7127228	0	true
pss_wip.hgx_qcore_of_depdom	pss_wip	pss_wip.hgx_qcore_of_depdom	0	1769972	isabelle/layerB/pss_wip.thy	107883	false	7127556	0	true
pss_wip.hgx_Gcore_of_depdom	pss_wip	pss_wip.hgx_Gcore_of_depdom	0	1770056	isabelle/layerB/pss_wip.thy	107899	false	7127878	0	true
pss_wip.hgx_slotAppg_modDom	pss_wip	pss_wip.hgx_slotAppg_modDom	0	1770142	isabelle/layerB/pss_wip.thy	107923	false	7128094	0	true
pss_wip.hgx_slotAppg_modSliceGaps	pss_wip	pss_wip.hgx_slotAppg_modSliceGaps	0	1770186	isabelle/layerB/pss_wip.thy	107958	false	7128416	0	true
pss_wip.hgx_slotHeadWB_of_deple	pss_wip	pss_wip.hgx_slotHeadWB_of_deple	0	1770278	isabelle/layerB/pss_wip.thy	108005	false	7128828	0	true
pss_wip.mdx_P_allpairs_leBT_modFseq	pss_wip	pss_wip.mdx_P_allpairs_leBT_modFseq	0	1770352	isabelle/layerB/pss_wip.thy	108087	false	7129096	0	true
pss_wip.mdx_comple_modFseq	pss_wip	pss_wip.mdx_comple_modFseq	0	1770404	isabelle/layerB/pss_wip.thy	108273	false	7129282	0	true
pss_wip.mdx_multiD	pss_wip	pss_wip.mdx_multiD	0	1770448	isabelle/layerB/pss_wip.thy	108301	false	7129426	0	true
pss_wip.mdx_Trans_preserves_OT_of_slots	pss_wip	pss_wip.mdx_Trans_preserves_OT_of_slots	0	1770698	isabelle/layerB/pss_wip.thy	108319	false	7129686	0	true
pss_wip.hqx_Pred_seg	pss_wip	pss_wip.hqx_Pred_seg	0	1770732	isabelle/layerB/pss_wip.thy	108411	false	7130246	0	false
pss_wip.hqx_HEADEQ0	pss_wip	pss_wip.hqx_HEADEQ0	0	1770792	isabelle/layerB/pss_wip.thy	108441	false	7130340	0	true
pss_wip.hqx_VE34_of_reg	pss_wip	pss_wip.hqx_VE34_of_reg	0	1770864	isabelle/layerB/pss_wip.thy	108690	false	7130428	0	true
pss_wip.hqx_VE34_of_DT	pss_wip	pss_wip.hqx_VE34_of_DT	0	1770936	isabelle/layerB/pss_wip.thy	108701	false	7130512	0	true
pss_wip.hqx_condIIIV_of_DT	pss_wip	pss_wip.hqx_condIIIV_of_DT	0	1771066	isabelle/layerB/pss_wip.thy	108722	false	7130692	0	true
pss_wip.dcx_Lng_funpow_IncrFirst	pss_wip	pss_wip.dcx_Lng_funpow_IncrFirst	0	1771130	isabelle/layerB/pss_wip.thy	108858	false	7131010	0	false
pss_wip.dcx_shift_standard_Trans	pss_wip	pss_wip.dcx_shift_standard_Trans	0	1771178	isabelle/layerB/pss_wip.thy	108861	false	7131082	0	true
pss_wip.dcx_branch_Lng	pss_wip	pss_wip.dcx_branch_Lng	0	1771208	isabelle/layerB/pss_wip.thy	108876	false	7131160	0	true
pss_wip.dcx_branchwit_of_readoff	pss_wip	pss_wip.dcx_branchwit_of_readoff	0	1771238	isabelle/layerB/pss_wip.thy	108897	false	7131268	0	true
pss_wip.dcx_dev_two_step	pss_wip	pss_wip.dcx_dev_two_step	0	1771272	isabelle/layerB/pss_wip.thy	108906	false	7131412	0	true
pss_wip.dcx_devchain_of_branchwit	pss_wip	pss_wip.dcx_devchain_of_branchwit	0	1771332	isabelle/layerB/pss_wip.thy	108923	false	7131602	0	true
pss_wip.dcx_devchain	pss_wip	pss_wip.dcx_devchain	0	1771508	isabelle/layerB/pss_wip.thy	108963	false	7131858	0	true
pss_wip.dcx_two_slots	pss_wip	pss_wip.dcx_two_slots	0	1771716	isabelle/layerB/pss_wip.thy	108991	false	7132142	0	true
pss_wip.dcx_slotTail	pss_wip	pss_wip.dcx_slotTail	0	1771804	isabelle/layerB/pss_wip.thy	109022	false	7132516	0	true
pss_wip.dcx_slotNewOT	pss_wip	pss_wip.dcx_slotNewOT	0	1771866	isabelle/layerB/pss_wip.thy	109042	false	7132786	0	true
pss_wip.ddx_lessBT_snoc	pss_wip	pss_wip.ddx_lessBT_snoc	0	1771890	isabelle/layerB/pss_wip.thy	109110	false	7133098	0	true
pss_wip.ddx_keystone_realign	pss_wip	pss_wip.ddx_keystone_realign	0	1771916	isabelle/layerB/pss_wip.thy	109126	false	7133176	0	true
pss_wip.ddx_preddom_of_predOT	pss_wip	pss_wip.ddx_preddom_of_predOT	0	1771922	isabelle/layerB/pss_wip.thy	109243	false	7133344	0	true
pss_wip.ddx_transfer_append	pss_wip	pss_wip.ddx_transfer_append	0	1771928	isabelle/layerB/pss_wip.thy	109265	false	7133512	0	true
pss_wip.ddx_transfer_of_append_shape	pss_wip	pss_wip.ddx_transfer_of_append_shape	0	1771940	isabelle/layerB/pss_wip.thy	109372	false	7133646	0	true
pss_wip.ddx_depdom_modResid	pss_wip	pss_wip.ddx_depdom_modResid	0	1771960	isabelle/layerB/pss_wip.thy	109397	false	7133752	0	true
pss_wip.ddx_slotAppg	pss_wip	pss_wip.ddx_slotAppg	0	1771992	isabelle/layerB/pss_wip.thy	109452	false	7134058	0	true
pss_wip.asx_comple_of_allpairs	pss_wip	pss_wip.asx_comple_of_allpairs	0	1772066	isabelle/layerB/pss_wip.thy	109616	false	7134386	0	true
pss_wip.asx_multiD_of_allpairs	pss_wip	pss_wip.asx_multiD_of_allpairs	0	1772216	isabelle/layerB/pss_wip.thy	109641	false	7134480	0	true
pss_wip.asx_Trans_OT_of_slots_allpairs	pss_wip	pss_wip.asx_Trans_OT_of_slots_allpairs	0	1772266	isabelle/layerB/pss_wip.thy	109656	false	7134658	0	true
pss_wip.asx_termination_census(1)	pss_wip	pss_wip.asx_termination_census	1	1772334	isabelle/layerB/pss_wip.thy	109717	false	7134836	0	true
pss_wip.asx_termination_census(2)	pss_wip	pss_wip.asx_termination_census	2	1772336	isabelle/layerB/pss_wip.thy	109717	false	7134836	0	true
pss_wip.asx_joint_induction	pss_wip	pss_wip.asx_joint_induction	0	1772348	isabelle/layerB/pss_wip.thy	109790	false	7135032	0	true
pss_wip.asx_fseqD_derived	pss_wip	pss_wip.asx_fseqD_derived	0	1772354	isabelle/layerB/pss_wip.thy	109858	false	7135202	0	false
pss_wip.asx_allpairs_of_fseqD	pss_wip	pss_wip.asx_allpairs_of_fseqD	0	1772360	isabelle/layerB/pss_wip.thy	109871	false	7135288	0	true
pss_wip.asx_devchain_takeover	pss_wip	pss_wip.asx_devchain_takeover	0	1772384	isabelle/layerB/pss_wip.thy	109888	false	7135408	0	true
pss_wip.apx_Trans_OT_all_of_step	pss_wip	pss_wip.apx_Trans_OT_all_of_step	0	1772432	isabelle/layerB/pss_wip.thy	109980	false	7136378	0	true
pss_wip.apx_Trans_OT_all_of_otx_slots	pss_wip	pss_wip.apx_Trans_OT_all_of_otx_slots	0	1772526	isabelle/layerB/pss_wip.thy	110001	false	7137080	0	true
pss_wip.apx_descent_of_otx_slots	pss_wip	pss_wip.apx_descent_of_otx_slots	0	1772684	isabelle/layerB/pss_wip.thy	110041	false	7138084	0	true
pss_wip.apx_descent_of_step	pss_wip	pss_wip.apx_descent_of_step	0	1772776	isabelle/layerB/pss_wip.thy	110071	false	7139228	0	true
pss_wip.apx_fseqD_grounded	pss_wip	pss_wip.apx_fseqD_grounded	0	1772956	isabelle/layerB/pss_wip.thy	110095	false	7139980	0	true
pss_wip.apx_AP_grounded	pss_wip	pss_wip.apx_AP_grounded	0	1773090	isabelle/layerB/pss_wip.thy	110127	false	7141594	0	true
pss_wip.apx_AP_grounded_of_step	pss_wip	pss_wip.apx_AP_grounded_of_step	0	1773162	isabelle/layerB/pss_wip.thy	110164	false	7143346	0	true
pss_wip.apx_multiD_grounded	pss_wip	pss_wip.apx_multiD_grounded	0	1773264	isabelle/layerB/pss_wip.thy	110199	false	7143902	0	true
pss_wip.apx_termination_final(1)	pss_wip	pss_wip.apx_termination_final	1	1773434	isabelle/layerB/pss_wip.thy	110241	false	7145252	0	true
pss_wip.apx_termination_final(2)	pss_wip	pss_wip.apx_termination_final	2	1773436	isabelle/layerB/pss_wip.thy	110241	false	7145252	0	true
pss_wip.apx_termination_final_of_step(1)	pss_wip	pss_wip.apx_termination_final_of_step	1	1773496	isabelle/layerB/pss_wip.thy	110278	false	7146342	0	true
pss_wip.apx_termination_final_of_step(2)	pss_wip	pss_wip.apx_termination_final_of_step	2	1773498	isabelle/layerB/pss_wip.thy	110278	false	7146342	0	true
pss_wip.apx_OTstep_of_otx_slots	pss_wip	pss_wip.apx_OTstep_of_otx_slots	0	1773512	isabelle/layerB/pss_wip.thy	110311	false	7146808	0	true
pss_wip.tvx_run_nadm_Rc	pss_wip	pss_wip.tvx_run_nadm_Rc	0	1773528	isabelle/layerB/pss_wip.thy	110390	false	7147134	0	true
pss_wip.tvx_d_lt_TrMax	pss_wip	pss_wip.tvx_d_lt_TrMax	0	1773544	isabelle/layerB/pss_wip.thy	110442	false	7147286	0	true
pss_wip.tvx_tailval_of_boundary(1)	pss_wip	pss_wip.tvx_tailval_of_boundary	1	1773588	isabelle/layerB/pss_wip.thy	110527	false	7147400	0	true
pss_wip.tvx_tailval_of_boundary(2)	pss_wip	pss_wip.tvx_tailval_of_boundary	2	1773592	isabelle/layerB/pss_wip.thy	110527	false	7147400	0	true
pss_wip.tvx_Rc_def	pss_wip	pss_wip.tvx_Rc_def	0	1773610	isabelle/layerB/pss_wip.thy	110652	false	7147934	0	false
pss_wip.tvx_d_def	pss_wip	pss_wip.tvx_d_def	0	1773624	isabelle/layerB/pss_wip.thy	110655	false	7148116	0	false
pss_wip.tvx_jL_def	pss_wip	pss_wip.tvx_jL_def	0	1773650	isabelle/layerB/pss_wip.thy	110658	false	7148248	0	false
pss_wip.tvx_fn_def	pss_wip	pss_wip.tvx_fn_def	0	1773666	isabelle/layerB/pss_wip.thy	110661	false	7148382	0	false
pss_wip.tvx_finRc_def	pss_wip	pss_wip.tvx_finRc_def	0	1773686	isabelle/layerB/pss_wip.thy	110675	false	7148540	0	false
pss_wip.tvx_TVall_of_residuals	pss_wip	pss_wip.tvx_TVall_of_residuals	0	1773748	isabelle/layerB/pss_wip.thy	110706	false	7148884	0	true
pss_wip.tvx_termination_modOT(1)	pss_wip	pss_wip.tvx_termination_modOT	1	1773978	isabelle/layerB/pss_wip.thy	110795	false	7149334	0	true
pss_wip.tvx_termination_modOT(2)	pss_wip	pss_wip.tvx_termination_modOT	2	1773980	isabelle/layerB/pss_wip.thy	110795	false	7149334	0	true
pss_wip.tvx_fn_row_bound	pss_wip	pss_wip.tvx_fn_row_bound	0	1774002	isabelle/layerB/pss_wip.thy	110857	false	7149982	0	true
pss_wip.tvx_TVall_of_LDJB_fin	pss_wip	pss_wip.tvx_TVall_of_LDJB_fin	0	1774014	isabelle/layerB/pss_wip.thy	110943	false	7150088	0	true
pss_wip.tvx_termination_modOT_sharp(1)	pss_wip	pss_wip.tvx_termination_modOT_sharp	1	1774036	isabelle/layerB/pss_wip.thy	110958	false	7150248	0	true
pss_wip.tvx_termination_modOT_sharp(2)	pss_wip	pss_wip.tvx_termination_modOT_sharp	2	1774038	isabelle/layerB/pss_wip.thy	110958	false	7150248	0	true
pss_wip.oix_lessBT_snoc_band	pss_wip	pss_wip.oix_lessBT_snoc_band	0	1774064	isabelle/layerB/pss_wip.thy	111068	false	7150648	0	true
pss_wip.oix_G_prefix_lt	pss_wip	pss_wip.oix_G_prefix_lt	0	1774074	isabelle/layerB/pss_wip.thy	111110	false	7150764	0	true
pss_wip.oix_twr_graph.intros(1)	pss_wip	pss_wip.oix_twr_graph.intros	1	1774102	isabelle/layerB/pss_wip.thy	111129	true	7150870	0	true
pss_wip.oix_twr_graph.intros(2)	pss_wip	pss_wip.oix_twr_graph.intros	2	1774104	isabelle/layerB/pss_wip.thy	111129	true	7150870	0	true
pss_wip.oix_twr_graph.cases	pss_wip	pss_wip.oix_twr_graph.cases	0	1774106	isabelle/layerB/pss_wip.thy	111129	true	7150870	0	true
pss_wip.oix_twr_graph.induct	pss_wip	pss_wip.oix_twr_graph.induct	0	1774110	isabelle/layerB/pss_wip.thy	111129	true	7150870	0	true
pss_wip.oix_twr_graph.simps	pss_wip	pss_wip.oix_twr_graph.simps	0	1774112	isabelle/layerB/pss_wip.thy	111129	true	7150870	0	true
pss_wip.oix_twr_graph.inducts	pss_wip	pss_wip.oix_twr_graph.inducts	0	1774114	isabelle/layerB/pss_wip.thy	111129	true	7150870	0	true
pss_wip.oix_twr_rel.intros	pss_wip	pss_wip.oix_twr_rel.intros	0	1774140	isabelle/layerB/pss_wip.thy	111129	true	7150870	0	true
pss_wip.oix_twr_rel.cases	pss_wip	pss_wip.oix_twr_rel.cases	0	1774142	isabelle/layerB/pss_wip.thy	111129	true	7150870	0	true
pss_wip.oix_twr_rel.induct	pss_wip	pss_wip.oix_twr_rel.induct	0	1774146	isabelle/layerB/pss_wip.thy	111129	true	7150870	0	true
pss_wip.oix_twr_rel.simps	pss_wip	pss_wip.oix_twr_rel.simps	0	1774148	isabelle/layerB/pss_wip.thy	111129	true	7150870	0	true
pss_wip.oix_twr_rel.inducts	pss_wip	pss_wip.oix_twr_rel.inducts	0	1774150	isabelle/layerB/pss_wip.thy	111129	true	7150870	0	true
pss_wip.oix_twr.psimps(1)	pss_wip	pss_wip.oix_twr.psimps	1	1774224	isabelle/layerB/pss_wip.thy	111129	true	7150870	0	true
pss_wip.oix_twr.psimps(2)	pss_wip	pss_wip.oix_twr.psimps	2	1774226	isabelle/layerB/pss_wip.thy	111129	true	7150870	0	true
pss_wip.oix_twr.pinduct	pss_wip	pss_wip.oix_twr.pinduct	0	1774228	isabelle/layerB/pss_wip.thy	111129	true	7150870	0	true
pss_wip.oix_twr.termination	pss_wip	pss_wip.oix_twr.termination	0	1774230	isabelle/layerB/pss_wip.thy	111129	true	7150870	0	true
pss_wip.oix_twr.cases	pss_wip	pss_wip.oix_twr.cases	0	1774232	isabelle/layerB/pss_wip.thy	111129	false	7150870	0	true
pss_wip.oix_twr.pelims	pss_wip	pss_wip.oix_twr.pelims	0	1774236	isabelle/layerB/pss_wip.thy	111129	false	7150870	0	true
pss_wip.oix_twr.simps(1)	pss_wip	pss_wip.oix_twr.simps	1	1774252	isabelle/layerB/pss_wip.thy	111129	false	7150870	0	true
pss_wip.oix_twr.simps(2)	pss_wip	pss_wip.oix_twr.simps	2	1774254	isabelle/layerB/pss_wip.thy	111129	false	7150870	0	true
pss_wip.oix_twr.induct	pss_wip	pss_wip.oix_twr.induct	0	1774260	isabelle/layerB/pss_wip.thy	111129	false	7150870	0	true
pss_wip.oix_twr.elims	pss_wip	pss_wip.oix_twr.elims	0	1774262	isabelle/layerB/pss_wip.thy	111129	false	7150870	0	true
pss_wip.oix_concat_rep_snoc	pss_wip	pss_wip.oix_concat_rep_snoc	0	1774280	isabelle/layerB/pss_wip.thy	111133	false	7152996	0	false
pss_wip.oix_concat_rep_comm	pss_wip	pss_wip.oix_concat_rep_comm	0	1774288	isabelle/layerB/pss_wip.thy	111137	false	7153116	0	false
pss_wip.oix_twr_shift	pss_wip	pss_wip.oix_twr_shift	0	1774318	isabelle/layerB/pss_wip.thy	111141	false	7153196	0	true
pss_wip.oix_twr_TB	pss_wip	pss_wip.oix_twr_TB	0	1774328	isabelle/layerB/pss_wip.thy	111145	false	7153326	0	true
pss_wip.oix_twr_flat	pss_wip	pss_wip.oix_twr_flat	0	1774358	isabelle/layerB/pss_wip.thy	111165	false	7153546	0	true
pss_wip.oix_twr_grow	pss_wip	pss_wip.oix_twr_grow	0	1774384	isabelle/layerB/pss_wip.thy	111194	false	7153948	0	true
pss_wip.oix_twr_base_mono	pss_wip	pss_wip.oix_twr_base_mono	0	1774404	isabelle/layerB/pss_wip.thy	111211	false	7154198	0	true
pss_wip.oix_twr_ord_lo	pss_wip	pss_wip.oix_twr_ord_lo	0	1774450	isabelle/layerB/pss_wip.thy	111241	false	7154356	0	true
pss_wip.oix_twr_ord_hi	pss_wip	pss_wip.oix_twr_ord_hi	0	1774468	isabelle/layerB/pss_wip.thy	111246	false	7154538	0	true
pss_wip.oix_condV_adm_newOT	pss_wip	pss_wip.oix_condV_adm_newOT	0	1774550	isabelle/layerB/pss_wip.thy	111266	false	7154728	0	true
pss_wip.oix_condV_adm_setle	pss_wip	pss_wip.oix_condV_adm_setle	0	1774576	isabelle/layerB/pss_wip.thy	111358	false	7154946	0	true
pss_wip.oix_twr_ord_lo0	pss_wip	pss_wip.oix_twr_ord_lo0	0	1774586	isabelle/layerB/pss_wip.thy	111454	false	7155108	0	true
pss_wip.oix_twr_ord_hi0	pss_wip	pss_wip.oix_twr_ord_hi0	0	1774598	isabelle/layerB/pss_wip.thy	111460	false	7155280	0	true
pss_wip.oix_condV_adm_setle0	pss_wip	pss_wip.oix_condV_adm_setle0	0	1774640	isabelle/layerB/pss_wip.thy	111470	false	7155414	0	true
pss_wip.oix_transport_def	pss_wip	pss_wip.oix_transport_def	0	1774670	isabelle/layerB/pss_wip.thy	111571	false	7155636	0	false
pss_wip.oix_transportD	pss_wip	pss_wip.oix_transportD	0	1774750	isabelle/layerB/pss_wip.thy	111583	false	7156060	0	false
pss_wip.oix_OTint_condV_adm	pss_wip	pss_wip.oix_OTint_condV_adm	0	1774808	isabelle/layerB/pss_wip.thy	111599	false	7156414	0	true
pss_wip.oix_OTint_slot	pss_wip	pss_wip.oix_OTint_slot	0	1775104	isabelle/layerB/pss_wip.thy	111742	false	7156674	0	true
pss_wip.oix_census_modOPM(1)	pss_wip	pss_wip.oix_census_modOPM	1	1775906	isabelle/layerB/pss_wip.thy	111784	false	7157204	0	true
pss_wip.oix_census_modOPM(2)	pss_wip	pss_wip.oix_census_modOPM	2	1775912	isabelle/layerB/pss_wip.thy	111784	false	7157204	0	true
pss_wip.oix_W_twr_t2	pss_wip	pss_wip.oix_W_twr_t2	0	1776076	isabelle/layerB/pss_wip.thy	111841	false	7158144	0	true
pss_wip.oix_W_twr_D0	pss_wip	pss_wip.oix_W_twr_D0	0	1776140	isabelle/layerB/pss_wip.thy	111845	false	7158256	0	true
pss_wip.oix_bodyM_twr	pss_wip	pss_wip.oix_bodyM_twr	0	1776204	isabelle/layerB/pss_wip.thy	111850	false	7158348	0	true
pss_wip.oix_bodyO_twr	pss_wip	pss_wip.oix_bodyO_twr	0	1776256	isabelle/layerB/pss_wip.thy	111858	false	7158436	0	true
pss_wip.oix_leBT_trans	pss_wip	pss_wip.oix_leBT_trans	0	1776286	isabelle/layerB/pss_wip.thy	111876	false	7158524	0	true
pss_wip.oix_descP_ge_last	pss_wip	pss_wip.oix_descP_ge_last	0	1776360	isabelle/layerB/pss_wip.thy	111879	false	7158608	0	true
pss_wip.oix_isOT_BP_head_antitone	pss_wip	pss_wip.oix_isOT_BP_head_antitone	0	1776400	isabelle/layerB/pss_wip.thy	111914	false	7158800	0	true
pss_wip.oix_condV_G_guard_at	pss_wip	pss_wip.oix_condV_G_guard_at	0	1776488	isabelle/layerB/pss_wip.thy	111929	false	7158892	0	true
pss_wip.oix_condV_newOT_gen(1)	pss_wip	pss_wip.oix_condV_newOT_gen	1	1776626	isabelle/layerB/pss_wip.thy	111979	false	7159042	0	true
pss_wip.oix_condV_newOT_gen(2)	pss_wip	pss_wip.oix_condV_newOT_gen	2	1776630	isabelle/layerB/pss_wip.thy	111979	false	7159042	0	true
pss_wip.oix_OTint_condV_nadm	pss_wip	pss_wip.oix_OTint_condV_nadm	0	1776900	isabelle/layerB/pss_wip.thy	112041	false	7159266	0	true
pss_wip.oix_OTint_slot2	pss_wip	pss_wip.oix_OTint_slot2	0	1777324	isabelle/layerB/pss_wip.thy	112196	false	7159774	0	true
pss_wip.oix_census_modOPM2(1)	pss_wip	pss_wip.oix_census_modOPM2	1	1777576	isabelle/layerB/pss_wip.thy	112253	false	7160702	0	true
pss_wip.oix_census_modOPM2(2)	pss_wip	pss_wip.oix_census_modOPM2	2	1777578	isabelle/layerB/pss_wip.thy	112253	false	7160702	0	true
pss_wip.wfs_probe_ordLess(1)	pss_wip	pss_wip.wfs_probe_ordLess	1	1777728	isabelle/layerB/pss_wip.thy	112361	false	7162276	0	false
pss_wip.wfs_probe_ordLess(2)	pss_wip	pss_wip.wfs_probe_ordLess	2	1777730	isabelle/layerB/pss_wip.thy	112361	false	7162276	0	false
pss_wip.wfs_probe_ordLess(3)	pss_wip	pss_wip.wfs_probe_ordLess	3	1777734	isabelle/layerB/pss_wip.thy	112361	false	7162276	0	false
pss_wip.wfs_probe_ordLess(4)	pss_wip	pss_wip.wfs_probe_ordLess	4	1777736	isabelle/layerB/pss_wip.thy	112361	false	7162276	0	false
pss_wip.wfs_probe_ordLess(5)	pss_wip	pss_wip.wfs_probe_ordLess	5	1777738	isabelle/layerB/pss_wip.thy	112361	false	7162276	0	false
pss_wip.wfs_probe_ordLess(6)	pss_wip	pss_wip.wfs_probe_ordLess	6	1777740	isabelle/layerB/pss_wip.thy	112361	false	7162276	0	false
pss_wip.wfs_probe_acc(1)	pss_wip	pss_wip.wfs_probe_acc	1	1777772	isabelle/layerB/pss_wip.thy	112363	false	7162362	0	false
pss_wip.wfs_probe_acc(2)	pss_wip	pss_wip.wfs_probe_acc	2	1777776	isabelle/layerB/pss_wip.thy	112363	false	7162362	0	false
pss_wip.wfs_probe_acc(3)	pss_wip	pss_wip.wfs_probe_acc	3	1777778	isabelle/layerB/pss_wip.thy	112363	false	7162362	0	false
pss_wip.wfs_probe_acc(4)	pss_wip	pss_wip.wfs_probe_acc	4	1777780	isabelle/layerB/pss_wip.thy	112363	false	7162362	0	false
pss_wip.wfs_probe_acc(5)	pss_wip	pss_wip.wfs_probe_acc	5	1777782	isabelle/layerB/pss_wip.thy	112363	false	7162362	0	false
pss_wip.wfs_probe_order(1)	pss_wip	pss_wip.wfs_probe_order	1	1777820	isabelle/layerB/pss_wip.thy	112364	false	7162420	0	false
pss_wip.wfs_probe_order(2)	pss_wip	pss_wip.wfs_probe_order	2	1777822	isabelle/layerB/pss_wip.thy	112364	false	7162420	0	false
pss_wip.wfs_probe_order(3)	pss_wip	pss_wip.wfs_probe_order	3	1777824	isabelle/layerB/pss_wip.thy	112364	false	7162420	0	false
pss_wip.wfs_probe_order(4)	pss_wip	pss_wip.wfs_probe_order	4	1777826	isabelle/layerB/pss_wip.thy	112364	false	7162420	0	false
pss_wip.wfs_probe_order(5)	pss_wip	pss_wip.wfs_probe_order	5	1777828	isabelle/layerB/pss_wip.thy	112364	false	7162420	0	false
pss_wip.wfs_probe_order(6)	pss_wip	pss_wip.wfs_probe_order	6	1777830	isabelle/layerB/pss_wip.thy	112364	false	7162420	0	false
pss_wip.wfs_maxe_graph.intros(1)	pss_wip	pss_wip.wfs_maxe_graph.intros	1	1777994	isabelle/layerB/pss_wip.thy	112369	true	7162526	0	true
pss_wip.wfs_maxe_graph.intros(2)	pss_wip	pss_wip.wfs_maxe_graph.intros	2	1777996	isabelle/layerB/pss_wip.thy	112369	true	7162526	0	true
pss_wip.wfs_maxe_graph.cases	pss_wip	pss_wip.wfs_maxe_graph.cases	0	1778000	isabelle/layerB/pss_wip.thy	112369	true	7162526	0	true
pss_wip.wfs_maxe_graph.induct	pss_wip	pss_wip.wfs_maxe_graph.induct	0	1778008	isabelle/layerB/pss_wip.thy	112369	true	7162526	0	true
pss_wip.wfs_maxe_graph.simps	pss_wip	pss_wip.wfs_maxe_graph.simps	0	1778018	isabelle/layerB/pss_wip.thy	112369	true	7162526	0	true
pss_wip.wfs_maxe_graph.inducts	pss_wip	pss_wip.wfs_maxe_graph.inducts	0	1778026	isabelle/layerB/pss_wip.thy	112369	true	7162526	0	true
pss_wip.wfs_maxe_rel.intros	pss_wip	pss_wip.wfs_maxe_rel.intros	0	1778130	isabelle/layerB/pss_wip.thy	112369	true	7162526	0	true
pss_wip.wfs_maxe_rel.cases	pss_wip	pss_wip.wfs_maxe_rel.cases	0	1778138	isabelle/layerB/pss_wip.thy	112369	true	7162526	0	true
pss_wip.wfs_maxe_rel.induct	pss_wip	pss_wip.wfs_maxe_rel.induct	0	1778148	isabelle/layerB/pss_wip.thy	112369	true	7162526	0	true
pss_wip.wfs_maxe_rel.simps	pss_wip	pss_wip.wfs_maxe_rel.simps	0	1778154	isabelle/layerB/pss_wip.thy	112369	true	7162526	0	true
pss_wip.wfs_maxe_rel.inducts	pss_wip	pss_wip.wfs_maxe_rel.inducts	0	1778166	isabelle/layerB/pss_wip.thy	112369	true	7162526	0	true
pss_wip.wfs_maxe.psimps(1)	pss_wip	pss_wip.wfs_maxe.psimps	1	1778352	isabelle/layerB/pss_wip.thy	112369	true	7162526	0	true
pss_wip.wfs_maxe.psimps(2)	pss_wip	pss_wip.wfs_maxe.psimps	2	1778360	isabelle/layerB/pss_wip.thy	112369	true	7162526	0	true
pss_wip.wfs_maxe.pinduct	pss_wip	pss_wip.wfs_maxe.pinduct	0	1778370	isabelle/layerB/pss_wip.thy	112369	true	7162526	0	true
pss_wip.wfs_maxe.termination	pss_wip	pss_wip.wfs_maxe.termination	0	1778382	isabelle/layerB/pss_wip.thy	112369	true	7162526	0	true
pss_wip.wfs_maxe.cases	pss_wip	pss_wip.wfs_maxe.cases	0	1778388	isabelle/layerB/pss_wip.thy	112369	false	7162526	0	true
pss_wip.wfs_maxe.pelims	pss_wip	pss_wip.wfs_maxe.pelims	0	1778396	isabelle/layerB/pss_wip.thy	112369	false	7162526	0	true
pss_wip.wfs_maxe.simps(1)	pss_wip	pss_wip.wfs_maxe.simps	1	1778452	isabelle/layerB/pss_wip.thy	112369	false	7162526	0	true
pss_wip.wfs_maxe.simps(2)	pss_wip	pss_wip.wfs_maxe.simps	2	1778456	isabelle/layerB/pss_wip.thy	112369	false	7162526	0	true
pss_wip.wfs_maxe.induct	pss_wip	pss_wip.wfs_maxe.induct	0	1778466	isabelle/layerB/pss_wip.thy	112369	false	7162526	0	true
pss_wip.wfs_maxe.elims	pss_wip	pss_wip.wfs_maxe.elims	0	1778474	isabelle/layerB/pss_wip.thy	112369	false	7162526	0	true
pss_wip.wfs_max_eq0	pss_wip	pss_wip.wfs_max_eq0	0	1778556	isabelle/layerB/pss_wip.thy	112373	false	7163654	0	true
pss_wip.wfs_max_fin	pss_wip	pss_wip.wfs_max_fin	0	1778596	isabelle/layerB/pss_wip.thy	112376	false	7163714	0	true
pss_wip.wfs_maxe_eq0	pss_wip	pss_wip.wfs_maxe_eq0	0	1778624	isabelle/layerB/pss_wip.thy	112379	false	7163780	0	true
pss_wip.wfs_maxe_fin	pss_wip	pss_wip.wfs_maxe_fin	0	1778684	isabelle/layerB/pss_wip.thy	112382	false	7163844	0	true
pss_wip.wfs_lvT_wfs_lvP_graph.intros(1)	pss_wip	pss_wip.wfs_lvT_wfs_lvP_graph.intros	1	1778882	isabelle/layerB/pss_wip.thy	112385	true	7163904	0	true
pss_wip.wfs_lvT_wfs_lvP_graph.intros(2)	pss_wip	pss_wip.wfs_lvT_wfs_lvP_graph.intros	2	1778886	isabelle/layerB/pss_wip.thy	112385	true	7163904	0	true
pss_wip.wfs_lvT_wfs_lvP_graph.cases	pss_wip	pss_wip.wfs_lvT_wfs_lvP_graph.cases	0	1778890	isabelle/layerB/pss_wip.thy	112385	true	7163904	0	true
pss_wip.wfs_lvT_wfs_lvP_graph.induct	pss_wip	pss_wip.wfs_lvT_wfs_lvP_graph.induct	0	1778898	isabelle/layerB/pss_wip.thy	112385	true	7163904	0	true
pss_wip.wfs_lvT_wfs_lvP_graph.simps	pss_wip	pss_wip.wfs_lvT_wfs_lvP_graph.simps	0	1778904	isabelle/layerB/pss_wip.thy	112385	true	7163904	0	true
pss_wip.wfs_lvT_wfs_lvP_graph.inducts	pss_wip	pss_wip.wfs_lvT_wfs_lvP_graph.inducts	0	1778910	isabelle/layerB/pss_wip.thy	112385	true	7163904	0	true
pss_wip.wfs_lvT_wfs_lvP_rel.intros(1)	pss_wip	pss_wip.wfs_lvT_wfs_lvP_rel.intros	1	1779046	isabelle/layerB/pss_wip.thy	112385	true	7163904	0	true
pss_wip.wfs_lvT_wfs_lvP_rel.intros(2)	pss_wip	pss_wip.wfs_lvT_wfs_lvP_rel.intros	2	1779050	isabelle/layerB/pss_wip.thy	112385	true	7163904	0	true
pss_wip.wfs_lvT_wfs_lvP_rel.cases	pss_wip	pss_wip.wfs_lvT_wfs_lvP_rel.cases	0	1779052	isabelle/layerB/pss_wip.thy	112385	true	7163904	0	true
pss_wip.wfs_lvT_wfs_lvP_rel.induct	pss_wip	pss_wip.wfs_lvT_wfs_lvP_rel.induct	0	1779060	isabelle/layerB/pss_wip.thy	112385	true	7163904	0	true
pss_wip.wfs_lvT_wfs_lvP_rel.simps	pss_wip	pss_wip.wfs_lvT_wfs_lvP_rel.simps	0	1779064	isabelle/layerB/pss_wip.thy	112385	true	7163904	0	true
pss_wip.wfs_lvT_wfs_lvP_rel.inducts	pss_wip	pss_wip.wfs_lvT_wfs_lvP_rel.inducts	0	1779068	isabelle/layerB/pss_wip.thy	112385	true	7163904	0	true
pss_wip.wfs_lvT.psimps	pss_wip	pss_wip.wfs_lvT.psimps	0	1779322	isabelle/layerB/pss_wip.thy	112385	true	7163904	0	true
pss_wip.wfs_lvP.psimps	pss_wip	pss_wip.wfs_lvP.psimps	0	1779328	isabelle/layerB/pss_wip.thy	112385	true	7163904	0	true
pss_wip.wfs_lvT_wfs_lvP.pinduct(1)	pss_wip	pss_wip.wfs_lvT_wfs_lvP.pinduct	1	1779334	isabelle/layerB/pss_wip.thy	112385	true	7163904	0	true
pss_wip.wfs_lvT_wfs_lvP.pinduct(2)	pss_wip	pss_wip.wfs_lvT_wfs_lvP.pinduct	2	1779338	isabelle/layerB/pss_wip.thy	112385	true	7163904	0	true
pss_wip.wfs_lvT_wfs_lvP.termination	pss_wip	pss_wip.wfs_lvT_wfs_lvP.termination	0	1779352	isabelle/layerB/pss_wip.thy	112385	true	7163904	0	true
pss_wip.wfs_lvT.cases	pss_wip	pss_wip.wfs_lvT.cases	0	1779356	isabelle/layerB/pss_wip.thy	112385	false	7163904	0	true
pss_wip.wfs_lvP.cases	pss_wip	pss_wip.wfs_lvP.cases	0	1779360	isabelle/layerB/pss_wip.thy	112385	false	7163904	0	true
pss_wip.wfs_lvT.pelims	pss_wip	pss_wip.wfs_lvT.pelims	0	1779366	isabelle/layerB/pss_wip.thy	112385	false	7163904	0	true
pss_wip.wfs_lvP.pelims	pss_wip	pss_wip.wfs_lvP.pelims	0	1779368	isabelle/layerB/pss_wip.thy	112385	false	7163904	0	true
pss_wip.wfs_lvT.simps	pss_wip	pss_wip.wfs_lvT.simps	0	1779476	isabelle/layerB/pss_wip.thy	112385	false	7163904	0	true
pss_wip.wfs_lvP.simps	pss_wip	pss_wip.wfs_lvP.simps	0	1779488	isabelle/layerB/pss_wip.thy	112385	false	7163904	0	true
pss_wip.wfs_lvT_wfs_lvP.induct(1)	pss_wip	pss_wip.wfs_lvT_wfs_lvP.induct	1	1779514	isabelle/layerB/pss_wip.thy	112385	false	7163904	0	true
pss_wip.wfs_lvT_wfs_lvP.induct(2)	pss_wip	pss_wip.wfs_lvT_wfs_lvP.induct	2	1779520	isabelle/layerB/pss_wip.thy	112385	false	7163904	0	true
pss_wip.wfs_lvT.elims	pss_wip	pss_wip.wfs_lvT.elims	0	1779540	isabelle/layerB/pss_wip.thy	112385	false	7163904	0	true
pss_wip.wfs_lvP.elims	pss_wip	pss_wip.wfs_lvP.elims	0	1779550	isabelle/layerB/pss_wip.thy	112385	false	7163904	0	true
pss_wip.wfs_lvT0_iff	pss_wip	pss_wip.wfs_lvT0_iff	0	1779650	isabelle/layerB/pss_wip.thy	112389	false	7165482	0	true
pss_wip.wfs_lvP0_iff	pss_wip	pss_wip.wfs_lvP0_iff	0	1779700	isabelle/layerB/pss_wip.thy	112392	false	7165552	0	true
pss_wip.wfs_lv_finT	pss_wip	pss_wip.wfs_lv_finT	0	1779746	isabelle/layerB/pss_wip.thy	112395	false	7165604	0	true
pss_wip.wfs_lv_finP	pss_wip	pss_wip.wfs_lv_finP	0	1779748	isabelle/layerB/pss_wip.thy	112396	false	7165604	0	true
pss_wip.wfs_szT_wfs_szP_graph.intros(1)	pss_wip	pss_wip.wfs_szT_wfs_szP_graph.intros	1	1779884	isabelle/layerB/pss_wip.thy	112408	true	7165680	0	true
pss_wip.wfs_szT_wfs_szP_graph.intros(2)	pss_wip	pss_wip.wfs_szT_wfs_szP_graph.intros	2	1779886	isabelle/layerB/pss_wip.thy	112408	true	7165680	0	true
pss_wip.wfs_szT_wfs_szP_graph.cases	pss_wip	pss_wip.wfs_szT_wfs_szP_graph.cases	0	1779892	isabelle/layerB/pss_wip.thy	112408	true	7165680	0	true
pss_wip.wfs_szT_wfs_szP_graph.induct	pss_wip	pss_wip.wfs_szT_wfs_szP_graph.induct	0	1779900	isabelle/layerB/pss_wip.thy	112408	true	7165680	0	true
pss_wip.wfs_szT_wfs_szP_graph.simps	pss_wip	pss_wip.wfs_szT_wfs_szP_graph.simps	0	1779904	isabelle/layerB/pss_wip.thy	112408	true	7165680	0	true
pss_wip.wfs_szT_wfs_szP_graph.inducts	pss_wip	pss_wip.wfs_szT_wfs_szP_graph.inducts	0	1779910	isabelle/layerB/pss_wip.thy	112408	true	7165680	0	true
pss_wip.wfs_szT_wfs_szP_rel.intros(1)	pss_wip	pss_wip.wfs_szT_wfs_szP_rel.intros	1	1779988	isabelle/layerB/pss_wip.thy	112408	true	7165680	0	true
pss_wip.wfs_szT_wfs_szP_rel.intros(2)	pss_wip	pss_wip.wfs_szT_wfs_szP_rel.intros	2	1779992	isabelle/layerB/pss_wip.thy	112408	true	7165680	0	true
pss_wip.wfs_szT_wfs_szP_rel.cases	pss_wip	pss_wip.wfs_szT_wfs_szP_rel.cases	0	1779996	isabelle/layerB/pss_wip.thy	112408	true	7165680	0	true
pss_wip.wfs_szT_wfs_szP_rel.induct	pss_wip	pss_wip.wfs_szT_wfs_szP_rel.induct	0	1780002	isabelle/layerB/pss_wip.thy	112408	true	7165680	0	true
pss_wip.wfs_szT_wfs_szP_rel.simps	pss_wip	pss_wip.wfs_szT_wfs_szP_rel.simps	0	1780008	isabelle/layerB/pss_wip.thy	112408	true	7165680	0	true
pss_wip.wfs_szT_wfs_szP_rel.inducts	pss_wip	pss_wip.wfs_szT_wfs_szP_rel.inducts	0	1780012	isabelle/layerB/pss_wip.thy	112408	true	7165680	0	true
pss_wip.wfs_szT.psimps	pss_wip	pss_wip.wfs_szT.psimps	0	1780140	isabelle/layerB/pss_wip.thy	112408	true	7165680	0	true
pss_wip.wfs_szP.psimps	pss_wip	pss_wip.wfs_szP.psimps	0	1780144	isabelle/layerB/pss_wip.thy	112408	true	7165680	0	true
pss_wip.wfs_szT_wfs_szP.pinduct(1)	pss_wip	pss_wip.wfs_szT_wfs_szP.pinduct	1	1780148	isabelle/layerB/pss_wip.thy	112408	true	7165680	0	true
pss_wip.wfs_szT_wfs_szP.pinduct(2)	pss_wip	pss_wip.wfs_szT_wfs_szP.pinduct	2	1780150	isabelle/layerB/pss_wip.thy	112408	true	7165680	0	true
pss_wip.wfs_szT_wfs_szP.termination	pss_wip	pss_wip.wfs_szT_wfs_szP.termination	0	1780158	isabelle/layerB/pss_wip.thy	112408	true	7165680	0	true
pss_wip.wfs_szT.cases	pss_wip	pss_wip.wfs_szT.cases	0	1780160	isabelle/layerB/pss_wip.thy	112408	false	7165680	0	true
pss_wip.wfs_szP.cases	pss_wip	pss_wip.wfs_szP.cases	0	1780164	isabelle/layerB/pss_wip.thy	112408	false	7165680	0	true
pss_wip.wfs_szT.pelims	pss_wip	pss_wip.wfs_szT.pelims	0	1780168	isabelle/layerB/pss_wip.thy	112408	false	7165680	0	true
pss_wip.wfs_szP.pelims	pss_wip	pss_wip.wfs_szP.pelims	0	1780172	isabelle/layerB/pss_wip.thy	112408	false	7165680	0	true
pss_wip.wfs_szT.simps	pss_wip	pss_wip.wfs_szT.simps	0	1780212	isabelle/layerB/pss_wip.thy	112408	false	7165680	0	true
pss_wip.wfs_szP.simps	pss_wip	pss_wip.wfs_szP.simps	0	1780218	isabelle/layerB/pss_wip.thy	112408	false	7165680	0	true
pss_wip.wfs_szT_wfs_szP.induct(1)	pss_wip	pss_wip.wfs_szT_wfs_szP.induct	1	1780230	isabelle/layerB/pss_wip.thy	112408	false	7165680	0	true
pss_wip.wfs_szT_wfs_szP.induct(2)	pss_wip	pss_wip.wfs_szT_wfs_szP.induct	2	1780234	isabelle/layerB/pss_wip.thy	112408	false	7165680	0	true
pss_wip.wfs_szT.elims	pss_wip	pss_wip.wfs_szT.elims	0	1780244	isabelle/layerB/pss_wip.thy	112408	false	7165680	0	true
pss_wip.wfs_szP.elims	pss_wip	pss_wip.wfs_szP.elims	0	1780250	isabelle/layerB/pss_wip.thy	112408	false	7165680	0	true
pss_wip.wfs_szP_mem	pss_wip	pss_wip.wfs_szP_mem	0	1780306	isabelle/layerB/pss_wip.thy	112412	false	7166978	0	true
pss_wip.wfs_szP_mem_lt	pss_wip	pss_wip.wfs_szP_mem_lt	0	1780376	isabelle/layerB/pss_wip.thy	112415	false	7167020	0	true
pss_wip.wfs_szT_arg_lt	pss_wip	pss_wip.wfs_szT_arg_lt	0	1780418	isabelle/layerB/pss_wip.thy	112418	false	7167078	0	true
pss_wip.wfs_szT_tl_lt	pss_wip	pss_wip.wfs_szT_tl_lt	0	1780444	isabelle/layerB/pss_wip.thy	112425	false	7167128	0	true
pss_wip.wfs_descP_le	pss_wip	pss_wip.wfs_descP_le	0	1780494	isabelle/layerB/pss_wip.thy	112430	false	7167202	0	true
pss_wip.wfs_enat_nlt0	pss_wip	pss_wip.wfs_enat_nlt0	0	1780526	isabelle/layerB/pss_wip.thy	112452	false	7167282	0	true
pss_wip.wfs_strat0_aux	pss_wip	pss_wip.wfs_strat0_aux	0	1780594	isabelle/layerB/pss_wip.thy	112461	false	7167334	0	true
pss_wip.wfs_strat0_T	pss_wip	pss_wip.wfs_strat0_T	0	1780630	isabelle/layerB/pss_wip.thy	112567	false	7167392	0	true
pss_wip.wfs_strat0_P	pss_wip	pss_wip.wfs_strat0_P	0	1780664	isabelle/layerB/pss_wip.thy	112574	false	7167452	0	true
pss_wip.wfs_maxl_le	pss_wip	pss_wip.wfs_maxl_le	0	1780696	isabelle/layerB/pss_wip.thy	112600	false	7167532	0	true
pss_wip.wfs_bdepthT_le	pss_wip	pss_wip.wfs_bdepthT_le	0	1780740	isabelle/layerB/pss_wip.thy	112603	false	7167576	0	true
pss_wip.wfs_dmono_aux	pss_wip	pss_wip.wfs_dmono_aux	0	1780854	isabelle/layerB/pss_wip.thy	112611	false	7167650	0	true
pss_wip.wfs_dmono_T	pss_wip	pss_wip.wfs_dmono_T	0	1780912	isabelle/layerB/pss_wip.thy	112731	false	7167724	0	true
pss_wip.wfs_dmono_P	pss_wip	pss_wip.wfs_dmono_P	0	1780942	isabelle/layerB/pss_wip.thy	112736	false	7167808	0	true
pss_wip.wfs_closed_wf_acc	pss_wip	pss_wip.wfs_closed_wf_acc	0	1780980	isabelle/layerB/pss_wip.thy	112759	false	7167926	0	false
pss_wip.wfs_level0_acc	pss_wip	pss_wip.wfs_level0_acc	0	1780992	isabelle/layerB/pss_wip.thy	112790	false	7168030	0	true
pss_wip.wfs_level_jump_def	pss_wip	pss_wip.wfs_level_jump_def	0	1781066	isabelle/layerB/pss_wip.thy	112836	false	7168122	0	false
pss_wip.wfs_acc_levels_of_jump	pss_wip	pss_wip.wfs_acc_levels_of_jump	0	1781074	isabelle/layerB/pss_wip.thy	112843	false	7168290	0	true
pss_wip.wfs_wf_RPrel_of_level_jump	pss_wip	pss_wip.wfs_wf_RPrel_of_level_jump	0	1781080	isabelle/layerB/pss_wip.thy	112868	false	7168348	0	true
pss_wip.wfs_OT_B_wf_of_level_jump	pss_wip	pss_wip.wfs_OT_B_wf_of_level_jump	0	1781146	isabelle/layerB/pss_wip.thy	112896	false	7168408	0	true
pss_wip.wfs_wf_iff_all_acc	pss_wip	pss_wip.wfs_wf_iff_all_acc	0	1781214	isabelle/layerB/pss_wip.thy	112901	false	7168472	0	false
pss_wip.wfs_lessBP_total	pss_wip	pss_wip.wfs_lessBP_total	0	1781254	isabelle/layerB/pss_wip.thy	112907	false	7168568	0	true
pss_wip.wfs_acc_downclosed	pss_wip	pss_wip.wfs_acc_downclosed	0	1781314	isabelle/layerB/pss_wip.thy	112910	false	7168626	0	false
pss_wip.wfs_ACC_def	pss_wip	pss_wip.wfs_ACC_def	0	1781362	isabelle/layerB/pss_wip.thy	112915	false	7168694	0	false
pss_wip.wfs_accord_def	pss_wip	pss_wip.wfs_accord_def	0	1781442	isabelle/layerB/pss_wip.thy	112918	false	7168798	0	false
pss_wip.wfs_Restr_acc_wf	pss_wip	pss_wip.wfs_Restr_acc_wf	0	1781494	isabelle/layerB/pss_wip.thy	112923	false	7168948	0	false
pss_wip.wfs_accord_strict_sub	pss_wip	pss_wip.wfs_accord_strict_sub	0	1781554	isabelle/layerB/pss_wip.thy	112951	false	7169002	0	false
pss_wip.wfs_accord_wf_strict	pss_wip	pss_wip.wfs_accord_wf_strict	0	1781638	isabelle/layerB/pss_wip.thy	112964	false	7169052	0	false
pss_wip.wfs_accord_well_order	pss_wip	pss_wip.wfs_accord_well_order	0	1781702	isabelle/layerB/pss_wip.thy	112967	false	7169136	0	true
pss_wip.wfs_accord_Field	pss_wip	pss_wip.wfs_accord_Field	0	1781730	isabelle/layerB/pss_wip.thy	113001	false	7169182	0	false
pss_wip.wfs_accord_Well_order	pss_wip	pss_wip.wfs_accord_Well_order	0	1781772	isabelle/layerB/pss_wip.thy	113012	false	7169212	0	true
pss_wip.wfs_rk_def	pss_wip	pss_wip.wfs_rk_def	0	1781860	isabelle/layerB/pss_wip.thy	113028	false	7169306	0	false
pss_wip.wfs_rk_Well_order	pss_wip	pss_wip.wfs_rk_Well_order	0	1781958	isabelle/layerB/pss_wip.thy	113031	false	7169428	0	true
pss_wip.wfs_underS_accord	pss_wip	pss_wip.wfs_underS_accord	0	1781996	isabelle/layerB/pss_wip.thy	113034	false	7169508	0	true
pss_wip.wfs_rk_ordLess	pss_wip	pss_wip.wfs_rk_ordLess	0	1782076	isabelle/layerB/pss_wip.thy	113061	false	7169562	0	true
pss_wip.wfs_rank_semantic	pss_wip	pss_wip.wfs_rank_semantic	0	1782110	isabelle/layerB/pss_wip.thy	113112	false	7169646	0	true
pss_wip.wfj_hd_graph.intros	pss_wip	pss_wip.wfj_hd_graph.intros	0	1782276	isabelle/layerB/pss_wip.thy	113170	true	7169764	0	true
pss_wip.wfj_hd_graph.cases	pss_wip	pss_wip.wfj_hd_graph.cases	0	1782288	isabelle/layerB/pss_wip.thy	113170	true	7169764	0	true
pss_wip.wfj_hd_graph.induct	pss_wip	pss_wip.wfj_hd_graph.induct	0	1782296	isabelle/layerB/pss_wip.thy	113170	true	7169764	0	true
pss_wip.wfj_hd_graph.simps	pss_wip	pss_wip.wfj_hd_graph.simps	0	1782306	isabelle/layerB/pss_wip.thy	113170	true	7169764	0	true
pss_wip.wfj_hd_graph.inducts	pss_wip	pss_wip.wfj_hd_graph.inducts	0	1782316	isabelle/layerB/pss_wip.thy	113170	true	7169764	0	true
pss_wip.wfj_hd_rel.cases	pss_wip	pss_wip.wfj_hd_rel.cases	0	1782416	isabelle/layerB/pss_wip.thy	113170	true	7169764	0	true
pss_wip.wfj_hd_rel.induct	pss_wip	pss_wip.wfj_hd_rel.induct	0	1782424	isabelle/layerB/pss_wip.thy	113170	true	7169764	0	true
pss_wip.wfj_hd_rel.simps	pss_wip	pss_wip.wfj_hd_rel.simps	0	1782428	isabelle/layerB/pss_wip.thy	113170	true	7169764	0	true
pss_wip.wfj_hd_rel.inducts	pss_wip	pss_wip.wfj_hd_rel.inducts	0	1782434	isabelle/layerB/pss_wip.thy	113170	true	7169764	0	true
pss_wip.wfj_hd.psimps	pss_wip	pss_wip.wfj_hd.psimps	0	1782516	isabelle/layerB/pss_wip.thy	113170	true	7169764	0	true
pss_wip.wfj_hd.pinduct	pss_wip	pss_wip.wfj_hd.pinduct	0	1782522	isabelle/layerB/pss_wip.thy	113170	true	7169764	0	true
pss_wip.wfj_hd.termination	pss_wip	pss_wip.wfj_hd.termination	0	1782528	isabelle/layerB/pss_wip.thy	113170	true	7169764	0	true
pss_wip.wfj_hd.cases	pss_wip	pss_wip.wfj_hd.cases	0	1782534	isabelle/layerB/pss_wip.thy	113170	false	7169764	0	true
pss_wip.wfj_hd.pelims	pss_wip	pss_wip.wfj_hd.pelims	0	1782540	isabelle/layerB/pss_wip.thy	113170	false	7169764	0	true
pss_wip.wfj_hd.simps	pss_wip	pss_wip.wfj_hd.simps	0	1782564	isabelle/layerB/pss_wip.thy	113170	false	7169764	0	true
pss_wip.wfj_hd.induct	pss_wip	pss_wip.wfj_hd.induct	0	1782574	isabelle/layerB/pss_wip.thy	113170	false	7169764	0	true
pss_wip.wfj_hd.elims	pss_wip	pss_wip.wfj_hd.elims	0	1782580	isabelle/layerB/pss_wip.thy	113170	false	7169764	0	true
pss_wip.wfj_hd_le	pss_wip	pss_wip.wfj_hd_le	0	1782652	isabelle/layerB/pss_wip.thy	113173	false	7170546	0	true
pss_wip.wfj_strat_hd	pss_wip	pss_wip.wfj_strat_hd	0	1782684	isabelle/layerB/pss_wip.thy	113184	false	7170612	0	true
pss_wip.wfj_hd_le_lvP	pss_wip	pss_wip.wfj_hd_le_lvP	0	1782690	isabelle/layerB/pss_wip.thy	113189	false	7170684	0	true
pss_wip.wfj_enat_max0	pss_wip	pss_wip.wfj_enat_max0	0	1782698	isabelle/layerB/pss_wip.thy	113194	false	7170738	0	true
pss_wip.wfj_enat_0max	pss_wip	pss_wip.wfj_enat_0max	0	1782710	isabelle/layerB/pss_wip.thy	113197	false	7170784	0	true
pss_wip.wfj_cexq_def	pss_wip	pss_wip.wfj_cexq_def	0	1782742	isabelle/layerB/pss_wip.thy	113203	false	7170848	0	false
pss_wip.wfj_cexq_OT	pss_wip	pss_wip.wfj_cexq_OT	0	1782750	isabelle/layerB/pss_wip.thy	113206	false	7170924	0	true
pss_wip.wfj_cexq_dfree	pss_wip	pss_wip.wfj_cexq_dfree	0	1782758	isabelle/layerB/pss_wip.thy	113209	false	7171010	0	true
pss_wip.wfj_cexq_lv	pss_wip	pss_wip.wfj_cexq_lv	0	1782766	isabelle/layerB/pss_wip.thy	113212	false	7171066	0	true
pss_wip.wfj_cexq_hd	pss_wip	pss_wip.wfj_cexq_hd	0	1782774	isabelle/layerB/pss_wip.thy	113215	false	7171112	0	true
pss_wip.wfj_stratn_lvP_refuted	pss_wip	pss_wip.wfj_stratn_lvP_refuted	0	1782790	isabelle/layerB/pss_wip.thy	113218	false	7171174	0	true
pss_wip.wfj_stratn_lvP_false	pss_wip	pss_wip.wfj_stratn_lvP_false	0	1782802	isabelle/layerB/pss_wip.thy	113234	false	7171248	0	true
pss_wip.wfj_frag_def	pss_wip	pss_wip.wfj_frag_def	0	1782836	isabelle/layerB/pss_wip.thy	113241	false	7171316	0	false
pss_wip.wfj_frag_downclosed	pss_wip	pss_wip.wfj_frag_downclosed	0	1782854	isabelle/layerB/pss_wip.thy	113244	false	7171422	0	true
pss_wip.wfj_frag_mono	pss_wip	pss_wip.wfj_frag_mono	0	1782870	isabelle/layerB/pss_wip.thy	113255	false	7171490	0	true
pss_wip.wfj_lv_in_frag	pss_wip	pss_wip.wfj_lv_in_frag	0	1782882	isabelle/layerB/pss_wip.thy	113265	false	7171558	0	true
pss_wip.wfj_frag0_lv_unbounded	pss_wip	pss_wip.wfj_frag0_lv_unbounded	0	1782890	isabelle/layerB/pss_wip.thy	113280	false	7171656	0	true
pss_wip.wfj_level_wf_def	pss_wip	pss_wip.wfj_level_wf_def	0	1782902	isabelle/layerB/pss_wip.thy	113291	false	7171712	0	false
pss_wip.wfj_wf_RPrel_of_all_levels	pss_wip	pss_wip.wfj_wf_RPrel_of_all_levels	0	1782912	isabelle/layerB/pss_wip.thy	113294	false	7171794	0	true
pss_wip.wfj_all_levels_of_wf	pss_wip	pss_wip.wfj_all_levels_of_wf	0	1782918	isabelle/layerB/pss_wip.thy	113328	false	7171844	0	false
pss_wip.wfj_wf_iff_all_levels	pss_wip	pss_wip.wfj_wf_iff_all_levels	0	1782924	isabelle/layerB/pss_wip.thy	113332	false	7171922	0	true
pss_wip.wfj_level_jump_of_wf	pss_wip	pss_wip.wfj_level_jump_of_wf	0	1782930	isabelle/layerB/pss_wip.thy	113335	false	7171960	0	false
pss_wip.wfj_level_jump_of_all_levels	pss_wip	pss_wip.wfj_level_jump_of_all_levels	0	1782938	isabelle/layerB/pss_wip.thy	113342	false	7171996	0	true
pss_wip.wfj_G_szT	pss_wip	pss_wip.wfj_G_szT	0	1782946	isabelle/layerB/pss_wip.thy	113358	false	7172102	0	true
pss_wip.wfj_G_szP	pss_wip	pss_wip.wfj_G_szP	0	1782948	isabelle/layerB/pss_wip.thy	113359	false	7172102	0	true
pss_wip.wfj_G_OT_T	pss_wip	pss_wip.wfj_G_OT_T	0	1782958	isabelle/layerB/pss_wip.thy	113397	false	7172172	0	true
pss_wip.wfj_G_OT_P	pss_wip	pss_wip.wfj_G_OT_P	0	1782960	isabelle/layerB/pss_wip.thy	113398	false	7172172	0	true
pss_wip.wfj_G_df_T	pss_wip	pss_wip.wfj_G_df_T	0	1782970	isabelle/layerB/pss_wip.thy	113426	false	7172244	0	true
pss_wip.wfj_G_df_P	pss_wip	pss_wip.wfj_G_df_P	0	1782972	isabelle/layerB/pss_wip.thy	113427	false	7172244	0	true
pss_wip.wfj_secT_graph.intros	pss_wip	pss_wip.wfj_secT_graph.intros	0	1783000	isabelle/layerB/pss_wip.thy	113457	true	7172342	0	true
pss_wip.wfj_secT_graph.cases	pss_wip	pss_wip.wfj_secT_graph.cases	0	1783002	isabelle/layerB/pss_wip.thy	113457	true	7172342	0	true
pss_wip.wfj_secT_graph.induct	pss_wip	pss_wip.wfj_secT_graph.induct	0	1783004	isabelle/layerB/pss_wip.thy	113457	true	7172342	0	true
pss_wip.wfj_secT_graph.simps	pss_wip	pss_wip.wfj_secT_graph.simps	0	1783006	isabelle/layerB/pss_wip.thy	113457	true	7172342	0	true
pss_wip.wfj_secT_graph.inducts	pss_wip	pss_wip.wfj_secT_graph.inducts	0	1783008	isabelle/layerB/pss_wip.thy	113457	true	7172342	0	true
pss_wip.wfj_secT_rel.cases	pss_wip	pss_wip.wfj_secT_rel.cases	0	1783028	isabelle/layerB/pss_wip.thy	113457	true	7172342	0	true
pss_wip.wfj_secT_rel.induct	pss_wip	pss_wip.wfj_secT_rel.induct	0	1783030	isabelle/layerB/pss_wip.thy	113457	true	7172342	0	true
pss_wip.wfj_secT_rel.simps	pss_wip	pss_wip.wfj_secT_rel.simps	0	1783032	isabelle/layerB/pss_wip.thy	113457	true	7172342	0	true
pss_wip.wfj_secT_rel.inducts	pss_wip	pss_wip.wfj_secT_rel.inducts	0	1783034	isabelle/layerB/pss_wip.thy	113457	true	7172342	0	true
pss_wip.wfj_secT.psimps	pss_wip	pss_wip.wfj_secT.psimps	0	1783050	isabelle/layerB/pss_wip.thy	113457	true	7172342	0	true
pss_wip.wfj_secT.pinduct	pss_wip	pss_wip.wfj_secT.pinduct	0	1783052	isabelle/layerB/pss_wip.thy	113457	true	7172342	0	true
pss_wip.wfj_secT.termination	pss_wip	pss_wip.wfj_secT.termination	0	1783054	isabelle/layerB/pss_wip.thy	113457	true	7172342	0	true
pss_wip.wfj_secT.cases	pss_wip	pss_wip.wfj_secT.cases	0	1783056	isabelle/layerB/pss_wip.thy	113457	false	7172342	0	true
pss_wip.wfj_secT.pelims(1)	pss_wip	pss_wip.wfj_secT.pelims	1	1783058	isabelle/layerB/pss_wip.thy	113457	false	7172342	0	true
pss_wip.wfj_secT.pelims(2)	pss_wip	pss_wip.wfj_secT.pelims	2	1783060	isabelle/layerB/pss_wip.thy	113457	false	7172342	0	true
pss_wip.wfj_secT.pelims(3)	pss_wip	pss_wip.wfj_secT.pelims	3	1783062	isabelle/layerB/pss_wip.thy	113457	false	7172342	0	true
pss_wip.wfj_secT.simps	pss_wip	pss_wip.wfj_secT.simps	0	1783070	isabelle/layerB/pss_wip.thy	113457	false	7172342	0	true
pss_wip.wfj_secT.induct	pss_wip	pss_wip.wfj_secT.induct	0	1783074	isabelle/layerB/pss_wip.thy	113457	false	7172342	0	true
pss_wip.wfj_secT.elims(1)	pss_wip	pss_wip.wfj_secT.elims	1	1783076	isabelle/layerB/pss_wip.thy	113457	false	7172342	0	true
pss_wip.wfj_secT.elims(2)	pss_wip	pss_wip.wfj_secT.elims	2	1783078	isabelle/layerB/pss_wip.thy	113457	false	7172342	0	true
pss_wip.wfj_secT.elims(3)	pss_wip	pss_wip.wfj_secT.elims	3	1783080	isabelle/layerB/pss_wip.thy	113457	false	7172342	0	true
pss_wip.wfj_collapse_core_def	pss_wip	pss_wip.wfj_collapse_core_def	0	1783098	isabelle/layerB/pss_wip.thy	113466	false	7173074	0	false
pss_wip.wfj_acc_of_collapse_core	pss_wip	pss_wip.wfj_acc_of_collapse_core	0	1783110	isabelle/layerB/pss_wip.thy	113475	false	7173210	0	true
pss_wip.wfj_wf_RPrel_of_collapse_core	pss_wip	pss_wip.wfj_wf_RPrel_of_collapse_core	0	1783116	isabelle/layerB/pss_wip.thy	113509	false	7173256	0	true
pss_wip.wfj_collapse_core_of_wf	pss_wip	pss_wip.wfj_collapse_core_of_wf	0	1783124	isabelle/layerB/pss_wip.thy	113532	false	7173294	0	false
pss_wip.wfj_collapse_core_iff_wf	pss_wip	pss_wip.wfj_collapse_core_iff_wf	0	1783130	isabelle/layerB/pss_wip.thy	113539	false	7173334	0	true
pss_wip.wfj_collapse_core_iff_level_jump	pss_wip	pss_wip.wfj_collapse_core_iff_level_jump	0	1783136	isabelle/layerB/pss_wip.thy	113542	false	7173368	0	true
pss_wip.wfj_all_levels_of_collapse_core	pss_wip	pss_wip.wfj_all_levels_of_collapse_core	0	1783146	isabelle/layerB/pss_wip.thy	113546	false	7173402	0	true
pss_wip.wfj_OT_B_wf_of_collapse_core	pss_wip	pss_wip.wfj_OT_B_wf_of_collapse_core	0	1783170	isabelle/layerB/pss_wip.thy	113550	false	7173496	0	true
pss_wip.wfj_NoBad_acc	pss_wip	pss_wip.wfj_NoBad_acc	0	1783250	isabelle/layerB/pss_wip.thy	113592	false	7173654	0	true
pss_wip.wfj_tuple_acc	pss_wip	pss_wip.wfj_tuple_acc	0	1783262	isabelle/layerB/pss_wip.thy	113724	false	7173796	0	true
pss_wip.wfj_secT_tuple_acc	pss_wip	pss_wip.wfj_secT_tuple_acc	0	1783296	isabelle/layerB/pss_wip.thy	113807	false	7173904	0	true
pss_wip.otx2_flatBP_len	pss_wip	pss_wip.otx2_flatBP_len	0	1783330	isabelle/layerB/pss_wip.thy	113856	false	7174030	0	true
pss_wip.otx2_BP_prefix	pss_wip	pss_wip.otx2_BP_prefix	0	1783362	isabelle/layerB/pss_wip.thy	113863	false	7174082	0	true
pss_wip.otx2_lessBT_snocsnoc	pss_wip	pss_wip.otx2_lessBT_snocsnoc	0	1783386	isabelle/layerB/pss_wip.thy	113874	false	7174158	0	true
pss_wip.otx2_leBT_snocsnoc	pss_wip	pss_wip.otx2_leBT_snocsnoc	0	1783400	isabelle/layerB/pss_wip.thy	113884	false	7174218	0	true
pss_wip.otx2_descP_prefix	pss_wip	pss_wip.otx2_descP_prefix	0	1783406	isabelle/layerB/pss_wip.thy	113896	false	7174292	0	true
pss_wip.otx2_GBT_snoc	pss_wip	pss_wip.otx2_GBT_snoc	0	1783412	isabelle/layerB/pss_wip.thy	113908	false	7174334	0	true
pss_wip.otx2_GBP_inf	pss_wip	pss_wip.otx2_GBP_inf	0	1783418	isabelle/layerB/pss_wip.thy	113912	false	7174390	0	true
pss_wip.otx2_join_no_core	pss_wip	pss_wip.otx2_join_no_core	0	1783424	isabelle/layerB/pss_wip.thy	113921	false	7174464	0	true
pss_wip.otx2_peel	pss_wip	pss_wip.otx2_peel	0	1783438	isabelle/layerB/pss_wip.thy	113936	false	7174544	0	true
pss_wip.otx2_join3	pss_wip	pss_wip.otx2_join3	0	1783476	isabelle/layerB/pss_wip.thy	114017	false	7174664	0	true
pss_wip.otx2_top_shape	pss_wip	pss_wip.otx2_top_shape	0	1783610	isabelle/layerB/pss_wip.thy	114214	false	7174922	0	true
pss_wip.otx2_align3	pss_wip	pss_wip.otx2_align3	0	1783680	isabelle/layerB/pss_wip.thy	114296	false	7175230	0	true
pss_wip.ljx_nextrel0_star_le	pss_wip	pss_wip.ljx_nextrel0_star_le	0	1783688	isabelle/layerB/pss_wip.thy	114443	false	7175406	0	false
pss_wip.ljx_le0_succ_step	pss_wip	pss_wip.ljx_le0_succ_step	0	1783698	isabelle/layerB/pss_wip.thy	114448	false	7175464	0	false
pss_wip.ljx_nextrel0_unique	pss_wip	pss_wip.ljx_nextrel0_unique	0	1783704	isabelle/layerB/pss_wip.thy	114461	false	7175514	0	false
pss_wip.ljx_trunk_interior_nadm	pss_wip	pss_wip.ljx_trunk_interior_nadm	0	1783710	isabelle/layerB/pss_wip.thy	114483	false	7175574	0	false
pss_wip.ljx_lastblock_le0	pss_wip	pss_wip.ljx_lastblock_le0	0	1783716	isabelle/layerB/pss_wip.thy	114500	false	7175640	0	true
pss_wip.ljx_RightNodes_pj_ldj	pss_wip	pss_wip.ljx_RightNodes_pj_ldj	0	1783722	isabelle/layerB/pss_wip.thy	114535	false	7175700	0	true
pss_wip.ljx_RightNodes_a0_trmax	pss_wip	pss_wip.ljx_RightNodes_a0_trmax	0	1783760	isabelle/layerB/pss_wip.thy	114607	false	7175860	0	true
pss_wip.ljx_nextrel0_star_last	pss_wip	pss_wip.ljx_nextrel0_star_last	0	1783766	isabelle/layerB/pss_wip.thy	114734	false	7175964	0	false
pss_wip.ljx_nextrel0_succ_intro	pss_wip	pss_wip.ljx_nextrel0_succ_intro	0	1783772	isabelle/layerB/pss_wip.thy	114739	false	7176024	0	false
pss_wip.ljx_nextrel0_seg0	pss_wip	pss_wip.ljx_nextrel0_seg0	0	1783782	isabelle/layerB/pss_wip.thy	114747	false	7176100	0	false
pss_wip.ljx_adm_seg0	pss_wip	pss_wip.ljx_adm_seg0	0	1783790	isabelle/layerB/pss_wip.thy	114780	false	7176192	0	false
pss_wip.ljx_Adm_eq_0	pss_wip	pss_wip.ljx_Adm_eq_0	0	1783818	isabelle/layerB/pss_wip.thy	114794	false	7176296	0	true
pss_wip.ljx_RA_singleton	pss_wip	pss_wip.ljx_RA_singleton	0	1783832	isabelle/layerB/pss_wip.thy	114817	false	7176400	0	true
pss_wip.ljx_RA_unfold_mono	pss_wip	pss_wip.ljx_RA_unfold_mono	0	1783916	isabelle/layerB/pss_wip.thy	114823	false	7176450	0	true
pss_wip.ljx_RightNodes_a0_lt_trmax	pss_wip	pss_wip.ljx_RightNodes_a0_lt_trmax	0	1784004	isabelle/layerB/pss_wip.thy	114847	false	7176600	0	true
pss_wip.ljx_LDJB	pss_wip	pss_wip.ljx_LDJB	0	1784066	isabelle/layerB/pss_wip.thy	115131	false	7176776	0	true
pss_wip.ljx_TVall_of_fin	pss_wip	pss_wip.ljx_TVall_of_fin	0	1784084	isabelle/layerB/pss_wip.thy	115242	false	7176860	0	true
pss_wip.ljx_termination_modOT(1)	pss_wip	pss_wip.ljx_termination_modOT	1	1784132	isabelle/layerB/pss_wip.thy	115255	false	7176934	0	true
pss_wip.ljx_termination_modOT(2)	pss_wip	pss_wip.ljx_termination_modOT	2	1784134	isabelle/layerB/pss_wip.thy	115255	false	7176934	0	true
pss_wip.opx_leBT_min	pss_wip	pss_wip.opx_leBT_min	0	1784178	isabelle/layerB/pss_wip.thy	115345	false	7177146	0	true
pss_wip.opx_lessBT_append_ext	pss_wip	pss_wip.opx_lessBT_append_ext	0	1784196	isabelle/layerB/pss_wip.thy	115371	false	7177238	0	true
pss_wip.opx_lessBT_append_cancel	pss_wip	pss_wip.opx_lessBT_append_cancel	0	1784204	isabelle/layerB/pss_wip.thy	115401	false	7177324	0	true
pss_wip.opx_descP_snoc_intro	pss_wip	pss_wip.opx_descP_snoc_intro	0	1784276	isabelle/layerB/pss_wip.thy	115414	false	7177390	0	true
pss_wip.opx_descP_append_rep	pss_wip	pss_wip.opx_descP_append_rep	0	1784314	isabelle/layerB/pss_wip.thy	115441	false	7177476	0	true
pss_wip.opx_OT_append_rep	pss_wip	pss_wip.opx_OT_append_rep	0	1784340	isabelle/layerB/pss_wip.thy	115476	false	7177708	0	true
pss_wip.opx_operB_snoc_local	pss_wip	pss_wip.opx_operB_snoc_local	0	1784374	isabelle/layerB/pss_wip.thy	115508	false	7177858	0	true
pss_wip.opx_mono_Trans_singleton	pss_wip	pss_wip.opx_mono_Trans_singleton	0	1784392	isabelle/layerB/pss_wip.thy	115540	false	7178026	0	true
pss_wip.opx_OTmulti	pss_wip	pss_wip.opx_OTmulti	0	1784440	isabelle/layerB/pss_wip.thy	115556	false	7178174	0	true
pss_wip.opx_termination_census(1)	pss_wip	pss_wip.opx_termination_census	1	1784666	isabelle/layerB/pss_wip.thy	116119	false	7178460	0	true
pss_wip.opx_termination_census(2)	pss_wip	pss_wip.opx_termination_census	2	1784670	isabelle/layerB/pss_wip.thy	116119	false	7178460	0	true
pss_wip.opx_OT_removal	pss_wip	pss_wip.opx_OT_removal	0	1784784	isabelle/layerB/pss_wip.thy	116164	false	7178866	0	true
pss_wip.opx_OTpred_monoBr_of_DEEPOT	pss_wip	pss_wip.opx_OTpred_monoBr_of_DEEPOT	0	1784890	isabelle/layerB/pss_wip.thy	116197	false	7179000	0	true
pss_wip.opx_OTpred_multi_of_mono	pss_wip	pss_wip.opx_OTpred_multi_of_mono	0	1784982	isabelle/layerB/pss_wip.thy	116306	false	7179174	0	true
pss_wip.opx_OTpred_mono_of_residuals	pss_wip	pss_wip.opx_OTpred_mono_of_residuals	0	1785008	isabelle/layerB/pss_wip.thy	116524	false	7179294	0	true
pss_wip.opx_OTpred_of_residuals	pss_wip	pss_wip.opx_OTpred_of_residuals	0	1785162	isabelle/layerB/pss_wip.thy	116573	false	7179414	0	true
pss_wip.opx_termination_census_v3(1)	pss_wip	pss_wip.opx_termination_census_v3	1	1785440	isabelle/layerB/pss_wip.thy	116617	false	7179660	0	true
pss_wip.opx_termination_census_v3(2)	pss_wip	pss_wip.opx_termination_census_v3	2	1785444	isabelle/layerB/pss_wip.thy	116617	false	7179660	0	true
pss_wip.otx3_setle_triG	pss_wip	pss_wip.otx3_setle_triG	0	1785544	isabelle/layerB/pss_wip.thy	116708	false	7180116	0	true
pss_wip.otx3_pOT	pss_wip	pss_wip.otx3_pOT	0	1785590	isabelle/layerB/pss_wip.thy	116725	false	7180218	0	true
pss_wip.otx3_triG_lift	pss_wip	pss_wip.otx3_triG_lift	0	1785624	isabelle/layerB/pss_wip.thy	116765	false	7180370	0	true
pss_wip.otx3_level	pss_wip	pss_wip.otx3_level	0	1785816	isabelle/layerB/pss_wip.thy	116828	false	7180530	0	true
pss_wip.otx3_core	pss_wip	pss_wip.otx3_core	0	1785966	isabelle/layerB/pss_wip.thy	116869	false	7180730	0	true
pss_wip.otx3_transport	pss_wip	pss_wip.otx3_transport	0	1785986	isabelle/layerB/pss_wip.thy	116928	false	7180920	0	true
pss_wip.otx3_OTint_condV	pss_wip	pss_wip.otx3_OTint_condV	0	1786010	isabelle/layerB/pss_wip.thy	116957	false	7181006	0	true
pss_wip.otx3_OTint_condV_nadm	pss_wip	pss_wip.otx3_OTint_condV_nadm	0	1786120	isabelle/layerB/pss_wip.thy	116968	false	7181086	0	true
pss_wip.otx3_OTint_slot	pss_wip	pss_wip.otx3_OTint_slot	0	1786222	isabelle/layerB/pss_wip.thy	116991	false	7181302	0	true
pss_wip.otx3_census(1)	pss_wip	pss_wip.otx3_census	1	1786434	isabelle/layerB/pss_wip.thy	117028	false	7181560	0	true
pss_wip.otx3_census(2)	pss_wip	pss_wip.otx3_census	2	1786436	isabelle/layerB/pss_wip.thy	117028	false	7181560	0	true
pss_wip.wfc_GBT_antitone	pss_wip	pss_wip.wfc_GBT_antitone	0	1786576	isabelle/layerB/pss_wip.thy	117115	false	7182144	0	true
pss_wip.wfc_GBP_antitone	pss_wip	pss_wip.wfc_GBP_antitone	0	1786578	isabelle/layerB/pss_wip.thy	117116	false	7182144	0	true
pss_wip.wfc_sec_component(1)	pss_wip	pss_wip.wfc_sec_component	1	1786594	isabelle/layerB/pss_wip.thy	117147	false	7182240	0	true
pss_wip.wfc_sec_component(2)	pss_wip	pss_wip.wfc_sec_component	2	1786596	isabelle/layerB/pss_wip.thy	117147	false	7182240	0	true
pss_wip.wfc_principal_acc_of_body_aux	pss_wip	pss_wip.wfc_principal_acc_of_body_aux	0	1786638	isabelle/layerB/pss_wip.thy	117180	false	7182348	0	true
pss_wip.wfc_principal_acc_of_body	pss_wip	pss_wip.wfc_principal_acc_of_body	0	1786644	isabelle/layerB/pss_wip.thy	117216	false	7182412	0	true
pss_wip.wfc_wf_of_pbody_hyp	pss_wip	pss_wip.wfc_wf_of_pbody_hyp	0	1786666	isabelle/layerB/pss_wip.thy	117225	false	7182524	0	true
pss_wip.wfc_pbody_acc_def	pss_wip	pss_wip.wfc_pbody_acc_def	0	1786688	isabelle/layerB/pss_wip.thy	117290	false	7182632	0	false
pss_wip.wfc_wf_of_pbody	pss_wip	pss_wip.wfc_wf_of_pbody	0	1786726	isabelle/layerB/pss_wip.thy	117294	false	7182730	0	true
pss_wip.wfc_pbody_of_wf	pss_wip	pss_wip.wfc_pbody_of_wf	0	1786760	isabelle/layerB/pss_wip.thy	117302	false	7182762	0	true
pss_wip.wfc_pbody_iff_wf	pss_wip	pss_wip.wfc_pbody_iff_wf	0	1786806	isabelle/layerB/pss_wip.thy	117310	false	7182812	0	true
pss_wip.wfc_pbody_iff_collapse_core	pss_wip	pss_wip.wfc_pbody_iff_collapse_core	0	1786812	isabelle/layerB/pss_wip.thy	117313	false	7182854	0	true
pss_wip.wfc_pbody_iff_level_jump	pss_wip	pss_wip.wfc_pbody_iff_level_jump	0	1786818	isabelle/layerB/pss_wip.thy	117316	false	7182884	0	true
pss_wip.wfc_acc_singleton	pss_wip	pss_wip.wfc_acc_singleton	0	1786852	isabelle/layerB/pss_wip.thy	117322	false	7182930	0	true
pss_wip.wfc_tail_lessBT	pss_wip	pss_wip.wfc_tail_lessBT	0	1786902	isabelle/layerB/pss_wip.thy	117346	false	7182978	0	true
pss_wip.wfc_member_leBT	pss_wip	pss_wip.wfc_member_leBT	0	1786916	isabelle/layerB/pss_wip.thy	117367	false	7183038	0	true
pss_wip.wfc_acc_component	pss_wip	pss_wip.wfc_acc_component	0	1786922	isabelle/layerB/pss_wip.thy	117408	false	7183092	0	true
pss_wip.wfc_tuple_acc_iff	pss_wip	pss_wip.wfc_tuple_acc_iff	0	1786950	isabelle/layerB/pss_wip.thy	117436	false	7183146	0	true
pss_wip.wfc_maxe_mem	pss_wip	pss_wip.wfc_maxe_mem	0	1786972	isabelle/layerB/pss_wip.thy	117464	false	7183230	0	true
pss_wip.wfc_G_lvT	pss_wip	pss_wip.wfc_G_lvT	0	1787026	isabelle/layerB/pss_wip.thy	117483	false	7183358	0	true
pss_wip.wfc_G_lvP	pss_wip	pss_wip.wfc_G_lvP	0	1787028	isabelle/layerB/pss_wip.thy	117484	false	7183358	0	true
pss_wip.wfc_core_upto_def	pss_wip	pss_wip.wfc_core_upto_def	0	1787090	isabelle/layerB/pss_wip.thy	117517	false	7183452	0	false
pss_wip.wfc_acc_of_core_upto	pss_wip	pss_wip.wfc_acc_of_core_upto	0	1787118	isabelle/layerB/pss_wip.thy	117522	false	7183610	0	true
pss_wip.wfc_jump_step_def	pss_wip	pss_wip.wfc_jump_step_def	0	1787194	isabelle/layerB/pss_wip.thy	117575	false	7183720	0	false
pss_wip.wfc_acc_levels_of_jump_steps	pss_wip	pss_wip.wfc_acc_levels_of_jump_steps	0	1787248	isabelle/layerB/pss_wip.thy	117581	false	7183932	0	true
pss_wip.wfc_wf_of_jump_steps	pss_wip	pss_wip.wfc_wf_of_jump_steps	0	1787348	isabelle/layerB/pss_wip.thy	117608	false	7184002	0	true
pss_wip.wfc_level_jump_of_jump_steps	pss_wip	pss_wip.wfc_level_jump_of_jump_steps	0	1787438	isabelle/layerB/pss_wip.thy	117634	false	7184060	0	true
pss_wip.wfc_collapse_core_of_jump_steps	pss_wip	pss_wip.wfc_collapse_core_of_jump_steps	0	1787534	isabelle/layerB/pss_wip.thy	117639	false	7184148	0	true
pss_wip.wfc_core_upto_of_wf	pss_wip	pss_wip.wfc_core_upto_of_wf	0	1787584	isabelle/layerB/pss_wip.thy	117644	false	7184270	0	false
pss_wip.wfc_jump_step_of_wf	pss_wip	pss_wip.wfc_jump_step_of_wf	0	1787624	isabelle/layerB/pss_wip.thy	117651	false	7184320	0	false
pss_wip.wfc_wf_iff_jump_steps	pss_wip	pss_wip.wfc_wf_iff_jump_steps	0	1787714	isabelle/layerB/pss_wip.thy	117655	false	7184394	0	true
pss_wip.wfc_core_upto_of_collapse_core	pss_wip	pss_wip.wfc_core_upto_of_collapse_core	0	1787790	isabelle/layerB/pss_wip.thy	117658	false	7184448	0	false
pss_wip.wfc_collapse_core_of_upto	pss_wip	pss_wip.wfc_collapse_core_of_upto	0	1787840	isabelle/layerB/pss_wip.thy	117662	false	7184496	0	true
pss_wip.oc4_ordIntC_strict	pss_wip	pss_wip.oc4_ordIntC_strict	0	1788076	isabelle/layerB/pss_wip.thy	117769	false	7184646	0	true
pss_wip.oc4_ordIntC	pss_wip	pss_wip.oc4_ordIntC	0	1788202	isabelle/layerB/pss_wip.thy	117854	false	7184824	0	true
pss_wip.oc4_termination_census_master(1)	pss_wip	pss_wip.oc4_termination_census_master	1	1788696	isabelle/layerB/pss_wip.thy	117911	false	7185034	0	true
pss_wip.oc4_termination_census_master(2)	pss_wip	pss_wip.oc4_termination_census_master	2	1788698	isabelle/layerB/pss_wip.thy	117911	false	7185034	0	true
pss_wip.oc4_OTmulti	pss_wip	pss_wip.oc4_OTmulti	0	1789206	isabelle/layerB/pss_wip.thy	117981	false	7185526	0	true
pss_wip.oc4_L1v	pss_wip	pss_wip.oc4_L1v	0	1789316	isabelle/layerB/pss_wip.thy	118015	false	7186022	0	true
pss_wip.oc4_termination_census_master_v2(1)	pss_wip	pss_wip.oc4_termination_census_master_v2	1	1789472	isabelle/layerB/pss_wip.thy	118034	false	7186154	0	true
pss_wip.oc4_termination_census_master_v2(2)	pss_wip	pss_wip.oc4_termination_census_master_v2	2	1789474	isabelle/layerB/pss_wip.thy	118034	false	7186154	0	true
pss_wip.oi4_DEADM1	pss_wip	pss_wip.oi4_DEADM1	0	1789670	isabelle/layerB/pss_wip.thy	118106	false	7186640	0	true
pss_wip.oi4_DEADM2	pss_wip	pss_wip.oi4_DEADM2	0	1789772	isabelle/layerB/pss_wip.thy	118127	false	7186714	0	true
pss_wip.oi4_PredNp	pss_wip	pss_wip.oi4_PredNp	0	1789840	isabelle/layerB/pss_wip.thy	118150	false	7186836	0	true
pss_wip.oi4_Lpv	pss_wip	pss_wip.oi4_Lpv	0	1789912	isabelle/layerB/pss_wip.thy	118158	false	7186918	0	true
pss_wip.oi4_L1v	pss_wip	pss_wip.oi4_L1v	0	1790190	isabelle/layerB/pss_wip.thy	118173	false	7187028	0	true
pss_wip.oi4_OTint_condV_nadm	pss_wip	pss_wip.oi4_OTint_condV_nadm	0	1790300	isabelle/layerB/pss_wip.thy	118188	false	7187192	0	true
pss_wip.oi4_OTint_slot_IIIIV	pss_wip	pss_wip.oi4_OTint_slot_IIIIV	0	1790518	isabelle/layerB/pss_wip.thy	118204	false	7187316	0	true
pss_wip.oi4_census_IIIIV(1)	pss_wip	pss_wip.oi4_census_IIIIV	1	1790858	isabelle/layerB/pss_wip.thy	118225	false	7187574	0	true
pss_wip.oi4_census_IIIIV(2)	pss_wip	pss_wip.oi4_census_IIIIV	2	1790862	isabelle/layerB/pss_wip.thy	118225	false	7187574	0	true
pss_wip.wds_hullT_def	pss_wip	pss_wip.wds_hullT_def	0	1791064	isabelle/layerB/pss_wip.thy	118325	false	7188204	0	false
pss_wip.wds_hullT_iff	pss_wip	pss_wip.wds_hullT_iff	0	1791098	isabelle/layerB/pss_wip.thy	118328	false	7188314	0	false
pss_wip.wds_finite_GBT	pss_wip	pss_wip.wds_finite_GBT	0	1791110	isabelle/layerB/pss_wip.thy	118331	false	7188378	0	true
pss_wip.wds_finite_GBP	pss_wip	pss_wip.wds_finite_GBP	0	1791112	isabelle/layerB/pss_wip.thy	118332	false	7188378	0	true
pss_wip.wds_distinguished_def	pss_wip	pss_wip.wds_distinguished_def	0	1791142	isabelle/layerB/pss_wip.thy	118359	false	7188542	0	false
pss_wip.wds_distD_frag	pss_wip	pss_wip.wds_distD_frag	0	1791168	isabelle/layerB/pss_wip.thy	118367	false	7188814	0	false
pss_wip.wds_distD_down	pss_wip	pss_wip.wds_distD_down	0	1791210	isabelle/layerB/pss_wip.thy	118370	false	7188882	0	false
pss_wip.wds_distD_acc	pss_wip	pss_wip.wds_distD_acc	0	1791236	isabelle/layerB/pss_wip.thy	118374	false	7188964	0	false
pss_wip.wds_distD_prog	pss_wip	pss_wip.wds_distD_prog	0	1791294	isabelle/layerB/pss_wip.thy	118378	false	7189028	0	false
pss_wip.wds_distI	pss_wip	pss_wip.wds_distI	0	1791354	isabelle/layerB/pss_wip.thy	118385	false	7189096	0	false
pss_wip.wds_acc_lift_aux	pss_wip	pss_wip.wds_acc_lift_aux	0	1791386	isabelle/layerB/pss_wip.thy	118398	false	7189204	0	false
pss_wip.wds_acc_lift	pss_wip	pss_wip.wds_acc_lift	0	1791396	isabelle/layerB/pss_wip.thy	118418	false	7189276	0	false
pss_wip.wds_dist_comparable	pss_wip	pss_wip.wds_dist_comparable	0	1791452	isabelle/layerB/pss_wip.thy	118431	false	7189414	0	true
pss_wip.wds_Mset_def	pss_wip	pss_wip.wds_Mset_def	0	1791498	isabelle/layerB/pss_wip.thy	118464	false	7189526	0	false
pss_wip.wds_Mset_upper	pss_wip	pss_wip.wds_Mset_upper	0	1791520	isabelle/layerB/pss_wip.thy	118467	false	7189616	0	false
pss_wip.wds_Mset_ex	pss_wip	pss_wip.wds_Mset_ex	0	1791552	isabelle/layerB/pss_wip.thy	118470	false	7189690	0	false
pss_wip.wds_Mset_frag	pss_wip	pss_wip.wds_Mset_frag	0	1791604	isabelle/layerB/pss_wip.thy	118473	false	7189758	0	false
pss_wip.wds_Mset_downclosed	pss_wip	pss_wip.wds_Mset_downclosed	0	1791668	isabelle/layerB/pss_wip.thy	118480	false	7189806	0	false
pss_wip.wds_Mset_subset_acc	pss_wip	pss_wip.wds_Mset_subset_acc	0	1791682	isabelle/layerB/pss_wip.thy	118490	false	7189872	0	false
pss_wip.wds_Mset_relacc	pss_wip	pss_wip.wds_Mset_relacc	0	1791696	isabelle/layerB/pss_wip.thy	118497	false	7189910	0	false
pss_wip.wds_dist_finite_cover	pss_wip	pss_wip.wds_dist_finite_cover	0	1791718	isabelle/layerB/pss_wip.thy	118512	false	7190054	0	true
pss_wip.wds_Mset_distinguished	pss_wip	pss_wip.wds_Mset_distinguished	0	1791746	isabelle/layerB/pss_wip.thy	118540	false	7190148	0	true
pss_wip.wds_collapse_def	pss_wip	pss_wip.wds_collapse_def	0	1791870	isabelle/layerB/pss_wip.thy	118623	false	7190242	0	false
pss_wip.wds_hauptlemma_aux	pss_wip	pss_wip.wds_hauptlemma_aux	0	1791924	isabelle/layerB/pss_wip.thy	118633	false	7190500	0	true
pss_wip.wds_hauptlemma	pss_wip	pss_wip.wds_hauptlemma	0	1791976	isabelle/layerB/pss_wip.thy	118682	false	7190578	0	true
pss_wip.wds_pbody_of_collapse	pss_wip	pss_wip.wds_pbody_of_collapse	0	1791982	isabelle/layerB/pss_wip.thy	118693	false	7190668	0	true
pss_wip.wds_wf_RPrel_of_collapse	pss_wip	pss_wip.wds_wf_RPrel_of_collapse	0	1792050	isabelle/layerB/pss_wip.thy	118721	false	7190718	0	true
pss_wip.wds_wf_RTrel_of_collapse	pss_wip	pss_wip.wds_wf_RTrel_of_collapse	0	1792100	isabelle/layerB/pss_wip.thy	118725	false	7190822	0	true
pss_wip.wds_buc1_2_2_of_collapse	pss_wip	pss_wip.wds_buc1_2_2_of_collapse	0	1792126	isabelle/layerB/pss_wip.thy	118729	false	7190876	0	true
pss_wip.wds_collapse_core_of_collapse	pss_wip	pss_wip.wds_collapse_core_of_collapse	0	1792154	isabelle/layerB/pss_wip.thy	118735	false	7190920	0	true
pss_wip.wds_jump_steps_of_collapse	pss_wip	pss_wip.wds_jump_steps_of_collapse	0	1792172	isabelle/layerB/pss_wip.thy	118739	false	7190962	0	true
pss_wip.wds_frag_distinguished_of_wf	pss_wip	pss_wip.wds_frag_distinguished_of_wf	0	1792180	isabelle/layerB/pss_wip.thy	118745	false	7191028	0	true
pss_wip.wds_collapse_of_wf	pss_wip	pss_wip.wds_collapse_of_wf	0	1792188	isabelle/layerB/pss_wip.thy	118768	false	7191076	0	true
pss_wip.wds_collapse_iff_wf	pss_wip	pss_wip.wds_collapse_iff_wf	0	1792194	isabelle/layerB/pss_wip.thy	118783	false	7191114	0	true
pss_wip.wds_collapse_iff_pbody	pss_wip	pss_wip.wds_collapse_iff_pbody	0	1792230	isabelle/layerB/pss_wip.thy	118786	false	7191152	0	true
pss_wip.wds_Mset_eq_frag_of_collapse	pss_wip	pss_wip.wds_Mset_eq_frag_of_collapse	0	1792252	isabelle/layerB/pss_wip.thy	118789	false	7191198	0	true
pss_wip.opf_hd_pin	pss_wip	pss_wip.opf_hd_pin	0	1792320	isabelle/layerB/pss_wip.thy	118860	false	7191358	0	true
pss_wip.opf_hdV_eq	pss_wip	pss_wip.opf_hdV_eq	0	1792398	isabelle/layerB/pss_wip.thy	118914	false	7191450	0	true
pss_wip.opf_lastIx_gt	pss_wip	pss_wip.opf_lastIx_gt	0	1792528	isabelle/layerB/pss_wip.thy	118924	false	7191676	0	true
pss_wip.opf_head_ge_of_domB	pss_wip	pss_wip.opf_head_ge_of_domB	0	1792604	isabelle/layerB/pss_wip.thy	118972	false	7191854	0	true
pss_wip.opf_Lbase_of_domB	pss_wip	pss_wip.opf_Lbase_of_domB	0	1792622	isabelle/layerB/pss_wip.thy	119002	false	7192004	0	true
pss_scratch.od4_R.od4_R_drop	pss_scratch	pss_scratch.od4_R.od4_R_drop	0	2322662	isabelle/layerC/pss_scratch.thy	39	false	7841070	0	true
pss_scratch.od4_R.od4_R_triv	pss_scratch	pss_scratch.od4_R.od4_R_triv	0	2322664	isabelle/layerC/pss_scratch.thy	40	false	7841070	0	true
pss_scratch.od4_R.od4_R_deep	pss_scratch	pss_scratch.od4_R.od4_R_deep	0	2322666	isabelle/layerC/pss_scratch.thy	41	false	7841070	0	true
pss_scratch.od4_R.intros(1)	pss_scratch	pss_scratch.od4_R.intros	1	2322668	isabelle/layerC/pss_scratch.thy	38	false	7841070	0	true
pss_scratch.od4_R.intros(2)	pss_scratch	pss_scratch.od4_R.intros	2	2322670	isabelle/layerC/pss_scratch.thy	38	false	7841070	0	true
pss_scratch.od4_R.intros(3)	pss_scratch	pss_scratch.od4_R.intros	3	2322672	isabelle/layerC/pss_scratch.thy	38	false	7841070	0	true
pss_scratch.od4_R.cases	pss_scratch	pss_scratch.od4_R.cases	0	2322674	isabelle/layerC/pss_scratch.thy	38	false	7841070	0	true
pss_scratch.od4_R.induct	pss_scratch	pss_scratch.od4_R.induct	0	2322676	isabelle/layerC/pss_scratch.thy	38	false	7841070	0	true
pss_scratch.od4_R.simps	pss_scratch	pss_scratch.od4_R.simps	0	2322678	isabelle/layerC/pss_scratch.thy	38	false	7841070	0	true
pss_scratch.od4_R.inducts	pss_scratch	pss_scratch.od4_R.inducts	0	2322680	isabelle/layerC/pss_scratch.thy	38	false	7841070	0	true
pss_scratch.od4_sz_od4_szP_graph.intros(1)	pss_scratch	pss_scratch.od4_sz_od4_szP_graph.intros	1	2322704	isabelle/layerC/pss_scratch.thy	50	true	7841616	0	true
pss_scratch.od4_sz_od4_szP_graph.intros(2)	pss_scratch	pss_scratch.od4_sz_od4_szP_graph.intros	2	2322706	isabelle/layerC/pss_scratch.thy	50	true	7841616	0	true
pss_scratch.od4_sz_od4_szP_graph.cases	pss_scratch	pss_scratch.od4_sz_od4_szP_graph.cases	0	2322708	isabelle/layerC/pss_scratch.thy	50	true	7841616	0	true
pss_scratch.od4_sz_od4_szP_graph.induct	pss_scratch	pss_scratch.od4_sz_od4_szP_graph.induct	0	2322710	isabelle/layerC/pss_scratch.thy	50	true	7841616	0	true
pss_scratch.od4_sz_od4_szP_graph.simps	pss_scratch	pss_scratch.od4_sz_od4_szP_graph.simps	0	2322712	isabelle/layerC/pss_scratch.thy	50	true	7841616	0	true
pss_scratch.od4_sz_od4_szP_graph.inducts	pss_scratch	pss_scratch.od4_sz_od4_szP_graph.inducts	0	2322714	isabelle/layerC/pss_scratch.thy	50	true	7841616	0	true
pss_scratch.od4_sz_od4_szP_rel.intros(1)	pss_scratch	pss_scratch.od4_sz_od4_szP_rel.intros	1	2322740	isabelle/layerC/pss_scratch.thy	50	true	7841616	0	true
pss_scratch.od4_sz_od4_szP_rel.intros(2)	pss_scratch	pss_scratch.od4_sz_od4_szP_rel.intros	2	2322742	isabelle/layerC/pss_scratch.thy	50	true	7841616	0	true
pss_scratch.od4_sz_od4_szP_rel.cases	pss_scratch	pss_scratch.od4_sz_od4_szP_rel.cases	0	2322744	isabelle/layerC/pss_scratch.thy	50	true	7841616	0	true
pss_scratch.od4_sz_od4_szP_rel.induct	pss_scratch	pss_scratch.od4_sz_od4_szP_rel.induct	0	2322746	isabelle/layerC/pss_scratch.thy	50	true	7841616	0	true
pss_scratch.od4_sz_od4_szP_rel.simps	pss_scratch	pss_scratch.od4_sz_od4_szP_rel.simps	0	2322748	isabelle/layerC/pss_scratch.thy	50	true	7841616	0	true
pss_scratch.od4_sz_od4_szP_rel.inducts	pss_scratch	pss_scratch.od4_sz_od4_szP_rel.inducts	0	2322750	isabelle/layerC/pss_scratch.thy	50	true	7841616	0	true
pss_scratch.od4_sz.psimps	pss_scratch	pss_scratch.od4_sz.psimps	0	2322772	isabelle/layerC/pss_scratch.thy	50	true	7841616	0	true
pss_scratch.od4_szP.psimps	pss_scratch	pss_scratch.od4_szP.psimps	0	2322774	isabelle/layerC/pss_scratch.thy	50	true	7841616	0	true
pss_scratch.od4_sz_od4_szP.pinduct(1)	pss_scratch	pss_scratch.od4_sz_od4_szP.pinduct	1	2322776	isabelle/layerC/pss_scratch.thy	50	true	7841616	0	true
pss_scratch.od4_sz_od4_szP.pinduct(2)	pss_scratch	pss_scratch.od4_sz_od4_szP.pinduct	2	2322778	isabelle/layerC/pss_scratch.thy	50	true	7841616	0	true
pss_scratch.od4_sz_od4_szP.termination	pss_scratch	pss_scratch.od4_sz_od4_szP.termination	0	2322780	isabelle/layerC/pss_scratch.thy	50	true	7841616	0	true
pss_scratch.od4_sz.cases	pss_scratch	pss_scratch.od4_sz.cases	0	2322782	isabelle/layerC/pss_scratch.thy	50	false	7841616	0	true
pss_scratch.od4_szP.cases	pss_scratch	pss_scratch.od4_szP.cases	0	2322784	isabelle/layerC/pss_scratch.thy	50	false	7841616	0	true
pss_scratch.od4_sz.pelims	pss_scratch	pss_scratch.od4_sz.pelims	0	2322786	isabelle/layerC/pss_scratch.thy	50	false	7841616	0	true
pss_scratch.od4_szP.pelims	pss_scratch	pss_scratch.od4_szP.pelims	0	2322788	isabelle/layerC/pss_scratch.thy	50	false	7841616	0	true
pss_scratch.od4_sz.simps	pss_scratch	pss_scratch.od4_sz.simps	0	2322796	isabelle/layerC/pss_scratch.thy	50	false	7841616	0	true
pss_scratch.od4_szP.simps	pss_scratch	pss_scratch.od4_szP.simps	0	2322798	isabelle/layerC/pss_scratch.thy	50	false	7841616	0	true
pss_scratch.od4_sz_od4_szP.induct(1)	pss_scratch	pss_scratch.od4_sz_od4_szP.induct	1	2322804	isabelle/layerC/pss_scratch.thy	50	false	7841616	0	true
pss_scratch.od4_sz_od4_szP.induct(2)	pss_scratch	pss_scratch.od4_sz_od4_szP.induct	2	2322806	isabelle/layerC/pss_scratch.thy	50	false	7841616	0	true
pss_scratch.od4_sz.elims	pss_scratch	pss_scratch.od4_sz.elims	0	2322808	isabelle/layerC/pss_scratch.thy	50	false	7841616	0	true
pss_scratch.od4_szP.elims	pss_scratch	pss_scratch.od4_szP.elims	0	2322810	isabelle/layerC/pss_scratch.thy	50	false	7841616	0	true
pss_scratch.od4_sz_pos	pss_scratch	pss_scratch.od4_sz_pos	0	2322816	isabelle/layerC/pss_scratch.thy	54	false	7842866	0	true
pss_scratch.od4_szP_ge2	pss_scratch	pss_scratch.od4_szP_ge2	0	2322824	isabelle/layerC/pss_scratch.thy	57	false	7842944	0	true
pss_scratch.od4_szP_mem_le	pss_scratch	pss_scratch.od4_szP_mem_le	0	2322832	isabelle/layerC/pss_scratch.thy	63	false	7842988	0	true
pss_scratch.od4_GBT_sz	pss_scratch	pss_scratch.od4_GBT_sz	0	2322842	isabelle/layerC/pss_scratch.thy	72	false	7843160	0	true
pss_scratch.od4_R_lessBT	pss_scratch	pss_scratch.od4_R_lessBT	0	2322858	isabelle/layerC/pss_scratch.thy	98	false	7843470	0	true
pss_scratch.od4_peel_less	pss_scratch	pss_scratch.od4_peel_less	0	2322872	isabelle/layerC/pss_scratch.thy	121	false	7843934	0	true
pss_scratch.od4_transfer_all	pss_scratch	pss_scratch.od4_transfer_all	0	2322900	isabelle/layerC/pss_scratch.thy	155	false	7844466	0	true
pss_scratch.od4_transfer	pss_scratch	pss_scratch.od4_transfer	0	2322912	isabelle/layerC/pss_scratch.thy	241	false	7844684	0	true
pss_scratch.od4_R_GBT	pss_scratch	pss_scratch.od4_R_GBT	0	2322922	isabelle/layerC/pss_scratch.thy	248	false	7844938	0	true
pss_scratch.od4_leBT_trans	pss_scratch	pss_scratch.od4_leBT_trans	0	2322934	isabelle/layerC/pss_scratch.thy	304	false	7845116	0	true
pss_scratch.od4_descP_snoc	pss_scratch	pss_scratch.od4_descP_snoc	0	2322960	isabelle/layerC/pss_scratch.thy	307	false	7845352	0	true
pss_scratch.od4_site_G	pss_scratch	pss_scratch.od4_site_G	0	2322992	isabelle/layerC/pss_scratch.thy	327	false	7845566	0	true
pss_scratch.od4_R_isOT	pss_scratch	pss_scratch.od4_R_isOT	0	2323012	isabelle/layerC/pss_scratch.thy	359	false	7845762	0	true
pss_scratch.od4_R_OT_B	pss_scratch	pss_scratch.od4_R_OT_B	0	2323042	isabelle/layerC/pss_scratch.thy	394	false	7845990	0	true
pss_scratch.od4_scbext_R	pss_scratch	pss_scratch.od4_scbext_R	0	2323084	isabelle/layerC/pss_scratch.thy	414	false	7846184	0	true
pss_scratch.od4_condVI_nadm_c1(1)	pss_scratch	pss_scratch.od4_condVI_nadm_c1	1	2323162	isabelle/layerC/pss_scratch.thy	479	false	7846758	0	true
pss_scratch.od4_condVI_nadm_c1(2)	pss_scratch	pss_scratch.od4_condVI_nadm_c1	2	2323164	isabelle/layerC/pss_scratch.thy	479	false	7846758	0	true
pss_scratch.od4_concat_sing	pss_scratch	pss_scratch.od4_concat_sing	0	2323196	isabelle/layerC/pss_scratch.thy	625	false	7847334	0	false
pss_scratch.od4_site_c2	pss_scratch	pss_scratch.od4_site_c2	0	2323230	isabelle/layerC/pss_scratch.thy	634	false	7847740	0	true
pss_scratch.od4_master_R	pss_scratch	pss_scratch.od4_master_R	0	2323246	isabelle/layerC/pss_scratch.thy	760	false	7847914	0	true
pss_scratch.od4_OTpred_mono	pss_scratch	pss_scratch.od4_OTpred_mono	0	2323296	isabelle/layerC/pss_scratch.thy	803	false	7848174	0	true
pss_scratch.od4_DEEPOT	pss_scratch	pss_scratch.od4_DEEPOT	0	2323380	isabelle/layerC/pss_scratch.thy	849	false	7848430	0	true
pss_scratch.od4_NOBR	pss_scratch	pss_scratch.od4_NOBR	0	2323432	isabelle/layerC/pss_scratch.thy	861	false	7848868	0	true
pss_scratch.od4_OTpred_final	pss_scratch	pss_scratch.od4_OTpred_final	0	2323484	isabelle/layerC/pss_scratch.thy	874	false	7849128	0	true
pss_scratch.oi5_set_crep	pss_scratch	pss_scratch.oi5_set_crep	0	2323520	isabelle/layerC/pss_scratch.thy	920	false	7849436	0	false
pss_scratch.oi5_crep_RP	pss_scratch	pss_scratch.oi5_crep_RP	0	2323554	isabelle/layerC/pss_scratch.thy	923	false	7849590	0	false
pss_scratch.oi5_d4vx_ins_TB	pss_scratch	pss_scratch.oi5_d4vx_ins_TB	0	2323620	isabelle/layerC/pss_scratch.thy	932	false	7849780	0	true
pss_scratch.oi5_d4vx_core_TB	pss_scratch	pss_scratch.oi5_d4vx_core_TB	0	2323706	isabelle/layerC/pss_scratch.thy	960	false	7850060	0	true
pss_scratch.oy1_base1Y_condIII	pss_scratch	pss_scratch.oy1_base1Y_condIII	0	2323964	isabelle/layerC/pss_scratch.thy	979	false	7850358	0	true
pss_scratch.oy1_base1Y_condIV	pss_scratch	pss_scratch.oy1_base1Y_condIV	0	2324014	isabelle/layerC/pss_scratch.thy	1086	false	7850808	0	true
pss_scratch.oi5_IIIIV_pkg	pss_scratch	pss_scratch.oi5_IIIIV_pkg	0	2324208	isabelle/layerC/pss_scratch.thy	1213	false	7851074	0	true
pss_scratch.oi5_regime(1)	pss_scratch	pss_scratch.oi5_regime	1	2324344	isabelle/layerC/pss_scratch.thy	1374	false	7851756	0	true
pss_scratch.oi5_regime(2)	pss_scratch	pss_scratch.oi5_regime	2	2324346	isabelle/layerC/pss_scratch.thy	1374	false	7851756	0	true
pss_scratch.oi5_regime(3)	pss_scratch	pss_scratch.oi5_regime	3	2324348	isabelle/layerC/pss_scratch.thy	1374	false	7851756	0	true
pss_scratch.oi5_regime(4)	pss_scratch	pss_scratch.oi5_regime	4	2324350	isabelle/layerC/pss_scratch.thy	1374	false	7851756	0	true
pss_scratch.oi5_regime(5)	pss_scratch	pss_scratch.oi5_regime	5	2324354	isabelle/layerC/pss_scratch.thy	1374	false	7851756	0	true
pss_scratch.oi5_ltJ_or_IVadmeq	pss_scratch	pss_scratch.oi5_ltJ_or_IVadmeq	0	2324472	isabelle/layerC/pss_scratch.thy	1453	false	7852082	0	true
pss_scratch.oi5_bodyOT	pss_scratch	pss_scratch.oi5_bodyOT	0	2324566	isabelle/layerC/pss_scratch.thy	1502	false	7852310	0	true
pss_scratch.oi5_LbaseU	pss_scratch	pss_scratch.oi5_LbaseU	0	2324684	isabelle/layerC/pss_scratch.thy	1568	false	7852480	0	true
pss_scratch.oy1_core_mono	pss_scratch	pss_scratch.oy1_core_mono	0	2324736	isabelle/layerC/pss_scratch.thy	1591	false	7853106	0	true
pss_scratch.oy1_core_add	pss_scratch	pss_scratch.oy1_core_add	0	2324778	isabelle/layerC/pss_scratch.thy	1606	false	7853304	0	true
pss_scratch.oy1_ins_le_mono	pss_scratch	pss_scratch.oy1_ins_le_mono	0	2324840	isabelle/layerC/pss_scratch.thy	1610	false	7853486	0	true
pss_scratch.oy1_triG_antitone	pss_scratch	pss_scratch.oy1_triG_antitone	0	2324916	isabelle/layerC/pss_scratch.thy	1628	false	7853780	0	true
pss_scratch.oy1_base1Y	pss_scratch	pss_scratch.oy1_base1Y	0	2325040	isabelle/layerC/pss_scratch.thy	1652	false	7854024	0	true
pss_scratch.oy1_base1Y_t2	pss_scratch	pss_scratch.oy1_base1Y_t2	0	2325170	isabelle/layerC/pss_scratch.thy	1718	false	7854398	0	true
pss_scratch.od4_termination_census_v4(1)	pss_scratch	pss_scratch.od4_termination_census_v4	1	2325500	isabelle/layerC/pss_scratch.thy	1821	false	7854670	0	true
pss_scratch.od4_termination_census_v4(2)	pss_scratch	pss_scratch.od4_termination_census_v4	2	2325502	isabelle/layerC/pss_scratch.thy	1821	false	7854670	0	true
pss_scratch.oi5_OTint_IIIIV_hp	pss_scratch	pss_scratch.oi5_OTint_IIIIV_hp	0	2325968	isabelle/layerC/pss_scratch.thy	1858	false	7855466	0	true
pss_scratch.oi5_OTint_condIII	pss_scratch	pss_scratch.oi5_OTint_condIII	0	2326392	isabelle/layerC/pss_scratch.thy	2149	false	7856604	0	true
pss_scratch.oi5_OTint_condIV	pss_scratch	pss_scratch.oi5_OTint_condIV	0	2326598	isabelle/layerC/pss_scratch.thy	2218	false	7857294	0	true
pss_scratch.oi5_termination_census(1)	pss_scratch	pss_scratch.oi5_termination_census	1	2326682	isabelle/layerC/pss_scratch.thy	2291	false	7858226	0	true
pss_scratch.oi5_termination_census(2)	pss_scratch	pss_scratch.oi5_termination_census	2	2326684	isabelle/layerC/pss_scratch.thy	2291	false	7858226	0	true
pss_scratch.oi5_OTint_slot	pss_scratch	pss_scratch.oi5_OTint_slot	0	2326786	isabelle/layerC/pss_scratch.thy	2353	false	7858544	0	true
pss_scratch.oi5_OTmulti	pss_scratch	pss_scratch.oi5_OTmulti	0	2327148	isabelle/layerC/pss_scratch.thy	2392	false	7859154	0	true
pss_scratch.oi6_termination_census(1)	pss_scratch	pss_scratch.oi6_termination_census	1	2327272	isabelle/layerC/pss_scratch.thy	2444	false	7859880	0	true
pss_scratch.oi6_termination_census(2)	pss_scratch	pss_scratch.oi6_termination_census	2	2327274	isabelle/layerC/pss_scratch.thy	2444	false	7859880	0	true
pss_scratch.otx3_core_tri	pss_scratch	pss_scratch.otx3_core_tri	0	2327298	isabelle/layerC/pss_scratch.thy	2517	false	7860282	0	true
pss_scratch.ot1_OTA1_from_bricks	pss_scratch	pss_scratch.ot1_OTA1_from_bricks	0	2327312	isabelle/layerC/pss_scratch.thy	2583	false	7860436	0	true
pss_scratch.ot2_IVNP	pss_scratch	pss_scratch.ot2_IVNP	0	2327320	isabelle/layerC/pss_scratch.thy	2627	false	7860640	0	true
pss_scratch.oi7_termination_census(1)	pss_scratch	pss_scratch.oi7_termination_census	1	2327362	isabelle/layerC/pss_scratch.thy	2649	false	7860714	0	true
pss_scratch.oi7_termination_census(2)	pss_scratch	pss_scratch.oi7_termination_census	2	2327364	isabelle/layerC/pss_scratch.thy	2649	false	7860714	0	true
pss_scratch.scbext_triG	pss_scratch	pss_scratch.scbext_triG	0	2327400	isabelle/layerC/pss_scratch.thy	2711	false	7860974	0	true
pss_scratch.ot1_triG_grow	pss_scratch	pss_scratch.ot1_triG_grow	0	2327406	isabelle/layerC/pss_scratch.thy	2759	false	7861094	0	true
pss_scratch.crx_tri0_of_nest	pss_scratch	pss_scratch.crx_tri0_of_nest	0	2327416	isabelle/layerC/pss_scratch.thy	2784	false	7861196	0	true
pss_scratch.ot1_triG_add	pss_scratch	pss_scratch.ot1_triG_add	0	2327424	isabelle/layerC/pss_scratch.thy	2895	false	7861340	0	true
pss_scratch.cnv_tri0_of_nest	pss_scratch	pss_scratch.cnv_tri0_of_nest	0	2327432	isabelle/layerC/pss_scratch.thy	2915	false	7861412	0	true
pss_scratch.ot2_IVADMEQ_of_pkg	pss_scratch	pss_scratch.ot2_IVADMEQ_of_pkg	0	2327458	isabelle/layerC/pss_scratch.thy	3084	false	7861590	0	true
pss_scratch.ot2_IVADMEQ_mod	pss_scratch	pss_scratch.ot2_IVADMEQ_mod	0	2327496	isabelle/layerC/pss_scratch.thy	3232	false	7862032	0	true
pss_scratch.ot2_dins_addBT_of_shape	pss_scratch	pss_scratch.ot2_dins_addBT_of_shape	0	2327502	isabelle/layerC/pss_scratch.thy	3343	false	7862236	0	true
pss_scratch.oi8_OTint_IIIIV_hp	pss_scratch	pss_scratch.oi8_OTint_IIIIV_hp	0	2327516	isabelle/layerC/pss_scratch.thy	3432	false	7862364	0	true
pss_scratch.oi8_OTint_condIII	pss_scratch	pss_scratch.oi8_OTint_condIII	0	2327522	isabelle/layerC/pss_scratch.thy	3716	false	7862466	0	true
pss_scratch.oi8_OTint_condIV	pss_scratch	pss_scratch.oi8_OTint_condIV	0	2327532	isabelle/layerC/pss_scratch.thy	3774	false	7862550	0	true
pss_scratch.oi8_termination_census(1)	pss_scratch	pss_scratch.oi8_termination_census	1	2327538	isabelle/layerC/pss_scratch.thy	3849	false	7862694	0	true
pss_scratch.oi8_termination_census(2)	pss_scratch	pss_scratch.oi8_termination_census	2	2327540	isabelle/layerC/pss_scratch.thy	3849	false	7862694	0	true
pss_scratch.ot1_OTA1_reduce	pss_scratch	pss_scratch.ot1_OTA1_reduce	0	2327548	isabelle/layerC/pss_scratch.thy	3923	false	7862792	0	true
pss_scratch.ot1_tri0_census	pss_scratch	pss_scratch.ot1_tri0_census	0	2327558	isabelle/layerC/pss_scratch.thy	4081	false	7862894	0	true
pss_scratch.oy1_tri0Y_census	pss_scratch	pss_scratch.oy1_tri0Y_census	0	2327570	isabelle/layerC/pss_scratch.thy	4154	false	7863000	0	true
pss_scratch.ot1_nub_from_A0OT	pss_scratch	pss_scratch.ot1_nub_from_A0OT	0	2327576	isabelle/layerC/pss_scratch.thy	4188	false	7863118	0	true
pss_scratch.ot1_OTA1_from_A0OT	pss_scratch	pss_scratch.ot1_OTA1_from_A0OT	0	2327582	isabelle/layerC/pss_scratch.thy	4314	false	7863232	0	true
pss_scratch.oi8_census_via_A0OT(1)	pss_scratch	pss_scratch.oi8_census_via_A0OT	1	2327588	isabelle/layerC/pss_scratch.thy	4350	false	7863344	0	true
pss_scratch.oi8_census_via_A0OT(2)	pss_scratch	pss_scratch.oi8_census_via_A0OT	2	2327590	isabelle/layerC/pss_scratch.thy	4350	false	7863344	0	true
pss_scratch.ot2_tower_newOT	pss_scratch	pss_scratch.ot2_tower_newOT	0	2327596	isabelle/layerC/pss_scratch.thy	4439	false	7863502	0	true
pss_scratch.ot2_NEWOT_of_pkg	pss_scratch	pss_scratch.ot2_NEWOT_of_pkg	0	2327604	isabelle/layerC/pss_scratch.thy	4511	false	7863652	0	true
pss_scratch.ot2_tower_inv	pss_scratch	pss_scratch.ot2_tower_inv	0	2327610	isabelle/layerC/pss_scratch.thy	4615	false	7863818	0	true
pss_scratch.od4_OTpred_mono_RT	pss_scratch	pss_scratch.od4_OTpred_mono_RT	0	2327616	isabelle/layerC/pss_scratch.thy	4692	false	7863968	0	true
pss_scratch.otx_bpHeadT_OT	pss_scratch	pss_scratch.otx_bpHeadT_OT	0	2327622	isabelle/layerC/pss_scratch.thy	4732	false	7864048	0	true
pss_scratch.ot1_A0OT	pss_scratch	pss_scratch.ot1_A0OT	0	2327628	isabelle/layerC/pss_scratch.thy	4762	false	7864118	0	true
pss_scratch.oi8_census_final(1)	pss_scratch	pss_scratch.oi8_census_final	1	2327634	isabelle/layerC/pss_scratch.thy	4869	false	7864190	0	true
pss_scratch.oi8_census_final(2)	pss_scratch	pss_scratch.oi8_census_final	2	2327636	isabelle/layerC/pss_scratch.thy	4869	false	7864190	0	true
pss_scratch.ox5_body_driver	pss_scratch	pss_scratch.ox5_body_driver	0	2327642	isabelle/layerC/pss_scratch.thy	4936	false	7864362	0	true
pss_scratch.ox5_body_driver_census	pss_scratch	pss_scratch.ox5_body_driver_census	0	2327650	isabelle/layerC/pss_scratch.thy	4974	false	7864458	0	true
pss_scratch.ox6_holeH	pss_scratch	pss_scratch.ox6_holeH	0	2327662	isabelle/layerC/pss_scratch.thy	5081	false	7864626	0	true
pss_scratch.ox6_setle_scbext	pss_scratch	pss_scratch.ox6_setle_scbext	0	2327676	isabelle/layerC/pss_scratch.thy	5108	false	7864714	0	true
pss_scratch.ox6_setle_wrapped	pss_scratch	pss_scratch.ox6_setle_wrapped	0	2327682	isabelle/layerC/pss_scratch.thy	5220	false	7864892	0	true
pss_scratch.ox6_SETLE1_reduce	pss_scratch	pss_scratch.ox6_SETLE1_reduce	0	2327716	isabelle/layerC/pss_scratch.thy	5251	false	7865042	0	true
pss_scratch.ot2_transT2_OT	pss_scratch	pss_scratch.ot2_transT2_OT	0	2327746	isabelle/layerC/pss_scratch.thy	5339	false	7866512	0	true
pss_scratch.cnv_tri0_transT2	pss_scratch	pss_scratch.cnv_tri0_transT2	0	2327776	isabelle/layerC/pss_scratch.thy	5459	false	7866752	0	true
pss_scratch.ot2_IVADMEQ_of_pkg_free	pss_scratch	pss_scratch.ot2_IVADMEQ_of_pkg_free	0	2327872	isabelle/layerC/pss_scratch.thy	5520	false	7867240	0	true
pss_scratch.ot2_IVADMEQ	pss_scratch	pss_scratch.ot2_IVADMEQ	0	2327936	isabelle/layerC/pss_scratch.thy	5682	false	7868132	0	true
pss_scratch.oi8_census_final_ivadmeq(1)	pss_scratch	pss_scratch.oi8_census_final_ivadmeq	1	2327980	isabelle/layerC/pss_scratch.thy	5800	false	7868444	0	true
pss_scratch.oi8_census_final_ivadmeq(2)	pss_scratch	pss_scratch.oi8_census_final_ivadmeq	2	2327982	isabelle/layerC/pss_scratch.thy	5800	false	7868444	0	true
pss_scratch.ox6_setle_scbext_restr	pss_scratch	pss_scratch.ox6_setle_scbext_restr	0	2328064	isabelle/layerC/pss_scratch.thy	5863	false	7869264	0	true
pss_scratch.ox6_setle_wrapped_restr	pss_scratch	pss_scratch.ox6_setle_wrapped_restr	0	2328192	isabelle/layerC/pss_scratch.thy	5982	false	7869868	0	true
pss_scratch.ox6_SETLE1_reduce_restr	pss_scratch	pss_scratch.ox6_SETLE1_reduce_restr	0	2328502	isabelle/layerC/pss_scratch.thy	6017	false	7870458	0	true
pss_scratch.ot_finRc_bounded	pss_scratch	pss_scratch.ot_finRc_bounded	0	2328636	isabelle/layerC/pss_scratch.thy	6123	false	7871122	0	false
pss_scratch.ot_finRc_reduce	pss_scratch	pss_scratch.ot_finRc_reduce	0	2328706	isabelle/layerC/pss_scratch.thy	6131	false	7871378	0	false
pss_scratch.ox7_scbext_leBT_hole	pss_scratch	pss_scratch.ox7_scbext_leBT_hole	0	2328740	isabelle/layerC/pss_scratch.thy	6180	false	7871506	0	true
pss_scratch.ox7_align3_track	pss_scratch	pss_scratch.ox7_align3_track	0	2328758	isabelle/layerC/pss_scratch.thy	6218	false	7871730	0	true
pss_scratch.ot_finRc_LastStep_bounded_lt	pss_scratch	pss_scratch.ot_finRc_LastStep_bounded_lt	0	2328772	isabelle/layerC/pss_scratch.thy	6305	false	7871918	0	false
pss_scratch.ot_finRc_LastStep_guard_bounded_lt	pss_scratch	pss_scratch.ot_finRc_LastStep_guard_bounded_lt	0	2328794	isabelle/layerC/pss_scratch.thy	6328	false	7872010	0	true
pss_scratch.ox7_RightNodes_body_ge_v1	pss_scratch	pss_scratch.ox7_RightNodes_body_ge_v1	0	2328820	isabelle/layerC/pss_scratch.thy	6382	false	7872138	0	true
pss_scratch.wcl_min_bad_secured	pss_scratch	pss_scratch.wcl_min_bad_secured	0	2328840	isabelle/layerC/pss_scratch.thy	6503	false	7872250	0	true
pss_scratch.wcl_core_iff_no_bad_secured	pss_scratch	pss_scratch.wcl_core_iff_no_bad_secured	0	2328846	isabelle/layerC/pss_scratch.thy	6552	false	7872308	0	false
pss_scratch.wcl_accfrag_downclosed	pss_scratch	pss_scratch.wcl_accfrag_downclosed	0	2328858	isabelle/layerC/pss_scratch.thy	6581	false	7872380	0	true
pss_scratch.wcl_accfrag_relacc	pss_scratch	pss_scratch.wcl_accfrag_relacc	0	2328868	isabelle/layerC/pss_scratch.thy	6592	false	7872474	0	false
pss_scratch.wcl_accfrag_prog_of_core	pss_scratch	pss_scratch.wcl_accfrag_prog_of_core	0	2328898	isabelle/layerC/pss_scratch.thy	6602	false	7872612	0	true
pss_scratch.wcl_accfrag_distinguished_of_core	pss_scratch	pss_scratch.wcl_accfrag_distinguished_of_core	0	2328904	isabelle/layerC/pss_scratch.thy	6631	false	7872688	0	true
pss_scratch.wcl_Mset_distinguished_of_core	pss_scratch	pss_scratch.wcl_Mset_distinguished_of_core	0	2328910	isabelle/layerC/pss_scratch.thy	6654	false	7872732	0	true
pss_scratch.wcl_Mset_eq_accfrag_of_core	pss_scratch	pss_scratch.wcl_Mset_eq_accfrag_of_core	0	2328918	isabelle/layerC/pss_scratch.thy	6659	false	7872778	0	true
pss_scratch.wcl_collapse_of_core	pss_scratch	pss_scratch.wcl_collapse_of_core	0	2328930	isabelle/layerC/pss_scratch.thy	6676	false	7872838	0	true
pss_scratch.wcl_min_bad_body_acc	pss_scratch	pss_scratch.wcl_min_bad_body_acc	0	2328946	isabelle/layerC/pss_scratch.thy	6690	false	7872904	0	true
pss_scratch.wcl_lower_head_bad_exists	pss_scratch	pss_scratch.wcl_lower_head_bad_exists	0	2328980	isabelle/layerC/pss_scratch.thy	6744	false	7872974	0	true
pss_scratch.wcl_min_bad_lex	pss_scratch	pss_scratch.wcl_min_bad_lex	0	2329018	isabelle/layerC/pss_scratch.thy	6798	false	7873102	0	true
pss_scratch.wcl_upper_def	pss_scratch	pss_scratch.wcl_upper_def	0	2329038	isabelle/layerC/pss_scratch.thy	6891	false	7873226	0	false
pss_scratch.wcl_wf_of_upper	pss_scratch	pss_scratch.wcl_wf_of_upper	0	2329058	isabelle/layerC/pss_scratch.thy	6903	false	7873422	0	true
pss_scratch.wcl_upper_of_wf	pss_scratch	pss_scratch.wcl_upper_of_wf	0	2329070	isabelle/layerC/pss_scratch.thy	6985	false	7873480	0	false
pss_scratch.wcl_upper_iff_wf	pss_scratch	pss_scratch.wcl_upper_iff_wf	0	2329078	isabelle/layerC/pss_scratch.thy	6992	false	7873518	0	true
pss_scratch.wcl_collapse_of_upper	pss_scratch	pss_scratch.wcl_collapse_of_upper	0	2329090	isabelle/layerC/pss_scratch.thy	6995	false	7873552	0	true
pss_scratch.wcl_buc1_2_2_of_upper	pss_scratch	pss_scratch.wcl_buc1_2_2_of_upper	0	2329102	isabelle/layerC/pss_scratch.thy	6999	false	7873594	0	true
pss_scratch.ox7_slice_TransOT	pss_scratch	pss_scratch.ox7_slice_TransOT	0	2329118	isabelle/layerC/pss_scratch.thy	7066	false	7873698	0	true
pss_scratch.ox7_bpHeadV_body_ge_v1	pss_scratch	pss_scratch.ox7_bpHeadV_body_ge_v1	0	2329142	isabelle/layerC/pss_scratch.thy	7146	false	7873820	0	true
pss_scratch.ox7_ub_lt_bpHeadV_body	pss_scratch	pss_scratch.ox7_ub_lt_bpHeadV_body	0	2329154	isabelle/layerC/pss_scratch.thy	7255	false	7874076	0	true
pss_scratch.wtw_core_step	pss_scratch	pss_scratch.wtw_core_step	0	2329176	isabelle/layerC/pss_scratch.thy	7307	false	7874198	0	true
pss_scratch.wcl_high_comp_bad_pred	pss_scratch	pss_scratch.wcl_high_comp_bad_pred	0	2329190	isabelle/layerC/pss_scratch.thy	7360	false	7874304	0	true
pss_scratch.wcl_high_comp_not_acc	pss_scratch	pss_scratch.wcl_high_comp_not_acc	0	2329198	isabelle/layerC/pss_scratch.thy	7377	false	7874384	0	true
pss_scratch.wcl_wf_of_upper_via_step	pss_scratch	pss_scratch.wcl_wf_of_upper_via_step	0	2329206	isabelle/layerC/pss_scratch.thy	7399	false	7874510	0	true
pss_scratch.ox7_headlt_lessBT	pss_scratch	pss_scratch.ox7_headlt_lessBT	0	2329220	isabelle/layerC/pss_scratch.thy	7542	false	7874598	0	true
pss_scratch.ox7_bpHeadV_share	pss_scratch	pss_scratch.ox7_bpHeadV_share	0	2329230	isabelle/layerC/pss_scratch.thy	7576	false	7874756	0	true
pss_scratch.ot7_SETLE1_ltJ_of_head	pss_scratch	pss_scratch.ot7_SETLE1_ltJ_of_head	0	2329308	isabelle/layerC/pss_scratch.thy	7617	false	7874916	0	true
pss_scratch.bwo_Wlev_def	pss_scratch	pss_scratch.bwo_Wlev_def	0	2329320	isabelle/layerC/pss_scratch.thy	7768	false	7875316	0	false
pss_scratch.bwo_shift_def	pss_scratch	pss_scratch.bwo_shift_def	0	2329334	isabelle/layerC/pss_scratch.thy	7773	false	7875414	0	false
pss_scratch.bwo_Dclosure_def	pss_scratch	pss_scratch.bwo_Dclosure_def	0	2329348	isabelle/layerC/pss_scratch.thy	7778	false	7875540	0	false
pss_scratch.bwo_Wstar_def	pss_scratch	pss_scratch.bwo_Wstar_def	0	2329360	isabelle/layerC/pss_scratch.thy	7785	false	7875764	0	false
pss_scratch.bwo_Aop_def	pss_scratch	pss_scratch.bwo_Aop_def	0	2329388	isabelle/layerC/pss_scratch.thy	7793	false	7875948	0	false
pss_scratch.bwo_2_4b_addition_closure	pss_scratch	pss_scratch.bwo_2_4b_addition_closure	0	2329392	isabelle/layerC/pss_scratch.thy	7801	false	7876142	0	true
pss_scratch.bwo_2_7_Dv_formation	pss_scratch	pss_scratch.bwo_2_7_Dv_formation	0	2329396	isabelle/layerC/pss_scratch.thy	7802	false	7876180	0	true
pss_scratch.bwo_2_8_head_recursion	pss_scratch	pss_scratch.bwo_2_8_head_recursion	0	2329398	isabelle/layerC/pss_scratch.thy	7803	false	7876214	0	true
pss_scratch.bwo_Wstar_total_def	pss_scratch	pss_scratch.bwo_Wstar_total_def	0	2329408	isabelle/layerC/pss_scratch.thy	7810	false	7876274	0	false
pss_scratch.bwo_all_OT_principal_acc_of_Wstar_total	pss_scratch	pss_scratch.bwo_all_OT_principal_acc_of_Wstar_total	0	2329424	isabelle/layerC/pss_scratch.thy	7816	false	7876370	0	true
pss_scratch.bwo_2_2_wf	pss_scratch	pss_scratch.bwo_2_2_wf	0	2329438	isabelle/layerC/pss_scratch.thy	7834	false	7876422	0	true
pss_scratch.bwo_Wstar_total_of_wf	pss_scratch	pss_scratch.bwo_Wstar_total_of_wf	0	2329444	isabelle/layerC/pss_scratch.thy	7862	false	7876490	0	false
pss_scratch.bwo_2_2_wf_iff	pss_scratch	pss_scratch.bwo_2_2_wf_iff	0	2329452	isabelle/layerC/pss_scratch.thy	7871	false	7876574	0	true
pss_scratch.bwo_domB_Nil	pss_scratch	pss_scratch.bwo_domB_Nil	0	2329466	isabelle/layerC/pss_scratch.thy	7997	false	7876696	0	true
pss_scratch.bwo_addBT_Nil_right	pss_scratch	pss_scratch.bwo_addBT_Nil_right	0	2329476	isabelle/layerC/pss_scratch.thy	8002	false	7876750	0	true
pss_scratch.bwo_addBT_Nil_left	pss_scratch	pss_scratch.bwo_addBT_Nil_left	0	2329484	isabelle/layerC/pss_scratch.thy	8005	false	7876806	0	true
pss_scratch.bwo_addBT_assoc	pss_scratch	pss_scratch.bwo_addBT_assoc	0	2329496	isabelle/layerC/pss_scratch.thy	8008	false	7876860	0	true
pss_scratch.bwo_addBT_domB	pss_scratch	pss_scratch.bwo_addBT_domB	0	2329510	isabelle/layerC/pss_scratch.thy	8014	false	7876956	0	true
pss_scratch.bwo_operB_split	pss_scratch	pss_scratch.bwo_operB_split	0	2329536	isabelle/layerC/pss_scratch.thy	8032	false	7877058	0	true
pss_scratch.bwo_addBT_operB	pss_scratch	pss_scratch.bwo_addBT_operB	0	2329550	isabelle/layerC/pss_scratch.thy	8048	false	7877158	0	true
pss_scratch.bwo_Aop_mono_nv	pss_scratch	pss_scratch.bwo_Aop_mono_nv	0	2329562	isabelle/layerC/pss_scratch.thy	8080	false	7877252	0	true
pss_scratch.bwo_2_4a_shift_closure	pss_scratch	pss_scratch.bwo_2_4a_shift_closure	0	2329572	isabelle/layerC/pss_scratch.thy	8108	false	7877348	0	true
pss_scratch.bwo_domB_Dsucc0	pss_scratch	pss_scratch.bwo_domB_Dsucc0	0	2329582	isabelle/layerC/pss_scratch.thy	8181	false	7877462	0	true
pss_scratch.bwo_operB_Dsucc0	pss_scratch	pss_scratch.bwo_operB_Dsucc0	0	2329592	isabelle/layerC/pss_scratch.thy	8184	false	7877526	0	true
pss_scratch.bwo_2_5_sub1	pss_scratch	pss_scratch.bwo_2_5_sub1	0	2329606	isabelle/layerC/pss_scratch.thy	8201	false	7877614	0	true
pss_scratch.ox8_lastV_graph.intros	pss_scratch	pss_scratch.ox8_lastV_graph.intros	0	2329636	isabelle/layerC/pss_scratch.thy	8310	true	7877752	0	true
pss_scratch.ox8_lastV_graph.cases	pss_scratch	pss_scratch.ox8_lastV_graph.cases	0	2329638	isabelle/layerC/pss_scratch.thy	8310	true	7877752	0	true
pss_scratch.ox8_lastV_graph.induct	pss_scratch	pss_scratch.ox8_lastV_graph.induct	0	2329640	isabelle/layerC/pss_scratch.thy	8310	true	7877752	0	true
pss_scratch.ox8_lastV_graph.simps	pss_scratch	pss_scratch.ox8_lastV_graph.simps	0	2329642	isabelle/layerC/pss_scratch.thy	8310	true	7877752	0	true
pss_scratch.ox8_lastV_graph.inducts	pss_scratch	pss_scratch.ox8_lastV_graph.inducts	0	2329644	isabelle/layerC/pss_scratch.thy	8310	true	7877752	0	true
pss_scratch.ox8_lastV_rel.cases	pss_scratch	pss_scratch.ox8_lastV_rel.cases	0	2329674	isabelle/layerC/pss_scratch.thy	8310	true	7877752	0	true
pss_scratch.ox8_lastV_rel.induct	pss_scratch	pss_scratch.ox8_lastV_rel.induct	0	2329684	isabelle/layerC/pss_scratch.thy	8310	true	7877752	0	true
pss_scratch.ox8_lastV_rel.simps	pss_scratch	pss_scratch.ox8_lastV_rel.simps	0	2329694	isabelle/layerC/pss_scratch.thy	8310	true	7877752	0	true
pss_scratch.ox8_lastV_rel.inducts	pss_scratch	pss_scratch.ox8_lastV_rel.inducts	0	2329696	isabelle/layerC/pss_scratch.thy	8310	true	7877752	0	true
pss_scratch.ox8_lastV.psimps	pss_scratch	pss_scratch.ox8_lastV.psimps	0	2329736	isabelle/layerC/pss_scratch.thy	8310	true	7877752	0	true
pss_scratch.ox8_lastV.pinduct	pss_scratch	pss_scratch.ox8_lastV.pinduct	0	2329738	isabelle/layerC/pss_scratch.thy	8310	true	7877752	0	true
pss_scratch.ox8_lastV.termination	pss_scratch	pss_scratch.ox8_lastV.termination	0	2329740	isabelle/layerC/pss_scratch.thy	8310	true	7877752	0	true
pss_scratch.ox8_lastV.cases	pss_scratch	pss_scratch.ox8_lastV.cases	0	2329742	isabelle/layerC/pss_scratch.thy	8310	false	7877752	0	true
pss_scratch.ox8_lastV.pelims	pss_scratch	pss_scratch.ox8_lastV.pelims	0	2329744	isabelle/layerC/pss_scratch.thy	8310	false	7877752	0	true
pss_scratch.ox8_lastV.simps	pss_scratch	pss_scratch.ox8_lastV.simps	0	2329752	isabelle/layerC/pss_scratch.thy	8310	false	7877752	0	true
pss_scratch.ox8_lastV.induct	pss_scratch	pss_scratch.ox8_lastV.induct	0	2329756	isabelle/layerC/pss_scratch.thy	8310	false	7877752	0	true
pss_scratch.ox8_lastV.elims	pss_scratch	pss_scratch.ox8_lastV.elims	0	2329758	isabelle/layerC/pss_scratch.thy	8310	false	7877752	0	true
pss_scratch.ox8_lastT_graph.intros	pss_scratch	pss_scratch.ox8_lastT_graph.intros	0	2329788	isabelle/layerC/pss_scratch.thy	8313	true	7878678	0	true
pss_scratch.ox8_lastT_graph.cases	pss_scratch	pss_scratch.ox8_lastT_graph.cases	0	2329790	isabelle/layerC/pss_scratch.thy	8313	true	7878678	0	true
pss_scratch.ox8_lastT_graph.induct	pss_scratch	pss_scratch.ox8_lastT_graph.induct	0	2329792	isabelle/layerC/pss_scratch.thy	8313	true	7878678	0	true
pss_scratch.ox8_lastT_graph.simps	pss_scratch	pss_scratch.ox8_lastT_graph.simps	0	2329794	isabelle/layerC/pss_scratch.thy	8313	true	7878678	0	true
pss_scratch.ox8_lastT_graph.inducts	pss_scratch	pss_scratch.ox8_lastT_graph.inducts	0	2329796	isabelle/layerC/pss_scratch.thy	8313	true	7878678	0	true
pss_scratch.ox8_lastT_rel.cases	pss_scratch	pss_scratch.ox8_lastT_rel.cases	0	2329846	isabelle/layerC/pss_scratch.thy	8313	true	7878678	0	true
pss_scratch.ox8_lastT_rel.induct	pss_scratch	pss_scratch.ox8_lastT_rel.induct	0	2329848	isabelle/layerC/pss_scratch.thy	8313	true	7878678	0	true
pss_scratch.ox8_lastT_rel.simps	pss_scratch	pss_scratch.ox8_lastT_rel.simps	0	2329852	isabelle/layerC/pss_scratch.thy	8313	true	7878678	0	true
pss_scratch.ox8_lastT_rel.inducts	pss_scratch	pss_scratch.ox8_lastT_rel.inducts	0	2329856	isabelle/layerC/pss_scratch.thy	8313	true	7878678	0	true
pss_scratch.ox8_lastT.psimps	pss_scratch	pss_scratch.ox8_lastT.psimps	0	2329894	isabelle/layerC/pss_scratch.thy	8313	true	7878678	0	true
pss_scratch.ox8_lastT.pinduct	pss_scratch	pss_scratch.ox8_lastT.pinduct	0	2329896	isabelle/layerC/pss_scratch.thy	8313	true	7878678	0	true
pss_scratch.ox8_lastT.termination	pss_scratch	pss_scratch.ox8_lastT.termination	0	2329900	isabelle/layerC/pss_scratch.thy	8313	true	7878678	0	true
pss_scratch.ox8_lastT.cases	pss_scratch	pss_scratch.ox8_lastT.cases	0	2329902	isabelle/layerC/pss_scratch.thy	8313	false	7878678	0	true
pss_scratch.ox8_lastT.pelims	pss_scratch	pss_scratch.ox8_lastT.pelims	0	2329904	isabelle/layerC/pss_scratch.thy	8313	false	7878678	0	true
pss_scratch.ox8_lastT.simps	pss_scratch	pss_scratch.ox8_lastT.simps	0	2329920	isabelle/layerC/pss_scratch.thy	8313	false	7878678	0	true
pss_scratch.ox8_lastT.induct	pss_scratch	pss_scratch.ox8_lastT.induct	0	2329924	isabelle/layerC/pss_scratch.thy	8313	false	7878678	0	true
pss_scratch.ox8_lastT.elims	pss_scratch	pss_scratch.ox8_lastT.elims	0	2329928	isabelle/layerC/pss_scratch.thy	8313	false	7878678	0	true
pss_scratch.ox8_rsub_graph.intros(1)	pss_scratch	pss_scratch.ox8_rsub_graph.intros	1	2329974	isabelle/layerC/pss_scratch.thy	8316	true	7879888	0	true
pss_scratch.ox8_rsub_graph.intros(2)	pss_scratch	pss_scratch.ox8_rsub_graph.intros	2	2329976	isabelle/layerC/pss_scratch.thy	8316	true	7879888	0	true
pss_scratch.ox8_rsub_graph.cases	pss_scratch	pss_scratch.ox8_rsub_graph.cases	0	2329978	isabelle/layerC/pss_scratch.thy	8316	true	7879888	0	true
pss_scratch.ox8_rsub_graph.induct	pss_scratch	pss_scratch.ox8_rsub_graph.induct	0	2329980	isabelle/layerC/pss_scratch.thy	8316	true	7879888	0	true
pss_scratch.ox8_rsub_graph.simps	pss_scratch	pss_scratch.ox8_rsub_graph.simps	0	2329982	isabelle/layerC/pss_scratch.thy	8316	true	7879888	0	true
pss_scratch.ox8_rsub_graph.inducts	pss_scratch	pss_scratch.ox8_rsub_graph.inducts	0	2329984	isabelle/layerC/pss_scratch.thy	8316	true	7879888	0	true
pss_scratch.ox8_rsub_rel.intros	pss_scratch	pss_scratch.ox8_rsub_rel.intros	0	2330014	isabelle/layerC/pss_scratch.thy	8316	true	7879888	0	true
pss_scratch.ox8_rsub_rel.cases	pss_scratch	pss_scratch.ox8_rsub_rel.cases	0	2330016	isabelle/layerC/pss_scratch.thy	8316	true	7879888	0	true
pss_scratch.ox8_rsub_rel.induct	pss_scratch	pss_scratch.ox8_rsub_rel.induct	0	2330020	isabelle/layerC/pss_scratch.thy	8316	true	7879888	0	true
pss_scratch.ox8_rsub_rel.simps	pss_scratch	pss_scratch.ox8_rsub_rel.simps	0	2330028	isabelle/layerC/pss_scratch.thy	8316	true	7879888	0	true
pss_scratch.ox8_rsub_rel.inducts	pss_scratch	pss_scratch.ox8_rsub_rel.inducts	0	2330030	isabelle/layerC/pss_scratch.thy	8316	true	7879888	0	true
pss_scratch.ox8_rsub.psimps(1)	pss_scratch	pss_scratch.ox8_rsub.psimps	1	2330068	isabelle/layerC/pss_scratch.thy	8316	true	7879888	0	true
pss_scratch.ox8_rsub.psimps(2)	pss_scratch	pss_scratch.ox8_rsub.psimps	2	2330070	isabelle/layerC/pss_scratch.thy	8316	true	7879888	0	true
pss_scratch.ox8_rsub.pinduct	pss_scratch	pss_scratch.ox8_rsub.pinduct	0	2330074	isabelle/layerC/pss_scratch.thy	8316	true	7879888	0	true
pss_scratch.ox8_rsub.termination	pss_scratch	pss_scratch.ox8_rsub.termination	0	2330078	isabelle/layerC/pss_scratch.thy	8316	true	7879888	0	true
pss_scratch.ox8_rsub.cases	pss_scratch	pss_scratch.ox8_rsub.cases	0	2330080	isabelle/layerC/pss_scratch.thy	8316	false	7879888	0	true
pss_scratch.ox8_rsub.pelims	pss_scratch	pss_scratch.ox8_rsub.pelims	0	2330082	isabelle/layerC/pss_scratch.thy	8316	false	7879888	0	true
pss_scratch.ox8_rsub.simps(1)	pss_scratch	pss_scratch.ox8_rsub.simps	1	2330094	isabelle/layerC/pss_scratch.thy	8316	false	7879888	0	true
pss_scratch.ox8_rsub.simps(2)	pss_scratch	pss_scratch.ox8_rsub.simps	2	2330096	isabelle/layerC/pss_scratch.thy	8316	false	7879888	0	true
pss_scratch.ox8_rsub.induct	pss_scratch	pss_scratch.ox8_rsub.induct	0	2330102	isabelle/layerC/pss_scratch.thy	8316	false	7879888	0	true
pss_scratch.ox8_rsub.elims	pss_scratch	pss_scratch.ox8_rsub.elims	0	2330104	isabelle/layerC/pss_scratch.thy	8316	false	7879888	0	true
pss_scratch.ox8_lastT_GBT	pss_scratch	pss_scratch.ox8_lastT_GBT	0	2330116	isabelle/layerC/pss_scratch.thy	8323	false	7881458	0	true
pss_scratch.ox8_rsub_GBT	pss_scratch	pss_scratch.ox8_rsub_GBT	0	2330124	isabelle/layerC/pss_scratch.thy	8344	false	7881586	0	true
pss_scratch.ox8_rsub_lessBT_of_OTP	pss_scratch	pss_scratch.ox8_rsub_lessBT_of_OTP	0	2330138	isabelle/layerC/pss_scratch.thy	8391	false	7881732	0	true
pss_scratch.ox8_RightNodes_cons	pss_scratch	pss_scratch.ox8_RightNodes_cons	0	2330154	isabelle/layerC/pss_scratch.thy	8404	false	7881894	0	true
pss_scratch.ox8_rsub_head_RN	pss_scratch	pss_scratch.ox8_rsub_head_RN	0	2330168	isabelle/layerC/pss_scratch.thy	8425	false	7882008	0	true
pss_scratch.ox8_dfree_lastT	pss_scratch	pss_scratch.ox8_dfree_lastT	0	2330176	isabelle/layerC/pss_scratch.thy	8453	false	7882164	0	true
pss_scratch.ox8_dfree_rsub	pss_scratch	pss_scratch.ox8_dfree_rsub	0	2330190	isabelle/layerC/pss_scratch.thy	8471	false	7882216	0	true
pss_scratch.ox8_dfree_lastV	pss_scratch	pss_scratch.ox8_dfree_lastV	0	2330200	isabelle/layerC/pss_scratch.thy	8480	false	7882280	0	true
pss_scratch.ox8_OTP_e3_body	pss_scratch	pss_scratch.ox8_OTP_e3_body	0	2330220	isabelle/layerC/pss_scratch.thy	8503	false	7882482	0	true
pss_scratch.ox8_body_rspine_lessBT	pss_scratch	pss_scratch.ox8_body_rspine_lessBT	0	2330256	isabelle/layerC/pss_scratch.thy	8539	false	7882952	0	true
pss_scratch.bwl_Aop_def	pss_scratch	pss_scratch.bwl_Aop_def	0	2330322	isabelle/layerC/pss_scratch.thy	8695	false	7883644	0	false
pss_scratch.bwl_Aset_def	pss_scratch	pss_scratch.bwl_Aset_def	0	2330344	isabelle/layerC/pss_scratch.thy	8701	false	7884200	0	false
pss_scratch.bwl_Aop_mono_X	pss_scratch	pss_scratch.bwl_Aop_mono_X	0	2330374	isabelle/layerC/pss_scratch.thy	8704	false	7884356	0	false
pss_scratch.bwl_Aset_mono	pss_scratch	pss_scratch.bwl_Aset_mono	0	2330414	isabelle/layerC/pss_scratch.thy	8709	false	7884464	0	false
pss_scratch.bwl_Aop_mono_nv	pss_scratch	pss_scratch.bwl_Aop_mono_nv	0	2330430	isabelle/layerC/pss_scratch.thy	8719	false	7884570	0	true
pss_scratch.bwl_Aop_cong	pss_scratch	pss_scratch.bwl_Aop_cong	0	2330454	isabelle/layerC/pss_scratch.thy	8726	false	7884698	0	false
pss_scratch.bwl_Wf_def	pss_scratch	pss_scratch.bwl_Wf_def	0	2330506	isabelle/layerC/pss_scratch.thy	8745	true	7884866	0	false
pss_scratch.bwl_Wf.simps(1)	pss_scratch	pss_scratch.bwl_Wf.simps	1	2330538	isabelle/layerC/pss_scratch.thy	8745	false	7884866	0	true
pss_scratch.bwl_Wf.simps(2)	pss_scratch	pss_scratch.bwl_Wf.simps	2	2330544	isabelle/layerC/pss_scratch.thy	8745	false	7884866	0	true
pss_scratch.bwl_W_def	pss_scratch	pss_scratch.bwl_W_def	0	2330574	isabelle/layerC/pss_scratch.thy	8750	false	7885226	0	false
pss_scratch.bwl_Wf_coh	pss_scratch	pss_scratch.bwl_Wf_coh	0	2330586	isabelle/layerC/pss_scratch.thy	8753	false	7885392	0	true
pss_scratch.bwl_Wf_eq_W	pss_scratch	pss_scratch.bwl_Wf_eq_W	0	2330596	isabelle/layerC/pss_scratch.thy	8770	false	7885494	0	true
pss_scratch.bwl_W_unfold	pss_scratch	pss_scratch.bwl_W_unfold	0	2330608	isabelle/layerC/pss_scratch.thy	8776	false	7885606	0	true
pss_scratch.bwl_A1	pss_scratch	pss_scratch.bwl_A1	0	2330616	isabelle/layerC/pss_scratch.thy	8800	false	7885696	0	true
pss_scratch.bwl_A2	pss_scratch	pss_scratch.bwl_A2	0	2330648	isabelle/layerC/pss_scratch.thy	8807	false	7885844	0	true
pss_scratch.bwl_A1_intro	pss_scratch	pss_scratch.bwl_A1_intro	0	2330688	isabelle/layerC/pss_scratch.thy	8818	false	7885986	0	true
pss_scratch.bwl_A1_dest	pss_scratch	pss_scratch.bwl_A1_dest	0	2330710	isabelle/layerC/pss_scratch.thy	8827	false	7886140	0	true
pss_scratch.bwl_A2'	pss_scratch	pss_scratch.bwl_A2'	0	2330736	isabelle/layerC/pss_scratch.thy	8835	false	7886320	0	true
pss_scratch.bwl_W_zero	pss_scratch	pss_scratch.bwl_W_zero	0	2330748	isabelle/layerC/pss_scratch.thy	8846	false	7886898	0	true
pss_scratch.bwl_W2	pss_scratch	pss_scratch.bwl_W2	0	2330770	isabelle/layerC/pss_scratch.thy	8851	false	7886972	0	true
pss_scratch.bwl_W3	pss_scratch	pss_scratch.bwl_W3	0	2330804	isabelle/layerC/pss_scratch.thy	8860	false	7887074	0	true
pss_scratch.bwl_W_level_mono	pss_scratch	pss_scratch.bwl_W_level_mono	0	2330838	isabelle/layerC/pss_scratch.thy	8874	false	7887200	0	true
pss_scratch.bwl_2_4a_shift	pss_scratch	pss_scratch.bwl_2_4a_shift	0	2330876	isabelle/layerC/pss_scratch.thy	8892	false	7887330	0	true
pss_scratch.bwl_2_4b_add	pss_scratch	pss_scratch.bwl_2_4b_add	0	2330918	isabelle/layerC/pss_scratch.thy	8965	false	7887466	0	true
pss_scratch.bwl_2_4b_mult	pss_scratch	pss_scratch.bwl_2_4b_mult	0	2330942	isabelle/layerC/pss_scratch.thy	8981	false	7887584	0	true
pss_scratch.bwl_domB_one	pss_scratch	pss_scratch.bwl_domB_one	0	2330952	isabelle/layerC/pss_scratch.thy	8993	false	7887694	0	true
pss_scratch.bwl_one_W	pss_scratch	pss_scratch.bwl_one_W	0	2330962	isabelle/layerC/pss_scratch.thy	8996	false	7887754	0	true
pss_scratch.bwl_numBT_W	pss_scratch	pss_scratch.bwl_numBT_W	0	2330972	isabelle/layerC/pss_scratch.thy	9006	false	7887834	0	true
pss_scratch.bwl_2_5_sub1	pss_scratch	pss_scratch.bwl_2_5_sub1	0	2330992	isabelle/layerC/pss_scratch.thy	9014	false	7887940	0	true
pss_scratch.bwl_domB_case_i	pss_scratch	pss_scratch.bwl_domB_case_i	0	2331022	isabelle/layerC/pss_scratch.thy	9056	false	7888160	0	true
pss_scratch.bwl_TBv_neq_zero	pss_scratch	pss_scratch.bwl_TBv_neq_zero	0	2331034	isabelle/layerC/pss_scratch.thy	9061	false	7888342	0	true
pss_scratch.bwl_case_iii_guard_TBv	pss_scratch	pss_scratch.bwl_case_iii_guard_TBv	0	2331054	isabelle/layerC/pss_scratch.thy	9072	false	7888416	0	true
pss_scratch.bwl_D_zero_W	pss_scratch	pss_scratch.bwl_D_zero_W	0	2331080	isabelle/layerC/pss_scratch.thy	9086	false	7888522	0	true
pss_scratch.bwl_key_collapse_sub	pss_scratch	pss_scratch.bwl_key_collapse_sub	0	2331204	isabelle/layerC/pss_scratch.thy	9115	false	7888794	0	true
pss_scratch.bwl_key_collapse	pss_scratch	pss_scratch.bwl_key_collapse	0	2331280	isabelle/layerC/pss_scratch.thy	9213	false	7888954	0	true
pss_scratch.bwl_W_Dself	pss_scratch	pss_scratch.bwl_W_Dself	0	2331318	isabelle/layerC/pss_scratch.thy	9221	false	7889140	0	true
pss_scratch.bwl_numNat_numBT	pss_scratch	pss_scratch.bwl_numNat_numBT	0	2331326	isabelle/layerC/pss_scratch.thy	9228	false	7889358	0	true
pss_scratch.bwl_tbvIdx	pss_scratch	pss_scratch.bwl_tbvIdx	0	2331332	isabelle/layerC/pss_scratch.thy	9231	false	7889412	0	true
pss_scratch.bwl_domB_case_ii	pss_scratch	pss_scratch.bwl_domB_case_ii	0	2331358	isabelle/layerC/pss_scratch.thy	9241	false	7889482	0	true
pss_scratch.bwl_operB_case_ii	pss_scratch	pss_scratch.bwl_operB_case_ii	0	2331462	isabelle/layerC/pss_scratch.thy	9252	false	7889728	0	true
pss_scratch.bwl_DC	pss_scratch	pss_scratch.bwl_DC	0	2331488	isabelle/layerC/pss_scratch.thy	9278	false	7890278	0	true
pss_scratch.bwl_W_subset_star	pss_scratch	pss_scratch.bwl_W_subset_star	0	2331502	isabelle/layerC/pss_scratch.thy	9441	false	7890384	0	true
pss_scratch.bwl_Wstar_def	pss_scratch	pss_scratch.bwl_Wstar_def	0	2331584	isabelle/layerC/pss_scratch.thy	9458	false	7890532	0	false
pss_scratch.bwl_WstarI	pss_scratch	pss_scratch.bwl_WstarI	0	2331620	isabelle/layerC/pss_scratch.thy	9461	false	7890798	0	false
pss_scratch.bwl_WstarD	pss_scratch	pss_scratch.bwl_WstarD	0	2331688	isabelle/layerC/pss_scratch.thy	9464	false	7890978	0	false
pss_scratch.bwl_W_in_Wstar	pss_scratch	pss_scratch.bwl_W_in_Wstar	0	2331716	isabelle/layerC/pss_scratch.thy	9469	false	7891178	0	true
pss_scratch.bwl_zero_Wstar	pss_scratch	pss_scratch.bwl_zero_Wstar	0	2331726	isabelle/layerC/pss_scratch.thy	9472	false	7891234	0	true
pss_scratch.bwl_2_6	pss_scratch	pss_scratch.bwl_2_6	0	2331786	isabelle/layerC/pss_scratch.thy	9477	false	7891330	0	true
pss_scratch.bwl_size_list_butlast	pss_scratch	pss_scratch.bwl_size_list_butlast	0	2331824	isabelle/layerC/pss_scratch.thy	9629	false	7891420	0	false
pss_scratch.bwl_size_butlast_lt	pss_scratch	pss_scratch.bwl_size_butlast_lt	0	2331860	isabelle/layerC/pss_scratch.thy	9633	false	7891524	0	true
pss_scratch.bwl_2_7_aux	pss_scratch	pss_scratch.bwl_2_7_aux	0	2331950	isabelle/layerC/pss_scratch.thy	9647	false	7891658	0	true
pss_scratch.bwl_2_8_dfree_Wstar	pss_scratch	pss_scratch.bwl_2_8_dfree_Wstar	0	2332012	isabelle/layerC/pss_scratch.thy	9724	false	7891870	0	true
pss_scratch.bwl_2_8_principal	pss_scratch	pss_scratch.bwl_2_8_principal	0	2332066	isabelle/layerC/pss_scratch.thy	9733	false	7891934	0	true
pss_scratch.bwl_cof_def	pss_scratch	pss_scratch.bwl_cof_def	0	2332250	isabelle/layerC/pss_scratch.thy	9762	false	7892078	0	false
pss_scratch.bwl_not_lessBT_zero	pss_scratch	pss_scratch.bwl_not_lessBT_zero	0	2332270	isabelle/layerC/pss_scratch.thy	9771	false	7892462	0	true
pss_scratch.bwl_acc_BP_of_BT_aux	pss_scratch	pss_scratch.bwl_acc_BP_of_BT_aux	0	2332306	isabelle/layerC/pss_scratch.thy	9779	false	7892538	0	true
pss_scratch.bwl_acc_BP_of_BT	pss_scratch	pss_scratch.bwl_acc_BP_of_BT	0	2332322	isabelle/layerC/pss_scratch.thy	9800	false	7892636	0	true
pss_scratch.bwl_acc_of_W	pss_scratch	pss_scratch.bwl_acc_of_W	0	2332362	isabelle/layerC/pss_scratch.thy	9808	false	7892814	0	true
pss_scratch.bwl_Wstar_total_of_cof	pss_scratch	pss_scratch.bwl_Wstar_total_of_cof	0	2332386	isabelle/layerC/pss_scratch.thy	9927	false	7892906	0	true
pss_scratch.bwl_wf_RPrel_of_cof	pss_scratch	pss_scratch.bwl_wf_RPrel_of_cof	0	2332400	isabelle/layerC/pss_scratch.thy	9942	false	7892988	0	true
pss_scratch.ot9_LastStep_A9_faithful	pss_scratch	pss_scratch.ot9_LastStep_A9_faithful	0	2332586	isabelle/layerC/pss_scratch.thy	9986	false	7893160	0	false
pss_scratch.ot9_FINRC	pss_scratch	pss_scratch.ot9_FINRC	0	2332660	isabelle/layerC/pss_scratch.thy	10032	false	7893858	0	false
pss_scratch.oi8_census_FINRC(1)	pss_scratch	pss_scratch.oi8_census_FINRC	1	2332738	isabelle/layerC/pss_scratch.thy	10041	false	7893942	0	true
pss_scratch.oi8_census_FINRC(2)	pss_scratch	pss_scratch.oi8_census_FINRC	2	2332740	isabelle/layerC/pss_scratch.thy	10041	false	7893942	0	true
pss_scratch.ox9_hge_ox9_hgeP_graph.intros(1)	pss_scratch	pss_scratch.ox9_hge_ox9_hgeP_graph.intros	1	2332824	isabelle/layerC/pss_scratch.thy	10121	true	7894532	0	true
pss_scratch.ox9_hge_ox9_hgeP_graph.intros(2)	pss_scratch	pss_scratch.ox9_hge_ox9_hgeP_graph.intros	2	2332826	isabelle/layerC/pss_scratch.thy	10121	true	7894532	0	true
pss_scratch.ox9_hge_ox9_hgeP_graph.cases	pss_scratch	pss_scratch.ox9_hge_ox9_hgeP_graph.cases	0	2332828	isabelle/layerC/pss_scratch.thy	10121	true	7894532	0	true
pss_scratch.ox9_hge_ox9_hgeP_graph.induct	pss_scratch	pss_scratch.ox9_hge_ox9_hgeP_graph.induct	0	2332838	isabelle/layerC/pss_scratch.thy	10121	true	7894532	0	true
pss_scratch.ox9_hge_ox9_hgeP_graph.simps	pss_scratch	pss_scratch.ox9_hge_ox9_hgeP_graph.simps	0	2332840	isabelle/layerC/pss_scratch.thy	10121	true	7894532	0	true
pss_scratch.ox9_hge_ox9_hgeP_graph.inducts	pss_scratch	pss_scratch.ox9_hge_ox9_hgeP_graph.inducts	0	2332842	isabelle/layerC/pss_scratch.thy	10121	true	7894532	0	true
pss_scratch.ox9_hge_ox9_hgeP_rel.intros(1)	pss_scratch	pss_scratch.ox9_hge_ox9_hgeP_rel.intros	1	2332912	isabelle/layerC/pss_scratch.thy	10121	true	7894532	0	true
pss_scratch.ox9_hge_ox9_hgeP_rel.intros(2)	pss_scratch	pss_scratch.ox9_hge_ox9_hgeP_rel.intros	2	2332914	isabelle/layerC/pss_scratch.thy	10121	true	7894532	0	true
pss_scratch.ox9_hge_ox9_hgeP_rel.cases	pss_scratch	pss_scratch.ox9_hge_ox9_hgeP_rel.cases	0	2332916	isabelle/layerC/pss_scratch.thy	10121	true	7894532	0	true
pss_scratch.ox9_hge_ox9_hgeP_rel.induct	pss_scratch	pss_scratch.ox9_hge_ox9_hgeP_rel.induct	0	2332924	isabelle/layerC/pss_scratch.thy	10121	true	7894532	0	true
pss_scratch.ox9_hge_ox9_hgeP_rel.simps	pss_scratch	pss_scratch.ox9_hge_ox9_hgeP_rel.simps	0	2332926	isabelle/layerC/pss_scratch.thy	10121	true	7894532	0	true
pss_scratch.ox9_hge_ox9_hgeP_rel.inducts	pss_scratch	pss_scratch.ox9_hge_ox9_hgeP_rel.inducts	0	2332930	isabelle/layerC/pss_scratch.thy	10121	true	7894532	0	true
pss_scratch.ox9_hge.psimps	pss_scratch	pss_scratch.ox9_hge.psimps	0	2333052	isabelle/layerC/pss_scratch.thy	10121	true	7894532	0	true
pss_scratch.ox9_hgeP.psimps	pss_scratch	pss_scratch.ox9_hgeP.psimps	0	2333056	isabelle/layerC/pss_scratch.thy	10121	true	7894532	0	true
pss_scratch.ox9_hge_ox9_hgeP.pinduct(1)	pss_scratch	pss_scratch.ox9_hge_ox9_hgeP.pinduct	1	2333060	isabelle/layerC/pss_scratch.thy	10121	true	7894532	0	true
pss_scratch.ox9_hge_ox9_hgeP.pinduct(2)	pss_scratch	pss_scratch.ox9_hge_ox9_hgeP.pinduct	2	2333066	isabelle/layerC/pss_scratch.thy	10121	true	7894532	0	true
pss_scratch.ox9_hge_ox9_hgeP.termination	pss_scratch	pss_scratch.ox9_hge_ox9_hgeP.termination	0	2333078	isabelle/layerC/pss_scratch.thy	10121	true	7894532	0	true
pss_scratch.ox9_hge.cases	pss_scratch	pss_scratch.ox9_hge.cases	0	2333080	isabelle/layerC/pss_scratch.thy	10121	false	7894532	0	true
pss_scratch.ox9_hgeP.cases	pss_scratch	pss_scratch.ox9_hgeP.cases	0	2333086	isabelle/layerC/pss_scratch.thy	10121	false	7894532	0	true
pss_scratch.ox9_hge.pelims(1)	pss_scratch	pss_scratch.ox9_hge.pelims	1	2333094	isabelle/layerC/pss_scratch.thy	10121	false	7894532	0	true
pss_scratch.ox9_hge.pelims(2)	pss_scratch	pss_scratch.ox9_hge.pelims	2	2333098	isabelle/layerC/pss_scratch.thy	10121	false	7894532	0	true
pss_scratch.ox9_hge.pelims(3)	pss_scratch	pss_scratch.ox9_hge.pelims	3	2333104	isabelle/layerC/pss_scratch.thy	10121	false	7894532	0	true
pss_scratch.ox9_hgeP.pelims(1)	pss_scratch	pss_scratch.ox9_hgeP.pelims	1	2333114	isabelle/layerC/pss_scratch.thy	10121	false	7894532	0	true
pss_scratch.ox9_hgeP.pelims(2)	pss_scratch	pss_scratch.ox9_hgeP.pelims	2	2333118	isabelle/layerC/pss_scratch.thy	10121	false	7894532	0	true
pss_scratch.ox9_hgeP.pelims(3)	pss_scratch	pss_scratch.ox9_hgeP.pelims	3	2333124	isabelle/layerC/pss_scratch.thy	10121	false	7894532	0	true
pss_scratch.ox9_hge.simps	pss_scratch	pss_scratch.ox9_hge.simps	0	2333210	isabelle/layerC/pss_scratch.thy	10121	false	7894532	0	true
pss_scratch.ox9_hgeP.simps	pss_scratch	pss_scratch.ox9_hgeP.simps	0	2333214	isabelle/layerC/pss_scratch.thy	10121	false	7894532	0	true
pss_scratch.ox9_hge_ox9_hgeP.induct(1)	pss_scratch	pss_scratch.ox9_hge_ox9_hgeP.induct	1	2333226	isabelle/layerC/pss_scratch.thy	10121	false	7894532	0	true
pss_scratch.ox9_hge_ox9_hgeP.induct(2)	pss_scratch	pss_scratch.ox9_hge_ox9_hgeP.induct	2	2333230	isabelle/layerC/pss_scratch.thy	10121	false	7894532	0	true
pss_scratch.ox9_hge.elims(1)	pss_scratch	pss_scratch.ox9_hge.elims	1	2333240	isabelle/layerC/pss_scratch.thy	10121	false	7894532	0	true
pss_scratch.ox9_hge.elims(2)	pss_scratch	pss_scratch.ox9_hge.elims	2	2333242	isabelle/layerC/pss_scratch.thy	10121	false	7894532	0	true
pss_scratch.ox9_hge.elims(3)	pss_scratch	pss_scratch.ox9_hge.elims	3	2333244	isabelle/layerC/pss_scratch.thy	10121	false	7894532	0	true
pss_scratch.ox9_hgeP.elims(1)	pss_scratch	pss_scratch.ox9_hgeP.elims	1	2333246	isabelle/layerC/pss_scratch.thy	10121	false	7894532	0	true
pss_scratch.ox9_hgeP.elims(2)	pss_scratch	pss_scratch.ox9_hgeP.elims	2	2333248	isabelle/layerC/pss_scratch.thy	10121	false	7894532	0	true
pss_scratch.ox9_hgeP.elims(3)	pss_scratch	pss_scratch.ox9_hgeP.elims	3	2333250	isabelle/layerC/pss_scratch.thy	10121	false	7894532	0	true
pss_scratch.ox9_ok_ox9_okP_graph.intros(1)	pss_scratch	pss_scratch.ox9_ok_ox9_okP_graph.intros	1	2333472	isabelle/layerC/pss_scratch.thy	10134	true	7897306	0	true
pss_scratch.ox9_ok_ox9_okP_graph.intros(2)	pss_scratch	pss_scratch.ox9_ok_ox9_okP_graph.intros	2	2333474	isabelle/layerC/pss_scratch.thy	10134	true	7897306	0	true
pss_scratch.ox9_ok_ox9_okP_graph.cases	pss_scratch	pss_scratch.ox9_ok_ox9_okP_graph.cases	0	2333476	isabelle/layerC/pss_scratch.thy	10134	true	7897306	0	true
pss_scratch.ox9_ok_ox9_okP_graph.induct	pss_scratch	pss_scratch.ox9_ok_ox9_okP_graph.induct	0	2333482	isabelle/layerC/pss_scratch.thy	10134	true	7897306	0	true
pss_scratch.ox9_ok_ox9_okP_graph.simps	pss_scratch	pss_scratch.ox9_ok_ox9_okP_graph.simps	0	2333486	isabelle/layerC/pss_scratch.thy	10134	true	7897306	0	true
pss_scratch.ox9_ok_ox9_okP_graph.inducts	pss_scratch	pss_scratch.ox9_ok_ox9_okP_graph.inducts	0	2333488	isabelle/layerC/pss_scratch.thy	10134	true	7897306	0	true
pss_scratch.ox9_ok_ox9_okP_rel.intros(1)	pss_scratch	pss_scratch.ox9_ok_ox9_okP_rel.intros	1	2333534	isabelle/layerC/pss_scratch.thy	10134	true	7897306	0	true
pss_scratch.ox9_ok_ox9_okP_rel.intros(2)	pss_scratch	pss_scratch.ox9_ok_ox9_okP_rel.intros	2	2333536	isabelle/layerC/pss_scratch.thy	10134	true	7897306	0	true
pss_scratch.ox9_ok_ox9_okP_rel.cases	pss_scratch	pss_scratch.ox9_ok_ox9_okP_rel.cases	0	2333538	isabelle/layerC/pss_scratch.thy	10134	true	7897306	0	true
pss_scratch.ox9_ok_ox9_okP_rel.induct	pss_scratch	pss_scratch.ox9_ok_ox9_okP_rel.induct	0	2333542	isabelle/layerC/pss_scratch.thy	10134	true	7897306	0	true
pss_scratch.ox9_ok_ox9_okP_rel.simps	pss_scratch	pss_scratch.ox9_ok_ox9_okP_rel.simps	0	2333548	isabelle/layerC/pss_scratch.thy	10134	true	7897306	0	true
pss_scratch.ox9_ok_ox9_okP_rel.inducts	pss_scratch	pss_scratch.ox9_ok_ox9_okP_rel.inducts	0	2333550	isabelle/layerC/pss_scratch.thy	10134	true	7897306	0	true
pss_scratch.ox9_ok.psimps	pss_scratch	pss_scratch.ox9_ok.psimps	0	2333666	isabelle/layerC/pss_scratch.thy	10134	true	7897306	0	true
pss_scratch.ox9_okP.psimps	pss_scratch	pss_scratch.ox9_okP.psimps	0	2333668	isabelle/layerC/pss_scratch.thy	10134	true	7897306	0	true
pss_scratch.ox9_ok_ox9_okP.pinduct(1)	pss_scratch	pss_scratch.ox9_ok_ox9_okP.pinduct	1	2333670	isabelle/layerC/pss_scratch.thy	10134	true	7897306	0	true
pss_scratch.ox9_ok_ox9_okP.pinduct(2)	pss_scratch	pss_scratch.ox9_ok_ox9_okP.pinduct	2	2333676	isabelle/layerC/pss_scratch.thy	10134	true	7897306	0	true
pss_scratch.ox9_ok_ox9_okP.termination	pss_scratch	pss_scratch.ox9_ok_ox9_okP.termination	0	2333682	isabelle/layerC/pss_scratch.thy	10134	true	7897306	0	true
pss_scratch.ox9_ok.cases	pss_scratch	pss_scratch.ox9_ok.cases	0	2333684	isabelle/layerC/pss_scratch.thy	10134	false	7897306	0	true
pss_scratch.ox9_okP.cases	pss_scratch	pss_scratch.ox9_okP.cases	0	2333688	isabelle/layerC/pss_scratch.thy	10134	false	7897306	0	true
pss_scratch.ox9_ok.pelims(1)	pss_scratch	pss_scratch.ox9_ok.pelims	1	2333698	isabelle/layerC/pss_scratch.thy	10134	false	7897306	0	true
pss_scratch.ox9_ok.pelims(2)	pss_scratch	pss_scratch.ox9_ok.pelims	2	2333702	isabelle/layerC/pss_scratch.thy	10134	false	7897306	0	true
pss_scratch.ox9_ok.pelims(3)	pss_scratch	pss_scratch.ox9_ok.pelims	3	2333706	isabelle/layerC/pss_scratch.thy	10134	false	7897306	0	true
pss_scratch.ox9_okP.pelims(1)	pss_scratch	pss_scratch.ox9_okP.pelims	1	2333710	isabelle/layerC/pss_scratch.thy	10134	false	7897306	0	true
pss_scratch.ox9_okP.pelims(2)	pss_scratch	pss_scratch.ox9_okP.pelims	2	2333712	isabelle/layerC/pss_scratch.thy	10134	false	7897306	0	true
pss_scratch.ox9_okP.pelims(3)	pss_scratch	pss_scratch.ox9_okP.pelims	3	2333718	isabelle/layerC/pss_scratch.thy	10134	false	7897306	0	true
pss_scratch.ox9_ok.simps	pss_scratch	pss_scratch.ox9_ok.simps	0	2333780	isabelle/layerC/pss_scratch.thy	10134	false	7897306	0	true
pss_scratch.ox9_okP.simps	pss_scratch	pss_scratch.ox9_okP.simps	0	2333782	isabelle/layerC/pss_scratch.thy	10134	false	7897306	0	true
pss_scratch.ox9_ok_ox9_okP.induct(1)	pss_scratch	pss_scratch.ox9_ok_ox9_okP.induct	1	2333790	isabelle/layerC/pss_scratch.thy	10134	false	7897306	0	true
pss_scratch.ox9_ok_ox9_okP.induct(2)	pss_scratch	pss_scratch.ox9_ok_ox9_okP.induct	2	2333794	isabelle/layerC/pss_scratch.thy	10134	false	7897306	0	true
pss_scratch.ox9_ok.elims(1)	pss_scratch	pss_scratch.ox9_ok.elims	1	2333812	isabelle/layerC/pss_scratch.thy	10134	false	7897306	0	true
pss_scratch.ox9_ok.elims(2)	pss_scratch	pss_scratch.ox9_ok.elims	2	2333814	isabelle/layerC/pss_scratch.thy	10134	false	7897306	0	true
pss_scratch.ox9_ok.elims(3)	pss_scratch	pss_scratch.ox9_ok.elims	3	2333820	isabelle/layerC/pss_scratch.thy	10134	false	7897306	0	true
pss_scratch.ox9_okP.elims(1)	pss_scratch	pss_scratch.ox9_okP.elims	1	2333834	isabelle/layerC/pss_scratch.thy	10134	false	7897306	0	true
pss_scratch.ox9_okP.elims(2)	pss_scratch	pss_scratch.ox9_okP.elims	2	2333842	isabelle/layerC/pss_scratch.thy	10134	false	7897306	0	true
pss_scratch.ox9_okP.elims(3)	pss_scratch	pss_scratch.ox9_okP.elims	3	2333846	isabelle/layerC/pss_scratch.thy	10134	false	7897306	0	true
pss_scratch.ox9_ok_of_hge	pss_scratch	pss_scratch.ox9_ok_of_hge	0	2333962	isabelle/layerC/pss_scratch.thy	10139	false	7901034	0	true
pss_scratch.ox9_okP_of_hgeP	pss_scratch	pss_scratch.ox9_okP_of_hgeP	0	2333964	isabelle/layerC/pss_scratch.thy	10140	false	7901034	0	true
pss_scratch.ox9_holeD.ox9_hD0	pss_scratch	pss_scratch.ox9_holeD.ox9_hD0	0	2334150	isabelle/layerC/pss_scratch.thy	10150	false	7901228	0	true
pss_scratch.ox9_holeD.ox9_hDS	pss_scratch	pss_scratch.ox9_holeD.ox9_hDS	0	2334152	isabelle/layerC/pss_scratch.thy	10151	false	7901228	0	true
pss_scratch.ox9_holeD.intros(1)	pss_scratch	pss_scratch.ox9_holeD.intros	1	2334156	isabelle/layerC/pss_scratch.thy	10149	false	7901228	0	true
pss_scratch.ox9_holeD.intros(2)	pss_scratch	pss_scratch.ox9_holeD.intros	2	2334158	isabelle/layerC/pss_scratch.thy	10149	false	7901228	0	true
pss_scratch.ox9_holeD.cases	pss_scratch	pss_scratch.ox9_holeD.cases	0	2334164	isabelle/layerC/pss_scratch.thy	10149	false	7901228	0	true
pss_scratch.ox9_holeD.induct	pss_scratch	pss_scratch.ox9_holeD.induct	0	2334172	isabelle/layerC/pss_scratch.thy	10149	false	7901228	0	true
pss_scratch.ox9_holeD.simps	pss_scratch	pss_scratch.ox9_holeD.simps	0	2334180	isabelle/layerC/pss_scratch.thy	10149	false	7901228	0	true
pss_scratch.ox9_holeD.inducts	pss_scratch	pss_scratch.ox9_holeD.inducts	0	2334186	isabelle/layerC/pss_scratch.thy	10149	false	7901228	0	true
pss_scratch.ox9_holeD_0E	pss_scratch	pss_scratch.ox9_holeD_0E	0	2334208	isabelle/layerC/pss_scratch.thy	10154	false	7902154	0	true
pss_scratch.ox9_holeD_SucE	pss_scratch	pss_scratch.ox9_holeD_SucE	0	2334222	isabelle/layerC/pss_scratch.thy	10159	false	7902320	0	true
pss_scratch.ox9_holeD_ne	pss_scratch	pss_scratch.ox9_holeD_ne	0	2334234	isabelle/layerC/pss_scratch.thy	10165	false	7902460	0	true
pss_scratch.ox9_lessBT_zero	pss_scratch	pss_scratch.ox9_lessBT_zero	0	2334242	isabelle/layerC/pss_scratch.thy	10173	false	7902588	0	true
pss_scratch.ox9_lessBP_iff	pss_scratch	pss_scratch.ox9_lessBP_iff	0	2334270	isabelle/layerC/pss_scratch.thy	10178	false	7902660	0	true
pss_scratch.ox9_lessBP_trans	pss_scratch	pss_scratch.ox9_lessBP_trans	0	2334284	isabelle/layerC/pss_scratch.thy	10180	false	7902814	0	true
pss_scratch.ox9_snoc_lessBT	pss_scratch	pss_scratch.ox9_snoc_lessBT	0	2334294	isabelle/layerC/pss_scratch.thy	10186	false	7902894	0	true
pss_scratch.ox9_holeD_lessBT	pss_scratch	pss_scratch.ox9_holeD_lessBT	0	2334312	isabelle/layerC/pss_scratch.thy	10189	false	7902986	0	true
pss_scratch.ox9_lexP	pss_scratch	pss_scratch.ox9_lexP	0	2334320	isabelle/layerC/pss_scratch.thy	10210	false	7903126	0	true
pss_scratch.ox9_TT_aux	pss_scratch	pss_scratch.ox9_TT_aux	0	2334348	isabelle/layerC/pss_scratch.thy	10260	false	7903302	0	true
pss_scratch.ox9_TT	pss_scratch	pss_scratch.ox9_TT	0	2334380	isabelle/layerC/pss_scratch.thy	10299	false	7903558	0	true
pss_scratch.ox9_lexM	pss_scratch	pss_scratch.ox9_lexM	0	2334440	isabelle/layerC/pss_scratch.thy	10317	false	7903936	0	true
pss_scratch.ox9_MAIN	pss_scratch	pss_scratch.ox9_MAIN	0	2334492	isabelle/layerC/pss_scratch.thy	10381	false	7904380	0	true
pss_scratch.ox9_holeD_of_flat3	pss_scratch	pss_scratch.ox9_holeD_of_flat3	0	2334516	isabelle/layerC/pss_scratch.thy	10507	false	7904734	0	true
pss_scratch.ox9_rsub_Suc	pss_scratch	pss_scratch.ox9_rsub_Suc	0	2334532	isabelle/layerC/pss_scratch.thy	10542	false	7905148	0	true
pss_scratch.ox9_holeD_lastT	pss_scratch	pss_scratch.ox9_holeD_lastT	0	2334558	isabelle/layerC/pss_scratch.thy	10553	false	7905274	0	true
pss_scratch.ox9_holeD_rsub	pss_scratch	pss_scratch.ox9_holeD_rsub	0	2334574	isabelle/layerC/pss_scratch.thy	10565	false	7905438	0	true
pss_scratch.ox9_ok_lastT	pss_scratch	pss_scratch.ox9_ok_lastT	0	2334592	isabelle/layerC/pss_scratch.thy	10585	false	7905696	0	true
pss_scratch.ox9_ok_rsub	pss_scratch	pss_scratch.ox9_ok_rsub	0	2334604	isabelle/layerC/pss_scratch.thy	10604	false	7905880	0	true
pss_scratch.ox9_engine	pss_scratch	pss_scratch.ox9_engine	0	2334702	isabelle/layerC/pss_scratch.thy	10624	false	7906094	0	true
pss_scratch.ox10_cexBody_def	pss_scratch	pss_scratch.ox10_cexBody_def	0	2334834	isabelle/layerC/pss_scratch.thy	10831	false	7906598	0	false
pss_scratch.ox10_cex_not_ok	pss_scratch	pss_scratch.ox10_cex_not_ok	0	2334880	isabelle/layerC/pss_scratch.thy	10840	false	7906910	0	true
pss_scratch.ox10_cex_not_hge	pss_scratch	pss_scratch.ox10_cex_not_hge	0	2334918	isabelle/layerC/pss_scratch.thy	10843	false	7906956	0	true
pss_scratch.ox10_engine	pss_scratch	pss_scratch.ox10_engine	0	2334984	isabelle/layerC/pss_scratch.thy	10863	false	7907096	0	true
pss_scratch.ox10_SETLE1_ltJ	pss_scratch	pss_scratch.ox10_SETLE1_ltJ	0	2335056	isabelle/layerC/pss_scratch.thy	10995	false	7907568	0	true
pss_scratch.oi10_census_KK(1)	pss_scratch	pss_scratch.oi10_census_KK	1	2335160	isabelle/layerC/pss_scratch.thy	11096	false	7908372	0	true
pss_scratch.oi10_census_KK(2)	pss_scratch	pss_scratch.oi10_census_KK	2	2335162	isabelle/layerC/pss_scratch.thy	11096	false	7908372	0	true
pss_scratch.ox10_lexP	pss_scratch	pss_scratch.ox10_lexP	0	2335210	isabelle/layerC/pss_scratch.thy	11171	false	7909306	0	true
pss_scratch.ox10_lexP_subsumes_ox9	pss_scratch	pss_scratch.ox10_lexP_subsumes_ox9	0	2335244	isabelle/layerC/pss_scratch.thy	11224	false	7909764	0	true
pss_scratch.y3_W_mono	pss_scratch	pss_scratch.y3_W_mono	0	2335276	isabelle/layerC/pss_scratch.thy	11280	false	7910284	0	true
pss_scratch.y3_TBv_dfree_W_aux	pss_scratch	pss_scratch.y3_TBv_dfree_W_aux	0	2335308	isabelle/layerC/pss_scratch.thy	11295	false	7910794	0	true
pss_scratch.y3_TBv_dfree_W	pss_scratch	pss_scratch.y3_TBv_dfree_W	0	2335328	isabelle/layerC/pss_scratch.thy	11320	false	7911026	0	true
pss_scratch.y3_dfree_ex_lev_aux	pss_scratch	pss_scratch.y3_dfree_ex_lev_aux	0	2335358	isabelle/layerC/pss_scratch.thy	11333	false	7911344	0	true
pss_scratch.y3_dfree_ex_lev	pss_scratch	pss_scratch.y3_dfree_ex_lev	0	2335380	isabelle/layerC/pss_scratch.thy	11370	false	7911432	0	true
pss_scratch.y3_dfree_W_ex	pss_scratch	pss_scratch.y3_dfree_W_ex	0	2335386	isabelle/layerC/pss_scratch.thy	11382	false	7911508	0	true
pss_scratch.y3_Trans_dfree	pss_scratch	pss_scratch.y3_Trans_dfree	0	2335396	isabelle/layerC/pss_scratch.thy	11390	false	7911612	0	true
pss_scratch.y3_Trans_W	pss_scratch	pss_scratch.y3_Trans_W	0	2335408	isabelle/layerC/pss_scratch.thy	11395	false	7911696	0	true
pss_scratch.y3_one_in_TBv	pss_scratch	pss_scratch.y3_one_in_TBv	0	2335424	isabelle/layerC/pss_scratch.thy	11403	false	7911800	0	true
pss_scratch.y3_D0one_not_NatSet	pss_scratch	pss_scratch.y3_D0one_not_NatSet	0	2335440	isabelle/layerC/pss_scratch.thy	11406	false	7911864	0	true
pss_scratch.y3_TBv_ne_zeroset	pss_scratch	pss_scratch.y3_TBv_ne_zeroset	0	2335450	isabelle/layerC/pss_scratch.thy	11416	false	7912018	0	true
pss_scratch.y3_TBv_ne_NatSet	pss_scratch	pss_scratch.y3_TBv_ne_NatSet	0	2335456	isabelle/layerC/pss_scratch.thy	11424	false	7912064	0	true
pss_scratch.y3_TBv_inj	pss_scratch	pss_scratch.y3_TBv_inj	0	2335478	isabelle/layerC/pss_scratch.thy	11432	false	7912180	0	true
pss_scratch.y3_cof0_def	pss_scratch	pss_scratch.y3_cof0_def	0	2335510	isabelle/layerC/pss_scratch.thy	11455	false	7912300	0	false
pss_scratch.y3_cof0_imp_bwl_cof	pss_scratch	pss_scratch.y3_cof0_imp_bwl_cof	0	2335526	isabelle/layerC/pss_scratch.thy	11463	false	7912726	0	true
pss_scratch.y3_wf_RPrel_of_cof0	pss_scratch	pss_scratch.y3_wf_RPrel_of_cof0	0	2335540	isabelle/layerC/pss_scratch.thy	11507	false	7912802	0	true
pss_scratch.y3_child_def	pss_scratch	pss_scratch.y3_child_def	0	2335566	isabelle/layerC/pss_scratch.thy	11520	false	7912948	0	false
pss_scratch.y3_Rel_def	pss_scratch	pss_scratch.y3_Rel_def	0	2335576	isabelle/layerC/pss_scratch.thy	11525	false	7913108	0	false
pss_scratch.y3_W_acc	pss_scratch	pss_scratch.y3_W_acc	0	2335588	isabelle/layerC/pss_scratch.thy	11528	false	7913280	0	true
pss_scratch.y3_PSSrel_def	pss_scratch	pss_scratch.y3_PSSrel_def	0	2335602	isabelle/layerC/pss_scratch.thy	11604	false	7913380	0	false
pss_scratch.y3_cofimg_def	pss_scratch	pss_scratch.y3_cofimg_def	0	2335626	isabelle/layerC/pss_scratch.thy	11611	false	7913640	0	false
pss_scratch.y3_cofimg_of_bwl_cof	pss_scratch	pss_scratch.y3_cofimg_of_bwl_cof	0	2335642	isabelle/layerC/pss_scratch.thy	11620	false	7914194	0	false
pss_scratch.y3_PSS_acc_of_cofimg	pss_scratch	pss_scratch.y3_PSS_acc_of_cofimg	0	2335698	isabelle/layerC/pss_scratch.thy	11653	false	7914536	0	true
pss_scratch.y3_PSS_acc_of_KK_cofimg	pss_scratch	pss_scratch.y3_PSS_acc_of_KK_cofimg	0	2335750	isabelle/layerC/pss_scratch.thy	11824	false	7914986	0	true
pss_scratch.ox11_snoc_le	pss_scratch	pss_scratch.ox11_snoc_le	0	2335782	isabelle/layerC/pss_scratch.thy	11890	false	7915406	0	true
pss_scratch.ox11_safe_graph.intros(1)	pss_scratch	pss_scratch.ox11_safe_graph.intros	1	2335982	isabelle/layerC/pss_scratch.thy	11933	true	7915734	0	true
pss_scratch.ox11_safe_graph.intros(2)	pss_scratch	pss_scratch.ox11_safe_graph.intros	2	2335984	isabelle/layerC/pss_scratch.thy	11933	true	7915734	0	true
pss_scratch.ox11_safe_graph.cases	pss_scratch	pss_scratch.ox11_safe_graph.cases	0	2335988	isabelle/layerC/pss_scratch.thy	11933	true	7915734	0	true
pss_scratch.ox11_safe_graph.induct	pss_scratch	pss_scratch.ox11_safe_graph.induct	0	2336002	isabelle/layerC/pss_scratch.thy	11933	true	7915734	0	true
pss_scratch.ox11_safe_graph.simps	pss_scratch	pss_scratch.ox11_safe_graph.simps	0	2336006	isabelle/layerC/pss_scratch.thy	11933	true	7915734	0	true
pss_scratch.ox11_safe_graph.inducts	pss_scratch	pss_scratch.ox11_safe_graph.inducts	0	2336008	isabelle/layerC/pss_scratch.thy	11933	true	7915734	0	true
pss_scratch.ox11_safe_rel.intros	pss_scratch	pss_scratch.ox11_safe_rel.intros	0	2336096	isabelle/layerC/pss_scratch.thy	11933	true	7915734	0	true
pss_scratch.ox11_safe_rel.cases	pss_scratch	pss_scratch.ox11_safe_rel.cases	0	2336100	isabelle/layerC/pss_scratch.thy	11933	true	7915734	0	true
pss_scratch.ox11_safe_rel.induct	pss_scratch	pss_scratch.ox11_safe_rel.induct	0	2336102	isabelle/layerC/pss_scratch.thy	11933	true	7915734	0	true
pss_scratch.ox11_safe_rel.simps	pss_scratch	pss_scratch.ox11_safe_rel.simps	0	2336104	isabelle/layerC/pss_scratch.thy	11933	true	7915734	0	true
pss_scratch.ox11_safe_rel.inducts	pss_scratch	pss_scratch.ox11_safe_rel.inducts	0	2336112	isabelle/layerC/pss_scratch.thy	11933	true	7915734	0	true
pss_scratch.ox11_safe.psimps(1)	pss_scratch	pss_scratch.ox11_safe.psimps	1	2336386	isabelle/layerC/pss_scratch.thy	11933	true	7915734	0	true
pss_scratch.ox11_safe.psimps(2)	pss_scratch	pss_scratch.ox11_safe.psimps	2	2336388	isabelle/layerC/pss_scratch.thy	11933	true	7915734	0	true
pss_scratch.ox11_safe.pinduct	pss_scratch	pss_scratch.ox11_safe.pinduct	0	2336390	isabelle/layerC/pss_scratch.thy	11933	true	7915734	0	true
pss_scratch.ox11_safe.termination	pss_scratch	pss_scratch.ox11_safe.termination	0	2336392	isabelle/layerC/pss_scratch.thy	11933	true	7915734	0	true
pss_scratch.ox11_safe.cases	pss_scratch	pss_scratch.ox11_safe.cases	0	2336398	isabelle/layerC/pss_scratch.thy	11933	false	7915734	0	true
pss_scratch.ox11_safe.pelims(1)	pss_scratch	pss_scratch.ox11_safe.pelims	1	2336400	isabelle/layerC/pss_scratch.thy	11933	false	7915734	0	true
pss_scratch.ox11_safe.pelims(2)	pss_scratch	pss_scratch.ox11_safe.pelims	2	2336404	isabelle/layerC/pss_scratch.thy	11933	false	7915734	0	true
pss_scratch.ox11_safe.pelims(3)	pss_scratch	pss_scratch.ox11_safe.pelims	3	2336410	isabelle/layerC/pss_scratch.thy	11933	false	7915734	0	true
pss_scratch.ox11_safe.simps(1)	pss_scratch	pss_scratch.ox11_safe.simps	1	2336436	isabelle/layerC/pss_scratch.thy	11933	false	7915734	0	true
pss_scratch.ox11_safe.simps(2)	pss_scratch	pss_scratch.ox11_safe.simps	2	2336438	isabelle/layerC/pss_scratch.thy	11933	false	7915734	0	true
pss_scratch.ox11_safe.induct	pss_scratch	pss_scratch.ox11_safe.induct	0	2336444	isabelle/layerC/pss_scratch.thy	11933	false	7915734	0	true
pss_scratch.ox11_safe.elims(1)	pss_scratch	pss_scratch.ox11_safe.elims	1	2336448	isabelle/layerC/pss_scratch.thy	11933	false	7915734	0	true
pss_scratch.ox11_safe.elims(2)	pss_scratch	pss_scratch.ox11_safe.elims	2	2336450	isabelle/layerC/pss_scratch.thy	11933	false	7915734	0	true
pss_scratch.ox11_safe.elims(3)	pss_scratch	pss_scratch.ox11_safe.elims	3	2336452	isabelle/layerC/pss_scratch.thy	11933	false	7915734	0	true
pss_scratch.ox11_TT	pss_scratch	pss_scratch.ox11_TT	0	2336472	isabelle/layerC/pss_scratch.thy	11950	false	7922918	0	true
pss_scratch.ox11_safe_of_ok_aux	pss_scratch	pss_scratch.ox11_safe_of_ok_aux	0	2336488	isabelle/layerC/pss_scratch.thy	12001	false	7923038	0	true
pss_scratch.ox11_safe_of_ok	pss_scratch	pss_scratch.ox11_safe_of_ok	0	2336500	isabelle/layerC/pss_scratch.thy	12039	false	7923152	0	true
pss_scratch.ox11_spge_graph.intros(1)	pss_scratch	pss_scratch.ox11_spge_graph.intros	1	2336556	isabelle/layerC/pss_scratch.thy	12051	true	7923288	0	true
pss_scratch.ox11_spge_graph.intros(2)	pss_scratch	pss_scratch.ox11_spge_graph.intros	2	2336558	isabelle/layerC/pss_scratch.thy	12051	true	7923288	0	true
pss_scratch.ox11_spge_graph.cases	pss_scratch	pss_scratch.ox11_spge_graph.cases	0	2336562	isabelle/layerC/pss_scratch.thy	12051	true	7923288	0	true
pss_scratch.ox11_spge_graph.induct	pss_scratch	pss_scratch.ox11_spge_graph.induct	0	2336566	isabelle/layerC/pss_scratch.thy	12051	true	7923288	0	true
pss_scratch.ox11_spge_graph.simps	pss_scratch	pss_scratch.ox11_spge_graph.simps	0	2336568	isabelle/layerC/pss_scratch.thy	12051	true	7923288	0	true
pss_scratch.ox11_spge_graph.inducts	pss_scratch	pss_scratch.ox11_spge_graph.inducts	0	2336572	isabelle/layerC/pss_scratch.thy	12051	true	7923288	0	true
pss_scratch.ox11_spge_rel.intros	pss_scratch	pss_scratch.ox11_spge_rel.intros	0	2336660	isabelle/layerC/pss_scratch.thy	12051	true	7923288	0	true
pss_scratch.ox11_spge_rel.cases	pss_scratch	pss_scratch.ox11_spge_rel.cases	0	2336662	isabelle/layerC/pss_scratch.thy	12051	true	7923288	0	true
pss_scratch.ox11_spge_rel.induct	pss_scratch	pss_scratch.ox11_spge_rel.induct	0	2336664	isabelle/layerC/pss_scratch.thy	12051	true	7923288	0	true
pss_scratch.ox11_spge_rel.simps	pss_scratch	pss_scratch.ox11_spge_rel.simps	0	2336668	isabelle/layerC/pss_scratch.thy	12051	true	7923288	0	true
pss_scratch.ox11_spge_rel.inducts	pss_scratch	pss_scratch.ox11_spge_rel.inducts	0	2336670	isabelle/layerC/pss_scratch.thy	12051	true	7923288	0	true
pss_scratch.ox11_spge.psimps(1)	pss_scratch	pss_scratch.ox11_spge.psimps	1	2336690	isabelle/layerC/pss_scratch.thy	12051	true	7923288	0	true
pss_scratch.ox11_spge.psimps(2)	pss_scratch	pss_scratch.ox11_spge.psimps	2	2336692	isabelle/layerC/pss_scratch.thy	12051	true	7923288	0	true
pss_scratch.ox11_spge.pinduct	pss_scratch	pss_scratch.ox11_spge.pinduct	0	2336694	isabelle/layerC/pss_scratch.thy	12051	true	7923288	0	true
pss_scratch.ox11_spge.termination	pss_scratch	pss_scratch.ox11_spge.termination	0	2336696	isabelle/layerC/pss_scratch.thy	12051	true	7923288	0	true
pss_scratch.ox11_spge.cases	pss_scratch	pss_scratch.ox11_spge.cases	0	2336698	isabelle/layerC/pss_scratch.thy	12051	false	7923288	0	true
pss_scratch.ox11_spge.pelims(1)	pss_scratch	pss_scratch.ox11_spge.pelims	1	2336700	isabelle/layerC/pss_scratch.thy	12051	false	7923288	0	true
pss_scratch.ox11_spge.pelims(2)	pss_scratch	pss_scratch.ox11_spge.pelims	2	2336702	isabelle/layerC/pss_scratch.thy	12051	false	7923288	0	true
pss_scratch.ox11_spge.pelims(3)	pss_scratch	pss_scratch.ox11_spge.pelims	3	2336704	isabelle/layerC/pss_scratch.thy	12051	false	7923288	0	true
pss_scratch.ox11_spge.simps(1)	pss_scratch	pss_scratch.ox11_spge.simps	1	2336742	isabelle/layerC/pss_scratch.thy	12051	false	7923288	0	true
pss_scratch.ox11_spge.simps(2)	pss_scratch	pss_scratch.ox11_spge.simps	2	2336744	isabelle/layerC/pss_scratch.thy	12051	false	7923288	0	true
pss_scratch.ox11_spge.induct	pss_scratch	pss_scratch.ox11_spge.induct	0	2336756	isabelle/layerC/pss_scratch.thy	12051	false	7923288	0	true
pss_scratch.ox11_spge.elims(1)	pss_scratch	pss_scratch.ox11_spge.elims	1	2336768	isabelle/layerC/pss_scratch.thy	12051	false	7923288	0	true
pss_scratch.ox11_spge.elims(2)	pss_scratch	pss_scratch.ox11_spge.elims	2	2336778	isabelle/layerC/pss_scratch.thy	12051	false	7923288	0	true
pss_scratch.ox11_spge.elims(3)	pss_scratch	pss_scratch.ox11_spge.elims	3	2336786	isabelle/layerC/pss_scratch.thy	12051	false	7923288	0	true
pss_scratch.ox11_spge_of_rsub	pss_scratch	pss_scratch.ox11_spge_of_rsub	0	2336826	isabelle/layerC/pss_scratch.thy	12056	false	7926256	0	true
pss_scratch.ox11_safe_of_set	pss_scratch	pss_scratch.ox11_safe_of_set	0	2336866	isabelle/layerC/pss_scratch.thy	12099	false	7926602	0	true
pss_scratch.ox11_holeD_ne2	pss_scratch	pss_scratch.ox11_holeD_ne2	0	2336896	isabelle/layerC/pss_scratch.thy	12158	false	7927452	0	true
pss_scratch.ox11_KK_of_BG	pss_scratch	pss_scratch.ox11_KK_of_BG	0	2337044	isabelle/layerC/pss_scratch.thy	12183	false	7927876	0	true
pss_scratch.oi11_census_BG(1)	pss_scratch	pss_scratch.oi11_census_BG	1	2337160	isabelle/layerC/pss_scratch.thy	12370	false	7928754	0	true
pss_scratch.oi11_census_BG(2)	pss_scratch	pss_scratch.oi11_census_BG	2	2337164	isabelle/layerC/pss_scratch.thy	12370	false	7928754	0	true
pss_scratch.y4_xseq_Dpt	pss_scratch	pss_scratch.y4_xseq_Dpt	0	2337256	isabelle/layerC/pss_scratch.thy	12493	false	7929872	0	true
pss_scratch.y4_xseq_TBv	pss_scratch	pss_scratch.y4_xseq_TBv	0	2337274	isabelle/layerC/pss_scratch.thy	12502	false	7930050	0	true
pss_scratch.y4_xseq_lt	pss_scratch	pss_scratch.y4_xseq_lt	0	2337302	isabelle/layerC/pss_scratch.thy	12509	false	7930218	0	true
pss_scratch.y4_xseq_mono	pss_scratch	pss_scratch.y4_xseq_mono	0	2337320	isabelle/layerC/pss_scratch.thy	12538	false	7930404	0	true
pss_scratch.y4_xseq_le_mono	pss_scratch	pss_scratch.y4_xseq_le_mono	0	2337332	isabelle/layerC/pss_scratch.thy	12558	false	7930520	0	true
pss_scratch.y4_leBT_addBT_self	pss_scratch	pss_scratch.y4_leBT_addBT_self	0	2337350	isabelle/layerC/pss_scratch.thy	12568	false	7930686	0	true
pss_scratch.y4_leBT_addBT_mono_right	pss_scratch	pss_scratch.y4_leBT_addBT_mono_right	0	2337368	isabelle/layerC/pss_scratch.thy	12578	false	7930832	0	true
pss_scratch.y4_prefix_split	pss_scratch	pss_scratch.y4_prefix_split	0	2337392	isabelle/layerC/pss_scratch.thy	12587	false	7931142	0	true
pss_scratch.y4_descP_suffix	pss_scratch	pss_scratch.y4_descP_suffix	0	2337406	isabelle/layerC/pss_scratch.thy	12640	false	7931288	0	true
pss_scratch.y4_OT_suffix	pss_scratch	pss_scratch.y4_OT_suffix	0	2337430	isabelle/layerC/pss_scratch.thy	12643	false	7931362	0	true
pss_scratch.y4_GBT_suffix	pss_scratch	pss_scratch.y4_GBT_suffix	0	2337442	isabelle/layerC/pss_scratch.thy	12647	false	7931438	0	true
pss_scratch.y4_inner	pss_scratch	pss_scratch.y4_inner	0	2337554	isabelle/layerC/pss_scratch.thy	12661	false	7931758	0	true
pss_scratch.y4_xseq_cof	pss_scratch	pss_scratch.y4_xseq_cof	0	2337590	isabelle/layerC/pss_scratch.thy	12883	false	7932010	0	true
pss_scratch.y4_N_mono	pss_scratch	pss_scratch.y4_N_mono	0	2337602	isabelle/layerC/pss_scratch.thy	12912	false	7932216	0	true
pss_scratch.y4_N_mono_le	pss_scratch	pss_scratch.y4_N_mono_le	0	2337622	isabelle/layerC/pss_scratch.thy	13034	false	7932294	0	true
pss_scratch.y4_descP_all_le_hd	pss_scratch	pss_scratch.y4_descP_all_le_hd	0	2337638	isabelle/layerC/pss_scratch.thy	13060	false	7932448	0	true
pss_scratch.y4_TBv_of_head	pss_scratch	pss_scratch.y4_TBv_of_head	0	2337656	isabelle/layerC/pss_scratch.thy	13084	false	7932580	0	true
pss_scratch.y4_leBT_min	pss_scratch	pss_scratch.y4_leBT_min	0	2337678	isabelle/layerC/pss_scratch.thy	13102	false	7932712	0	true
pss_scratch.y4_bump	pss_scratch	pss_scratch.y4_bump	0	2337806	isabelle/layerC/pss_scratch.thy	13128	false	7932902	0	true
pss_scratch.y4_operB_domzero_const	pss_scratch	pss_scratch.y4_operB_domzero_const	0	2337832	isabelle/layerC/pss_scratch.thy	13154	false	7934238	0	true
pss_scratch.y4_le_replicate	pss_scratch	pss_scratch.y4_le_replicate	0	2337858	isabelle/layerC/pss_scratch.thy	13221	false	7934562	0	true
pss_scratch.y4_dfree_suffix	pss_scratch	pss_scratch.y4_dfree_suffix	0	2337874	isabelle/layerC/pss_scratch.thy	13242	false	7934954	0	true
pss_scratch.y4_bachmann	pss_scratch	pss_scratch.y4_bachmann	0	2337932	isabelle/layerC/pss_scratch.thy	13261	false	7935480	0	true
pss_scratch.y4_cof0	pss_scratch	pss_scratch.y4_cof0	0	2337962	isabelle/layerC/pss_scratch.thy	13678	false	7936652	0	true
pss_scratch.y4_wf_RPrel	pss_scratch	pss_scratch.y4_wf_RPrel	0	2337976	isabelle/layerC/pss_scratch.thy	13689	false	7936932	0	true
pss_scratch.y4_bwl_cof	pss_scratch	pss_scratch.y4_bwl_cof	0	2337986	isabelle/layerC/pss_scratch.thy	13692	false	7936970	0	true
pss_scratch.y4_buc1_2_2_OT_B_wf	pss_scratch	pss_scratch.y4_buc1_2_2_OT_B_wf	0	2338012	isabelle/layerC/pss_scratch.thy	13700	false	7937234	0	true
pss_scratch.y4_cofimg	pss_scratch	pss_scratch.y4_cofimg	0	2338038	isabelle/layerC/pss_scratch.thy	13706	false	7937466	0	true
pss_scratch.y4_PSS_acc_of_KK	pss_scratch	pss_scratch.y4_PSS_acc_of_KK	0	2338118	isabelle/layerC/pss_scratch.thy	13716	false	7937656	0	true
pss_scratch.y4_PSS_wf_of_KK	pss_scratch	pss_scratch.y4_PSS_wf_of_KK	0	2338220	isabelle/layerC/pss_scratch.thy	13806	false	7938906	0	true
pss_scratch.y4_PSS_acc_of_KK_wf	pss_scratch	pss_scratch.y4_PSS_acc_of_KK_wf	0	2338298	isabelle/layerC/pss_scratch.thy	13847	false	7939800	0	true
pss_scratch.ox12_szT_ox12_szP_graph.intros(1)	pss_scratch	pss_scratch.ox12_szT_ox12_szP_graph.intros	1	2338398	isabelle/layerC/pss_scratch.thy	13906	true	7940566	0	true
pss_scratch.ox12_szT_ox12_szP_graph.intros(2)	pss_scratch	pss_scratch.ox12_szT_ox12_szP_graph.intros	2	2338402	isabelle/layerC/pss_scratch.thy	13906	true	7940566	0	true
pss_scratch.ox12_szT_ox12_szP_graph.cases	pss_scratch	pss_scratch.ox12_szT_ox12_szP_graph.cases	0	2338406	isabelle/layerC/pss_scratch.thy	13906	true	7940566	0	true
pss_scratch.ox12_szT_ox12_szP_graph.induct	pss_scratch	pss_scratch.ox12_szT_ox12_szP_graph.induct	0	2338410	isabelle/layerC/pss_scratch.thy	13906	true	7940566	0	true
pss_scratch.ox12_szT_ox12_szP_graph.simps	pss_scratch	pss_scratch.ox12_szT_ox12_szP_graph.simps	0	2338412	isabelle/layerC/pss_scratch.thy	13906	true	7940566	0	true
pss_scratch.ox12_szT_ox12_szP_graph.inducts	pss_scratch	pss_scratch.ox12_szT_ox12_szP_graph.inducts	0	2338420	isabelle/layerC/pss_scratch.thy	13906	true	7940566	0	true
pss_scratch.ox12_szT_ox12_szP_rel.intros(1)	pss_scratch	pss_scratch.ox12_szT_ox12_szP_rel.intros	1	2338558	isabelle/layerC/pss_scratch.thy	13906	true	7940566	0	true
pss_scratch.ox12_szT_ox12_szP_rel.intros(2)	pss_scratch	pss_scratch.ox12_szT_ox12_szP_rel.intros	2	2338560	isabelle/layerC/pss_scratch.thy	13906	true	7940566	0	true
pss_scratch.ox12_szT_ox12_szP_rel.cases	pss_scratch	pss_scratch.ox12_szT_ox12_szP_rel.cases	0	2338562	isabelle/layerC/pss_scratch.thy	13906	true	7940566	0	true
pss_scratch.ox12_szT_ox12_szP_rel.induct	pss_scratch	pss_scratch.ox12_szT_ox12_szP_rel.induct	0	2338564	isabelle/layerC/pss_scratch.thy	13906	true	7940566	0	true
pss_scratch.ox12_szT_ox12_szP_rel.simps	pss_scratch	pss_scratch.ox12_szT_ox12_szP_rel.simps	0	2338568	isabelle/layerC/pss_scratch.thy	13906	true	7940566	0	true
pss_scratch.ox12_szT_ox12_szP_rel.inducts	pss_scratch	pss_scratch.ox12_szT_ox12_szP_rel.inducts	0	2338572	isabelle/layerC/pss_scratch.thy	13906	true	7940566	0	true
pss_scratch.ox12_szT.psimps	pss_scratch	pss_scratch.ox12_szT.psimps	0	2338712	isabelle/layerC/pss_scratch.thy	13906	true	7940566	0	true
pss_scratch.ox12_szP.psimps	pss_scratch	pss_scratch.ox12_szP.psimps	0	2338716	isabelle/layerC/pss_scratch.thy	13906	true	7940566	0	true
pss_scratch.ox12_szT_ox12_szP.pinduct(1)	pss_scratch	pss_scratch.ox12_szT_ox12_szP.pinduct	1	2338718	isabelle/layerC/pss_scratch.thy	13906	true	7940566	0	true
pss_scratch.ox12_szT_ox12_szP.pinduct(2)	pss_scratch	pss_scratch.ox12_szT_ox12_szP.pinduct	2	2338720	isabelle/layerC/pss_scratch.thy	13906	true	7940566	0	true
pss_scratch.ox12_szT_ox12_szP.termination	pss_scratch	pss_scratch.ox12_szT_ox12_szP.termination	0	2338722	isabelle/layerC/pss_scratch.thy	13906	true	7940566	0	true
pss_scratch.ox12_szT.cases	pss_scratch	pss_scratch.ox12_szT.cases	0	2338726	isabelle/layerC/pss_scratch.thy	13906	false	7940566	0	true
pss_scratch.ox12_szP.cases	pss_scratch	pss_scratch.ox12_szP.cases	0	2338728	isabelle/layerC/pss_scratch.thy	13906	false	7940566	0	true
pss_scratch.ox12_szT.pelims	pss_scratch	pss_scratch.ox12_szT.pelims	0	2338730	isabelle/layerC/pss_scratch.thy	13906	false	7940566	0	true
pss_scratch.ox12_szP.pelims	pss_scratch	pss_scratch.ox12_szP.pelims	0	2338734	isabelle/layerC/pss_scratch.thy	13906	false	7940566	0	true
pss_scratch.ox12_szT.simps	pss_scratch	pss_scratch.ox12_szT.simps	0	2338750	isabelle/layerC/pss_scratch.thy	13906	false	7940566	0	true
pss_scratch.ox12_szP.simps	pss_scratch	pss_scratch.ox12_szP.simps	0	2338752	isabelle/layerC/pss_scratch.thy	13906	false	7940566	0	true
pss_scratch.ox12_szT_ox12_szP.induct(1)	pss_scratch	pss_scratch.ox12_szT_ox12_szP.induct	1	2338758	isabelle/layerC/pss_scratch.thy	13906	false	7940566	0	true
pss_scratch.ox12_szT_ox12_szP.induct(2)	pss_scratch	pss_scratch.ox12_szT_ox12_szP.induct	2	2338760	isabelle/layerC/pss_scratch.thy	13906	false	7940566	0	true
pss_scratch.ox12_szT.elims	pss_scratch	pss_scratch.ox12_szT.elims	0	2338762	isabelle/layerC/pss_scratch.thy	13906	false	7940566	0	true
pss_scratch.ox12_szP.elims	pss_scratch	pss_scratch.ox12_szP.elims	0	2338764	isabelle/layerC/pss_scratch.thy	13906	false	7940566	0	true
pss_scratch.ox12_szP_pos	pss_scratch	pss_scratch.ox12_szP_pos	0	2338774	isabelle/layerC/pss_scratch.thy	13910	false	7944628	0	true
pss_scratch.ox12_szT_zero	pss_scratch	pss_scratch.ox12_szT_zero	0	2338780	isabelle/layerC/pss_scratch.thy	13913	false	7944674	0	true
pss_scratch.ox12_szP_Dzero	pss_scratch	pss_scratch.ox12_szP_Dzero	0	2338796	isabelle/layerC/pss_scratch.thy	13919	false	7944722	0	true
pss_scratch.ox12_safe_of_size_aux	pss_scratch	pss_scratch.ox12_safe_of_size_aux	0	2338854	isabelle/layerC/pss_scratch.thy	13931	false	7944920	0	true
pss_scratch.ox12_safe_of_size	pss_scratch	pss_scratch.ox12_safe_of_size	0	2338876	isabelle/layerC/pss_scratch.thy	13980	false	7945072	0	true
pss_scratch.ox12_sz_lastT_lt	pss_scratch	pss_scratch.ox12_sz_lastT_lt	0	2338892	isabelle/layerC/pss_scratch.thy	13988	false	7945210	0	true
pss_scratch.ox12_sz_rsub_le	pss_scratch	pss_scratch.ox12_sz_rsub_le	0	2338924	isabelle/layerC/pss_scratch.thy	14003	false	7945316	0	true
pss_scratch.ox12_sz_rsub_lt	pss_scratch	pss_scratch.ox12_sz_rsub_lt	0	2338944	isabelle/layerC/pss_scratch.thy	14024	false	7945426	0	true
pss_scratch.ox12_KK	pss_scratch	pss_scratch.ox12_KK	0	2339010	isabelle/layerC/pss_scratch.thy	14046	false	7945666	0	true
pss_scratch.oi12_census(1)	pss_scratch	pss_scratch.oi12_census	1	2339050	isabelle/layerC/pss_scratch.thy	14102	false	7946560	0	true
pss_scratch.oi12_census(2)	pss_scratch	pss_scratch.oi12_census	2	2339052	isabelle/layerC/pss_scratch.thy	14102	false	7946560	0	true
pss_scratch.ox12_KK_free	pss_scratch	pss_scratch.ox12_KK_free	0	2339110	isabelle/layerC/pss_scratch.thy	14166	false	7946862	0	true
pss_scratch.y5_PSS_wf	pss_scratch	pss_scratch.y5_PSS_wf	0	2339122	isabelle/layerC/pss_scratch.thy	14197	false	7947400	0	true
pss_scratch.y5_PSS_acc	pss_scratch	pss_scratch.y5_PSS_acc	0	2339134	isabelle/layerC/pss_scratch.thy	14200	false	7947450	0	true
pss_scratch.y5_Trans_OT_B	pss_scratch	pss_scratch.y5_Trans_OT_B	0	2339148	isabelle/layerC/pss_scratch.thy	14205	false	7947564	0	true
pss_scratch.y5_Trans_descend	pss_scratch	pss_scratch.y5_Trans_descend	0	2339198	isabelle/layerC/pss_scratch.thy	14208	false	7947736	0	true
pss_scratch.y5_take_concat_ne	pss_scratch	pss_scratch.y5_take_concat_ne	0	2339264	isabelle/layerC/pss_scratch.thy	14228	false	7948478	0	true
pss_scratch.y5_Lng_Pred_pos	pss_scratch	pss_scratch.y5_Lng_Pred_pos	0	2339288	isabelle/layerC/pss_scratch.thy	14252	false	7948944	0	false
pss_scratch.y5_Lng_oper_pos	pss_scratch	pss_scratch.y5_Lng_oper_pos	0	2339328	isabelle/layerC/pss_scratch.thy	14266	false	7949200	0	true
pss_scratch.y5_ST_PS_Lng_pos	pss_scratch	pss_scratch.y5_ST_PS_Lng_pos	0	2339390	isabelle/layerC/pss_scratch.thy	14327	false	7949654	0	true
pss_scratch.y5_Fdom	pss_scratch	pss_scratch.y5_Fdom	0	2339446	isabelle/layerC/pss_scratch.thy	14344	false	7949918	0	true
pss_scratch.y5_8_1_condI_OT(1)	pss_scratch	pss_scratch.y5_8_1_condI_OT	1	2339532	isabelle/layerC/pss_scratch.thy	14410	false	7950216	0	true
pss_scratch.y5_8_1_condI_OT(2)	pss_scratch	pss_scratch.y5_8_1_condI_OT	2	2339534	isabelle/layerC/pss_scratch.thy	14410	false	7950216	0	true
pss_scratch.y5_8_3_condII_OT(1)	pss_scratch	pss_scratch.y5_8_3_condII_OT	1	2339580	isabelle/layerC/pss_scratch.thy	14420	false	7950572	0	true
pss_scratch.y5_8_3_condII_OT(2)	pss_scratch	pss_scratch.y5_8_3_condII_OT	2	2339582	isabelle/layerC/pss_scratch.thy	14420	false	7950572	0	true
pss_scratch.y5_8_3_TransCondII_oper_descend	pss_scratch	pss_scratch.y5_8_3_TransCondII_oper_descend	0	2339624	isabelle/layerC/pss_scratch.thy	14432	false	7950986	0	true
pss_scratch.y3_Br_last_head_coeff	pss_scratch	pss_scratch.y3_Br_last_head_coeff	0	2339648	isabelle/layerC/pss_scratch.thy	14458	false	7951308	0	true
pss_scratch.y3_LastStep_gt	pss_scratch	pss_scratch.y3_LastStep_gt	0	2339670	isabelle/layerC/pss_scratch.thy	14478	false	7951562	0	true
pss_scratch.y3_LastStep_J1_mem	pss_scratch	pss_scratch.y3_LastStep_J1_mem	0	2339718	isabelle/layerC/pss_scratch.thy	14486	false	7951750	0	true
pss_scratch.y3_LastStep_set_nonempty	pss_scratch	pss_scratch.y3_LastStep_set_nonempty	0	2339750	isabelle/layerC/pss_scratch.thy	14500	false	7952204	0	true
pss_scratch.y3_LastStep_bounded_lt_neq	pss_scratch	pss_scratch.y3_LastStep_bounded_lt_neq	0	2339798	isabelle/layerC/pss_scratch.thy	14512	false	7952794	0	true
pss_scratch.y3_LastStep_lt_Lng_Br	pss_scratch	pss_scratch.y3_LastStep_lt_Lng_Br	0	2339826	isabelle/layerC/pss_scratch.thy	14526	false	7953360	0	true
pss_scratch.y3_LastStep_lt_Lng_Br_DT	pss_scratch	pss_scratch.y3_LastStep_lt_Lng_Br_DT	0	2339850	isabelle/layerC/pss_scratch.thy	14550	false	7953550	0	true
pss_scratch.y3_nextAdm_unique	pss_scratch	pss_scratch.y3_nextAdm_unique	0	2339872	isabelle/layerC/pss_scratch.thy	14568	false	7953768	0	false
pss_scratch.y3_nextAdm_ex	pss_scratch	pss_scratch.y3_nextAdm_ex	0	2339942	isabelle/layerC/pss_scratch.thy	14594	false	7953970	0	true
pss_scratch.y3_nextAdm_ex1	pss_scratch	pss_scratch.y3_nextAdm_ex1	0	2339982	isabelle/layerC/pss_scratch.thy	14626	false	7954174	0	true
pss_scratch.y3_7_4_Trans_nextAdm	pss_scratch	pss_scratch.y3_7_4_Trans_nextAdm	0	2340008	isabelle/layerC/pss_scratch.thy	14634	false	7954314	0	true
pss_scratch.y3_7_4_Mark_nextAdm	pss_scratch	pss_scratch.y3_7_4_Mark_nextAdm	0	2340082	isabelle/layerC/pss_scratch.thy	14643	false	7954732	0	true
pss_scratch.y3g_condI_exchange1_rtps	pss_scratch	pss_scratch.y3g_condI_exchange1_rtps	0	2340144	isabelle/layerC/pss_scratch.thy	14693	false	7955756	0	true
pss_scratch.y3g_condI_descent_rtps	pss_scratch	pss_scratch.y3g_condI_descent_rtps	0	2340214	isabelle/layerC/pss_scratch.thy	14740	false	7956710	0	true
pss_scratch.y3g_p_8_1_Trans_fseq_condI(1)	pss_scratch	pss_scratch.y3g_p_8_1_Trans_fseq_condI	1	2340244	isabelle/layerC/pss_scratch.thy	14826	false	7956922	0	true
pss_scratch.y3g_p_8_1_Trans_fseq_condI(2)	pss_scratch	pss_scratch.y3g_p_8_1_Trans_fseq_condI	2	2340246	isabelle/layerC/pss_scratch.thy	14826	false	7956922	0	true
pss_scratch.y3h_W_seed_mono0	pss_scratch	pss_scratch.y3h_W_seed_mono0	0	2340262	isabelle/layerC/pss_scratch.thy	14877	false	7957422	0	true
pss_scratch.y3h_bodyM_lt_bodyO_tight	pss_scratch	pss_scratch.y3h_bodyM_lt_bodyO_tight	0	2340284	isabelle/layerC/pss_scratch.thy	14888	false	7957622	0	true
pss_scratch.y3h_bodyO_lt_bodyM	pss_scratch	pss_scratch.y3h_bodyO_lt_bodyM	0	2340316	isabelle/layerC/pss_scratch.thy	14909	false	7957804	0	true
pss_scratch.y3h_exchange_condV_nonadm(1)	pss_scratch	pss_scratch.y3h_exchange_condV_nonadm	1	2340402	isabelle/layerC/pss_scratch.thy	14926	false	7958066	0	true
pss_scratch.y3h_exchange_condV_nonadm(2)	pss_scratch	pss_scratch.y3h_exchange_condV_nonadm	2	2340404	isabelle/layerC/pss_scratch.thy	14926	false	7958066	0	true
pss_scratch.y3h_M_lt_prev_condV_adm	pss_scratch	pss_scratch.y3h_M_lt_prev_condV_adm	0	2340460	isabelle/layerC/pss_scratch.thy	14981	false	7958918	0	true
pss_scratch.y3h_p_8_5_Trans_oper_exchange(1)	pss_scratch	pss_scratch.y3h_p_8_5_Trans_oper_exchange	1	2340588	isabelle/layerC/pss_scratch.thy	15072	false	7959292	0	true
pss_scratch.y3h_p_8_5_Trans_oper_exchange(2)	pss_scratch	pss_scratch.y3h_p_8_5_Trans_oper_exchange	2	2340590	isabelle/layerC/pss_scratch.thy	15072	false	7959292	0	true
pss_scratch.y3h_p_8_5_Trans_oper_exchange(3)	pss_scratch	pss_scratch.y3h_p_8_5_Trans_oper_exchange	3	2340592	isabelle/layerC/pss_scratch.thy	15072	false	7959292	0	true
pss_scratch.y3h_scbext_reflect	pss_scratch	pss_scratch.y3h_scbext_reflect	0	2340626	isabelle/layerC/pss_scratch.thy	15157	false	7960414	0	true
pss_scratch.y3h_core_TB_of_flat	pss_scratch	pss_scratch.y3h_core_TB_of_flat	0	2340650	isabelle/layerC/pss_scratch.thy	15185	false	7960846	0	true
pss_scratch.y3h_part3_of_forms	pss_scratch	pss_scratch.y3h_part3_of_forms	0	2340784	isabelle/layerC/pss_scratch.thy	15206	false	7961262	0	true
pss_scratch.y3h_part3_jm3anchor	pss_scratch	pss_scratch.y3h_part3_jm3anchor	0	2340870	isabelle/layerC/pss_scratch.thy	15245	false	7962498	0	true
pss_scratch.y3h_LbaseH_uncond	pss_scratch	pss_scratch.y3h_LbaseH_uncond	0	2340940	isabelle/layerC/pss_scratch.thy	15342	false	7963138	0	true
pss_scratch.y3h_p_8_4_oper_basic_part3_condIII	pss_scratch	pss_scratch.y3h_p_8_4_oper_basic_part3_condIII	0	2340986	isabelle/layerC/pss_scratch.thy	15354	false	7963954	0	true
pss_scratch.y3h_p_8_4_oper_basic_part3_condIV_nonadmeq	pss_scratch	pss_scratch.y3h_p_8_4_oper_basic_part3_condIV_nonadmeq	0	2341044	isabelle/layerC/pss_scratch.thy	15383	false	7964826	0	true
pss_scratch.y3h_p_8_4_oper_basic_part3_condIV_admeq	pss_scratch	pss_scratch.y3h_p_8_4_oper_basic_part3_condIV_admeq	0	2341116	isabelle/layerC/pss_scratch.thy	15414	false	7965400	0	true
pss_scratch.y3h_p_8_4_oper_basic(1)	pss_scratch	pss_scratch.y3h_p_8_4_oper_basic	1	2341216	isabelle/layerC/pss_scratch.thy	15527	false	7965834	0	true
pss_scratch.y3h_p_8_4_oper_basic(2)	pss_scratch	pss_scratch.y3h_p_8_4_oper_basic	2	2341218	isabelle/layerC/pss_scratch.thy	15527	false	7965834	0	true
pss_scratch.y3s_Red_T_PS	pss_scratch	pss_scratch.y3s_Red_T_PS	0	2341260	isabelle/layerC/pss_scratch.thy	15636	false	7966410	0	true
pss_scratch.y3s_Red_funpow_T_PS	pss_scratch	pss_scratch.y3s_Red_funpow_T_PS	0	2341270	isabelle/layerC/pss_scratch.thy	15645	false	7966564	0	true
pss_scratch.y3s_Lng_funpow_Red	pss_scratch	pss_scratch.y3s_Lng_funpow_Red	0	2341282	isabelle/layerC/pss_scratch.thy	15649	false	7966628	0	true
pss_scratch.y3s_zeroT_funpow_Red	pss_scratch	pss_scratch.y3s_zeroT_funpow_Red	0	2341294	isabelle/layerC/pss_scratch.thy	15661	false	7966722	0	true
pss_scratch.y3s_Pred_T_PS	pss_scratch	pss_scratch.y3s_Pred_T_PS	0	2341308	isabelle/layerC/pss_scratch.thy	15675	false	7966822	0	false
pss_scratch.y3s_Pred_funpow_Red	pss_scratch	pss_scratch.y3s_Pred_funpow_Red	0	2341334	isabelle/layerC/pss_scratch.thy	15687	false	7966890	0	true
pss_scratch.y3s_Pred_RT_PS	pss_scratch	pss_scratch.y3s_Pred_RT_PS	0	2341352	isabelle/layerC/pss_scratch.thy	15703	false	7967100	0	true
pss_scratch.RedStab_def	pss_scratch	pss_scratch.RedStab_def	0	2341362	isabelle/layerC/pss_scratch.thy	15716	false	7967364	0	false
pss_scratch.y3s_RedStab_RT	pss_scratch	pss_scratch.y3s_RedStab_RT	0	2341380	isabelle/layerC/pss_scratch.thy	15719	false	7967496	0	false
pss_scratch.y3s_RedStab_nonmulti	pss_scratch	pss_scratch.y3s_RedStab_nonmulti	0	2341400	isabelle/layerC/pss_scratch.thy	15722	false	7967570	0	true
pss_scratch.y3s_RedStab_of_Red2	pss_scratch	pss_scratch.y3s_RedStab_of_Red2	0	2341428	isabelle/layerC/pss_scratch.thy	15734	false	7967694	0	false
pss_scratch.y3s_Trans_dom_iter	pss_scratch	pss_scratch.y3s_Trans_dom_iter	0	2341452	isabelle/layerC/pss_scratch.thy	15738	false	7967776	0	true
pss_scratch.y3s_Mark_dom_iter	pss_scratch	pss_scratch.y3s_Mark_dom_iter	0	2341460	isabelle/layerC/pss_scratch.thy	15755	false	7967950	0	true
pss_scratch.y3s_Trans_funpow_Red	pss_scratch	pss_scratch.y3s_Trans_funpow_Red	0	2341484	isabelle/layerC/pss_scratch.thy	15772	false	7968058	0	true
pss_scratch.y3s_Mark_funpow_Red	pss_scratch	pss_scratch.y3s_Mark_funpow_Red	0	2341566	isabelle/layerC/pss_scratch.thy	15793	false	7968406	0	true
pss_scratch.y3s_RightAnces_dom_iter	pss_scratch	pss_scratch.y3s_RightAnces_dom_iter	0	2341646	isabelle/layerC/pss_scratch.thy	15814	false	7968728	0	true
pss_scratch.y3s_RightAnces_funpow_Red	pss_scratch	pss_scratch.y3s_RightAnces_funpow_Red	0	2341700	isabelle/layerC/pss_scratch.thy	15831	false	7968840	0	true
pss_scratch.y3s_7_3_Trans_zeroT_TPS	pss_scratch	pss_scratch.y3s_7_3_Trans_zeroT_TPS	0	2341756	isabelle/layerC/pss_scratch.thy	15858	false	7969068	0	true
pss_scratch.y3s_7_3_Pred_Trans_descend_TPS	pss_scratch	pss_scratch.y3s_7_3_Pred_Trans_descend_TPS	0	2341764	isabelle/layerC/pss_scratch.thy	15875	false	7969230	0	true
pss_scratch.y3s_7_4_RightAnces_RightNodes_TPS	pss_scratch	pss_scratch.y3s_7_4_RightAnces_RightNodes_TPS	0	2341772	isabelle/layerC/pss_scratch.thy	15895	false	7969310	0	true
pss_scratch.y3s_7_4_RightAnces_zeroT_TPS	pss_scratch	pss_scratch.y3s_7_4_RightAnces_zeroT_TPS	0	2341782	isabelle/layerC/pss_scratch.thy	15909	false	7969416	0	true
pss_scratch.y3s_7_4_Mark_nextAdm_TPS_reduct	pss_scratch	pss_scratch.y3s_7_4_Mark_nextAdm_TPS_reduct	0	2341834	isabelle/layerC/pss_scratch.thy	15931	false	7969494	0	true
pss_scratch.y3i_leftDj0_def	pss_scratch	pss_scratch.y3i_leftDj0_def	0	2341864	isabelle/layerC/pss_scratch.thy	15991	false	7970070	0	false
pss_scratch.y3i_t3_def	pss_scratch	pss_scratch.y3i_t3_def	0	2341892	isabelle/layerC/pss_scratch.thy	15996	false	7970230	0	false
pss_scratch.y3i_t4_def	pss_scratch	pss_scratch.y3i_t4_def	0	2341918	isabelle/layerC/pss_scratch.thy	16001	false	7970356	0	false
pss_scratch.y3i_transC2_branches(1)	pss_scratch	pss_scratch.y3i_transC2_branches	1	2341998	isabelle/layerC/pss_scratch.thy	16009	false	7970470	0	true
pss_scratch.y3i_transC2_branches(2)	pss_scratch	pss_scratch.y3i_transC2_branches	2	2342000	isabelle/layerC/pss_scratch.thy	16009	false	7970470	0	true
pss_scratch.y3i_transC2_branches(3)	pss_scratch	pss_scratch.y3i_transC2_branches	3	2342004	isabelle/layerC/pss_scratch.thy	16009	false	7970470	0	true
pss_scratch.y3i_transC2_branches(4)	pss_scratch	pss_scratch.y3i_transC2_branches	4	2342006	isabelle/layerC/pss_scratch.thy	16009	false	7970470	0	true
pss_scratch.y3i_Trans_s1_c2_b1(1)	pss_scratch	pss_scratch.y3i_Trans_s1_c2_b1	1	2342032	isabelle/layerC/pss_scratch.thy	16033	false	7970820	0	true
pss_scratch.y3i_Trans_s1_c2_b1(2)	pss_scratch	pss_scratch.y3i_Trans_s1_c2_b1	2	2342034	isabelle/layerC/pss_scratch.thy	16033	false	7970820	0	true
pss_scratch.y3i_branch_of_guard	pss_scratch	pss_scratch.y3i_branch_of_guard	0	2342050	isabelle/layerC/pss_scratch.thy	16057	false	7971042	0	true
pss_scratch.y3i_REGS	pss_scratch	pss_scratch.y3i_REGS	0	2342060	isabelle/layerC/pss_scratch.thy	16085	false	7971136	0	true
pss_scratch.y3i_REGSP	pss_scratch	pss_scratch.y3i_REGSP	0	2342094	isabelle/layerC/pss_scratch.thy	16098	false	7971250	0	true
pss_scratch.y3i_L1_rightend_Trans	pss_scratch	pss_scratch.y3i_L1_rightend_Trans	0	2342104	isabelle/layerC/pss_scratch.thy	16123	false	7971360	0	true
pss_scratch.y3i_L2_oper_props(1)	pss_scratch	pss_scratch.y3i_L2_oper_props	1	2342154	isabelle/layerC/pss_scratch.thy	16142	false	7971538	0	true
pss_scratch.y3i_L2_oper_props(2)	pss_scratch	pss_scratch.y3i_L2_oper_props	2	2342156	isabelle/layerC/pss_scratch.thy	16142	false	7971538	0	true
pss_scratch.y3i_L2_oper_props(3)	pss_scratch	pss_scratch.y3i_L2_oper_props	3	2342158	isabelle/layerC/pss_scratch.thy	16142	false	7971538	0	true
pss_scratch.y3i_L2_oper_props(4)	pss_scratch	pss_scratch.y3i_L2_oper_props	4	2342160	isabelle/layerC/pss_scratch.thy	16142	false	7971538	0	true
pss_scratch.y3i_L2_oper_props(5)	pss_scratch	pss_scratch.y3i_L2_oper_props	5	2342162	isabelle/layerC/pss_scratch.thy	16142	false	7971538	0	true
pss_scratch.y3i_L2_oper_props(6)	pss_scratch	pss_scratch.y3i_L2_oper_props	6	2342164	isabelle/layerC/pss_scratch.thy	16142	false	7971538	0	true
pss_scratch.y3i_L2_oper_props(7)	pss_scratch	pss_scratch.y3i_L2_oper_props	7	2342166	isabelle/layerC/pss_scratch.thy	16142	false	7971538	0	true
pss_scratch.y3i_L2_oper_props(8)	pss_scratch	pss_scratch.y3i_L2_oper_props	8	2342168	isabelle/layerC/pss_scratch.thy	16142	false	7971538	0	true
pss_scratch.y3i_L3_Trans_scb	pss_scratch	pss_scratch.y3i_L3_Trans_scb	0	2342190	isabelle/layerC/pss_scratch.thy	16179	false	7971860	0	true
pss_scratch.y3i_L4_slice_scb(1)	pss_scratch	pss_scratch.y3i_L4_slice_scb	1	2342350	isabelle/layerC/pss_scratch.thy	16198	false	7972080	0	true
pss_scratch.y3i_L4_slice_scb(2)	pss_scratch	pss_scratch.y3i_L4_slice_scb	2	2342354	isabelle/layerC/pss_scratch.thy	16198	false	7972080	0	true
pss_scratch.y3i_L5_various_scb_IIIV	pss_scratch	pss_scratch.y3i_L5_various_scb_IIIV	0	2342550	isabelle/layerC/pss_scratch.thy	16270	false	7972448	0	true
pss_scratch.y3i_L6_various_scb_IIIIV	pss_scratch	pss_scratch.y3i_L6_various_scb_IIIIV	0	2342780	isabelle/layerC/pss_scratch.thy	16321	false	7973390	0	true
pss_scratch.y3r_Red_TPS	pss_scratch	pss_scratch.y3r_Red_TPS	0	2342812	isabelle/layerC/pss_scratch.thy	16401	false	7974130	0	true
pss_scratch.y3r_Red_nonmulti	pss_scratch	pss_scratch.y3r_Red_nonmulti	0	2342828	isabelle/layerC/pss_scratch.thy	16413	false	7974196	0	true
pss_scratch.y3r_P_nonmulti	pss_scratch	pss_scratch.y3r_P_nonmulti	0	2342836	isabelle/layerC/pss_scratch.thy	16428	false	7974248	0	true
pss_scratch.y3r_nonmulti_lmin0	pss_scratch	pss_scratch.y3r_nonmulti_lmin0	0	2342842	isabelle/layerC/pss_scratch.thy	16443	false	7974342	0	true
pss_scratch.y3r_Red_head	pss_scratch	pss_scratch.y3r_Red_head	0	2342854	isabelle/layerC/pss_scratch.thy	16461	false	7974446	0	true
pss_scratch.y3r_Red_strict_min	pss_scratch	pss_scratch.y3r_Red_strict_min	0	2342868	isabelle/layerC/pss_scratch.thy	16481	false	7974618	0	true
pss_scratch.y3r_P_concat	pss_scratch	pss_scratch.y3r_P_concat	0	2342886	isabelle/layerC/pss_scratch.thy	16517	false	7974810	0	true
pss_scratch.y3r_concat_lmin_diag	pss_scratch	pss_scratch.y3r_concat_lmin_diag	0	2342900	isabelle/layerC/pss_scratch.thy	16618	false	7974924	0	true
pss_scratch.y3r_comp_head	pss_scratch	pss_scratch.y3r_comp_head	0	2342922	isabelle/layerC/pss_scratch.thy	16694	false	7975050	0	true
pss_scratch.y3r_Red_comp_diag	pss_scratch	pss_scratch.y3r_Red_comp_diag	0	2342944	isabelle/layerC/pss_scratch.thy	16719	false	7975162	0	true
pss_scratch.y3r_Red_reduced_of_diag	pss_scratch	pss_scratch.y3r_Red_reduced_of_diag	0	2342954	isabelle/layerC/pss_scratch.thy	16804	false	7975282	0	true
pss_scratch.y3r_RED2	pss_scratch	pss_scratch.y3r_RED2	0	2342962	isabelle/layerC/pss_scratch.thy	16879	false	7975432	0	true
pss_scratch.y3r_Red3_eq_Red2	pss_scratch	pss_scratch.y3r_Red3_eq_Red2	0	2342970	isabelle/layerC/pss_scratch.thy	16884	false	7975496	0	true
pss_scratch.y3r_RedStab_TPS	pss_scratch	pss_scratch.y3r_RedStab_TPS	0	2342978	isabelle/layerC/pss_scratch.thy	16892	false	7975566	0	true
pss_scratch.y3r_7_3_Trans_zeroT_TPS	pss_scratch	pss_scratch.y3r_7_3_Trans_zeroT_TPS	0	2342992	isabelle/layerC/pss_scratch.thy	16899	false	7975628	0	true
pss_scratch.y3r_7_3_Pred_Trans_descend_TPS	pss_scratch	pss_scratch.y3r_7_3_Pred_Trans_descend_TPS	0	2343004	isabelle/layerC/pss_scratch.thy	16904	false	7975676	0	true
pss_scratch.y3r_7_4_RightAnces_RightNodes_TPS	pss_scratch	pss_scratch.y3r_7_4_RightAnces_RightNodes_TPS	0	2343012	isabelle/layerC/pss_scratch.thy	16909	false	7975734	0	true
pss_scratch.y3r_7_4_RightAnces_zeroT_TPS	pss_scratch	pss_scratch.y3r_7_4_RightAnces_zeroT_TPS	0	2343022	isabelle/layerC/pss_scratch.thy	16914	false	7975800	0	true
pss_scratch.y3q_6_5_monoT_Red	pss_scratch	pss_scratch.y3q_6_5_monoT_Red	0	2343036	isabelle/layerC/pss_scratch.thy	16944	false	7975882	0	true
pss_scratch.y3j_mnp1_def	pss_scratch	pss_scratch.y3j_mnp1_def	0	2343052	isabelle/layerC/pss_scratch.thy	17043	false	7976048	0	false
pss_scratch.y3j_mn_def	pss_scratch	pss_scratch.y3j_mn_def	0	2343068	isabelle/layerC/pss_scratch.thy	17046	false	7976154	0	false
pss_scratch.y3j_mn_unfold	pss_scratch	pss_scratch.y3j_mn_unfold	0	2343080	isabelle/layerC/pss_scratch.thy	17049	false	7976302	0	false
pss_scratch.y3j_mnp1_Suc	pss_scratch	pss_scratch.y3j_mnp1_Suc	0	2343092	isabelle/layerC/pss_scratch.thy	17052	false	7976384	0	false
pss_scratch.y3j_ldj_eq	pss_scratch	pss_scratch.y3j_ldj_eq	0	2343098	isabelle/layerC/pss_scratch.thy	17060	false	7976488	0	false
pss_scratch.y3j_t3_eq	pss_scratch	pss_scratch.y3j_t3_eq	0	2343104	isabelle/layerC/pss_scratch.thy	17063	false	7976526	0	false
pss_scratch.y3j_t4_eq	pss_scratch	pss_scratch.y3j_t4_eq	0	2343114	isabelle/layerC/pss_scratch.thy	17066	false	7976566	0	false
pss_scratch.y3j_condII_tailval	pss_scratch	pss_scratch.y3j_condII_tailval	0	2343120	isabelle/layerC/pss_scratch.thy	17076	false	7976646	0	true
pss_scratch.y3j_condII_INV	pss_scratch	pss_scratch.y3j_condII_INV	0	2343156	isabelle/layerC/pss_scratch.thy	17089	false	7976760	0	true
pss_scratch.y3j_condII_count	pss_scratch	pss_scratch.y3j_condII_count	0	2343174	isabelle/layerC/pss_scratch.thy	17177	false	7977018	0	true
pss_scratch.y3j_condII_dM	pss_scratch	pss_scratch.y3j_condII_dM	0	2343266	isabelle/layerC/pss_scratch.thy	17210	false	7977184	0	true
pss_scratch.y3j_p_8_3_condII_exchange_1	pss_scratch	pss_scratch.y3j_p_8_3_condII_exchange_1	0	2343306	isabelle/layerC/pss_scratch.thy	17233	false	7977448	0	true
pss_scratch.y3j_p_8_3_condII_exchange_2	pss_scratch	pss_scratch.y3j_p_8_3_condII_exchange_2	0	2343320	isabelle/layerC/pss_scratch.thy	17273	false	7977570	0	true
pss_scratch.y3j_p_8_3_condII_exchange_3	pss_scratch	pss_scratch.y3j_p_8_3_condII_exchange_3	0	2343396	isabelle/layerC/pss_scratch.thy	17335	false	7977714	0	true
pss_scratch.y3j_p_8_3_TransCondII_oper_exchange(1)	pss_scratch	pss_scratch.y3j_p_8_3_TransCondII_oper_exchange	1	2343414	isabelle/layerC/pss_scratch.thy	17365	false	7977898	0	true
pss_scratch.y3j_p_8_3_TransCondII_oper_exchange(2)	pss_scratch	pss_scratch.y3j_p_8_3_TransCondII_oper_exchange	2	2343416	isabelle/layerC/pss_scratch.thy	17365	false	7977898	0	true
pss_scratch.y3j_p_8_3_TransCondII_oper_exchange(3)	pss_scratch	pss_scratch.y3j_p_8_3_TransCondII_oper_exchange	3	2343418	isabelle/layerC/pss_scratch.thy	17365	false	7977898	0	true
pss_scratch.y3j_p_8_3_TransCondII_oper_exchange(4)	pss_scratch	pss_scratch.y3j_p_8_3_TransCondII_oper_exchange	4	2343420	isabelle/layerC/pss_scratch.thy	17365	false	7977898	0	true
pss_scratch.y3k_jm2_lt_Lm2	pss_scratch	pss_scratch.y3k_jm2_lt_Lm2	0	2343426	isabelle/layerC/pss_scratch.thy	17436	false	7978144	0	true
pss_scratch.y3k_d_le_last_joint	pss_scratch	pss_scratch.y3k_d_le_last_joint	0	2343432	isabelle/layerC/pss_scratch.thy	17477	false	7978220	0	true
pss_scratch.y3k_MCOND_RN	pss_scratch	pss_scratch.y3k_MCOND_RN	0	2343442	isabelle/layerC/pss_scratch.thy	17604	false	7978320	0	true
pss_scratch.y3k_regS_red_of_mcond	pss_scratch	pss_scratch.y3k_regS_red_of_mcond	0	2343448	isabelle/layerC/pss_scratch.thy	17823	false	7978552	0	true
pss_scratch.y3k_regS	pss_scratch	pss_scratch.y3k_regS	0	2343454	isabelle/layerC/pss_scratch.thy	17918	false	7978892	0	true
pss_scratch.y3k_regSP_of_diag	pss_scratch	pss_scratch.y3k_regSP_of_diag	0	2343464	isabelle/layerC/pss_scratch.thy	17929	false	7978978	0	true
pss_scratch.y3k_regSP_diag_of_lt	pss_scratch	pss_scratch.y3k_regSP_diag_of_lt	0	2343486	isabelle/layerC/pss_scratch.thy	18089	false	7979106	0	true
pss_scratch.y3k_regSP_of_lt_eqd	pss_scratch	pss_scratch.y3k_regSP_of_lt_eqd	0	2343514	isabelle/layerC/pss_scratch.thy	18230	false	7979254	0	true
pss_scratch.y3k_strictlt_eqd	pss_scratch	pss_scratch.y3k_strictlt_eqd	0	2343628	isabelle/layerC/pss_scratch.thy	18274	false	7979672	0	true
pss_scratch.y3k_regSP_uncond	pss_scratch	pss_scratch.y3k_regSP_uncond	0	2343674	isabelle/layerC/pss_scratch.thy	18544	false	7980028	0	true
pss_scratch.y3k_REGS	pss_scratch	pss_scratch.y3k_REGS	0	2343690	isabelle/layerC/pss_scratch.thy	18558	false	7980308	0	true
pss_scratch.y3k_REGSP	pss_scratch	pss_scratch.y3k_REGSP	0	2343704	isabelle/layerC/pss_scratch.thy	18569	false	7980398	0	true
pss_scratch.y3k_L4_slice_scb(1)	pss_scratch	pss_scratch.y3k_L4_slice_scb	1	2343724	isabelle/layerC/pss_scratch.thy	18590	false	7980528	0	true
pss_scratch.y3k_L4_slice_scb(2)	pss_scratch	pss_scratch.y3k_L4_slice_scb	2	2343726	isabelle/layerC/pss_scratch.thy	18590	false	7980528	0	true
pss_scratch.y3l_nVI_of_branch	pss_scratch	pss_scratch.y3l_nVI_of_branch	0	2343734	isabelle/layerC/pss_scratch.thy	18674	false	7980722	0	true
pss_scratch.y3l_op1pow_take	pss_scratch	pss_scratch.y3l_op1pow_take	0	2343778	isabelle/layerC/pss_scratch.thy	18682	false	7980846	0	true
pss_scratch.y3l_L_eq_op1pow	pss_scratch	pss_scratch.y3l_L_eq_op1pow	0	2343802	isabelle/layerC/pss_scratch.thy	18706	false	7980952	0	true
pss_scratch.y3l_princN	pss_scratch	pss_scratch.y3l_princN	0	2343814	isabelle/layerC/pss_scratch.thy	18736	false	7981174	0	true
pss_scratch.y3l_e2_eq_ub	pss_scratch	pss_scratch.y3l_e2_eq_ub	0	2343820	isabelle/layerC/pss_scratch.thy	18761	false	7981228	0	true
pss_scratch.y3l_p_8_4_oper_basic_part2	pss_scratch	pss_scratch.y3l_p_8_4_oper_basic_part2	0	2343836	isabelle/layerC/pss_scratch.thy	18777	false	7981322	0	true
pss_scratch.y3l_ltJ_of_condIII	pss_scratch	pss_scratch.y3l_ltJ_of_condIII	0	2343854	isabelle/layerC/pss_scratch.thy	18901	false	7981664	0	true
pss_scratch.y3l_p_8_4_oper_basic_part2_condIII	pss_scratch	pss_scratch.y3l_p_8_4_oper_basic_part2_condIII	0	2343882	isabelle/layerC/pss_scratch.thy	18921	false	7981760	0	true
pss_scratch.y3m_c2_principal	pss_scratch	pss_scratch.y3m_c2_principal	0	2343890	isabelle/layerC/pss_scratch.thy	18965	false	7981922	0	true
pss_scratch.y3m_N_eq_c2	pss_scratch	pss_scratch.y3m_N_eq_c2	0	2343898	isabelle/layerC/pss_scratch.thy	18987	false	7982032	0	true
pss_scratch.y3m_p_8_4_oper_basic_part2_condIV_admeq	pss_scratch	pss_scratch.y3m_p_8_4_oper_basic_part2_condIV_admeq	0	2343924	isabelle/layerC/pss_scratch.thy	19021	false	7982172	0	true
pss_scratch.y3m_p_8_4_oper_basic_part2_full	pss_scratch	pss_scratch.y3m_p_8_4_oper_basic_part2_full	0	2343936	isabelle/layerC/pss_scratch.thy	19105	false	7982422	0	true
pss_scratch.y3u_p_7_2_scb_replaceable	pss_scratch	pss_scratch.y3u_p_7_2_scb_replaceable	0	2343944	isabelle/layerC/pss_scratch.thy	19166	false	7982560	0	true
pss_scratch.y3u_p_7_2_scb_compose_2	pss_scratch	pss_scratch.y3u_p_7_2_scb_compose_2	0	2343948	isabelle/layerC/pss_scratch.thy	19236	false	7982678	0	true
pss_scratch.y3u_p_7_2_add_scb_3	pss_scratch	pss_scratch.y3u_p_7_2_add_scb_3	0	2343952	isabelle/layerC/pss_scratch.thy	19247	false	7982760	0	true
pss_scratch.y3u_p_7_3_Mark_rightmost1	pss_scratch	pss_scratch.y3u_p_7_3_Mark_rightmost1	0	2343956	isabelle/layerC/pss_scratch.thy	19255	false	7982846	0	true
pss_scratch.y3u_p_7_4_Trans_nextAdm	pss_scratch	pss_scratch.y3u_p_7_4_Trans_nextAdm	0	2343958	isabelle/layerC/pss_scratch.thy	19266	false	7982914	0	true
pss_scratch.y3u_p_7_4_Trans_Mark_Pred	pss_scratch	pss_scratch.y3u_p_7_4_Trans_Mark_Pred	0	2343960	isabelle/layerC/pss_scratch.thy	19267	false	7982946	0	true
pss_scratch.y3u_p_7_4_Mark_nextAdm	pss_scratch	pss_scratch.y3u_p_7_4_Mark_nextAdm	0	2343962	isabelle/layerC/pss_scratch.thy	19278	false	7983014	0	true
pss_scratch.y3u_p_8_1_c1_around_part1	pss_scratch	pss_scratch.y3u_p_8_1_c1_around_part1	0	2343968	isabelle/layerC/pss_scratch.thy	19288	false	7983116	0	true
pss_scratch.y3u_p_8_1_c1_around_part5	pss_scratch	pss_scratch.y3u_p_8_1_c1_around_part5	0	2343970	isabelle/layerC/pss_scratch.thy	19289	false	7983210	0	true
pss_scratch.y3u_p_8_3_kind0_base_ineq	pss_scratch	pss_scratch.y3u_p_8_3_kind0_base_ineq	0	2343974	isabelle/layerC/pss_scratch.thy	19297	false	7983302	0	true
pss_scratch.y3t_toplevel_OT_tail_annihilate	pss_scratch	pss_scratch.y3t_toplevel_OT_tail_annihilate	0	2343988	isabelle/layerC/pss_scratch.thy	19355	false	7983472	0	true
pss_scratch.y3t_7_4_Mark_nextAdm_TPS_of_bricks	pss_scratch	pss_scratch.y3t_7_4_Mark_nextAdm_TPS_of_bricks	0	2344022	isabelle/layerC/pss_scratch.thy	19413	false	7983762	0	true
pss_scratch.y3w_le0_bounds	pss_scratch	pss_scratch.y3w_le0_bounds	0	2344060	isabelle/layerC/pss_scratch.thy	19519	false	7984346	0	false
pss_scratch.y3w_le0_iff	pss_scratch	pss_scratch.y3w_le0_iff	0	2344086	isabelle/layerC/pss_scratch.thy	19523	false	7984484	0	true
pss_scratch.y3w_le0_window	pss_scratch	pss_scratch.y3w_le0_window	0	2344100	isabelle/layerC/pss_scratch.thy	19552	false	7984618	0	true
pss_scratch.y3w_nonmulti_le0_from0	pss_scratch	pss_scratch.y3w_nonmulti_le0_from0	0	2344112	isabelle/layerC/pss_scratch.thy	19592	false	7984778	0	true
pss_scratch.y3w_concat_bound	pss_scratch	pss_scratch.y3w_concat_bound	0	2344118	isabelle/layerC/pss_scratch.thy	19604	false	7984854	0	true
pss_scratch.y3w_entry_concat	pss_scratch	pss_scratch.y3w_entry_concat	0	2344128	isabelle/layerC/pss_scratch.thy	19619	false	7984920	0	true
pss_scratch.y3w_maplen_eq	pss_scratch	pss_scratch.y3w_maplen_eq	0	2344140	isabelle/layerC/pss_scratch.thy	19628	false	7985038	0	false
pss_scratch.y3w_Br_tne	pss_scratch	pss_scratch.y3w_Br_tne	0	2344158	isabelle/layerC/pss_scratch.thy	19636	false	7985136	0	true
pss_scratch.y3w_Br_concat	pss_scratch	pss_scratch.y3w_Br_concat	0	2344174	isabelle/layerC/pss_scratch.thy	19644	false	7985214	0	true
pss_scratch.y3w_entry_block	pss_scratch	pss_scratch.y3w_entry_block	0	2344184	isabelle/layerC/pss_scratch.thy	19649	false	7985302	0	true
pss_scratch.y3w_block_locate	pss_scratch	pss_scratch.y3w_block_locate	0	2344202	isabelle/layerC/pss_scratch.thy	19674	false	7985408	0	true
pss_scratch.y3w_block_leftmin	pss_scratch	pss_scratch.y3w_block_leftmin	0	2344224	isabelle/layerC/pss_scratch.thy	19695	false	7985530	0	true
pss_scratch.y3w_entry_Red_block	pss_scratch	pss_scratch.y3w_entry_Red_block	0	2344232	isabelle/layerC/pss_scratch.thy	19735	false	7985616	0	true
pss_scratch.y3w_Red_le0	pss_scratch	pss_scratch.y3w_Red_le0	0	2344250	isabelle/layerC/pss_scratch.thy	19812	false	7985792	0	true
pss_scratch.y3w_Red2_le0	pss_scratch	pss_scratch.y3w_Red2_le0	0	2344264	isabelle/layerC/pss_scratch.thy	20289	false	7985922	0	true
pss_scratch.y3w_Red2_leR0	pss_scratch	pss_scratch.y3w_Red2_leR0	0	2344284	isabelle/layerC/pss_scratch.thy	20297	false	7986008	0	true
pss_scratch.y3w_le0_adj	pss_scratch	pss_scratch.y3w_le0_adj	0	2344308	isabelle/layerC/pss_scratch.thy	20310	false	7986112	0	true
pss_scratch.y3w_nextrel1_adj	pss_scratch	pss_scratch.y3w_nextrel1_adj	0	2344320	isabelle/layerC/pss_scratch.thy	20334	false	7986176	0	true
pss_scratch.y3w_nadm_local	pss_scratch	pss_scratch.y3w_nadm_local	0	2344326	isabelle/layerC/pss_scratch.thy	20362	false	7986370	0	true
pss_scratch.y3w_adm_0	pss_scratch	pss_scratch.y3w_adm_0	0	2344332	isabelle/layerC/pss_scratch.thy	20380	false	7986422	0	true
pss_scratch.y3w_7_4_Mark_nextAdm_TPS_of_adm	pss_scratch	pss_scratch.y3w_7_4_Mark_nextAdm_TPS_of_adm	0	2344348	isabelle/layerC/pss_scratch.thy	20386	false	7986474	0	true
pss_scratch.y3x_adm_last	pss_scratch	pss_scratch.y3x_adm_last	0	2344358	isabelle/layerC/pss_scratch.thy	20463	false	7986700	0	false
pss_scratch.y3x_TrMax_le_of_adm	pss_scratch	pss_scratch.y3x_TrMax_le_of_adm	0	2344364	isabelle/layerC/pss_scratch.thy	20472	false	7986778	0	true
pss_scratch.y3x_entry_NJ_hi	pss_scratch	pss_scratch.y3x_entry_NJ_hi	0	2344380	isabelle/layerC/pss_scratch.thy	20488	false	7986850	0	false
pss_scratch.y3x_entry_Red_block	pss_scratch	pss_scratch.y3x_entry_Red_block	0	2344394	isabelle/layerC/pss_scratch.thy	20497	false	7986984	0	true
pss_scratch.y3x_npJ_parent	pss_scratch	pss_scratch.y3x_npJ_parent	0	2344404	isabelle/layerC/pss_scratch.thy	20556	false	7987112	0	true
pss_scratch.cexM_def	pss_scratch	pss_scratch.cexM_def	0	2344438	isabelle/layerC/pss_scratch.thy	20616	false	7987282	0	false
pss_scratch.cexM_Lng	pss_scratch	pss_scratch.cexM_Lng	0	2344464	isabelle/layerC/pss_scratch.thy	20619	false	7987628	0	false
pss_scratch.cexM_TPS	pss_scratch	pss_scratch.cexM_TPS	0	2344474	isabelle/layerC/pss_scratch.thy	20621	false	7987718	0	false
pss_scratch.cexM_row0	pss_scratch	pss_scratch.cexM_row0	0	2344494	isabelle/layerC/pss_scratch.thy	20623	false	7987864	0	false
pss_scratch.cexM_row1(1)	pss_scratch	pss_scratch.cexM_row1	1	2344526	isabelle/layerC/pss_scratch.thy	20630	false	7987970	0	false
pss_scratch.cexM_row1(2)	pss_scratch	pss_scratch.cexM_row1	2	2344528	isabelle/layerC/pss_scratch.thy	20630	false	7987970	0	false
pss_scratch.cexM_row1(3)	pss_scratch	pss_scratch.cexM_row1	3	2344530	isabelle/layerC/pss_scratch.thy	20630	false	7987970	0	false
pss_scratch.cexM_row1(4)	pss_scratch	pss_scratch.cexM_row1	4	2344532	isabelle/layerC/pss_scratch.thy	20630	false	7987970	0	false
pss_scratch.cexM_row1(5)	pss_scratch	pss_scratch.cexM_row1	5	2344534	isabelle/layerC/pss_scratch.thy	20630	false	7987970	0	false
pss_scratch.cexM_le0I	pss_scratch	pss_scratch.cexM_le0I	0	2344554	isabelle/layerC/pss_scratch.thy	20637	false	7988120	0	true
pss_scratch.cexM_le0D	pss_scratch	pss_scratch.cexM_le0D	0	2344570	isabelle/layerC/pss_scratch.thy	20651	false	7988226	0	false
pss_scratch.cexM_nx1	pss_scratch	pss_scratch.cexM_nx1	0	2344612	isabelle/layerC/pss_scratch.thy	20654	false	7988388	0	true
pss_scratch.cexM_monoT	pss_scratch	pss_scratch.cexM_monoT	0	2344632	isabelle/layerC/pss_scratch.thy	20662	false	7988706	0	true
pss_scratch.cexM_nmulti	pss_scratch	pss_scratch.cexM_nmulti	0	2344642	isabelle/layerC/pss_scratch.thy	20668	false	7988772	0	true
pss_scratch.cexM_nzero	pss_scratch	pss_scratch.cexM_nzero	0	2344660	isabelle/layerC/pss_scratch.thy	20669	false	7988832	0	false
pss_scratch.cexM_PT	pss_scratch	pss_scratch.cexM_PT	0	2344674	isabelle/layerC/pss_scratch.thy	20670	false	7988892	0	true
pss_scratch.cexM_TrMax	pss_scratch	pss_scratch.cexM_TrMax	0	2344694	isabelle/layerC/pss_scratch.thy	20674	false	7988960	0	true
pss_scratch.cexM_tail_monoT	pss_scratch	pss_scratch.cexM_tail_monoT	0	2344718	isabelle/layerC/pss_scratch.thy	20686	false	7989062	0	true
pss_scratch.cexM_Br	pss_scratch	pss_scratch.cexM_Br	0	2344738	isabelle/layerC/pss_scratch.thy	20707	false	7989254	0	true
pss_scratch.cexM_LngBr	pss_scratch	pss_scratch.cexM_LngBr	0	2344758	isabelle/layerC/pss_scratch.thy	20722	false	7989452	0	true
pss_scratch.cexM_FirstNodes	pss_scratch	pss_scratch.cexM_FirstNodes	0	2344776	isabelle/layerC/pss_scratch.thy	20724	false	7989526	0	true
pss_scratch.cexM_nx0_2	pss_scratch	pss_scratch.cexM_nx0_2	0	2344812	isabelle/layerC/pss_scratch.thy	20732	false	7989592	0	false
pss_scratch.cexM_Joints	pss_scratch	pss_scratch.cexM_Joints	0	2344830	isabelle/layerC/pss_scratch.thy	20749	false	7989800	0	true
pss_scratch.cexM_nx1_2	pss_scratch	pss_scratch.cexM_nx1_2	0	2344866	isabelle/layerC/pss_scratch.thy	20759	false	7989894	0	true
pss_scratch.cexM_npJ	pss_scratch	pss_scratch.cexM_npJ	0	2344882	isabelle/layerC/pss_scratch.thy	20784	false	7990034	0	true
pss_scratch.cexM_NJ	pss_scratch	pss_scratch.cexM_NJ	0	2344914	isabelle/layerC/pss_scratch.thy	20795	false	7990198	0	true
pss_scratch.cexM_redA	pss_scratch	pss_scratch.cexM_redA	0	2344948	isabelle/layerC/pss_scratch.thy	20803	false	7990440	0	true
pss_scratch.cexM_redNJ	pss_scratch	pss_scratch.cexM_redNJ	0	2345002	isabelle/layerC/pss_scratch.thy	20859	false	7990666	0	true
pss_scratch.cexM_Red	pss_scratch	pss_scratch.cexM_Red	0	2345046	isabelle/layerC/pss_scratch.thy	20931	false	7990788	0	true
pss_scratch.cexM_Red2	pss_scratch	pss_scratch.cexM_Red2	0	2345068	isabelle/layerC/pss_scratch.thy	20953	false	7990930	0	true
pss_scratch.cexM_adm3	pss_scratch	pss_scratch.cexM_adm3	0	2345084	isabelle/layerC/pss_scratch.thy	20964	false	7991110	0	true
pss_scratch.cexM_marked3	pss_scratch	pss_scratch.cexM_marked3	0	2345104	isabelle/layerC/pss_scratch.thy	20971	false	7991220	0	true
pss_scratch.cexM_anc3	pss_scratch	pss_scratch.cexM_anc3	0	2345126	isabelle/layerC/pss_scratch.thy	20977	false	7991334	0	true
pss_scratch.cexM_Red2_nadm3	pss_scratch	pss_scratch.cexM_Red2_nadm3	0	2345150	isabelle/layerC/pss_scratch.thy	20983	false	7991428	0	true
pss_scratch.y3z_C4_false	pss_scratch	pss_scratch.y3z_C4_false	0	2345158	isabelle/layerC/pss_scratch.thy	20994	false	7991520	0	true
pss_scratch.cexM_adm	pss_scratch	pss_scratch.cexM_adm	0	2345174	isabelle/layerC/pss_scratch.thy	21002	false	7991618	0	true
pss_scratch.cexM_nextAdm3	pss_scratch	pss_scratch.cexM_nextAdm3	0	2345190	isabelle/layerC/pss_scratch.thy	21026	false	7991676	0	true
pss_scratch.cexM_nextAdm_only3	pss_scratch	pss_scratch.cexM_nextAdm_only3	0	2345210	isabelle/layerC/pss_scratch.thy	21045	false	7991728	0	true
pss_scratch.cexM_nextAdm_ex1	pss_scratch	pss_scratch.cexM_nextAdm_ex1	0	2345228	isabelle/layerC/pss_scratch.thy	21060	false	7991794	0	true
pss_scratch.cexM_nextAdm_unique	pss_scratch	pss_scratch.cexM_nextAdm_unique	0	2345250	isabelle/layerC/pss_scratch.thy	21063	false	7991866	0	true
pss_scratch.y3z_brickA_false	pss_scratch	pss_scratch.y3z_brickA_false	0	2345318	isabelle/layerC/pss_scratch.thy	21066	false	7991962	0	true
pss_scratch.y3y_Mark_princ_aux	pss_scratch	pss_scratch.y3y_Mark_princ_aux	0	2345508	isabelle/layerC/pss_scratch.thy	21137	false	7992568	0	true
pss_scratch.y3y_Mark_princ(1)	pss_scratch	pss_scratch.y3y_Mark_princ	1	2345540	isabelle/layerC/pss_scratch.thy	21407	false	7992702	0	true
pss_scratch.y3y_Mark_princ(2)	pss_scratch	pss_scratch.y3y_Mark_princ	2	2345542	isabelle/layerC/pss_scratch.thy	21407	false	7992702	0	true
pss_scratch.y3y_Mark_isPTB	pss_scratch	pss_scratch.y3y_Mark_isPTB	0	2345562	isabelle/layerC/pss_scratch.thy	21413	false	7992854	0	true
pss_scratch.y4a_Mark_self_decomp	pss_scratch	pss_scratch.y4a_Mark_self_decomp	0	2345586	isabelle/layerC/pss_scratch.thy	21460	false	7993280	0	true
pss_scratch.y4a_MarkedB_self	pss_scratch	pss_scratch.y4a_MarkedB_self	0	2345614	isabelle/layerC/pss_scratch.thy	21465	false	7993392	0	true
pss_scratch.y4b_Mark_nest_free_aux	pss_scratch	pss_scratch.y4b_Mark_nest_free_aux	0	2345774	isabelle/layerC/pss_scratch.thy	21493	false	7994156	0	true
pss_scratch.y4b_Mark_nest_free	pss_scratch	pss_scratch.y4b_Mark_nest_free	0	2345824	isabelle/layerC/pss_scratch.thy	21941	false	7994246	0	true
pss_scratch.y4c_Mark_nest_free_ex1	pss_scratch	pss_scratch.y4c_Mark_nest_free_ex1	0	2345884	isabelle/layerC/pss_scratch.thy	21955	false	7994398	0	true
pss_scratch.y4d_Mark_nest_Pred_aux	pss_scratch	pss_scratch.y4d_Mark_nest_Pred_aux	0	2346098	isabelle/layerC/pss_scratch.thy	22029	false	7994820	0	true
pss_scratch.y4d_Mark_nest_Pred_joint	pss_scratch	pss_scratch.y4d_Mark_nest_Pred_joint	0	2346226	isabelle/layerC/pss_scratch.thy	22417	false	7995122	0	true
pss_scratch.y4e_Mark_nest_relaxed	pss_scratch	pss_scratch.y4e_Mark_nest_relaxed	0	2346258	isabelle/layerC/pss_scratch.thy	22458	false	7995392	0	true
pss_scratch.y4e_Mark_nest_relaxed_Pred	pss_scratch	pss_scratch.y4e_Mark_nest_relaxed_Pred	0	2346330	isabelle/layerC/pss_scratch.thy	22464	false	7995558	0	true
pss_scratch.y4f_surg_guard_of_jm1	pss_scratch	pss_scratch.y4f_surg_guard_of_jm1	0	2346372	isabelle/layerC/pss_scratch.thy	22532	false	7995828	0	true
pss_scratch.y4f_Mark_nest_Pred_joint_sharp_aux	pss_scratch	pss_scratch.y4f_Mark_nest_Pred_joint_sharp_aux	0	2346510	isabelle/layerC/pss_scratch.thy	22544	false	7996190	0	true
pss_scratch.y4f_Mark_nest_Pred_joint_sharp	pss_scratch	pss_scratch.y4f_Mark_nest_Pred_joint_sharp	0	2346596	isabelle/layerC/pss_scratch.thy	22796	false	7996350	0	true
pss_scratch.y6_scb_self_unique	pss_scratch	pss_scratch.y6_scb_self_unique	0	2346668	isabelle/layerC/pss_scratch.thy	22883	false	7996630	0	true
pss_scratch.y6_scb_self	pss_scratch	pss_scratch.y6_scb_self	0	2346700	isabelle/layerC/pss_scratch.thy	22895	false	7996716	0	false
pss_scratch.y6_Mark_selfnest_RT	pss_scratch	pss_scratch.y6_Mark_selfnest_RT	0	2346816	isabelle/layerC/pss_scratch.thy	22908	false	7996874	0	true
pss_scratch.y6_Mark_selfnest_TPS	pss_scratch	pss_scratch.y6_Mark_selfnest_TPS	0	2347042	isabelle/layerC/pss_scratch.thy	22940	false	7997072	0	true
pss_scratch.y6_7_4_Mark_nextAdm_TPS	pss_scratch	pss_scratch.y6_7_4_Mark_nextAdm_TPS	0	2347282	isabelle/layerC/pss_scratch.thy	22982	false	7997312	0	true
pss_scratch.y6z_no_common_position	pss_scratch	pss_scratch.y6z_no_common_position	0	2347328	isabelle/layerC/pss_scratch.thy	23086	false	7997842	0	true
pss_scratch.y6z_nest_false_at	pss_scratch	pss_scratch.y6z_nest_false_at	0	2347346	isabelle/layerC/pss_scratch.thy	23106	false	7998064	0	true
pss_scratch.y6x_Trans_t1z	pss_scratch	pss_scratch.y6x_Trans_t1z	0	2347368	isabelle/layerC/pss_scratch.thy	23208	false	7998412	0	true
pss_scratch.y6x_Mark_t1z	pss_scratch	pss_scratch.y6x_Mark_t1z	0	2347382	isabelle/layerC/pss_scratch.thy	23219	false	7998618	0	true
pss_scratch.y6x_Mark_ge	pss_scratch	pss_scratch.y6x_Mark_ge	0	2347390	isabelle/layerC/pss_scratch.thy	23231	false	7998744	0	true
pss_scratch.y6x_Mark_surg	pss_scratch	pss_scratch.y6x_Mark_surg	0	2347438	isabelle/layerC/pss_scratch.thy	23243	false	7998910	0	true
pss_scratch.y6x_Trans_surg	pss_scratch	pss_scratch.y6x_Trans_surg	0	2347454	isabelle/layerC/pss_scratch.thy	23301	false	7999226	0	true
pss_scratch.y6x_SOME_scb	pss_scratch	pss_scratch.y6x_SOME_scb	0	2347470	isabelle/layerC/pss_scratch.thy	23360	false	7999364	0	true
pss_scratch.y6x_scb_I	pss_scratch	pss_scratch.y6x_scb_I	0	2347488	isabelle/layerC/pss_scratch.thy	23372	false	7999452	0	false
pss_scratch.y6x_MarkedB_I	pss_scratch	pss_scratch.y6x_MarkedB_I	0	2347510	isabelle/layerC/pss_scratch.thy	23379	false	7999542	0	false
pss_scratch.y6x_MarkedB_len	pss_scratch	pss_scratch.y6x_MarkedB_len	0	2347520	isabelle/layerC/pss_scratch.thy	23387	false	7999644	0	true
pss_scratch.y6x_not_MarkedB	pss_scratch	pss_scratch.y6x_not_MarkedB	0	2347528	isabelle/layerC/pss_scratch.thy	23396	false	7999704	0	true
pss_scratch.y6x_Adm_pred	pss_scratch	pss_scratch.y6x_Adm_pred	0	2347536	isabelle/layerC/pss_scratch.thy	23402	false	7999788	0	false
pss_scratch.y6x_Adm_self	pss_scratch	pss_scratch.y6x_Adm_self	0	2347542	isabelle/layerC/pss_scratch.thy	23414	false	7999838	0	false
pss_scratch.y6x_scb_right	pss_scratch	pss_scratch.y6x_scb_right	0	2347548	isabelle/layerC/pss_scratch.thy	23419	false	7999896	0	true
pss_scratch.y6x_scb_self	pss_scratch	pss_scratch.y6x_scb_self	0	2347554	isabelle/layerC/pss_scratch.thy	23436	false	7999966	0	true
pss_scratch.y6B1_def	pss_scratch	pss_scratch.y6B1_def	0	2347560	isabelle/layerC/pss_scratch.thy	23450	false	8000044	0	false
pss_scratch.y6B2_def	pss_scratch	pss_scratch.y6B2_def	0	2347568	isabelle/layerC/pss_scratch.thy	23451	false	8000092	0	false
pss_scratch.y6B3_def	pss_scratch	pss_scratch.y6B3_def	0	2347576	isabelle/layerC/pss_scratch.thy	23452	false	8000140	0	false
pss_scratch.y6B4_def	pss_scratch	pss_scratch.y6B4_def	0	2347584	isabelle/layerC/pss_scratch.thy	23453	false	8000188	0	false
pss_scratch.y6B5_def	pss_scratch	pss_scratch.y6B5_def	0	2347594	isabelle/layerC/pss_scratch.thy	23454	false	8000254	0	false
pss_scratch.y6B6_def	pss_scratch	pss_scratch.y6B6_def	0	2347602	isabelle/layerC/pss_scratch.thy	23455	false	8000314	0	false
pss_scratch.y6M_def	pss_scratch	pss_scratch.y6M_def	0	2347612	isabelle/layerC/pss_scratch.thy	23457	false	8000368	0	false
pss_scratch.y6_Lng(1)	pss_scratch	pss_scratch.y6_Lng	1	2347634	isabelle/layerC/pss_scratch.thy	23459	false	8000420	0	false
pss_scratch.y6_Lng(2)	pss_scratch	pss_scratch.y6_Lng	2	2347636	isabelle/layerC/pss_scratch.thy	23459	false	8000420	0	false
pss_scratch.y6_Lng(3)	pss_scratch	pss_scratch.y6_Lng	3	2347638	isabelle/layerC/pss_scratch.thy	23459	false	8000420	0	false
pss_scratch.y6_Lng(4)	pss_scratch	pss_scratch.y6_Lng	4	2347640	isabelle/layerC/pss_scratch.thy	23459	false	8000420	0	false
pss_scratch.y6_Lng(5)	pss_scratch	pss_scratch.y6_Lng	5	2347642	isabelle/layerC/pss_scratch.thy	23459	false	8000420	0	false
pss_scratch.y6_Lng(6)	pss_scratch	pss_scratch.y6_Lng	6	2347644	isabelle/layerC/pss_scratch.thy	23459	false	8000420	0	false
pss_scratch.y6_Lng(7)	pss_scratch	pss_scratch.y6_Lng	7	2347646	isabelle/layerC/pss_scratch.thy	23459	false	8000420	0	false
pss_scratch.y6_TPS(1)	pss_scratch	pss_scratch.y6_TPS	1	2347652	isabelle/layerC/pss_scratch.thy	23464	false	8000460	0	false
pss_scratch.y6_TPS(2)	pss_scratch	pss_scratch.y6_TPS	2	2347654	isabelle/layerC/pss_scratch.thy	23464	false	8000460	0	false
pss_scratch.y6_TPS(3)	pss_scratch	pss_scratch.y6_TPS	3	2347656	isabelle/layerC/pss_scratch.thy	23464	false	8000460	0	false
pss_scratch.y6_TPS(4)	pss_scratch	pss_scratch.y6_TPS	4	2347658	isabelle/layerC/pss_scratch.thy	23464	false	8000460	0	false
pss_scratch.y6_TPS(5)	pss_scratch	pss_scratch.y6_TPS	5	2347660	isabelle/layerC/pss_scratch.thy	23464	false	8000460	0	false
pss_scratch.y6_TPS(6)	pss_scratch	pss_scratch.y6_TPS	6	2347662	isabelle/layerC/pss_scratch.thy	23464	false	8000460	0	false
pss_scratch.y6_TPS(7)	pss_scratch	pss_scratch.y6_TPS	7	2347664	isabelle/layerC/pss_scratch.thy	23464	false	8000460	0	false
pss_scratch.y6_Pred(1)	pss_scratch	pss_scratch.y6_Pred	1	2347670	isabelle/layerC/pss_scratch.thy	23469	false	8000490	0	true
pss_scratch.y6_Pred(2)	pss_scratch	pss_scratch.y6_Pred	2	2347672	isabelle/layerC/pss_scratch.thy	23469	false	8000490	0	true
pss_scratch.y6_Pred(3)	pss_scratch	pss_scratch.y6_Pred	3	2347674	isabelle/layerC/pss_scratch.thy	23469	false	8000490	0	true
pss_scratch.y6_Pred(4)	pss_scratch	pss_scratch.y6_Pred	4	2347676	isabelle/layerC/pss_scratch.thy	23469	false	8000490	0	true
pss_scratch.y6_Pred(5)	pss_scratch	pss_scratch.y6_Pred	5	2347678	isabelle/layerC/pss_scratch.thy	23469	false	8000490	0	true
pss_scratch.y6_L(1)	pss_scratch	pss_scratch.y6_L	1	2347684	isabelle/layerC/pss_scratch.thy	23474	false	8000520	0	false
pss_scratch.y6_L(2)	pss_scratch	pss_scratch.y6_L	2	2347686	isabelle/layerC/pss_scratch.thy	23474	false	8000520	0	false
pss_scratch.y6_L(3)	pss_scratch	pss_scratch.y6_L	3	2347688	isabelle/layerC/pss_scratch.thy	23474	false	8000520	0	false
pss_scratch.y6_L(4)	pss_scratch	pss_scratch.y6_L	4	2347690	isabelle/layerC/pss_scratch.thy	23474	false	8000520	0	false
pss_scratch.y6_L(5)	pss_scratch	pss_scratch.y6_L	5	2347692	isabelle/layerC/pss_scratch.thy	23474	false	8000520	0	false
pss_scratch.y6B2_le0	pss_scratch	pss_scratch.y6B2_le0	0	2347698	isabelle/layerC/pss_scratch.thy	23481	false	8000566	0	true
pss_scratch.y6B3_le0	pss_scratch	pss_scratch.y6B3_le0	0	2347704	isabelle/layerC/pss_scratch.thy	23492	false	8000596	0	true
pss_scratch.y6B4_le0	pss_scratch	pss_scratch.y6B4_le0	0	2347710	isabelle/layerC/pss_scratch.thy	23503	false	8000626	0	true
pss_scratch.y6B5_le0	pss_scratch	pss_scratch.y6B5_le0	0	2347720	isabelle/layerC/pss_scratch.thy	23514	false	8000658	0	true
pss_scratch.y6B6_le0	pss_scratch	pss_scratch.y6B6_le0	0	2347754	isabelle/layerC/pss_scratch.thy	23525	false	8000714	0	true
pss_scratch.y6_monoT(1)	pss_scratch	pss_scratch.y6_monoT	1	2347824	isabelle/layerC/pss_scratch.thy	23536	false	8000804	0	true
pss_scratch.y6_monoT(2)	pss_scratch	pss_scratch.y6_monoT	2	2347826	isabelle/layerC/pss_scratch.thy	23536	false	8000804	0	true
pss_scratch.y6_monoT(3)	pss_scratch	pss_scratch.y6_monoT	3	2347828	isabelle/layerC/pss_scratch.thy	23536	false	8000804	0	true
pss_scratch.y6_monoT(4)	pss_scratch	pss_scratch.y6_monoT	4	2347830	isabelle/layerC/pss_scratch.thy	23536	false	8000804	0	true
pss_scratch.y6_monoT(5)	pss_scratch	pss_scratch.y6_monoT	5	2347832	isabelle/layerC/pss_scratch.thy	23536	false	8000804	0	true
pss_scratch.y6B3_par	pss_scratch	pss_scratch.y6B3_par	0	2347888	isabelle/layerC/pss_scratch.thy	23543	false	8000950	0	false
pss_scratch.y6B4_par	pss_scratch	pss_scratch.y6B4_par	0	2347916	isabelle/layerC/pss_scratch.thy	23572	false	8001036	0	true
pss_scratch.y6B5_par	pss_scratch	pss_scratch.y6B5_par	0	2347968	isabelle/layerC/pss_scratch.thy	23597	false	8001116	0	true
pss_scratch.y6B6_par	pss_scratch	pss_scratch.y6B6_par	0	2348026	isabelle/layerC/pss_scratch.thy	23622	false	8001228	0	false
pss_scratch.y6B3_jp	pss_scratch	pss_scratch.y6B3_jp	0	2348086	isabelle/layerC/pss_scratch.thy	23671	false	8001308	0	false
pss_scratch.y6B4_jp	pss_scratch	pss_scratch.y6B4_jp	0	2348144	isabelle/layerC/pss_scratch.thy	23672	false	8001384	0	true
pss_scratch.y6B5_jp	pss_scratch	pss_scratch.y6B5_jp	0	2348200	isabelle/layerC/pss_scratch.thy	23673	false	8001446	0	true
pss_scratch.y6B6_jp	pss_scratch	pss_scratch.y6B6_jp	0	2348208	isabelle/layerC/pss_scratch.thy	23674	false	8001514	0	false
pss_scratch.y6B4_adm2	pss_scratch	pss_scratch.y6B4_adm2	0	2348304	isabelle/layerC/pss_scratch.thy	23680	false	8001644	0	true
pss_scratch.y6B5_adm2	pss_scratch	pss_scratch.y6B5_adm2	0	2348414	isabelle/layerC/pss_scratch.thy	23687	false	8001744	0	true
pss_scratch.y6B5_nadm3	pss_scratch	pss_scratch.y6B5_nadm3	0	2348596	isabelle/layerC/pss_scratch.thy	23694	false	8001830	0	true
pss_scratch.y6B6_adm2	pss_scratch	pss_scratch.y6B6_adm2	0	2348634	isabelle/layerC/pss_scratch.thy	23701	false	8001934	0	true
pss_scratch.y6B6_nadm3	pss_scratch	pss_scratch.y6B6_nadm3	0	2348680	isabelle/layerC/pss_scratch.thy	23708	false	8001994	0	true
pss_scratch.y6B5_Adm3	pss_scratch	pss_scratch.y6B5_Adm3	0	2348712	isabelle/layerC/pss_scratch.thy	23715	false	8002068	0	true
pss_scratch.y6B6_Adm3	pss_scratch	pss_scratch.y6B6_Adm3	0	2348774	isabelle/layerC/pss_scratch.thy	23722	false	8002118	0	true
pss_scratch.y6B4_Adm2	pss_scratch	pss_scratch.y6B4_Adm2	0	2348880	isabelle/layerC/pss_scratch.thy	23729	false	8002202	0	true
pss_scratch.y6B3_Adm0	pss_scratch	pss_scratch.y6B3_Adm0	0	2348954	isabelle/layerC/pss_scratch.thy	23730	false	8002260	0	true
pss_scratch.y6M_le0_05	pss_scratch	pss_scratch.y6M_le0_05	0	2349064	isabelle/layerC/pss_scratch.thy	23735	false	8002350	0	true
pss_scratch.y6M_le0_03	pss_scratch	pss_scratch.y6M_le0_03	0	2349092	isabelle/layerC/pss_scratch.thy	23746	false	8002422	0	true
pss_scratch.y6M_le0_35	pss_scratch	pss_scratch.y6M_le0_35	0	2349124	isabelle/layerC/pss_scratch.thy	23757	false	8002464	0	true
pss_scratch.y6M_le0_02	pss_scratch	pss_scratch.y6M_le0_02	0	2349150	isabelle/layerC/pss_scratch.thy	23768	false	8002550	0	true
pss_scratch.y6M_nle0_45	pss_scratch	pss_scratch.y6M_nle0_45	0	2349186	isabelle/layerC/pss_scratch.thy	23779	false	8002604	0	true
pss_scratch.y6M_nle0_12	pss_scratch	pss_scratch.y6M_nle0_12	0	2349222	isabelle/layerC/pss_scratch.thy	23788	false	8002668	0	true
pss_scratch.y6M_monoT	pss_scratch	pss_scratch.y6M_monoT	0	2349284	isabelle/layerC/pss_scratch.thy	23797	false	8002712	0	true
pss_scratch.y6M_nmulti	pss_scratch	pss_scratch.y6M_nmulti	0	2349366	isabelle/layerC/pss_scratch.thy	23800	false	8002760	0	true
pss_scratch.y6M_nzero	pss_scratch	pss_scratch.y6M_nzero	0	2349414	isabelle/layerC/pss_scratch.thy	23801	false	8002852	0	false
pss_scratch.y6M_adm	pss_scratch	pss_scratch.y6M_adm	0	2349504	isabelle/layerC/pss_scratch.thy	23806	false	8002920	0	true
pss_scratch.y6M_adm3	pss_scratch	pss_scratch.y6M_adm3	0	2349574	isabelle/layerC/pss_scratch.thy	23838	false	8002996	0	true
pss_scratch.y6M_TrMax	pss_scratch	pss_scratch.y6M_TrMax	0	2349640	isabelle/layerC/pss_scratch.thy	23840	false	8003062	0	true
pss_scratch.y6M_seg25	pss_scratch	pss_scratch.y6M_seg25	0	2349704	isabelle/layerC/pss_scratch.thy	23853	false	8003166	0	true
pss_scratch.y6M_branch_monoT	pss_scratch	pss_scratch.y6M_branch_monoT	0	2349746	isabelle/layerC/pss_scratch.thy	23856	false	8003234	0	true
pss_scratch.y6M_Br	pss_scratch	pss_scratch.y6M_Br	0	2349798	isabelle/layerC/pss_scratch.thy	23874	false	8003288	0	true
pss_scratch.y6M_LngBr	pss_scratch	pss_scratch.y6M_LngBr	0	2349826	isabelle/layerC/pss_scratch.thy	23891	false	8003350	0	true
pss_scratch.y6M_FirstNodes	pss_scratch	pss_scratch.y6M_FirstNodes	0	2349844	isabelle/layerC/pss_scratch.thy	23893	false	8003414	0	true
pss_scratch.y6M_nx0_2	pss_scratch	pss_scratch.y6M_nx0_2	0	2349880	isabelle/layerC/pss_scratch.thy	23901	false	8003470	0	false
pss_scratch.y6M_Joints	pss_scratch	pss_scratch.y6M_Joints	0	2349906	isabelle/layerC/pss_scratch.thy	23923	false	8003538	0	true
pss_scratch.y6M_nx1_2	pss_scratch	pss_scratch.y6M_nx1_2	0	2349920	isabelle/layerC/pss_scratch.thy	23933	false	8003612	0	true
pss_scratch.y6M_npJ	pss_scratch	pss_scratch.y6M_npJ	0	2349940	isabelle/layerC/pss_scratch.thy	23956	false	8003692	0	true
pss_scratch.y6M_NJ	pss_scratch	pss_scratch.y6M_NJ	0	2349954	isabelle/layerC/pss_scratch.thy	23967	false	8003758	0	true
pss_scratch.y6_redNarg	pss_scratch	pss_scratch.y6_redNarg	0	2350130	isabelle/layerC/pss_scratch.thy	23973	false	8003998	0	true
pss_scratch.y6_redNJ	pss_scratch	pss_scratch.y6_redNJ	0	2350316	isabelle/layerC/pss_scratch.thy	24192	false	8004142	0	true
pss_scratch.y6M_Red	pss_scratch	pss_scratch.y6M_Red	0	2350390	isabelle/layerC/pss_scratch.thy	24258	false	8004260	0	true
pss_scratch.y6B6_RT	pss_scratch	pss_scratch.y6B6_RT	0	2350436	isabelle/layerC/pss_scratch.thy	24276	false	8004316	0	true
pss_scratch.y6B5_RT	pss_scratch	pss_scratch.y6B5_RT	0	2350476	isabelle/layerC/pss_scratch.thy	24285	false	8004372	0	true
pss_scratch.y6B4_RT	pss_scratch	pss_scratch.y6B4_RT	0	2350504	isabelle/layerC/pss_scratch.thy	24286	false	8004416	0	true
pss_scratch.y6B3_RT	pss_scratch	pss_scratch.y6B3_RT	0	2350542	isabelle/layerC/pss_scratch.thy	24287	false	8004464	0	true
pss_scratch.y6B2_RT	pss_scratch	pss_scratch.y6B2_RT	0	2350580	isabelle/layerC/pss_scratch.thy	24288	false	8004510	0	true
pss_scratch.y6_Trans_B1	pss_scratch	pss_scratch.y6_Trans_B1	0	2350644	isabelle/layerC/pss_scratch.thy	24293	false	8004580	0	true
pss_scratch.y6_Trans_B2	pss_scratch	pss_scratch.y6_Trans_B2	0	2350690	isabelle/layerC/pss_scratch.thy	24296	false	8004660	0	true
pss_scratch.y6_Mark_B2	pss_scratch	pss_scratch.y6_Mark_B2	0	2350756	isabelle/layerC/pss_scratch.thy	24304	false	8004712	0	true
pss_scratch.y6_Mark_B2_0	pss_scratch	pss_scratch.y6_Mark_B2_0	0	2350810	isabelle/layerC/pss_scratch.thy	24314	false	8004832	0	true
pss_scratch.y6B3_c1	pss_scratch	pss_scratch.y6B3_c1	0	2350874	isabelle/layerC/pss_scratch.thy	24319	false	8004910	0	true
pss_scratch.y6B3_condV	pss_scratch	pss_scratch.y6B3_condV	0	2350904	isabelle/layerC/pss_scratch.thy	24329	false	8004952	0	false
pss_scratch.y6B3_c2	pss_scratch	pss_scratch.y6B3_c2	0	2350974	isabelle/layerC/pss_scratch.thy	24332	false	8004998	0	true
pss_scratch.y6_Trans_B3	pss_scratch	pss_scratch.y6_Trans_B3	0	2351052	isabelle/layerC/pss_scratch.thy	24342	false	8005074	0	true
pss_scratch.y6_Mark_B3_0	pss_scratch	pss_scratch.y6_Mark_B3_0	0	2351142	isabelle/layerC/pss_scratch.thy	24360	false	8005150	0	true
pss_scratch.y6_Mark_B3_2	pss_scratch	pss_scratch.y6_Mark_B3_2	0	2351186	isabelle/layerC/pss_scratch.thy	24382	false	8005222	0	true
pss_scratch.y6B4_c1	pss_scratch	pss_scratch.y6B4_c1	0	2351228	isabelle/layerC/pss_scratch.thy	24393	false	8005318	0	true
pss_scratch.y6B4_conds(1)	pss_scratch	pss_scratch.y6B4_conds	1	2351274	isabelle/layerC/pss_scratch.thy	24403	false	8005376	0	true
pss_scratch.y6B4_conds(2)	pss_scratch	pss_scratch.y6B4_conds	2	2351276	isabelle/layerC/pss_scratch.thy	24403	false	8005376	0	true
pss_scratch.y6B4_conds(3)	pss_scratch	pss_scratch.y6B4_conds	3	2351280	isabelle/layerC/pss_scratch.thy	24403	false	8005376	0	true
pss_scratch.y6B4_conds(4)	pss_scratch	pss_scratch.y6B4_conds	4	2351282	isabelle/layerC/pss_scratch.thy	24403	false	8005376	0	true
pss_scratch.y6B4_c2	pss_scratch	pss_scratch.y6B4_c2	0	2351348	isabelle/layerC/pss_scratch.thy	24408	false	8005438	0	true
pss_scratch.y6_Trans_B4	pss_scratch	pss_scratch.y6_Trans_B4	0	2351464	isabelle/layerC/pss_scratch.thy	24418	false	8005532	0	true
pss_scratch.y6_Mark_B4_0	pss_scratch	pss_scratch.y6_Mark_B4_0	0	2351598	isabelle/layerC/pss_scratch.thy	24446	false	8005620	0	true
pss_scratch.y6_Mark_B4_2	pss_scratch	pss_scratch.y6_Mark_B4_2	0	2351720	isabelle/layerC/pss_scratch.thy	24477	false	8005684	0	true
pss_scratch.y6_Mark_B4_3	pss_scratch	pss_scratch.y6_Mark_B4_3	0	2351782	isabelle/layerC/pss_scratch.thy	24499	false	8005778	0	true
pss_scratch.y6B5_c1	pss_scratch	pss_scratch.y6B5_c1	0	2351838	isabelle/layerC/pss_scratch.thy	24513	false	8005856	0	true
pss_scratch.y6B5_conds(1)	pss_scratch	pss_scratch.y6B5_conds	1	2351916	isabelle/layerC/pss_scratch.thy	24523	false	8005902	0	true
pss_scratch.y6B5_conds(2)	pss_scratch	pss_scratch.y6B5_conds	2	2351922	isabelle/layerC/pss_scratch.thy	24523	false	8005902	0	true
pss_scratch.y6B5_conds(3)	pss_scratch	pss_scratch.y6B5_conds	3	2351928	isabelle/layerC/pss_scratch.thy	24523	false	8005902	0	true
pss_scratch.y6B5_conds(4)	pss_scratch	pss_scratch.y6B5_conds	4	2351930	isabelle/layerC/pss_scratch.thy	24523	false	8005902	0	true
pss_scratch.y6B5_c2	pss_scratch	pss_scratch.y6B5_c2	0	2352034	isabelle/layerC/pss_scratch.thy	24528	false	8005964	0	true
pss_scratch.y6_Trans_B5	pss_scratch	pss_scratch.y6_Trans_B5	0	2352190	isabelle/layerC/pss_scratch.thy	24538	false	8006056	0	true
pss_scratch.y6_Mark_B5_0	pss_scratch	pss_scratch.y6_Mark_B5_0	0	2352270	isabelle/layerC/pss_scratch.thy	24567	false	8006146	0	true
pss_scratch.y6_Mark_B5_2	pss_scratch	pss_scratch.y6_Mark_B5_2	0	2352322	isabelle/layerC/pss_scratch.thy	24599	false	8006210	0	true
pss_scratch.y6_Mark_B5_3	pss_scratch	pss_scratch.y6_Mark_B5_3	0	2352364	isabelle/layerC/pss_scratch.thy	24622	false	8006270	0	true
pss_scratch.y6B6_c1	pss_scratch	pss_scratch.y6B6_c1	0	2352434	isabelle/layerC/pss_scratch.thy	24642	false	8006360	0	true
pss_scratch.y6B6_condV	pss_scratch	pss_scratch.y6B6_condV	0	2352462	isabelle/layerC/pss_scratch.thy	24652	false	8006428	0	false
pss_scratch.y6B6_c2	pss_scratch	pss_scratch.y6B6_c2	0	2352512	isabelle/layerC/pss_scratch.thy	24655	false	8006472	0	true
pss_scratch.y6_Mark_B6_3	pss_scratch	pss_scratch.y6_Mark_B6_3	0	2352542	isabelle/layerC/pss_scratch.thy	24665	false	8006546	0	true
pss_scratch.y6_Mark_B6_0	pss_scratch	pss_scratch.y6_Mark_B6_0	0	2352608	isabelle/layerC/pss_scratch.thy	24680	false	8006588	0	true
pss_scratch.y6M_Red2	pss_scratch	pss_scratch.y6M_Red2	0	2352648	isabelle/layerC/pss_scratch.thy	24717	false	8006690	0	true
pss_scratch.y6M_Mark	pss_scratch	pss_scratch.y6M_Mark	0	2352700	isabelle/layerC/pss_scratch.thy	24725	false	8006748	0	true
pss_scratch.y6M_Pred_Mark	pss_scratch	pss_scratch.y6M_Pred_Mark	0	2352736	isabelle/layerC/pss_scratch.thy	24731	false	8006800	0	true
pss_scratch.y6M_nextAdm3	pss_scratch	pss_scratch.y6M_nextAdm3	0	2352782	isabelle/layerC/pss_scratch.thy	24743	false	8006874	0	true
pss_scratch.y6M_nextAdm_only3	pss_scratch	pss_scratch.y6M_nextAdm_only3	0	2352820	isabelle/layerC/pss_scratch.thy	24760	false	8006944	0	true
pss_scratch.y6M_nextAdm_ex1	pss_scratch	pss_scratch.y6M_nextAdm_ex1	0	2352868	isabelle/layerC/pss_scratch.thy	24786	false	8007020	0	true
pss_scratch.y6M_nextAdm_THE	pss_scratch	pss_scratch.y6M_nextAdm_THE	0	2352924	isabelle/layerC/pss_scratch.thy	24789	false	8007114	0	true
pss_scratch.y6M_marked0	pss_scratch	pss_scratch.y6M_marked0	0	2352972	isabelle/layerC/pss_scratch.thy	24792	false	8007196	0	true
pss_scratch.y6M_leR_0_3	pss_scratch	pss_scratch.y6M_leR_0_3	0	2353040	isabelle/layerC/pss_scratch.thy	24798	false	8007254	0	true
pss_scratch.y6M_cores_coincide	pss_scratch	pss_scratch.y6M_cores_coincide	0	2353132	isabelle/layerC/pss_scratch.thy	24804	false	8007354	0	true
pss_scratch.y6M_marks_differ	pss_scratch	pss_scratch.y6M_marks_differ	0	2353208	isabelle/layerC/pss_scratch.thy	24807	false	8007420	0	true
pss_scratch.y6z_7_4_Mark_nextAdm_TPS_false	pss_scratch	pss_scratch.y6z_7_4_Mark_nextAdm_TPS_false	0	2353666	isabelle/layerC/pss_scratch.thy	24810	false	8007482	0	true
