fact	theory	source_file	source_line	has_skip_proof	depends_on_article_sorry	consumer_chapters	dependency_chapters	consumer_article_count	bucket	availability_stage
pss_paper.buc1_2_2_OT_B_wf	pss_paper	isabelle/pss_paper.thy	817	true	false	8		0	chapter-8/local	PSS/pre-5
pss_paper.buc1_3_2a_fseq_lt	pss_paper	isabelle/pss_paper.thy	822	true	false			0	PSS/compat-unreached	PSS/pre-5
pss_paper.buc1_3_2_OT_B_closed	pss_paper	isabelle/pss_paper.thy	828	true	false			0	PSS/compat-unreached	PSS/pre-5
pss_mechanized.Pred_preserves_T_PS	pss_mechanized	isabelle/pss_mechanized.thy	19	false	false	6,7,8		48	PSS/cross-chapter	PSS/pre-5
pss_mechanized.Lng_Pred_lt	pss_mechanized	isabelle/pss_mechanized.thy	31	false	false			0	PSS/compat-unreached	PSS/pre-5
pss_mechanized.le0_refl	pss_mechanized	isabelle/pss_mechanized.thy	38	false	false	5,6,7,8		65	PSS/cross-chapter	PSS/pre-5
pss_mechanized.leR_refl	pss_mechanized	isabelle/pss_mechanized.thy	43	false	false	8		6	chapter-8/local	PSS/pre-5
pss_mechanized.nextrel0_rtrancl_mono	pss_mechanized	isabelle/pss_mechanized.thy	53	false	false	5,6,7,8		92	PSS/cross-chapter	PSS/pre-5
pss_mechanized.le0_ances_aux	pss_mechanized	isabelle/pss_mechanized.thy	118	false	false	5,6,7,8		87	PSS/cross-chapter	PSS/pre-5
pss_mechanized.le0_build	pss_mechanized	isabelle/pss_mechanized.thy	214	false	false	5,6,7,8	5	85	PSS/cross-chapter	PSS/after-5
pss_mechanized.nextrel1_rtrancl_mono	pss_mechanized	isabelle/pss_mechanized.thy	282	false	false	5,6,7,8		49	PSS/cross-chapter	PSS/pre-5
pss_mechanized.le1_ances_aux	pss_mechanized	isabelle/pss_mechanized.thy	289	false	false	5,6,8	5	7	PSS/cross-chapter	PSS/after-5
pss_mechanized.le0_trans	pss_mechanized	isabelle/pss_mechanized.thy	347	false	false	5,6,7,8		54	PSS/cross-chapter	PSS/pre-5
pss_mechanized.nextrel1_imp_nextrel0_rtrancl	pss_mechanized	isabelle/pss_mechanized.thy	352	false	false	5,6,7,8		50	PSS/cross-chapter	PSS/pre-5
pss_mechanized.m_le1_imp_le0	pss_mechanized	isabelle/pss_mechanized.thy	365	false	false	5,6,7,8		50	PSS/cross-chapter	PSS/pre-5
pss_mechanized.le1_build	pss_mechanized	isabelle/pss_mechanized.thy	372	false	false	5	5	2	chapter-5/local	PSS/after-5
pss_mechanized.take_append_map_nth	pss_mechanized	isabelle/pss_mechanized.thy	480	false	false	5,6,8		15	PSS/cross-chapter	PSS/pre-5
pss_mechanized.entry_pair	pss_mechanized	isabelle/pss_mechanized.thy	493	false	false	6,7,8		57	PSS/cross-chapter	PSS/pre-5
pss_mechanized.oper1_eq	pss_mechanized	isabelle/pss_mechanized.thy	501	false	false	5,6,8		15	PSS/cross-chapter	PSS/pre-5
pss_mechanized.Lng_IncrFirst	pss_mechanized	isabelle/pss_mechanized.thy	588	false	false	6,7,8		64	PSS/cross-chapter	PSS/pre-5
pss_mechanized.entry_IncrFirst	pss_mechanized	isabelle/pss_mechanized.thy	591	false	false	6,7,8		64	PSS/cross-chapter	PSS/pre-5
pss_mechanized.nextrel0_IncrFirst_eq	pss_mechanized	isabelle/pss_mechanized.thy	596	false	false	6,7,8		64	PSS/cross-chapter	PSS/pre-5
pss_mechanized.le0_IncrFirst_eq	pss_mechanized	isabelle/pss_mechanized.thy	603	false	false	6,7,8		64	PSS/cross-chapter	PSS/pre-5
pss_mechanized.nextrel1_IncrFirst_eq	pss_mechanized	isabelle/pss_mechanized.thy	606	false	false	6,7,8		64	PSS/cross-chapter	PSS/pre-5
pss_mechanized.le1_IncrFirst_eq	pss_mechanized	isabelle/pss_mechanized.thy	614	false	false	6,7,8		64	PSS/cross-chapter	PSS/pre-5
pss_mechanized.T_PS_Lng_gt1	pss_mechanized	isabelle/pss_mechanized.thy	627	true	false	6,7,8		56	PSS/cross-chapter	PSS/pre-5
pss_mechanized.Lng_seg	pss_mechanized	isabelle/pss_mechanized.thy	703	false	false	6,7,8		80	PSS/cross-chapter	PSS/pre-5
pss_mechanized.entry_seg	pss_mechanized	isabelle/pss_mechanized.thy	706	false	false	6,7,8		80	PSS/cross-chapter	PSS/pre-5
pss_mechanized.multiT_imp_Lng_gt1	pss_mechanized	isabelle/pss_mechanized.thy	766	true	false	6,7,8		73	PSS/cross-chapter	PSS/pre-5
pss_mechanized.P_nonempty	pss_mechanized	isabelle/pss_mechanized.thy	779	true	false	6,7,8		75	PSS/cross-chapter	PSS/pre-5
pss_mechanized.IncrFirst_zeroT_eq	pss_mechanized	isabelle/pss_mechanized.thy	809	false	false	6,7,8		63	PSS/cross-chapter	PSS/pre-5
pss_mechanized.IncrFirst_monoT_eq	pss_mechanized	isabelle/pss_mechanized.thy	818	false	false	6,7,8	6	63	PSS/cross-chapter	PSS/after-6
pss_mechanized.IncrFirst_multiT_eq	pss_mechanized	isabelle/pss_mechanized.thy	821	false	false	6,7,8	6	52	PSS/cross-chapter	PSS/after-6
pss_mechanized.IncrFirst_Pcut_eq	pss_mechanized	isabelle/pss_mechanized.thy	824	false	false	6,7,8	6	52	PSS/cross-chapter	PSS/after-6
pss_mechanized.IncrFirst_take	pss_mechanized	isabelle/pss_mechanized.thy	827	false	false	6,7,8		52	PSS/cross-chapter	PSS/pre-5
pss_mechanized.IncrFirst_drop	pss_mechanized	isabelle/pss_mechanized.thy	830	false	false	6,7,8		52	PSS/cross-chapter	PSS/pre-5
pss_mechanized.P_funpow_IncrFirst	pss_mechanized	isabelle/pss_mechanized.thy	865	true	false	6,7,8	6	42	PSS/cross-chapter	PSS/after-6
pss_mechanized.drop_eq_map_nth	pss_mechanized	isabelle/pss_mechanized.thy	887	false	false	6,7,8		51	PSS/cross-chapter	PSS/pre-5
pss_mechanized.seg_0_eq_take	pss_mechanized	isabelle/pss_mechanized.thy	890	false	false	6,7,8		56	PSS/cross-chapter	PSS/pre-5
pss_mechanized.seg_to_last_eq_drop	pss_mechanized	isabelle/pss_mechanized.thy	896	false	false	6,7,8		51	PSS/cross-chapter	PSS/pre-5
pss_mechanized.P_add_drop_eq_map_nth	pss_mechanized	isabelle/pss_mechanized.thy	907	false	false	6,7,8		55	PSS/cross-chapter	PSS/pre-5
pss_mechanized.P_add_seg_0_eq_take	pss_mechanized	isabelle/pss_mechanized.thy	911	false	false	6,7,8		55	PSS/cross-chapter	PSS/pre-5
pss_mechanized.P_add_seg_to_last_eq_drop	pss_mechanized	isabelle/pss_mechanized.thy	917	false	false	6,7,8		55	PSS/cross-chapter	PSS/pre-5
pss_mechanized.P_add_Pcut_props	pss_mechanized	isabelle/pss_mechanized.thy	932	false	false	6,7,8		74	PSS/cross-chapter	PSS/pre-5
pss_mechanized.P_add_Pcut_left_min	pss_mechanized	isabelle/pss_mechanized.thy	949	false	false	6,7,8	5,6	74	PSS/cross-chapter	PSS/after-6
pss_mechanized.P_add_drop_ancestor	pss_mechanized	isabelle/pss_mechanized.thy	994	true	false	6,7,8	5,6	55	PSS/cross-chapter	PSS/after-6
pss_mechanized.Pcut_le	pss_mechanized	isabelle/pss_mechanized.thy	1163	false	false	6,7,8		76	PSS/cross-chapter	PSS/pre-5
pss_mechanized.drop_eq_seg	pss_mechanized	isabelle/pss_mechanized.thy	1177	false	false	6,7,8		72	PSS/cross-chapter	PSS/pre-5
pss_mechanized.adm_nextrel0_seg	pss_mechanized	isabelle/pss_mechanized.thy	1280	false	false	6,7,8		62	PSS/cross-chapter	PSS/pre-5
pss_mechanized.adm_le0_seg_M_to_N	pss_mechanized	isabelle/pss_mechanized.thy	1333	false	false	6,7,8		62	PSS/cross-chapter	PSS/pre-5
pss_mechanized.adm_le0_seg_N_to_M	pss_mechanized	isabelle/pss_mechanized.thy	1357	false	false	6,7,8		62	PSS/cross-chapter	PSS/pre-5
pss_mechanized.adm_le0_seg	pss_mechanized	isabelle/pss_mechanized.thy	1379	false	false	6,7,8		62	PSS/cross-chapter	PSS/pre-5
pss_mechanized.adm_nextrel1_seg	pss_mechanized	isabelle/pss_mechanized.thy	1411	false	false	6,7,8		54	PSS/cross-chapter	PSS/pre-5
pss_mechanized.adm_nextR1_seg	pss_mechanized	isabelle/pss_mechanized.thy	1485	false	false	6,7,8		52	PSS/cross-chapter	PSS/pre-5
pss_mechanized.adm_zero	pss_mechanized	isabelle/pss_mechanized.thy	1560	true	false	6,7,8		32	PSS/cross-chapter	PSS/pre-5
pss_mechanized.adm_below_set_finite	pss_mechanized	isabelle/pss_mechanized.thy	1569	false	false	6,7,8		32	PSS/cross-chapter	PSS/pre-5
pss_mechanized.adm_below_set_nonempty	pss_mechanized	isabelle/pss_mechanized.thy	1572	true	false	6,7,8		32	PSS/cross-chapter	PSS/pre-5
pss_mechanized.adm_Adm_adm	pss_mechanized	isabelle/pss_mechanized.thy	1587	true	false	6,7,8		32	PSS/cross-chapter	PSS/pre-5
pss_mechanized.adm_Adm_le	pss_mechanized	isabelle/pss_mechanized.thy	1601	true	false	6,7,8		32	PSS/cross-chapter	PSS/pre-5
pss_mechanized.adm_Adm_max	pss_mechanized	isabelle/pss_mechanized.thy	1615	false	false	6,7,8		32	PSS/cross-chapter	PSS/pre-5
pss_mechanized.poper_P_multi	pss_mechanized	isabelle/pss_mechanized.thy	1735	true	false	6,7,8		66	PSS/cross-chapter	PSS/pre-5
pss_mechanized.poper_P_nonmulti	pss_mechanized	isabelle/pss_mechanized.thy	1740	true	false	6,7,8		68	PSS/cross-chapter	PSS/pre-5
pss_mechanized.poper_concat_P	pss_mechanized	isabelle/pss_mechanized.thy	1745	true	false	6,7,8		65	PSS/cross-chapter	PSS/pre-5
pss_mechanized.poper_last_P_multi	pss_mechanized	isabelle/pss_mechanized.thy	1768	true	false	6,7,8		37	PSS/cross-chapter	PSS/pre-5
pss_mechanized.poper_entry_drop	pss_mechanized	isabelle/pss_mechanized.thy	1779	false	false	6,7,8		53	PSS/cross-chapter	PSS/pre-5
pss_mechanized.poper_nextrel0_drop	pss_mechanized	isabelle/pss_mechanized.thy	1786	false	false	6,7,8		53	PSS/cross-chapter	PSS/pre-5
pss_mechanized.poper_le0_drop_fwd	pss_mechanized	isabelle/pss_mechanized.thy	1841	false	false	6,7,8		53	PSS/cross-chapter	PSS/pre-5
pss_mechanized.poper_le0_drop_bwd	pss_mechanized	isabelle/pss_mechanized.thy	1856	false	false	6,7,8		53	PSS/cross-chapter	PSS/pre-5
pss_mechanized.poper_le0_drop	pss_mechanized	isabelle/pss_mechanized.thy	1878	true	false	6,7,8		53	PSS/cross-chapter	PSS/pre-5
pss_mechanized.poper_nextrel1_drop	pss_mechanized	isabelle/pss_mechanized.thy	1900	true	false	6,7,8		53	PSS/cross-chapter	PSS/pre-5
pss_mechanized.poper_le1_drop_fwd	pss_mechanized	isabelle/pss_mechanized.thy	1964	true	false			0	PSS/compat-unreached	PSS/pre-5
pss_mechanized.poper_le1_drop_bwd	pss_mechanized	isabelle/pss_mechanized.thy	1979	true	false			0	PSS/compat-unreached	PSS/pre-5
pss_mechanized.poper_le1_drop	pss_mechanized	isabelle/pss_mechanized.thy	2001	true	false			0	PSS/compat-unreached	PSS/pre-5
pss_mechanized.poper_nextR_drop	pss_mechanized	isabelle/pss_mechanized.thy	2023	true	false	6,7,8		50	PSS/cross-chapter	PSS/pre-5
pss_mechanized.poper_leR_drop	pss_mechanized	isabelle/pss_mechanized.thy	2029	true	false			0	PSS/compat-unreached	PSS/pre-5
pss_mechanized.poper_nextR_imp_le0	pss_mechanized	isabelle/pss_mechanized.thy	2037	false	false	6,7,8		56	PSS/cross-chapter	PSS/pre-5
pss_mechanized.poper_parent_ge_c	pss_mechanized	isabelle/pss_mechanized.thy	2058	false	false	6,8	6	13	PSS/cross-chapter	PSS/after-6
pss_mechanized.poper_parent_set_drop	pss_mechanized	isabelle/pss_mechanized.thy	2091	true	false	6,8	6	12	PSS/cross-chapter	PSS/after-6
pss_mechanized.poper_hasParent_drop	pss_mechanized	isabelle/pss_mechanized.thy	2130	true	false	6,8	6	12	PSS/cross-chapter	PSS/after-6
pss_mechanized.poper_parent_drop	pss_mechanized	isabelle/pss_mechanized.thy	2171	true	false	6,8	6	12	PSS/cross-chapter	PSS/after-6
pss_mechanized.poper_oper_expand	pss_mechanized	isabelle/pss_mechanized.thy	2203	false	false	6,8		30	PSS/cross-chapter	PSS/pre-5
pss_mechanized.poper_oper_nth0	pss_mechanized	isabelle/pss_mechanized.thy	2227	true	false	6,8		24	PSS/cross-chapter	PSS/pre-5
pss_mechanized.poper_take_append_take_drop	pss_mechanized	isabelle/pss_mechanized.thy	2297	false	false	6,7,8		25	PSS/cross-chapter	PSS/pre-5
pss_mechanized.poper_Pred_split	pss_mechanized	isabelle/pss_mechanized.thy	2302	false	false	6,7,8		25	PSS/cross-chapter	PSS/pre-5
pss_mechanized.poper_oper_drop	pss_mechanized	isabelle/pss_mechanized.thy	2324	true	false	6,8	6	12	PSS/cross-chapter	PSS/after-6
pss_mechanized.idxsum_concat_P	pss_mechanized	isabelle/pss_mechanized.thy	2658	true	false	6,7,8		73	PSS/cross-chapter	PSS/pre-5
pss_mechanized.idxsum_nth	pss_mechanized	isabelle/pss_mechanized.thy	2682	true	false	6,7,8		71	PSS/cross-chapter	PSS/pre-5
pss_mechanized.idxsum_sum_take_mono	pss_mechanized	isabelle/pss_mechanized.thy	2695	true	false	6,7,8		67	PSS/cross-chapter	PSS/pre-5
pss_mechanized.idxsum_diff	pss_mechanized	isabelle/pss_mechanized.thy	2709	true	false	6,7,8		67	PSS/cross-chapter	PSS/pre-5
pss_mechanized.idxsum_concat_block	pss_mechanized	isabelle/pss_mechanized.thy	2727	false	false	6,7,8		67	PSS/cross-chapter	PSS/pre-5
pss_mechanized.map_nth_range_eq_take_drop	pss_mechanized	isabelle/pss_mechanized.thy	2748	false	false	6,7,8		67	PSS/cross-chapter	PSS/pre-5
pss_mechanized.idxsum_P_component_nonempty	pss_mechanized	isabelle/pss_mechanized.thy	2755	true	false	6,7,8	5,6	69	PSS/cross-chapter	PSS/after-6
pss_mechanized.idxsum_parent0_unique	pss_mechanized	isabelle/pss_mechanized.thy	2823	false	false	6,7,8		72	PSS/cross-chapter	PSS/pre-5
pss_mechanized.idxsum_ex1_parent0_iff	pss_mechanized	isabelle/pss_mechanized.thy	2854	false	false	6,7,8		72	PSS/cross-chapter	PSS/pre-5
pss_mechanized.idxsum_no_parent0_iff	pss_mechanized	isabelle/pss_mechanized.thy	2860	false	false	6,7,8	5	48	PSS/cross-chapter	PSS/after-5
pss_mechanized.idxsum_leftend_lmin	pss_mechanized	isabelle/pss_mechanized.thy	2888	true	false	6,7,8	5,6	69	PSS/cross-chapter	PSS/after-6
pss_mechanized.idxsum_lmin_leftend	pss_mechanized	isabelle/pss_mechanized.thy	2983	true	false	6,7,8	5,6	16	PSS/cross-chapter	PSS/after-6
pss_mechanized.idxsum_mono	pss_mechanized	isabelle/pss_mechanized.thy	3133	true	false	6,7,8		52	PSS/cross-chapter	PSS/pre-5
pss_mechanized.nonmulti_Pred	pss_mechanized	isabelle/pss_mechanized.thy	3217	true	false	6,7,8	5,6	53	PSS/cross-chapter	PSS/after-6
pss_mechanized.entry_concat_replicate_lt	pss_mechanized	isabelle/pss_mechanized.thy	3243	false	false			0	PSS/compat-unreached	PSS/pre-5
pss_mechanized.P_concat_replicate_nonmulti	pss_mechanized	isabelle/pss_mechanized.thy	3254	true	false	6,8	5,6	12	PSS/cross-chapter	PSS/after-6
pss_mechanized.TrMax_bound	pss_mechanized	isabelle/pss_mechanized.thy	3706	true	false	6,7,8		65	PSS/cross-chapter	PSS/pre-5
pss_mechanized.FirstNodes_nth	pss_mechanized	isabelle/pss_mechanized.thy	3786	true	false	6,7,8		64	PSS/cross-chapter	PSS/pre-5
pss_mechanized.Joints_nth	pss_mechanized	isabelle/pss_mechanized.thy	3794	false	false	6,7,8		64	PSS/cross-chapter	PSS/pre-5
pss_mechanized.nextR0_largest_below	pss_mechanized	isabelle/pss_mechanized.thy	3802	false	false	6,7,8		59	PSS/cross-chapter	PSS/pre-5
pss_mechanized.entry_FirstNodes_eq_component	pss_mechanized	isabelle/pss_mechanized.thy	3817	true	false	6,7,8	5,6	63	PSS/cross-chapter	PSS/after-6
pss_mechanized.TrMax_trunk_step	pss_mechanized	isabelle/pss_mechanized.thy	3987	false	false	6,7,8		51	PSS/cross-chapter	PSS/pre-5
pss_mechanized.trunk_le1	pss_mechanized	isabelle/pss_mechanized.thy	4016	true	false	6,7,8		48	PSS/cross-chapter	PSS/pre-5
pss_mechanized.trunk_le0	pss_mechanized	isabelle/pss_mechanized.thy	4047	true	false	6,7,8		48	PSS/cross-chapter	PSS/pre-5
pss_mechanized.idxsum_locate	pss_mechanized	isabelle/pss_mechanized.thy	4055	true	false	6,7,8		59	PSS/cross-chapter	PSS/pre-5
pss_mechanized.branch_component_le0	pss_mechanized	isabelle/pss_mechanized.thy	4090	true	false	6,7,8	5,6	47	PSS/cross-chapter	PSS/after-6
pss_mechanized.le0_monoT_seg_into_list	pss_mechanized	isabelle/pss_mechanized.thy	4206	true	false	6,7,8	5	46	PSS/cross-chapter	PSS/after-5
pss_mechanized.slice_le0_to_index	pss_mechanized	isabelle/pss_mechanized.thy	4240	true	false	6,7,8	5,6	47	PSS/cross-chapter	PSS/after-6
pss_mechanized.nextR1_unique	pss_mechanized	isabelle/pss_mechanized.thy	4370	false	false	6,7,8		57	PSS/cross-chapter	PSS/pre-5
pss_mechanized.condAB_row1_noparent_zero	pss_mechanized	isabelle/pss_mechanized.thy	4407	true	false	6,7,8	5,6	42	PSS/cross-chapter	PSS/after-6
pss_mechanized.le1_trans	pss_mechanized	isabelle/pss_mechanized.thy	4870	false	false	7		1	chapter-7/local	PSS/pre-5
pss_mechanized.leR_trans	pss_mechanized	isabelle/pss_mechanized.thy	4875	false	false	7		1	chapter-7/local	PSS/pre-5
pss_mechanized.nextR_imp_leR	pss_mechanized	isabelle/pss_mechanized.thy	4882	false	false	7		1	chapter-7/local	PSS/pre-5
pss_mechanized.nextrel1_chain	pss_mechanized	isabelle/pss_mechanized.thy	4902	false	false	7,8		31	PSS/cross-chapter	PSS/pre-5
pss_mechanized.adm_row1_ancestry	pss_mechanized	isabelle/pss_mechanized.thy	4935	true	false	7,8		31	PSS/cross-chapter	PSS/pre-5
pss_mechanized.parent_max	pss_mechanized	isabelle/pss_mechanized.thy	4969	false	false	6,7,8		47	PSS/cross-chapter	PSS/pre-5
pss_mechanized.chain_imp_rtranclp	pss_mechanized	isabelle/pss_mechanized.thy	5068	true	false			0	PSS/compat-unreached	PSS/pre-5
pss_mechanized.rtranclp_imp_chain	pss_mechanized	isabelle/pss_mechanized.thy	5100	true	false			0	PSS/compat-unreached	PSS/pre-5
pss_mechanized.rtranclp_iff_chain	pss_mechanized	isabelle/pss_mechanized.thy	5134	true	false			0	PSS/compat-unreached	PSS/pre-5
pss_mechanized.leR_eq_chain	pss_mechanized	isabelle/pss_mechanized.thy	5144	true	false			0	PSS/compat-unreached	PSS/pre-5
pss_mechanized.oper_degenerate_eq_Pred	pss_mechanized	isabelle/pss_mechanized.thy	5169	false	false	6		1	chapter-6/local	PSS/pre-5
pss_mechanized.Lng_diagSeq	pss_mechanized	isabelle/pss_mechanized.thy	5200	false	false	6,7,8		64	PSS/cross-chapter	PSS/pre-5
pss_mechanized.diagSeq_nth	pss_mechanized	isabelle/pss_mechanized.thy	5203	false	false	6,7,8		64	PSS/cross-chapter	PSS/pre-5
pss_mechanized.entry_diagSeq	pss_mechanized	isabelle/pss_mechanized.thy	5212	false	false	6,7,8		60	PSS/cross-chapter	PSS/pre-5
pss_mechanized.length_nth_le_concat	pss_mechanized	isabelle/pss_mechanized.thy	5221	true	false	6,7,8		61	PSS/cross-chapter	PSS/pre-5
pss_mechanized.Lng_Br_le	pss_mechanized	isabelle/pss_mechanized.thy	5237	true	false	6,7,8		61	PSS/cross-chapter	PSS/pre-5
pss_mechanized.nextR1_diagSeq	pss_mechanized	isabelle/pss_mechanized.thy	5264	false	false	6,7,8		48	PSS/cross-chapter	PSS/pre-5
pss_mechanized.TrMax_diagSeq	pss_mechanized	isabelle/pss_mechanized.thy	5296	false	false	6,7,8		48	PSS/cross-chapter	PSS/pre-5
pss_mechanized.nextrel0_diagSeq_step	pss_mechanized	isabelle/pss_mechanized.thy	5348	false	false	6,7,8		49	PSS/cross-chapter	PSS/pre-5
pss_mechanized.nextrel0_diagSeq_rtrancl	pss_mechanized	isabelle/pss_mechanized.thy	5362	false	false	6,7,8		49	PSS/cross-chapter	PSS/pre-5
pss_mechanized.nextrel1_diagSeq_rtrancl	pss_mechanized	isabelle/pss_mechanized.thy	5386	false	false			0	PSS/compat-unreached	PSS/pre-5
pss_mechanized.le0_diagSeq	pss_mechanized	isabelle/pss_mechanized.thy	5408	false	false	6,7,8		49	PSS/cross-chapter	PSS/pre-5
pss_mechanized.le1_diagSeq	pss_mechanized	isabelle/pss_mechanized.thy	5424	false	false			0	PSS/compat-unreached	PSS/pre-5
pss_mechanized.leR_diagSeq	pss_mechanized	isabelle/pss_mechanized.thy	5443	false	false			0	PSS/compat-unreached	PSS/pre-5
pss_mechanized.TrMax_IncrFirst	pss_mechanized	isabelle/pss_mechanized.thy	5455	false	false	6,7,8		50	PSS/cross-chapter	PSS/pre-5
pss_mechanized.Lng_funpow_IncrFirst	pss_mechanized	isabelle/pss_mechanized.thy	5458	false	false	6,7,8		62	PSS/cross-chapter	PSS/pre-5
pss_mechanized.TrMax_funpow_IncrFirst	pss_mechanized	isabelle/pss_mechanized.thy	5461	false	false	6,7,8		50	PSS/cross-chapter	PSS/pre-5
pss_mechanized.nextR1_consecutive	pss_mechanized	isabelle/pss_mechanized.thy	5471	false	false	6,7,8		61	PSS/cross-chapter	PSS/pre-5
pss_mechanized.entry_diagSeq_append_lo	pss_mechanized	isabelle/pss_mechanized.thy	5496	false	false	6,7,8		61	PSS/cross-chapter	PSS/pre-5
pss_mechanized.entry_diagSeq_append_junction	pss_mechanized	isabelle/pss_mechanized.thy	5507	false	false	6,7,8		61	PSS/cross-chapter	PSS/pre-5
pss_mechanized.nextrel0_diagSeq_append_step	pss_mechanized	isabelle/pss_mechanized.thy	5520	false	false	6,7,8		41	PSS/cross-chapter	PSS/pre-5
pss_mechanized.nextrel0_diagSeq_append_rtrancl	pss_mechanized	isabelle/pss_mechanized.thy	5533	false	false	6,7,8		41	PSS/cross-chapter	PSS/pre-5
pss_mechanized.le0_diagSeq_append_prefix	pss_mechanized	isabelle/pss_mechanized.thy	5554	false	false	6,7,8		41	PSS/cross-chapter	PSS/pre-5
pss_mechanized.nextR1_diagSeq_append	pss_mechanized	isabelle/pss_mechanized.thy	5573	false	false	6,7,8		61	PSS/cross-chapter	PSS/pre-5
pss_mechanized.le_TrMax_intro	pss_mechanized	isabelle/pss_mechanized.thy	5600	false	false	6,7,8		61	PSS/cross-chapter	PSS/pre-5
pss_mechanized.TrMax_diagSeq_append_ge	pss_mechanized	isabelle/pss_mechanized.thy	5625	false	false	6,7,8		61	PSS/cross-chapter	PSS/pre-5
pss_mechanized.entry_funpow_IncrFirst0	pss_mechanized	isabelle/pss_mechanized.thy	5644	false	false	6,7,8		62	PSS/cross-chapter	PSS/pre-5
pss_mechanized.entry_funpow_IncrFirst1	pss_mechanized	isabelle/pss_mechanized.thy	5658	false	false	6,7,8		62	PSS/cross-chapter	PSS/pre-5
pss_mechanized.coreReduce_core	pss_mechanized	isabelle/pss_mechanized.thy	5690	true	false	6,7,8		61	PSS/cross-chapter	PSS/pre-5
pss_mechanized.betaM_coreReduce_le	pss_mechanized	isabelle/pss_mechanized.thy	5713	false	false	6,7,8		61	PSS/cross-chapter	PSS/pre-5
pss_mechanized.P_blocks_nonempty	pss_mechanized	isabelle/pss_mechanized.thy	5750	true	false	6,7,8		61	PSS/cross-chapter	PSS/pre-5
pss_mechanized.monoT_row0_min	pss_mechanized	isabelle/pss_mechanized.thy	5787	false	false	6,7,8	5	62	PSS/cross-chapter	PSS/after-5
pss_mechanized.Lng_shiftRow0	pss_mechanized	isabelle/pss_mechanized.thy	5804	false	false	6,7,8		61	PSS/cross-chapter	PSS/pre-5
pss_mechanized.entry_shiftRow0_0	pss_mechanized	isabelle/pss_mechanized.thy	5807	false	false	6,7,8		61	PSS/cross-chapter	PSS/pre-5
pss_mechanized.entry_shiftRow0_1	pss_mechanized	isabelle/pss_mechanized.thy	5811	false	false	6,7,8		61	PSS/cross-chapter	PSS/pre-5
pss_mechanized.entry0_ge_min	pss_mechanized	isabelle/pss_mechanized.thy	5815	false	false	6,7,8	5	62	PSS/cross-chapter	PSS/after-5
pss_mechanized.nextrel0_shiftRow0_eq	pss_mechanized	isabelle/pss_mechanized.thy	5826	false	false	6,7,8	5	61	PSS/cross-chapter	PSS/after-5
pss_mechanized.le0_shiftRow0_eq	pss_mechanized	isabelle/pss_mechanized.thy	5859	false	false	6,7,8	5	61	PSS/cross-chapter	PSS/after-5
pss_mechanized.nextrel1_shiftRow0_eq	pss_mechanized	isabelle/pss_mechanized.thy	5871	false	false	6,7,8	5	49	PSS/cross-chapter	PSS/after-5
pss_mechanized.le1_shiftRow0_eq	pss_mechanized	isabelle/pss_mechanized.thy	5923	false	false		5	0	PSS/compat-unreached	PSS/after-5
pss_mechanized.leR_shiftRow0_eq	pss_mechanized	isabelle/pss_mechanized.thy	5935	false	false		5	0	PSS/compat-unreached	PSS/after-5
pss_mechanized.monoT_shiftRow0	pss_mechanized	isabelle/pss_mechanized.thy	5940	false	false	6,7,8	5	61	PSS/cross-chapter	PSS/after-5
pss_mechanized.coreReduce_monoT_m10_0	pss_mechanized	isabelle/pss_mechanized.thy	5967	false	false	6,7,8	5	61	PSS/cross-chapter	PSS/after-5
pss_mechanized.entry_diagSeq_append_hi	pss_mechanized	isabelle/pss_mechanized.thy	5977	true	false	6,7,8		61	PSS/cross-chapter	PSS/pre-5
pss_mechanized.monoT_funpow_IncrFirst	pss_mechanized	isabelle/pss_mechanized.thy	5985	false	false	6,7,8	6	61	PSS/cross-chapter	PSS/after-6
pss_mechanized.monoT_diagSeq_append	pss_mechanized	isabelle/pss_mechanized.thy	5994	true	false	6,7,8	5	61	PSS/cross-chapter	PSS/after-5
pss_mechanized.coreReduce_monoT_m10_pos	pss_mechanized	isabelle/pss_mechanized.thy	6038	true	false	6,7,8	5,6	61	PSS/cross-chapter	PSS/after-6
pss_mechanized.coreReduce_nonmulti	pss_mechanized	isabelle/pss_mechanized.thy	6058	true	false	6,7,8	5,6	61	PSS/cross-chapter	PSS/after-6
pss_mechanized.TrMax_in_S	pss_mechanized	isabelle/pss_mechanized.thy	6074	true	false	6,7,8		62	PSS/cross-chapter	PSS/pre-5
pss_mechanized.trunk_row0_inc	pss_mechanized	isabelle/pss_mechanized.thy	6104	true	false	6,7,8	5	61	PSS/cross-chapter	PSS/after-5
pss_mechanized.trunk_step_lt	pss_mechanized	isabelle/pss_mechanized.thy	6125	true	false	6	5	0	chapter-6/local	PSS/after-5
pss_mechanized.trunk_lt	pss_mechanized	isabelle/pss_mechanized.thy	6144	true	false		5	0	PSS/compat-unreached	PSS/after-5
pss_mechanized.Joints_parent_nextR	pss_mechanized	isabelle/pss_mechanized.thy	6170	true	false	6,7,8	5,6	61	PSS/cross-chapter	PSS/after-6
pss_mechanized.joints_lt_branch_first	pss_mechanized	isabelle/pss_mechanized.thy	6205	true	false	6,7,8	5,6	61	PSS/cross-chapter	PSS/after-6
pss_mechanized.Br_component_nonempty	pss_mechanized	isabelle/pss_mechanized.thy	6228	true	false	6,7,8		61	PSS/cross-chapter	PSS/pre-5
pss_mechanized.Br_component_nonmulti	pss_mechanized	isabelle/pss_mechanized.thy	6250	true	false	6,7,8	5,6	61	PSS/cross-chapter	PSS/after-6
pss_mechanized.nth_Cons_tl	pss_mechanized	isabelle/pss_mechanized.thy	6275	false	false	6,7,8		61	PSS/cross-chapter	PSS/pre-5
pss_mechanized.Lng_NJ	pss_mechanized	isabelle/pss_mechanized.thy	6295	false	false	6,7,8		61	PSS/cross-chapter	PSS/pre-5
pss_mechanized.entry_NJ_0_0	pss_mechanized	isabelle/pss_mechanized.thy	6298	false	false	6,7,8		56	PSS/cross-chapter	PSS/pre-5
pss_mechanized.entry_NJ_1_0	pss_mechanized	isabelle/pss_mechanized.thy	6301	false	false	6,7,8		56	PSS/cross-chapter	PSS/pre-5
pss_mechanized.entry_NJ_hi	pss_mechanized	isabelle/pss_mechanized.thy	6304	false	false	6,7,8		61	PSS/cross-chapter	PSS/pre-5
pss_mechanized.NJ_nonmulti	pss_mechanized	isabelle/pss_mechanized.thy	6319	true	false	6,7,8	5,6	61	PSS/cross-chapter	PSS/after-6
pss_mechanized.betaM_pos	pss_mechanized	isabelle/pss_mechanized.thy	6398	true	false	6,7,8		61	PSS/cross-chapter	PSS/pre-5
pss_mechanized.nu_Pblock_lt	pss_mechanized	isabelle/pss_mechanized.thy	6409	true	false	6,7,8	5,6	61	PSS/cross-chapter	PSS/after-6
pss_mechanized.nu_coreReduce_lt	pss_mechanized	isabelle/pss_mechanized.thy	6421	true	false	6,7,8	5,6	61	PSS/cross-chapter	PSS/after-6
pss_mechanized.nu_NJ_lt	pss_mechanized	isabelle/pss_mechanized.thy	6438	true	false	6,7,8	5,6	61	PSS/cross-chapter	PSS/after-6
pss_mechanized.le0_funpow_IncrFirst_eq	pss_mechanized	isabelle/pss_mechanized.thy	6888	false	false	6,8		8	PSS/cross-chapter	PSS/pre-5
pss_mechanized.le1_funpow_IncrFirst_eq	pss_mechanized	isabelle/pss_mechanized.thy	6891	false	false	6		0	chapter-6/local	PSS/pre-5
pss_mechanized.adm_le1_seg_M_to_N	pss_mechanized	isabelle/pss_mechanized.thy	6898	false	false	6		0	chapter-6/local	PSS/pre-5
pss_mechanized.adm_le1_seg_N_to_M	pss_mechanized	isabelle/pss_mechanized.thy	6920	false	false	6		0	chapter-6/local	PSS/pre-5
pss_mechanized.adm_le1_seg	pss_mechanized	isabelle/pss_mechanized.thy	6937	false	false	6		0	chapter-6/local	PSS/pre-5
pss_mechanized.Lng_rebaseRow0	pss_mechanized	isabelle/pss_mechanized.thy	7047	false	false	6,7,8		41	PSS/cross-chapter	PSS/pre-5
pss_mechanized.entry_rebaseRow0_0	pss_mechanized	isabelle/pss_mechanized.thy	7050	false	false	6,7,8		41	PSS/cross-chapter	PSS/pre-5
pss_mechanized.entry_rebaseRow0_1	pss_mechanized	isabelle/pss_mechanized.thy	7054	false	false	6,7,8		41	PSS/cross-chapter	PSS/pre-5
pss_mechanized.nextrel0_rebaseRow0_eq	pss_mechanized	isabelle/pss_mechanized.thy	7061	false	false	6,7,8		41	PSS/cross-chapter	PSS/pre-5
pss_mechanized.le0_rebaseRow0_eq	pss_mechanized	isabelle/pss_mechanized.thy	7096	false	false	6,7,8		41	PSS/cross-chapter	PSS/pre-5
pss_mechanized.nextrel1_rebaseRow0_eq	pss_mechanized	isabelle/pss_mechanized.thy	7108	false	false	6,7,8		41	PSS/cross-chapter	PSS/pre-5
pss_mechanized.le1_rebaseRow0_eq	pss_mechanized	isabelle/pss_mechanized.thy	7148	false	false			0	PSS/compat-unreached	PSS/pre-5
pss_mechanized.leR_rebaseRow0_eq	pss_mechanized	isabelle/pss_mechanized.thy	7157	false	false			0	PSS/compat-unreached	PSS/pre-5
pss_mechanized.redle_branch5_rebase	pss_mechanized	isabelle/pss_mechanized.thy	7168	false	false		5	0	PSS/compat-unreached	PSS/after-5
pss_mechanized.anchored_slice_imp_T_PS	pss_mechanized	isabelle/pss_mechanized.thy	7236	false	false	6,8		14	PSS/cross-chapter	PSS/pre-5
pss_mechanized.rz_Red_entry1_nz	pss_mechanized	isabelle/pss_mechanized.thy	7250	true	false	6,7	5,6	7	PSS/cross-chapter	PSS/after-6
pss_mechanized.SkT_PS_subset_ST_PS	pss_mechanized	isabelle/pss_mechanized.thy	7358	true	false	6,8		12	PSS/cross-chapter	PSS/pre-5
pss_mechanized.ST_PS_in_some_SkT	pss_mechanized	isabelle/pss_mechanized.thy	7395	true	false	6,8		11	PSS/cross-chapter	PSS/pre-5
pss_mechanized.ST_PS_subset_Union_SkT	pss_mechanized	isabelle/pss_mechanized.thy	7412	true	false	6,8		11	PSS/cross-chapter	PSS/pre-5
pss_mechanized.ST_PS_T_PS	pss_mechanized	isabelle/pss_mechanized.thy	7967	true	false	6,8		22	PSS/cross-chapter	PSS/pre-5
pss_mechanized.seg_0_diagSeq	pss_mechanized	isabelle/pss_mechanized.thy	7999	false	false	8		1	chapter-8/local	PSS/pre-5
pss_mechanized.ST_PS_seg_0_inner	pss_mechanized	isabelle/pss_mechanized.thy	8041	true	false	6,8	5	8	PSS/cross-chapter	PSS/after-5
pss_mechanized.ST_PS_seg_0_aux	pss_mechanized	isabelle/pss_mechanized.thy	8115	true	false	6,8	5	8	PSS/cross-chapter	PSS/after-5
pss_mechanized.Row1Zero_iff_entry	pss_mechanized	isabelle/pss_mechanized.thy	8152	false	false			0	PSS/compat-unreached	PSS/pre-5
pss_mechanized.row1z_P_component	pss_mechanized	isabelle/pss_mechanized.thy	8168	true	false			0	PSS/compat-unreached	PSS/pre-5
pss_mechanized.diagSeq_Suc_snoc	pss_mechanized	isabelle/pss_mechanized.thy	8190	false	false	6,8		17	PSS/cross-chapter	PSS/pre-5
pss_mechanized.Pred_diagSeq_Suc	pss_mechanized	isabelle/pss_mechanized.thy	8195	false	false	6,8		17	PSS/cross-chapter	PSS/pre-5
pss_mechanized.not_multiT_diagSeq	pss_mechanized	isabelle/pss_mechanized.thy	8210	true	false	6,7,8	5,6	50	PSS/cross-chapter	PSS/after-6
pss_mechanized.SkT_PS_mono	pss_mechanized	isabelle/pss_mechanized.thy	8241	true	false	6,8	5	11	PSS/cross-chapter	PSS/after-5
pss_mechanized.SkT_P_comp	pss_mechanized	isabelle/pss_mechanized.thy	8281	true	false	6,8	5,6	11	PSS/cross-chapter	PSS/after-6
pss_mechanized.oper_entry_0	pss_mechanized	isabelle/pss_mechanized.thy	8416	true	false	6		1	chapter-6/local	PSS/pre-5
pss_mechanized.nonmulti_oper_components_leftcol	pss_mechanized	isabelle/pss_mechanized.thy	8430	true	false	6	5,6	1	chapter-6/local	PSS/after-6
pss_mechanized.SkT_P_descending	pss_mechanized	isabelle/pss_mechanized.thy	8466	true	false	6	5,6	1	chapter-6/local	PSS/after-6
pss_mechanized.descending_P_of_ST	pss_mechanized	isabelle/pss_mechanized.thy	8658	true	false		5,6	0	PSS/compat-unreached	PSS/after-6
pss_mechanized.entry_FirstNodes_eq_component_gen	pss_mechanized	isabelle/pss_mechanized.thy	8683	true	false	6,7,8	5,6	56	PSS/cross-chapter	PSS/after-6
pss_mechanized.descending_Br_of_FN_tiebreak	pss_mechanized	isabelle/pss_mechanized.thy	8735	true	false	8	5,6	6	chapter-8/local	PSS/after-6
pss_mechanized.seg_nth_eq	pss_mechanized	isabelle/pss_mechanized.thy	8799	false	false	6,7,8		24	PSS/cross-chapter	PSS/pre-5
pss_mechanized.seg_of_seg	pss_mechanized	isabelle/pss_mechanized.thy	8804	false	false	6,7,8		14	PSS/cross-chapter	PSS/pre-5
pss_mechanized.descendingD	pss_mechanized	isabelle/pss_mechanized.thy	8827	false	false			0	PSS/compat-unreached	PSS/pre-5
pss_mechanized.descending_snoc	pss_mechanized	isabelle/pss_mechanized.thy	8839	false	false			0	PSS/compat-unreached	PSS/pre-5
pss_mechanized.slice_P_descending_of_drop	pss_mechanized	isabelle/pss_mechanized.thy	8908	true	false	6	5,6	0	chapter-6/local	PSS/after-6
pss_mechanized.take_seg	pss_mechanized	isabelle/pss_mechanized.thy	8981	false	false	6,8		10	PSS/cross-chapter	PSS/pre-5
pss_mechanized.P_seg_butlast_bridge	pss_mechanized	isabelle/pss_mechanized.thy	9005	true	false	6,8		9	PSS/cross-chapter	PSS/pre-5
pss_mechanized.drop_seg	pss_mechanized	isabelle/pss_mechanized.thy	9023	false	false	6,8		9	PSS/cross-chapter	PSS/pre-5
pss_mechanized.seg_diagSeq	pss_mechanized	isabelle/pss_mechanized.thy	9036	false	false	6,8		10	PSS/cross-chapter	PSS/pre-5
pss_mechanized.not_multiT_seg_diagSeq	pss_mechanized	isabelle/pss_mechanized.thy	9055	true	false		5,6	0	PSS/compat-unreached	PSS/after-6
pss_mechanized.oper_nth_lt	pss_mechanized	isabelle/pss_mechanized.thy	9070	true	false	6,8		9	PSS/cross-chapter	PSS/pre-5
pss_mechanized.Br_diagSeq	pss_mechanized	isabelle/pss_mechanized.thy	9144	false	false	6,8		9	PSS/cross-chapter	PSS/pre-5
pss_mechanized.cdom_refl	pss_mechanized	isabelle/pss_mechanized.thy	9164	false	false			0	PSS/compat-unreached	PSS/pre-5
pss_mechanized.cdom_trans	pss_mechanized	isabelle/pss_mechanized.thy	9166	false	false	6,8		9	PSS/cross-chapter	PSS/pre-5
pss_mechanized.descending_via_cdom	pss_mechanized	isabelle/pss_mechanized.thy	9186	true	false	6,8		13	PSS/cross-chapter	PSS/pre-5
pss_mechanized.descendingI_cdom	pss_mechanized	isabelle/pss_mechanized.thy	9199	true	false	6,8		9	PSS/cross-chapter	PSS/pre-5
pss_mechanized.descending_cdomD	pss_mechanized	isabelle/pss_mechanized.thy	9204	true	false	6,8		13	PSS/cross-chapter	PSS/pre-5
pss_mechanized.descending_append	pss_mechanized	isabelle/pss_mechanized.thy	9213	true	false	6,8		9	PSS/cross-chapter	PSS/pre-5
pss_mechanized.descending_take	pss_mechanized	isabelle/pss_mechanized.thy	9259	true	false	6,8		9	PSS/cross-chapter	PSS/pre-5
pss_mechanized.descending_const_head	pss_mechanized	isabelle/pss_mechanized.thy	9274	true	false	6,8		9	PSS/cross-chapter	PSS/pre-5
pss_mechanized.descending_replicate	pss_mechanized	isabelle/pss_mechanized.thy	9289	true	false			0	PSS/compat-unreached	PSS/pre-5
pss_mechanized.descending_map_IncrFirst	pss_mechanized	isabelle/pss_mechanized.thy	9305	true	false			0	PSS/compat-unreached	PSS/pre-5
pss_mechanized.descending_shift_append	pss_mechanized	isabelle/pss_mechanized.thy	9346	true	false	6,8		9	PSS/cross-chapter	PSS/pre-5
pss_mechanized.nth_concat_replicate	pss_mechanized	isabelle/pss_mechanized.thy	9423	true	false	6,8		23	PSS/cross-chapter	PSS/pre-5
pss_mechanized.oper_d0zero_expand	pss_mechanized	isabelle/pss_mechanized.thy	9444	true	false	6,8		23	PSS/cross-chapter	PSS/pre-5
pss_mechanized.oper_d1pos_expand	pss_mechanized	isabelle/pss_mechanized.thy	9478	false	false	6,8		21	PSS/cross-chapter	PSS/pre-5
pss_mechanized.oper_d1pos_LngM	pss_mechanized	isabelle/pss_mechanized.thy	9514	true	false	6,8		21	PSS/cross-chapter	PSS/pre-5
pss_mechanized.nth_concat_map_const_len	pss_mechanized	isabelle/pss_mechanized.thy	9545	true	false	6,8		21	PSS/cross-chapter	PSS/pre-5
pss_mechanized.oper_d1pos_nth	pss_mechanized	isabelle/pss_mechanized.thy	9595	true	false	6,8		21	PSS/cross-chapter	PSS/pre-5
pss_mechanized.oper_d1pos_entry0	pss_mechanized	isabelle/pss_mechanized.thy	9630	true	false	6,8		21	PSS/cross-chapter	PSS/pre-5
pss_mechanized.oper_d1pos_entry1	pss_mechanized	isabelle/pss_mechanized.thy	9656	true	false	6,8		21	PSS/cross-chapter	PSS/pre-5
pss_mechanized.oper_d1pos_nth_prefix	pss_mechanized	isabelle/pss_mechanized.thy	9681	false	false	6,8		21	PSS/cross-chapter	PSS/pre-5
pss_mechanized.oper_d1pos_seg_period_reduce	pss_mechanized	isabelle/pss_mechanized.thy	9712	true	false			0	PSS/compat-unreached	PSS/pre-5
pss_mechanized.oper_d1pos_LOW_source_eq	pss_mechanized	isabelle/pss_mechanized.thy	9780	true	false	6,8		9	PSS/cross-chapter	PSS/pre-5
pss_mechanized.oper_d0zero_nth	pss_mechanized	isabelle/pss_mechanized.thy	9855	true	false	6,8		23	PSS/cross-chapter	PSS/pre-5
pss_mechanized.oper_d0zero_entry0	pss_mechanized	isabelle/pss_mechanized.thy	9887	true	false	6,8		22	PSS/cross-chapter	PSS/pre-5
pss_mechanized.parent_block_entry0_min	pss_mechanized	isabelle/pss_mechanized.thy	9917	true	false	6,8		23	PSS/cross-chapter	PSS/pre-5
pss_mechanized.parent_block_le0	pss_mechanized	isabelle/pss_mechanized.thy	9944	true	false	6,8		11	PSS/cross-chapter	PSS/pre-5
pss_mechanized.nextrel0_above_parent_trivial	pss_mechanized	isabelle/pss_mechanized.thy	10034	false	false	6,8		9	PSS/cross-chapter	PSS/pre-5
pss_mechanized.oper_d0zero_le0_confined	pss_mechanized	isabelle/pss_mechanized.thy	10068	true	false	6,8		11	PSS/cross-chapter	PSS/pre-5
pss_mechanized.nextrel0_rtrancl_entry0_mono	pss_mechanized	isabelle/pss_mechanized.thy	10203	false	false	6,8		21	PSS/cross-chapter	PSS/pre-5
pss_mechanized.oper_d1pos_le0_confined	pss_mechanized	isabelle/pss_mechanized.thy	10234	false	false			0	PSS/compat-unreached	PSS/pre-5
pss_mechanized.oper_d1pos_entry0_boundary	pss_mechanized	isabelle/pss_mechanized.thy	10266	true	false	6,8		21	PSS/cross-chapter	PSS/pre-5
pss_mechanized.oper_d1pos_nextrel0_transfer	pss_mechanized	isabelle/pss_mechanized.thy	10313	true	false	6,8		21	PSS/cross-chapter	PSS/pre-5
pss_mechanized.oper_d1pos_block_chain	pss_mechanized	isabelle/pss_mechanized.thy	10443	true	false	6,8		21	PSS/cross-chapter	PSS/pre-5
pss_mechanized.oper_d1pos_le0_blockstarts	pss_mechanized	isabelle/pss_mechanized.thy	10538	true	false	6,8		20	PSS/cross-chapter	PSS/pre-5
pss_mechanized.oper_d1pos_seg_mono	pss_mechanized	isabelle/pss_mechanized.thy	10593	true	false			0	PSS/compat-unreached	PSS/pre-5
pss_mechanized.oper_gen_block_nth	pss_mechanized	isabelle/pss_mechanized.thy	10658	true	false	6,8		20	PSS/cross-chapter	PSS/pre-5
pss_mechanized.oper_gen_block_entry0	pss_mechanized	isabelle/pss_mechanized.thy	10697	true	false	6,8		20	PSS/cross-chapter	PSS/pre-5
pss_mechanized.oper_gen_block_entry1	pss_mechanized	isabelle/pss_mechanized.thy	10713	true	false	6,8		20	PSS/cross-chapter	PSS/pre-5
pss_mechanized.oper_gen_nth_prefix	pss_mechanized	isabelle/pss_mechanized.thy	10728	false	false	6,8		20	PSS/cross-chapter	PSS/pre-5
pss_mechanized.nlocal_adj_tie	pss_mechanized	isabelle/pss_mechanized.thy	10761	true	false			0	PSS/compat-unreached	PSS/pre-5
pss_mechanized.oper_d1pos_Br_comp_mono	pss_mechanized	isabelle/pss_mechanized.thy	11066	true	false		5,6	0	PSS/compat-unreached	PSS/after-6
pss_mechanized.oper_d0zero_nth_prefix	pss_mechanized	isabelle/pss_mechanized.thy	11087	true	false	6,8		12	PSS/cross-chapter	PSS/pre-5
pss_mechanized.oper_d0zero_nth_le_parent	pss_mechanized	isabelle/pss_mechanized.thy	11110	true	false	6,8		11	PSS/cross-chapter	PSS/pre-5
pss_mechanized.oper_d0zero_seg_period_reduce	pss_mechanized	isabelle/pss_mechanized.thy	11137	true	false			0	PSS/compat-unreached	PSS/pre-5
pss_mechanized.nextrel0_prefix_imp	pss_mechanized	isabelle/pss_mechanized.thy	11192	false	false	6,7,8		49	PSS/cross-chapter	PSS/pre-5
pss_mechanized.le0_prefix_agree	pss_mechanized	isabelle/pss_mechanized.thy	11218	false	false	6,7,8		49	PSS/cross-chapter	PSS/pre-5
pss_mechanized.nextrel1_prefix_imp	pss_mechanized	isabelle/pss_mechanized.thy	11255	false	false	6,7,8		49	PSS/cross-chapter	PSS/pre-5
pss_mechanized.TrMax_eqI	pss_mechanized	isabelle/pss_mechanized.thy	11295	false	false	6,7,8		50	PSS/cross-chapter	PSS/pre-5
pss_mechanized.TrMax_eq_of_prefix_agree	pss_mechanized	isabelle/pss_mechanized.thy	11347	false	false	6,7,8		49	PSS/cross-chapter	PSS/pre-5
pss_mechanized.TrMax_eq_of_prefix_agree_sym	pss_mechanized	isabelle/pss_mechanized.thy	11378	false	false	6,8		9	PSS/cross-chapter	PSS/pre-5
pss_mechanized.TrMax_stop	pss_mechanized	isabelle/pss_mechanized.thy	11421	true	false	6,7,8		50	PSS/cross-chapter	PSS/pre-5
pss_mechanized.TrMax_lt_last_of_row1_zero	pss_mechanized	isabelle/pss_mechanized.thy	11460	true	false	6,8		9	PSS/cross-chapter	PSS/pre-5
pss_mechanized.le1_imp_entry1_le	pss_mechanized	isabelle/pss_mechanized.thy	11486	false	false	6,8		9	PSS/cross-chapter	PSS/pre-5
pss_mechanized.nextR1_boundary_stop_of_prefix	pss_mechanized	isabelle/pss_mechanized.thy	11525	true	false	6,8		9	PSS/cross-chapter	PSS/pre-5
pss_mechanized.nextR1_boundary_stop_d0zero_caseA	pss_mechanized	isabelle/pss_mechanized.thy	11568	true	false	6,8		9	PSS/cross-chapter	PSS/pre-5
pss_mechanized.nextR1_boundary_stop_d1pos	pss_mechanized	isabelle/pss_mechanized.thy	11771	true	false	6,8		9	PSS/cross-chapter	PSS/pre-5
pss_mechanized.TrMax_seg_oper_d0zero_eq	pss_mechanized	isabelle/pss_mechanized.thy	12005	true	false	6,8		9	PSS/cross-chapter	PSS/pre-5
pss_mechanized.TrMax_seg_oper_d0zero_eq_caseA	pss_mechanized	isabelle/pss_mechanized.thy	12073	true	false	6,8		9	PSS/cross-chapter	PSS/pre-5
pss_mechanized.TrMax_seg_oper_d1pos_eq	pss_mechanized	isabelle/pss_mechanized.thy	12118	true	false			0	PSS/compat-unreached	PSS/pre-5
pss_mechanized.TrMax_seg_oper_d1pos_eq_span	pss_mechanized	isabelle/pss_mechanized.thy	12253	true	false	6,8		9	PSS/cross-chapter	PSS/pre-5
pss_mechanized.TrMax_seg_oper_d1pos_eq_notbrle_uncapped	pss_mechanized	isabelle/pss_mechanized.thy	12385	true	false	6,8		9	PSS/cross-chapter	PSS/pre-5
pss_mechanized.TrMax_seg_oper_d1pos_brle_uncapped	pss_mechanized	isabelle/pss_mechanized.thy	12522	true	false			0	PSS/compat-unreached	PSS/pre-5
pss_mechanized.oper_d1pos_nextrel0_within	pss_mechanized	isabelle/pss_mechanized.thy	12605	true	false	6,8		21	PSS/cross-chapter	PSS/pre-5
pss_mechanized.oper_d1pos_le0_within	pss_mechanized	isabelle/pss_mechanized.thy	12702	true	false	6,8	5	21	PSS/cross-chapter	PSS/after-5
pss_mechanized.oper_d1pos_le0_start_to_start	pss_mechanized	isabelle/pss_mechanized.thy	12809	true	false	6,8		21	PSS/cross-chapter	PSS/pre-5
pss_mechanized.oper_d1pos_le0_start_to_any	pss_mechanized	isabelle/pss_mechanized.thy	12869	true	false	6,8	5	21	PSS/cross-chapter	PSS/after-5
pss_mechanized.oper_d1pos_seg_le0_boundary	pss_mechanized	isabelle/pss_mechanized.thy	12927	true	false	6,8	5	9	PSS/cross-chapter	PSS/after-5
pss_mechanized.oper_d1pos_b3n_boundary	pss_mechanized	isabelle/pss_mechanized.thy	13051	true	false	6,8		9	PSS/cross-chapter	PSS/pre-5
pss_mechanized.oper_d1pos_ctx_b3n	pss_mechanized	isabelle/pss_mechanized.thy	13155	false	false			0	PSS/compat-unreached	PSS/pre-5
pss_mechanized.oper_d1pos_ctx_tnc	pss_mechanized	isabelle/pss_mechanized.thy	13206	false	false			0	PSS/compat-unreached	PSS/pre-5
pss_mechanized.TrMax_seg_oper_d1pos_brle_capped	pss_mechanized	isabelle/pss_mechanized.thy	13278	true	false	6,8	5	9	PSS/cross-chapter	PSS/after-5
pss_mechanized.oper_d1pos_ctx_tnc_capped	pss_mechanized	isabelle/pss_mechanized.thy	13593	true	false	6,8	5	9	PSS/cross-chapter	PSS/after-5
pss_mechanized.oper_d0zero_entry0_min	pss_mechanized	isabelle/pss_mechanized.thy	13652	true	false	6,8		9	PSS/cross-chapter	PSS/pre-5
pss_mechanized.oper_d0zero_seg_P_split	pss_mechanized	isabelle/pss_mechanized.thy	13686	true	false	6,8	5,6	9	PSS/cross-chapter	PSS/after-6
pss_mechanized.oper_d0zero_seg_P_hfold	pss_mechanized	isabelle/pss_mechanized.thy	13830	true	false	6,8	5,6	9	PSS/cross-chapter	PSS/after-6
pss_mechanized.oper_d0zero_seg_P_blk1fold	pss_mechanized	isabelle/pss_mechanized.thy	13928	true	false	6,8	5,6	9	PSS/cross-chapter	PSS/after-6
pss_mechanized.oper_d0zero_seg_P_blk0fold	pss_mechanized	isabelle/pss_mechanized.thy	14079	true	false	6,8	5,6	9	PSS/cross-chapter	PSS/after-6
pss_mechanized.monoT_seg_of_le0	pss_mechanized	isabelle/pss_mechanized.thy	14337	true	false	6,8		10	PSS/cross-chapter	PSS/pre-5
pss_mechanized.oper_d1pos_notbrle_P_split	pss_mechanized	isabelle/pss_mechanized.thy	14393	true	false	6,8	5,6	9	PSS/cross-chapter	PSS/after-6
pss_mechanized.oper_d1pos_notbrle_LOW_eq	pss_mechanized	isabelle/pss_mechanized.thy	14428	true	false		6	0	PSS/compat-unreached	PSS/after-6
pss_mechanized.oper_d1pos_notbrle_take_map	pss_mechanized	isabelle/pss_mechanized.thy	14466	true	false		6	0	PSS/compat-unreached	PSS/after-6
pss_mechanized.oper_d1pos_collapse	pss_mechanized	isabelle/pss_mechanized.thy	14510	true	false	6,8	5,6	9	PSS/cross-chapter	PSS/after-6
pss_mechanized.oper_d1pos_branch_anchor	pss_mechanized	isabelle/pss_mechanized.thy	14553	true	false	6,8	5,6	9	PSS/cross-chapter	PSS/after-6
pss_mechanized.oper_d1pos_branch_collapse_concrete	pss_mechanized	isabelle/pss_mechanized.thy	14656	true	false	6,8	5,6	9	PSS/cross-chapter	PSS/after-6
pss_mechanized.oper_d1pos_branch_butl	pss_mechanized	isabelle/pss_mechanized.thy	14688	true	false	6,8	5,6	9	PSS/cross-chapter	PSS/after-6
pss_mechanized.oper_d1pos_branch_lowshift_regB	pss_mechanized	isabelle/pss_mechanized.thy	14724	true	false			0	PSS/compat-unreached	PSS/pre-5
pss_mechanized.oper_d1pos_anchor_tail_entry	pss_mechanized	isabelle/pss_mechanized.thy	14790	true	false	6,8	5,6	9	PSS/cross-chapter	PSS/after-6
pss_mechanized.oper_d1pos_tail_junction	pss_mechanized	isabelle/pss_mechanized.thy	14825	true	false	6,8	5,6	9	PSS/cross-chapter	PSS/after-6
pss_mechanized.Br_seg_reshape	pss_mechanized	isabelle/pss_mechanized.thy	14861	false	false	6,8		10	PSS/cross-chapter	PSS/pre-5
pss_mechanized.oper_d1pos_notbrle_Br_align	pss_mechanized	isabelle/pss_mechanized.thy	14900	true	false	6,8		9	PSS/cross-chapter	PSS/pre-5
pss_mechanized.oper_d1pos_nth_low_verbatim	pss_mechanized	isabelle/pss_mechanized.thy	14977	true	false	6,8		9	PSS/cross-chapter	PSS/pre-5
pss_mechanized.oper_d1pos_ctx_tnc_prefix	pss_mechanized	isabelle/pss_mechanized.thy	15041	true	false	6,8	5	9	PSS/cross-chapter	PSS/after-5
pss_mechanized.TrMax_seg_oper_d1pos_eq_regA	pss_mechanized	isabelle/pss_mechanized.thy	15332	true	false	6,8		9	PSS/cross-chapter	PSS/pre-5
pss_mechanized.oper_d1pos_notbrle_Br_align_regA	pss_mechanized	isabelle/pss_mechanized.thy	15399	true	false	6,8		9	PSS/cross-chapter	PSS/pre-5
pss_mechanized.oper_d1pos_seg_low_verbatim	pss_mechanized	isabelle/pss_mechanized.thy	15460	true	false	6,8		9	PSS/cross-chapter	PSS/pre-5
pss_mechanized.notmulti_seg_prefix	pss_mechanized	isabelle/pss_mechanized.thy	15500	true	false	6,8	5,6	9	PSS/cross-chapter	PSS/after-6
pss_mechanized.P_butlast_take_at_anchor	pss_mechanized	isabelle/pss_mechanized.thy	15535	true	false	6,8	5,6	9	PSS/cross-chapter	PSS/after-6
pss_mechanized.oper_d1pos_branch_lowshift_regA	pss_mechanized	isabelle/pss_mechanized.thy	15654	true	false	6,8		9	PSS/cross-chapter	PSS/pre-5
pss_mechanized.oper_d1pos_anchor_coincide_regA	pss_mechanized	isabelle/pss_mechanized.thy	15714	true	false	6,8	5,6	9	PSS/cross-chapter	PSS/after-6
pss_mechanized.anchor_lt_of_uniform_witness	pss_mechanized	isabelle/pss_mechanized.thy	15865	true	false	6,8	5,6	9	PSS/cross-chapter	PSS/after-6
pss_mechanized.oper_d1pos_cNlt_of_Ajm2	pss_mechanized	isabelle/pss_mechanized.thy	15902	true	false	6,8	5,6	9	PSS/cross-chapter	PSS/after-6
pss_mechanized.oper_d1pos_period_row0_floor	pss_mechanized	isabelle/pss_mechanized.thy	15971	true	false	6,8	5,6	9	PSS/cross-chapter	PSS/after-6
pss_mechanized.oper_d1pos_strict_period_floor	pss_mechanized	isabelle/pss_mechanized.thy	16017	true	false	6,8	5,6	9	PSS/cross-chapter	PSS/after-6
pss_mechanized.oper_d1pos_clt_regA	pss_mechanized	isabelle/pss_mechanized.thy	16068	true	false	6,8	5,6	9	PSS/cross-chapter	PSS/after-6
pss_mechanized.oper_d1pos_clt_regB	pss_mechanized	isabelle/pss_mechanized.thy	16200	true	false	6,8	5,6	9	PSS/cross-chapter	PSS/after-6
pss_mechanized.oper_d1pos_anchor_coincide_regA2	pss_mechanized	isabelle/pss_mechanized.thy	16390	true	false	6,8	5,6	9	PSS/cross-chapter	PSS/after-6
pss_mechanized.oper_d1pos_anchor_coincide_regB	pss_mechanized	isabelle/pss_mechanized.thy	16463	true	false		5,6	0	PSS/compat-unreached	PSS/after-6
pss_mechanized.anchor_ge_of_leftmin	pss_mechanized	isabelle/pss_mechanized.thy	16580	true	false	6,8	5,6	10	PSS/cross-chapter	PSS/after-6
pss_mechanized.oper_d1pos_anchor_coincide_regB2	pss_mechanized	isabelle/pss_mechanized.thy	16617	true	false		5,6	0	PSS/compat-unreached	PSS/after-6
pss_mechanized.oper_d1pos_branch_lowshift_regB_plug	pss_mechanized	isabelle/pss_mechanized.thy	16760	true	false			0	PSS/compat-unreached	PSS/pre-5
pss_mechanized.descending_Br_of_branch_le0	pss_mechanized	isabelle/pss_mechanized.thy	16788	true	false	6,8		9	PSS/cross-chapter	PSS/pre-5
pss_mechanized.oper_d1pos_ctx_dpos	pss_mechanized	isabelle/pss_mechanized.thy	16864	false	false	6,8		21	PSS/cross-chapter	PSS/pre-5
pss_mechanized.oper_d1pos_ctx_r1le	pss_mechanized	isabelle/pss_mechanized.thy	16879	false	false	6,8		9	PSS/cross-chapter	PSS/pre-5
pss_mechanized.oper_d1pos_ctx_j0lt	pss_mechanized	isabelle/pss_mechanized.thy	16904	false	false	6,8		9	PSS/cross-chapter	PSS/pre-5
pss_mechanized.oper_d1pos_ctx_multiM	pss_mechanized	isabelle/pss_mechanized.thy	16927	true	false	6,8	6	9	PSS/cross-chapter	PSS/after-6
pss_mechanized.oper_d1pos_row0_agree	pss_mechanized	isabelle/pss_mechanized.thy	17021	true	false	6,8		9	PSS/cross-chapter	PSS/pre-5
pss_mechanized.nextrel0_prefix_row0	pss_mechanized	isabelle/pss_mechanized.thy	17090	false	false	6,7,8		49	PSS/cross-chapter	PSS/pre-5
pss_mechanized.le0_prefix_row0	pss_mechanized	isabelle/pss_mechanized.thy	17117	false	false	6,8		21	PSS/cross-chapter	PSS/pre-5
pss_mechanized.oper_d1pos_ctx_le0Np	pss_mechanized	isabelle/pss_mechanized.thy	17159	true	false	6,8	5	9	PSS/cross-chapter	PSS/after-5
pss_mechanized.oper_d1pos_nth_below	pss_mechanized	isabelle/pss_mechanized.thy	17207	true	false			0	PSS/compat-unreached	PSS/pre-5
pss_mechanized.oper_d1pos_ctx_stop_of_tnc	pss_mechanized	isabelle/pss_mechanized.thy	17277	true	false			0	PSS/compat-unreached	PSS/pre-5
pss_mechanized.oper_d1pos_anchor_coincide_period_unified	pss_mechanized	isabelle/pss_mechanized.thy	17364	true	false	6,8	5,6	9	PSS/cross-chapter	PSS/after-6
pss_mechanized.idxsum_lastcut_lmin_at	pss_mechanized	isabelle/pss_mechanized.thy	17563	true	false	6,8	5,6	9	PSS/cross-chapter	PSS/after-6
pss_mechanized.oper_d1pos_lenPSeq_unified	pss_mechanized	isabelle/pss_mechanized.thy	17601	true	false	6,8	5,6	9	PSS/cross-chapter	PSS/after-6
pss_mechanized.oper_d1pos_notbrle_LOW_take_eq_regA	pss_mechanized	isabelle/pss_mechanized.thy	17737	true	false	6,8	5,6	9	PSS/cross-chapter	PSS/after-6
pss_mechanized.oper_d1pos_notbrle_LOW_take_eq_regB	pss_mechanized	isabelle/pss_mechanized.thy	18008	true	false	6,8	5,6	9	PSS/cross-chapter	PSS/after-6
pss_mechanized.oper_d1pos_notbrle_LOW_take_eq_boundary	pss_mechanized	isabelle/pss_mechanized.thy	18323	true	false	6,8	5,6	9	PSS/cross-chapter	PSS/after-6
pss_mechanized.seg_IncrFirst0	pss_mechanized	isabelle/pss_mechanized.thy	18619	false	false	6,8		9	PSS/cross-chapter	PSS/pre-5
pss_mechanized.seg_funpow_IncrFirst0	pss_mechanized	isabelle/pss_mechanized.thy	18644	false	false	6,8		9	PSS/cross-chapter	PSS/pre-5
pss_mechanized.oper_d1pos_anchor_coincide_period_interior	pss_mechanized	isabelle/pss_mechanized.thy	18671	true	false		5,6	0	PSS/compat-unreached	PSS/after-6
pss_mechanized.oper_d1pos_anchor_coincide_period_boundary	pss_mechanized	isabelle/pss_mechanized.thy	18732	true	false		5,6	0	PSS/compat-unreached	PSS/after-6
pss_mechanized.oper_d1pos_notbrle_period_fullShift	pss_mechanized	isabelle/pss_mechanized.thy	18791	true	false	6,8		9	PSS/cross-chapter	PSS/pre-5
pss_mechanized.oper_d1pos_notbrle_period_boundary_geom	pss_mechanized	isabelle/pss_mechanized.thy	18956	true	false	6,8	6	9	PSS/cross-chapter	PSS/after-6
pss_mechanized.oper_d1pos_period_row0_unif	pss_mechanized	isabelle/pss_mechanized.thy	19267	true	false	6,8		21	PSS/cross-chapter	PSS/pre-5
pss_mechanized.nextrel0_prefix_row0_shift	pss_mechanized	isabelle/pss_mechanized.thy	19378	false	false	6,8		21	PSS/cross-chapter	PSS/pre-5
pss_mechanized.le0_prefix_row0_shift	pss_mechanized	isabelle/pss_mechanized.thy	19402	false	false	6,8		21	PSS/cross-chapter	PSS/pre-5
pss_mechanized.oper_d1pos_ctx_period_le0Np	pss_mechanized	isabelle/pss_mechanized.thy	19442	true	false	6,8	5	21	PSS/cross-chapter	PSS/after-5
pss_mechanized.oper_d1pos_ctx_stop_direct	pss_mechanized	isabelle/pss_mechanized.thy	19581	true	false	6,8	5	9	PSS/cross-chapter	PSS/after-5
pss_mechanized.oper_d1pos_ctx_stop_direct_strict	pss_mechanized	isabelle/pss_mechanized.thy	19891	true	false	6,8		9	PSS/cross-chapter	PSS/pre-5
pss_mechanized.oper_d1pos_ctx_period_tncstrict_uncapped	pss_mechanized	isabelle/pss_mechanized.thy	20019	true	false	6,8		9	PSS/cross-chapter	PSS/pre-5
pss_mechanized.nextrel0_prefix_row0_shift_rev	pss_mechanized	isabelle/pss_mechanized.thy	20093	false	false	6,8		9	PSS/cross-chapter	PSS/pre-5
pss_mechanized.le0_prefix_row0_shift_rev	pss_mechanized	isabelle/pss_mechanized.thy	20117	false	false	6,8		9	PSS/cross-chapter	PSS/pre-5
pss_mechanized.oper_d1pos_ctx_notbrleNp	pss_mechanized	isabelle/pss_mechanized.thy	20172	true	false	6,8	5	9	PSS/cross-chapter	PSS/after-5
pss_mechanized.oper_d1pos_ctx_notbrleNp_verbatim	pss_mechanized	isabelle/pss_mechanized.thy	20322	true	false	6,8	5	9	PSS/cross-chapter	PSS/after-5
pss_mechanized.oper_d1pos_ctx_period_multiNp	pss_mechanized	isabelle/pss_mechanized.thy	20469	true	false	6,8	6	9	PSS/cross-chapter	PSS/after-6
pss_mechanized.oper_d1pos_period_boundary_undercut	pss_mechanized	isabelle/pss_mechanized.thy	20488	false	false		5	0	PSS/compat-unreached	PSS/after-5
pss_mechanized.oper_d1pos_period_boundary_mLmin	pss_mechanized	isabelle/pss_mechanized.thy	20513	true	false		5	0	PSS/compat-unreached	PSS/after-5
pss_mechanized.oper_d1pos_period_boundary_cle	pss_mechanized	isabelle/pss_mechanized.thy	20557	true	false		5,6	0	PSS/compat-unreached	PSS/after-6
pss_mechanized.oper_d1pos_notbrle_LOW_take_eq_periodic	pss_mechanized	isabelle/pss_mechanized.thy	20584	true	false	6,8	5,6	9	PSS/cross-chapter	PSS/after-6
pss_mechanized.oper_d1pos_low_anchor_shamt0	pss_mechanized	isabelle/pss_mechanized.thy	20904	true	false	6,8	5,6	9	PSS/cross-chapter	PSS/after-6
pss_mechanized.oper_d1pos_period_boundary_cleMB	pss_mechanized	isabelle/pss_mechanized.thy	21135	true	false	6,8	5,6	9	PSS/cross-chapter	PSS/after-6
pss_mechanized.oper_d1pos_notbrle_LOW_take_eq	pss_mechanized	isabelle/pss_mechanized.thy	21497	true	false	6,8	5,6	9	PSS/cross-chapter	PSS/after-6
pss_mechanized.filter_concat_bal	pss_mechanized	isabelle/pss_mechanized.thy	24142	false	false	7,8		8	PSS/cross-chapter	PSS/pre-5
pss_mechanized.flatBT_paren_balance	pss_mechanized	isabelle/pss_mechanized.thy	24148	true	false	7,8		8	PSS/cross-chapter	PSS/pre-5
pss_mechanized.lessBT_list_irrefl	pss_mechanized	isabelle/pss_mechanized.thy	24221	true	false	7,8		6	PSS/cross-chapter	PSS/pre-5
pss_mechanized.lessBT_lessBP_irrefl	pss_mechanized	isabelle/pss_mechanized.thy	24232	true	false	7,8		6	PSS/cross-chapter	PSS/pre-5
pss_mechanized.lessBT_irrefl	pss_mechanized	isabelle/pss_mechanized.thy	24248	true	false	7,8		6	PSS/cross-chapter	PSS/pre-5
pss_mechanized.lessBP_irrefl	pss_mechanized	isabelle/pss_mechanized.thy	24251	true	false	8		5	chapter-8/local	PSS/pre-5
pss_mechanized.lessBT_trans	pss_mechanized	isabelle/pss_mechanized.thy	24260	true	false	7,8		9	PSS/cross-chapter	PSS/pre-5
pss_mechanized.lessBT_list_total	pss_mechanized	isabelle/pss_mechanized.thy	24365	true	false	7,8		6	PSS/cross-chapter	PSS/pre-5
pss_mechanized.lessBT_lessBP_total	pss_mechanized	isabelle/pss_mechanized.thy	24394	true	false	7,8		6	PSS/cross-chapter	PSS/pre-5
pss_mechanized.lessBT_total	pss_mechanized	isabelle/pss_mechanized.thy	24424	true	false	7,8		6	PSS/cross-chapter	PSS/pre-5
pss_mechanized.otb_Dpt_0	pss_mechanized	isabelle/pss_mechanized.thy	24442	true	false	8		1	chapter-8/local	PSS/pre-5
pss_mechanized.otb_tower_Suc	pss_mechanized	isabelle/pss_mechanized.thy	24446	false	false			0	PSS/compat-unreached	PSS/pre-5
pss_mechanized.otb_tower_dfree	pss_mechanized	isabelle/pss_mechanized.thy	24451	true	false			0	PSS/compat-unreached	PSS/pre-5
pss_mechanized.otb_tower_lessBT	pss_mechanized	isabelle/pss_mechanized.thy	24456	true	false			0	PSS/compat-unreached	PSS/pre-5
pss_mechanized.otb_tower_G_and_OT	pss_mechanized	isabelle/pss_mechanized.thy	24481	true	false			0	PSS/compat-unreached	PSS/pre-5
pss_mechanized.otb_descP_replicate	pss_mechanized	isabelle/pss_mechanized.thy	24516	true	false			0	PSS/compat-unreached	PSS/pre-5
pss_mechanized.otb_mult_eq_replicate	pss_mechanized	isabelle/pss_mechanized.thy	24532	true	false			0	PSS/compat-unreached	PSS/pre-5
pss_mechanized.le0_diagSeq_junction_into_block	pss_mechanized	isabelle/pss_mechanized.thy	24658	true	false			0	PSS/compat-unreached	PSS/pre-5
pss_mechanized.nth_concat_block	pss_mechanized	isabelle/pss_mechanized.thy	24701	true	false	6,7,8		56	PSS/cross-chapter	PSS/pre-5
pss_mechanized.Red_leftend_ge_row1	pss_mechanized	isabelle/pss_mechanized.thy	24736	true	false	6,7,8	5,6	56	PSS/cross-chapter	PSS/after-6
pss_mechanized.joints_coreReduce_ge_m10	pss_mechanized	isabelle/pss_mechanized.thy	24956	true	false	6,7,8	5,6	56	PSS/cross-chapter	PSS/after-6
pss_mechanized.npJ_le_Joints_Suc	pss_mechanized	isabelle/pss_mechanized.thy	25040	true	false	6,7,8	5,6	56	PSS/cross-chapter	PSS/after-6
pss_mechanized.redB_tail_row0_above_anchor	pss_mechanized	isabelle/pss_mechanized.thy	25114	true	false	6,7,8	5,6	56	PSS/cross-chapter	PSS/after-6
pss_mechanized.coreReduce_m10_le_TrMax	pss_mechanized	isabelle/pss_mechanized.thy	25335	false	false	6,7,8		56	PSS/cross-chapter	PSS/pre-5
pss_mechanized.redB_prefix_diag	pss_mechanized	isabelle/pss_mechanized.thy	25366	true	false	6,7,8	5,6	56	PSS/cross-chapter	PSS/after-6
pss_mechanized.redB_row0_strict_above_anchor	pss_mechanized	isabelle/pss_mechanized.thy	25460	true	false	6,7,8	5,6	56	PSS/cross-chapter	PSS/after-6
pss_mechanized.redB_row0_strict_suffix_min	pss_mechanized	isabelle/pss_mechanized.thy	25533	true	false	6,7,8	5,6	56	PSS/cross-chapter	PSS/after-6
pss_mechanized.redB_row1_anchor	pss_mechanized	isabelle/pss_mechanized.thy	25550	true	false	6,7,8	5,6	56	PSS/cross-chapter	PSS/after-6
pss_mechanized.redB_le0_anchor_jN	pss_mechanized	isabelle/pss_mechanized.thy	25560	true	false	6,7,8	5,6	56	PSS/cross-chapter	PSS/after-6
pss_mechanized.bumpv_strict_mono	pss_mechanized	isabelle/pss_mechanized.thy	25708	false	false	6,7,8		49	PSS/cross-chapter	PSS/pre-5
pss_mechanized.bumpv_le	pss_mechanized	isabelle/pss_mechanized.thy	25711	false	false	6,7,8		49	PSS/cross-chapter	PSS/pre-5
pss_mechanized.tail_bump.row0_lt	pss_mechanized	isabelle/pss_mechanized.thy	25725	false	false	6,7,8		49	PSS/cross-chapter	PSS/pre-5
pss_mechanized.tail_bump.row0_ge	pss_mechanized	isabelle/pss_mechanized.thy	25728	false	false	6,7,8		49	PSS/cross-chapter	PSS/pre-5
pss_mechanized.diag_tail_bump	pss_mechanized	isabelle/pss_mechanized.thy	25846	false	false	6,7,8		48	PSS/cross-chapter	PSS/pre-5
pss_mechanized.coreReduce_m10pos_form	pss_mechanized	isabelle/pss_mechanized.thy	25918	false	false	6,7,8		52	PSS/cross-chapter	PSS/pre-5
pss_mechanized.coreReduce_IncrFirst_m10pos_form	pss_mechanized	isabelle/pss_mechanized.thy	25923	false	false	6,7,8		48	PSS/cross-chapter	PSS/pre-5
pss_mechanized.tail_bump_coreReduce	pss_mechanized	isabelle/pss_mechanized.thy	25941	true	false	6,7,8		48	PSS/cross-chapter	PSS/pre-5
pss_mechanized.njA_TrMax_eq	pss_mechanized	isabelle/pss_mechanized.thy	25972	true	false			0	PSS/compat-unreached	PSS/pre-5
pss_mechanized.njA_TrMax_ge_m10	pss_mechanized	isabelle/pss_mechanized.thy	25981	false	false	6,7,8		49	PSS/cross-chapter	PSS/pre-5
pss_mechanized.njA_seg_IncrFirst	pss_mechanized	isabelle/pss_mechanized.thy	26003	false	false			0	PSS/compat-unreached	PSS/pre-5
pss_mechanized.njA_Br_eq	pss_mechanized	isabelle/pss_mechanized.thy	26057	true	false		6	0	PSS/compat-unreached	PSS/after-6
pss_mechanized.njA_length_Br_eq	pss_mechanized	isabelle/pss_mechanized.thy	26096	true	false		6	0	PSS/compat-unreached	PSS/after-6
pss_mechanized.length_o_IncrFirst	pss_mechanized	isabelle/pss_mechanized.thy	26104	false	false	6,7,8		49	PSS/cross-chapter	PSS/pre-5
pss_mechanized.IdxSum_map_IncrFirst	pss_mechanized	isabelle/pss_mechanized.thy	26107	true	false	6,7,8		49	PSS/cross-chapter	PSS/pre-5
pss_mechanized.njA_FirstNodes_eq	pss_mechanized	isabelle/pss_mechanized.thy	26112	true	false		6	0	PSS/compat-unreached	PSS/after-6
pss_mechanized.njA_Joints_eq	pss_mechanized	isabelle/pss_mechanized.thy	26127	true	false		6	0	PSS/compat-unreached	PSS/after-6
pss_mechanized.njA_npJ_eq	pss_mechanized	isabelle/pss_mechanized.thy	26145	true	false		6	0	PSS/compat-unreached	PSS/after-6
pss_mechanized.njA_eJ_eq	pss_mechanized	isabelle/pss_mechanized.thy	26180	true	false		6	0	PSS/compat-unreached	PSS/after-6
pss_mechanized.pred_P_decomp	pss_mechanized	isabelle/pss_mechanized.thy	26539	true	false	6,7,8	5,6	48	PSS/cross-chapter	PSS/after-6
pss_mechanized.butlast_diagSeq	pss_mechanized	isabelle/pss_mechanized.thy	26699	false	false	6,7,8		48	PSS/cross-chapter	PSS/pre-5
pss_mechanized.diagSeq_in_T_PS	pss_mechanized	isabelle/pss_mechanized.thy	26716	false	false	6,7,8		47	PSS/cross-chapter	PSS/pre-5
pss_mechanized.Red_core_diagSeq	pss_mechanized	isabelle/pss_mechanized.thy	26727	true	false	6,7,8	5,6	47	PSS/cross-chapter	PSS/after-6
pss_mechanized.Red_Pred_core_diagSeq	pss_mechanized	isabelle/pss_mechanized.thy	26767	true	false		5,6	0	PSS/compat-unreached	PSS/after-6
pss_mechanized.TrMax_Pred	pss_mechanized	isabelle/pss_mechanized.thy	26800	true	false	6,7,8		48	PSS/cross-chapter	PSS/pre-5
pss_mechanized.IncrFirst_butlast	pss_mechanized	isabelle/pss_mechanized.thy	26856	false	false	6,7,8		48	PSS/cross-chapter	PSS/pre-5
pss_mechanized.funpow_IncrFirst_butlast	pss_mechanized	isabelle/pss_mechanized.thy	26859	false	false	6,7,8		48	PSS/cross-chapter	PSS/pre-5
pss_mechanized.entry_Pred_0	pss_mechanized	isabelle/pss_mechanized.thy	26867	false	false	6,7,8		48	PSS/cross-chapter	PSS/pre-5
pss_mechanized.nextrel0_leftmin_no_cross	pss_mechanized	isabelle/pss_mechanized.thy	27111	false	false	6,7,8		46	PSS/cross-chapter	PSS/pre-5
pss_mechanized.le0_leftmin_ancestor_ge	pss_mechanized	isabelle/pss_mechanized.thy	27144	false	false	6,7,8		46	PSS/cross-chapter	PSS/pre-5
pss_mechanized.concat_eq_of_map_length_eq	pss_mechanized	isabelle/pss_mechanized.thy	27216	false	false	6,7,8		47	PSS/cross-chapter	PSS/pre-5
pss_mechanized.rcpb_block_eq	pss_mechanized	isabelle/pss_mechanized.thy	27515	true	false	6,7,8	5,6	41	PSS/cross-chapter	PSS/after-6
pss_mechanized.rcpb_nextR_seg	pss_mechanized	isabelle/pss_mechanized.thy	27555	false	false	6,7,8		45	PSS/cross-chapter	PSS/pre-5
pss_mechanized.rcpb_parent_iff	pss_mechanized	isabelle/pss_mechanized.thy	27575	true	false	6,7,8	5,6	41	PSS/cross-chapter	PSS/after-6
pss_mechanized.rcpb_hasParent_iff	pss_mechanized	isabelle/pss_mechanized.thy	27616	true	false	6,7,8	5,6	41	PSS/cross-chapter	PSS/after-6
pss_mechanized.clift_block_bounds	pss_mechanized	isabelle/pss_mechanized.thy	27822	true	false	6,7,8	5,6	46	PSS/cross-chapter	PSS/after-6
pss_mechanized.clift_nextR_lift	pss_mechanized	isabelle/pss_mechanized.thy	27862	true	false	6,7,8	5,6	46	PSS/cross-chapter	PSS/after-6
pss_mechanized.clift_local_imp_global_parent	pss_mechanized	isabelle/pss_mechanized.thy	27897	true	false	6,7,8	5,6	46	PSS/cross-chapter	PSS/after-6
pss_mechanized.clift_global_imp_local_parent	pss_mechanized	isabelle/pss_mechanized.thy	27911	true	false	6,7,8	5,6	46	PSS/cross-chapter	PSS/after-6
pss_mechanized.idem_anchored_not_multi	pss_mechanized	isabelle/pss_mechanized.thy	28185	true	false	6	5,6	2	chapter-6/local	PSS/after-6
pss_mechanized.eng_Red_IncrFirst_zeroT	pss_mechanized	isabelle/pss_mechanized.thy	28224	true	false	6,7,8	5,6	48	PSS/cross-chapter	PSS/after-6
pss_mechanized.eng_Red_IncrFirst_core	pss_mechanized	isabelle/pss_mechanized.thy	28242	true	false	6,7,8	5,6	48	PSS/cross-chapter	PSS/after-6
pss_mechanized.eng_Red_IncrFirst_shift	pss_mechanized	isabelle/pss_mechanized.thy	28291	true	false	6,7,8	5,6	48	PSS/cross-chapter	PSS/after-6
pss_mechanized.eng_Red_IncrFirst_multi_reduce	pss_mechanized	isabelle/pss_mechanized.thy	28339	true	false	6,7,8	5,6	48	PSS/cross-chapter	PSS/after-6
pss_mechanized.eng_Red_IncrFirst_m10pos_reduce	pss_mechanized	isabelle/pss_mechanized.thy	28380	true	false	6,7,8	5,6	48	PSS/cross-chapter	PSS/after-6
pss_mechanized.eng_Red_IncrFirst_modB2	pss_mechanized	isabelle/pss_mechanized.thy	28451	true	false	6,7,8	5,6	48	PSS/cross-chapter	PSS/after-6
pss_mechanized.Lng_bumpAt	pss_mechanized	isabelle/pss_mechanized.thy	28529	false	false	6,7,8		49	PSS/cross-chapter	PSS/pre-5
pss_mechanized.entry_bumpAt0	pss_mechanized	isabelle/pss_mechanized.thy	28532	false	false	6,7,8		49	PSS/cross-chapter	PSS/pre-5
pss_mechanized.entry_bumpAt1	pss_mechanized	isabelle/pss_mechanized.thy	28536	false	false	6,7,8		49	PSS/cross-chapter	PSS/pre-5
pss_mechanized.tail_bump_bumpAt	pss_mechanized	isabelle/pss_mechanized.thy	28544	false	false	6,7,8		49	PSS/cross-chapter	PSS/pre-5
pss_mechanized.cut_bump.cb_branch_entry0	pss_mechanized	isabelle/pss_mechanized.thy	28569	false	false	6,7,8		49	PSS/cross-chapter	PSS/pre-5
pss_mechanized.cut_bump.cb_seg_IncrFirst	pss_mechanized	isabelle/pss_mechanized.thy	28579	false	false	6,7,8		49	PSS/cross-chapter	PSS/pre-5
pss_mechanized.cut_bump.cb_Br_eq	pss_mechanized	isabelle/pss_mechanized.thy	28616	true	false	6,7,8	6	49	PSS/cross-chapter	PSS/after-6
pss_mechanized.cut_bump.cb_length_Br_eq	pss_mechanized	isabelle/pss_mechanized.thy	28666	true	false	6,7,8	6	49	PSS/cross-chapter	PSS/after-6
pss_mechanized.cut_bump.cb_FirstNodes_eq	pss_mechanized	isabelle/pss_mechanized.thy	28669	true	false	6,7,8	6	49	PSS/cross-chapter	PSS/after-6
pss_mechanized.cut_bump.cb_Joints_eq	pss_mechanized	isabelle/pss_mechanized.thy	28676	true	false	6,7,8	6	49	PSS/cross-chapter	PSS/after-6
pss_mechanized.cut_bump.cb_npJ_eq	pss_mechanized	isabelle/pss_mechanized.thy	28679	true	false	6,7,8	6	49	PSS/cross-chapter	PSS/after-6
pss_mechanized.cut_bump.cb_NJ_bumpAt	pss_mechanized	isabelle/pss_mechanized.thy	28707	true	false	6,7,8	5,6	49	PSS/cross-chapter	PSS/after-6
pss_mechanized.bumpAt_take	pss_mechanized	isabelle/pss_mechanized.thy	28822	false	false	6,7,8		49	PSS/cross-chapter	PSS/pre-5
pss_mechanized.bumpAt_drop	pss_mechanized	isabelle/pss_mechanized.thy	28825	false	false	6,7,8		49	PSS/cross-chapter	PSS/pre-5
pss_mechanized.bumpAt_multiT_eq	pss_mechanized	isabelle/pss_mechanized.thy	28828	false	false	6,7,8		49	PSS/cross-chapter	PSS/pre-5
pss_mechanized.bumpAt_Pcut_eq	pss_mechanized	isabelle/pss_mechanized.thy	28831	false	false	6,7,8		49	PSS/cross-chapter	PSS/pre-5
pss_mechanized.P_bumpAt	pss_mechanized	isabelle/pss_mechanized.thy	28834	true	false	6,7,8		49	PSS/cross-chapter	PSS/pre-5
pss_mechanized.bumpv_shift	pss_mechanized	isabelle/pss_mechanized.thy	28868	false	false	6,7,8		49	PSS/cross-chapter	PSS/pre-5
pss_mechanized.entry_diag_funpow_bumpAt0	pss_mechanized	isabelle/pss_mechanized.thy	28871	false	false	6,7,8		49	PSS/cross-chapter	PSS/pre-5
pss_mechanized.bumpAt_diag_funpow	pss_mechanized	isabelle/pss_mechanized.thy	28909	false	false	6,7,8		49	PSS/cross-chapter	PSS/pre-5
pss_mechanized.cut_bump_bumpAt	pss_mechanized	isabelle/pss_mechanized.thy	28965	false	false	6,7,8		49	PSS/cross-chapter	PSS/pre-5
pss_mechanized.cut_bump_coreReduce	pss_mechanized	isabelle/pss_mechanized.thy	28974	true	false	6,7,8		48	PSS/cross-chapter	PSS/pre-5
pss_mechanized.fin_shift_bumpv	pss_mechanized	isabelle/pss_mechanized.thy	29007	false	false	6,7,8		49	PSS/cross-chapter	PSS/pre-5
pss_mechanized.fin_TrMax_shiftRow0	pss_mechanized	isabelle/pss_mechanized.thy	29023	false	false	6,7,8	5	49	PSS/cross-chapter	PSS/after-5
pss_mechanized.fin_cut_block_tail	pss_mechanized	isabelle/pss_mechanized.thy	29042	true	false	6,7,8	5,6	49	PSS/cross-chapter	PSS/after-6
pss_mechanized.fin_TrMax_argX_ge	pss_mechanized	isabelle/pss_mechanized.thy	29145	true	false	6,7,8		49	PSS/cross-chapter	PSS/pre-5
pss_mechanized.fin_cut_bump_Red	pss_mechanized	isabelle/pss_mechanized.thy	29214	true	false	6,7,8	5,6	49	PSS/cross-chapter	PSS/after-6
pss_mechanized.fin_cutOK_coreReduce	pss_mechanized	isabelle/pss_mechanized.thy	29710	true	false	6,7,8		48	PSS/cross-chapter	PSS/pre-5
pss_mechanized.fin_coreReduce_IncrFirst_bumpAt	pss_mechanized	isabelle/pss_mechanized.thy	29728	true	false	6,7,8		48	PSS/cross-chapter	PSS/pre-5
pss_mechanized.idem2_zeroT	pss_mechanized	isabelle/pss_mechanized.thy	29801	true	false	6,7,8	5,6	47	PSS/cross-chapter	PSS/after-6
pss_mechanized.idem2_core_trunk	pss_mechanized	isabelle/pss_mechanized.thy	29818	true	false	6,7,8	5,6	47	PSS/cross-chapter	PSS/after-6
pss_mechanized.idem2_shift_reduce	pss_mechanized	isabelle/pss_mechanized.thy	29840	true	false	6,7,8	5,6	47	PSS/cross-chapter	PSS/after-6
pss_mechanized.cong_struct.nextrel0_eq	pss_mechanized	isabelle/pss_mechanized.thy	29887	false	false	6,7,8		48	PSS/cross-chapter	PSS/pre-5
pss_mechanized.cong_struct.le0_eq	pss_mechanized	isabelle/pss_mechanized.thy	29889	false	false	6,7,8		48	PSS/cross-chapter	PSS/pre-5
pss_mechanized.cong_struct.nextrel1_eq	pss_mechanized	isabelle/pss_mechanized.thy	29892	false	false	6,7,8		48	PSS/cross-chapter	PSS/pre-5
pss_mechanized.cong_struct.le1_eq	pss_mechanized	isabelle/pss_mechanized.thy	29935	false	false	6,7,8		48	PSS/cross-chapter	PSS/pre-5
pss_mechanized.cong_struct.nextR_eq	pss_mechanized	isabelle/pss_mechanized.thy	29938	false	false	6,7,8		48	PSS/cross-chapter	PSS/pre-5
pss_mechanized.cong_struct.leR_eq	pss_mechanized	isabelle/pss_mechanized.thy	29941	false	false	6,7,8		48	PSS/cross-chapter	PSS/pre-5
pss_mechanized.cong_struct.TrMax_eq	pss_mechanized	isabelle/pss_mechanized.thy	29944	false	false	6,7,8		48	PSS/cross-chapter	PSS/pre-5
pss_mechanized.cong_struct.zeroT_eq	pss_mechanized	isabelle/pss_mechanized.thy	29947	false	false	6,7,8		48	PSS/cross-chapter	PSS/pre-5
pss_mechanized.cong_struct.monoT_eq	pss_mechanized	isabelle/pss_mechanized.thy	29951	false	false	6,7,8		48	PSS/cross-chapter	PSS/pre-5
pss_mechanized.cong_struct.multiT_eq	pss_mechanized	isabelle/pss_mechanized.thy	29954	false	false	6,7,8		48	PSS/cross-chapter	PSS/pre-5
pss_mechanized.cong_struct.Pcut_eq	pss_mechanized	isabelle/pss_mechanized.thy	29957	false	false	6,7,8		48	PSS/cross-chapter	PSS/pre-5
pss_mechanized.congR_cong_struct	pss_mechanized	isabelle/pss_mechanized.thy	29977	false	false	6,7,8		48	PSS/cross-chapter	PSS/pre-5
pss_mechanized.cong_struct_congR	pss_mechanized	isabelle/pss_mechanized.thy	29980	false	false			0	PSS/compat-unreached	PSS/pre-5
pss_mechanized.congR_refl	pss_mechanized	isabelle/pss_mechanized.thy	29992	false	false	6		0	chapter-6/local	PSS/pre-5
pss_mechanized.congR_trans	pss_mechanized	isabelle/pss_mechanized.thy	29994	false	false	6,7,8		48	PSS/cross-chapter	PSS/pre-5
pss_mechanized.congR_Lng	pss_mechanized	isabelle/pss_mechanized.thy	29998	false	false	6,7,8		48	PSS/cross-chapter	PSS/pre-5
pss_mechanized.congR_nextR	pss_mechanized	isabelle/pss_mechanized.thy	29999	false	false	6,7,8		48	PSS/cross-chapter	PSS/pre-5
pss_mechanized.congR_leR	pss_mechanized	isabelle/pss_mechanized.thy	30001	false	false	6,8		8	PSS/cross-chapter	PSS/pre-5
pss_mechanized.congR_TrMax	pss_mechanized	isabelle/pss_mechanized.thy	30003	false	false	6,7,8		48	PSS/cross-chapter	PSS/pre-5
pss_mechanized.congR_zeroT	pss_mechanized	isabelle/pss_mechanized.thy	30005	false	false	6,7,8		48	PSS/cross-chapter	PSS/pre-5
pss_mechanized.congR_monoT	pss_mechanized	isabelle/pss_mechanized.thy	30007	false	false			0	PSS/compat-unreached	PSS/pre-5
pss_mechanized.congR_multiT	pss_mechanized	isabelle/pss_mechanized.thy	30009	false	false	6,7,8		48	PSS/cross-chapter	PSS/pre-5
pss_mechanized.congR_Pcut	pss_mechanized	isabelle/pss_mechanized.thy	30011	false	false	6,7,8		48	PSS/cross-chapter	PSS/pre-5
pss_mechanized.congR_seg	pss_mechanized	isabelle/pss_mechanized.thy	30018	false	false	6,7,8		48	PSS/cross-chapter	PSS/pre-5
pss_mechanized.congR_take	pss_mechanized	isabelle/pss_mechanized.thy	30065	true	false	6,7,8		48	PSS/cross-chapter	PSS/pre-5
pss_mechanized.congR_drop	pss_mechanized	isabelle/pss_mechanized.thy	30081	false	false	6,7,8		48	PSS/cross-chapter	PSS/pre-5
pss_mechanized.congR_P_maplen	pss_mechanized	isabelle/pss_mechanized.thy	30101	true	false	6,7,8		48	PSS/cross-chapter	PSS/pre-5
pss_mechanized.congR_P_length	pss_mechanized	isabelle/pss_mechanized.thy	30138	true	false	6,7,8		48	PSS/cross-chapter	PSS/pre-5
pss_mechanized.congR_P_IdxSum	pss_mechanized	isabelle/pss_mechanized.thy	30141	true	false	6,7,8		48	PSS/cross-chapter	PSS/pre-5
pss_mechanized.congR_P_block	pss_mechanized	isabelle/pss_mechanized.thy	30154	true	false	6,7,8	5,6	48	PSS/cross-chapter	PSS/after-6
pss_mechanized.congR_IncrFirst	pss_mechanized	isabelle/pss_mechanized.thy	30196	false	false			0	PSS/compat-unreached	PSS/pre-5
pss_mechanized.congR_funpow_IncrFirst	pss_mechanized	isabelle/pss_mechanized.thy	30216	false	false			0	PSS/compat-unreached	PSS/pre-5
pss_mechanized.congR_shiftRow0	pss_mechanized	isabelle/pss_mechanized.thy	30223	false	false	6,7,8	5	48	PSS/cross-chapter	PSS/after-5
pss_mechanized.congR_brseg	pss_mechanized	isabelle/pss_mechanized.thy	30257	false	false	6,7,8		48	PSS/cross-chapter	PSS/pre-5
pss_mechanized.congR_Br_length	pss_mechanized	isabelle/pss_mechanized.thy	30265	true	false	6,7,8		48	PSS/cross-chapter	PSS/pre-5
pss_mechanized.congR_Br_block	pss_mechanized	isabelle/pss_mechanized.thy	30288	true	false	6,7,8	5,6	48	PSS/cross-chapter	PSS/after-6
pss_mechanized.congR_Br_maplen	pss_mechanized	isabelle/pss_mechanized.thy	30366	true	false	6,7,8	5,6	48	PSS/cross-chapter	PSS/after-6
pss_mechanized.congR_IdxSum_Br	pss_mechanized	isabelle/pss_mechanized.thy	30380	true	false	6,7,8	5,6	48	PSS/cross-chapter	PSS/after-6
pss_mechanized.congR_FirstNodes	pss_mechanized	isabelle/pss_mechanized.thy	30391	true	false	6,7,8	5,6	48	PSS/cross-chapter	PSS/after-6
pss_mechanized.congR_Joints	pss_mechanized	isabelle/pss_mechanized.thy	30399	true	false	6,7,8	5,6	48	PSS/cross-chapter	PSS/after-6
pss_mechanized.congR_npJ	pss_mechanized	isabelle/pss_mechanized.thy	30405	true	false	6,7,8	5,6	48	PSS/cross-chapter	PSS/after-6
pss_mechanized.cdn_nextrel0_suc_cong	pss_mechanized	isabelle/pss_mechanized.thy	30435	false	false	6,7,8		48	PSS/cross-chapter	PSS/pre-5
pss_mechanized.cdn_minhead_runmin_char	pss_mechanized	isabelle/pss_mechanized.thy	30466	true	false	6,7,8		48	PSS/cross-chapter	PSS/pre-5
pss_mechanized.cdn_nextrel0_minhead_cong	pss_mechanized	isabelle/pss_mechanized.thy	30515	true	false	6,7,8		48	PSS/cross-chapter	PSS/pre-5
pss_mechanized.congR_NJ	pss_mechanized	isabelle/pss_mechanized.thy	30575	true	false	6,7,8	5,6	48	PSS/cross-chapter	PSS/after-6
pss_mechanized.cdn_entry0_diagfun	pss_mechanized	isabelle/pss_mechanized.thy	30698	true	false	6,7,8		48	PSS/cross-chapter	PSS/pre-5
pss_mechanized.cdn_Lng_diagfun	pss_mechanized	isabelle/pss_mechanized.thy	30721	false	false	6,7,8		48	PSS/cross-chapter	PSS/pre-5
pss_mechanized.cdn_runmin_char	pss_mechanized	isabelle/pss_mechanized.thy	30732	false	false	6,7,8		48	PSS/cross-chapter	PSS/pre-5
pss_mechanized.cdn_nextrel0_diagfun_cong	pss_mechanized	isabelle/pss_mechanized.thy	30779	true	false	6,7,8		48	PSS/cross-chapter	PSS/pre-5
pss_mechanized.congR_diag_funpow	pss_mechanized	isabelle/pss_mechanized.thy	31028	true	false	6,7,8		48	PSS/cross-chapter	PSS/pre-5
pss_mechanized.cdn_shiftRow0_id	pss_mechanized	isabelle/pss_mechanized.thy	31078	false	false	6,7,8		50	PSS/cross-chapter	PSS/pre-5
pss_mechanized.cdn_Red_shiftRow0_m10z	pss_mechanized	isabelle/pss_mechanized.thy	31098	true	false	6,7,8	5,6	50	PSS/cross-chapter	PSS/after-6
pss_mechanized.congR_self_shiftRow0	pss_mechanized	isabelle/pss_mechanized.thy	31127	false	false	6,7,8	5	48	PSS/cross-chapter	PSS/after-5
pss_mechanized.cdn_red_cong	pss_mechanized	isabelle/pss_mechanized.thy	31150	true	false	6,7,8	5,6	48	PSS/cross-chapter	PSS/after-6
pss_mechanized.b2_entry0_diag_app	pss_mechanized	isabelle/pss_mechanized.thy	31393	true	false	6,7,8		47	PSS/cross-chapter	PSS/pre-5
pss_mechanized.b2_Lng_diag_app	pss_mechanized	isabelle/pss_mechanized.thy	31409	false	false	6,7,8		47	PSS/cross-chapter	PSS/pre-5
pss_mechanized.b2_nextrel0_tailbump	pss_mechanized	isabelle/pss_mechanized.thy	31424	true	false	6,7,8		47	PSS/cross-chapter	PSS/pre-5
pss_mechanized.b2_congR_tailbump	pss_mechanized	isabelle/pss_mechanized.thy	31645	true	false	6,7,8		47	PSS/cross-chapter	PSS/pre-5
pss_mechanized.b2_RedM_eq_segN	pss_mechanized	isabelle/pss_mechanized.thy	31685	true	false	6,7,8	5,6	48	PSS/cross-chapter	PSS/after-6
pss_mechanized.b2_N_eq_diag_RedM	pss_mechanized	isabelle/pss_mechanized.thy	31766	true	false	6,7,8	5,6	48	PSS/cross-chapter	PSS/after-6
pss_mechanized.b2_idem_m10pos	pss_mechanized	isabelle/pss_mechanized.thy	31821	true	false	6,7,8	5,6	47	PSS/cross-chapter	PSS/after-6
pss_mechanized.s_FirstNode0_eq_TrMax_Suc	pss_mechanized	isabelle/pss_mechanized.thy	31898	true	false	6,7,8		47	PSS/cross-chapter	PSS/pre-5
pss_mechanized.s_npJ0_le_TrMax	pss_mechanized	isabelle/pss_mechanized.thy	31907	true	false	6,7,8	5,6	47	PSS/cross-chapter	PSS/after-6
pss_mechanized.fl_s_TrMax_Red	pss_mechanized	isabelle/pss_mechanized.thy	31977	true	false	6,7,8	5,6	47	PSS/cross-chapter	PSS/after-6
pss_mechanized.d_Red_core_nontrunk_unfold	pss_mechanized	isabelle/pss_mechanized.thy	32118	true	false	6,7,8	5,6	51	PSS/cross-chapter	PSS/after-6
pss_mechanized.fin_Red_leftend_row0_eq_m10	pss_mechanized	isabelle/pss_mechanized.thy	32179	true	false	6,7,8	5,6	49	PSS/cross-chapter	PSS/after-6
pss_mechanized.fin_Red_NJ_leftend	pss_mechanized	isabelle/pss_mechanized.thy	32309	true	false	6,7,8	5,6	49	PSS/cross-chapter	PSS/after-6
pss_mechanized.fin_block_head	pss_mechanized	isabelle/pss_mechanized.thy	32341	true	false	6,7,8	5,6	47	PSS/cross-chapter	PSS/after-6
pss_mechanized.rmt_core_nontrunk_tail_pos	pss_mechanized	isabelle/pss_mechanized.thy	32372	true	false	6,7,8	5,6	49	PSS/cross-chapter	PSS/after-6
pss_mechanized.rmt_core_nontrunk_strict_suffix_min	pss_mechanized	isabelle/pss_mechanized.thy	32502	true	false	6,7,8	5,6	49	PSS/cross-chapter	PSS/after-6
pss_mechanized.if2_P_concat_blocks	pss_mechanized	isabelle/pss_mechanized.thy	32787	true	false	6,7,8	5,6	47	PSS/cross-chapter	PSS/after-6
pss_mechanized.if2_multiT_funpow_IncrFirst	pss_mechanized	isabelle/pss_mechanized.thy	32920	false	false	6,7,8	6	47	PSS/cross-chapter	PSS/after-6
pss_mechanized.if2_block_props	pss_mechanized	isabelle/pss_mechanized.thy	32929	true	false	6,7,8	5,6	47	PSS/cross-chapter	PSS/after-6
pss_mechanized.if2_block_row0_min	pss_mechanized	isabelle/pss_mechanized.thy	32972	true	false	6,7,8	5,6	47	PSS/cross-chapter	PSS/after-6
pss_mechanized.if2_Br_Red	pss_mechanized	isabelle/pss_mechanized.thy	33025	true	false	6,7,8	5,6	47	PSS/cross-chapter	PSS/after-6
pss_mechanized.a1_Red_trunk_row0	pss_mechanized	isabelle/pss_mechanized.thy	33132	true	false	6,7,8	5,6	47	PSS/cross-chapter	PSS/after-6
pss_mechanized.a1_FN_hasParent	pss_mechanized	isabelle/pss_mechanized.thy	33161	true	false	6,7,8	5,6	47	PSS/cross-chapter	PSS/after-6
pss_mechanized.a1_FN_lt	pss_mechanized	isabelle/pss_mechanized.thy	33186	true	false	6,7,8	5,6	47	PSS/cross-chapter	PSS/after-6
pss_mechanized.a1_concat_locate_raw	pss_mechanized	isabelle/pss_mechanized.thy	33198	true	false	6,7,8		47	PSS/cross-chapter	PSS/pre-5
pss_mechanized.a1_concat_locate	pss_mechanized	isabelle/pss_mechanized.thy	33225	true	false	6,7,8		47	PSS/cross-chapter	PSS/pre-5
pss_mechanized.a1_sumlen_take_mono	pss_mechanized	isabelle/pss_mechanized.thy	33240	true	false	6,7,8		47	PSS/cross-chapter	PSS/pre-5
pss_mechanized.a1_if_Joints_Red	pss_mechanized	isabelle/pss_mechanized.thy	33254	true	false	6,7,8	5,6	47	PSS/cross-chapter	PSS/after-6
pss_mechanized.a1_BrRed_row1_head	pss_mechanized	isabelle/pss_mechanized.thy	33432	true	false	6,7,8	5,6	47	PSS/cross-chapter	PSS/after-6
pss_mechanized.a1_if_npJ_Red_zero	pss_mechanized	isabelle/pss_mechanized.thy	33467	true	false	6,7,8	5,6	47	PSS/cross-chapter	PSS/after-6
pss_mechanized.a1_Red_trunk_row1	pss_mechanized	isabelle/pss_mechanized.thy	33483	true	false	6,7,8	5,6	47	PSS/cross-chapter	PSS/after-6
pss_mechanized.a1_Red_trunk_nextrel0_step	pss_mechanized	isabelle/pss_mechanized.thy	33512	true	false	6,7,8	5,6	47	PSS/cross-chapter	PSS/after-6
pss_mechanized.a1_Red_trunk_le0	pss_mechanized	isabelle/pss_mechanized.thy	33531	true	false	6,7,8	5,6	47	PSS/cross-chapter	PSS/after-6
pss_mechanized.a1_le0_ancestor_le_parent	pss_mechanized	isabelle/pss_mechanized.thy	33570	false	false	6,7,8		47	PSS/cross-chapter	PSS/pre-5
pss_mechanized.a1_if_npJ_Red_pos	pss_mechanized	isabelle/pss_mechanized.thy	33595	true	false	6,7,8	5,6	47	PSS/cross-chapter	PSS/after-6
pss_mechanized.a1_if_npJ_Red	pss_mechanized	isabelle/pss_mechanized.thy	33729	true	false	6,7,8	5,6	47	PSS/cross-chapter	PSS/after-6
pss_mechanized.a1_Red_funpow_IncrFirst	pss_mechanized	isabelle/pss_mechanized.thy	33745	true	false	6,7,8	5,6	47	PSS/cross-chapter	PSS/after-6
pss_mechanized.a1_NJ_Red_eq	pss_mechanized	isabelle/pss_mechanized.thy	33771	true	false	6,7,8	5,6	47	PSS/cross-chapter	PSS/after-6
pss_mechanized.a1_Red_NJ_Red_residual	pss_mechanized	isabelle/pss_mechanized.thy	33832	true	false	6,7,8	5,6	47	PSS/cross-chapter	PSS/after-6
pss_mechanized.a1_idem_core_nontrunk	pss_mechanized	isabelle/pss_mechanized.thy	33857	true	false	6,7,8	5,6	47	PSS/cross-chapter	PSS/after-6
pss_mechanized.a1_idem_m10pos	pss_mechanized	isabelle/pss_mechanized.thy	33945	true	false	6,7,8	5,6	47	PSS/cross-chapter	PSS/after-6
pss_mechanized.idem_nonmulti	pss_mechanized	isabelle/pss_mechanized.thy	34021	true	false	6,7,8	5,6	47	PSS/cross-chapter	PSS/after-6
pss_mechanized.a3_butlast_concat	pss_mechanized	isabelle/pss_mechanized.thy	34162	false	false	6,7,8		48	PSS/cross-chapter	PSS/pre-5
pss_mechanized.a3_map_butlast	pss_mechanized	isabelle/pss_mechanized.thy	34179	false	false	6,7,8		48	PSS/cross-chapter	PSS/pre-5
pss_mechanized.a3_butlast_Red_len1	pss_mechanized	isabelle/pss_mechanized.thy	34186	true	false	6,7,8	5,6	48	PSS/cross-chapter	PSS/after-6
pss_mechanized.a3_shiftRow0_Pred	pss_mechanized	isabelle/pss_mechanized.thy	34198	false	false	6,7,8		48	PSS/cross-chapter	PSS/pre-5
pss_mechanized.a3_Red_shiftRow0_Pred_m10z	pss_mechanized	isabelle/pss_mechanized.thy	34249	true	false	6,7,8	5,6	48	PSS/cross-chapter	PSS/after-6
pss_mechanized.a3_TrMax_Pred_trunk	pss_mechanized	isabelle/pss_mechanized.thy	34295	false	false	6,7,8		48	PSS/cross-chapter	PSS/pre-5
pss_mechanized.a3_Red_Pred_cond	pss_mechanized	isabelle/pss_mechanized.thy	34351	true	false		5,6	0	PSS/compat-unreached	PSS/after-6
pss_mechanized.rpred_Br_Pred_prefix	pss_mechanized	isabelle/pss_mechanized.thy	34737	true	false	6,7,8	5,6	48	PSS/cross-chapter	PSS/after-6
pss_mechanized.rpred_IdxSum_prefix_append	pss_mechanized	isabelle/pss_mechanized.thy	34753	true	false	6,7,8		48	PSS/cross-chapter	PSS/pre-5
pss_mechanized.rpred_IdxSum_butlast	pss_mechanized	isabelle/pss_mechanized.thy	34770	true	false	6,7,8		48	PSS/cross-chapter	PSS/pre-5
pss_mechanized.rpred_FirstNodes_Pred	pss_mechanized	isabelle/pss_mechanized.thy	34790	true	false	6,7,8	5,6	48	PSS/cross-chapter	PSS/after-6
pss_mechanized.rpred_JBr_Pred_imp	pss_mechanized	isabelle/pss_mechanized.thy	34863	true	false	6,7,8	5,6	48	PSS/cross-chapter	PSS/after-6
pss_mechanized.rpred_hasParent_FirstNodes	pss_mechanized	isabelle/pss_mechanized.thy	34900	true	false	6,7,8	5,6	48	PSS/cross-chapter	PSS/after-6
pss_mechanized.rpred_Joints_Pred	pss_mechanized	isabelle/pss_mechanized.thy	34930	true	false	6,7,8	5,6	48	PSS/cross-chapter	PSS/after-6
pss_mechanized.rpred_branch_e1_Pred	pss_mechanized	isabelle/pss_mechanized.thy	35025	true	false	6,7,8	5,6	48	PSS/cross-chapter	PSS/after-6
pss_mechanized.rpred_npJ_Pred	pss_mechanized	isabelle/pss_mechanized.thy	35084	true	false	6,7,8	5,6	48	PSS/cross-chapter	PSS/after-6
pss_mechanized.rpred_block_eq_interior	pss_mechanized	isabelle/pss_mechanized.thy	35190	true	false	6,7,8	5,6	48	PSS/cross-chapter	PSS/after-6
pss_mechanized.rpred_NJ_interior	pss_mechanized	isabelle/pss_mechanized.thy	35220	true	false	6,7,8	5,6	48	PSS/cross-chapter	PSS/after-6
pss_mechanized.rpred_lastblock_Pred	pss_mechanized	isabelle/pss_mechanized.thy	35244	true	false	6,7,8	5,6	48	PSS/cross-chapter	PSS/after-6
pss_mechanized.rpred_NJ_lastblock	pss_mechanized	isabelle/pss_mechanized.thy	35281	true	false	6,7,8	5,6	48	PSS/cross-chapter	PSS/after-6
pss_mechanized.rpred_BL_nonempty	pss_mechanized	isabelle/pss_mechanized.thy	35346	true	false	6,7,8	5,6	48	PSS/cross-chapter	PSS/after-6
pss_mechanized.rpred_BL_lastlen1	pss_mechanized	isabelle/pss_mechanized.thy	35369	true	false	6,7,8	5,6	48	PSS/cross-chapter	PSS/after-6
pss_mechanized.rpred_core_nontrunk_step	pss_mechanized	isabelle/pss_mechanized.thy	35392	true	false	6,7,8	5,6	48	PSS/cross-chapter	PSS/after-6
pss_mechanized.rnsub_size_arg_lt	pss_mechanized	isabelle/pss_mechanized.thy	36143	true	false	7,8		18	PSS/cross-chapter	PSS/pre-5
pss_mechanized.rnsub_size_arg_lt'	pss_mechanized	isabelle/pss_mechanized.thy	36155	true	false	7,8		18	PSS/cross-chapter	PSS/pre-5
pss_mechanized.rnsub_RightNodes_cons	pss_mechanized	isabelle/pss_mechanized.thy	36169	true	false	7		0	chapter-7/local	PSS/pre-5
pss_mechanized.rnsub_RightNodes_zero	pss_mechanized	isabelle/pss_mechanized.thy	36174	true	false			0	PSS/compat-unreached	PSS/pre-5
pss_mechanized.rnsub_RightNodes_Dpt	pss_mechanized	isabelle/pss_mechanized.thy	36177	true	false	8		5	chapter-8/local	PSS/pre-5
pss_mechanized.rnsub_RightNodes_last	pss_mechanized	isabelle/pss_mechanized.thy	36182	true	false	7,8		14	PSS/cross-chapter	PSS/pre-5
pss_mechanized.rnsub_flat_single	pss_mechanized	isabelle/pss_mechanized.thy	36187	true	false			0	PSS/compat-unreached	PSS/pre-5
pss_mechanized.rnsub_flat_Dpt0	pss_mechanized	isabelle/pss_mechanized.thy	36191	true	false			0	PSS/compat-unreached	PSS/pre-5
pss_mechanized.rnsub_flat_hd	pss_mechanized	isabelle/pss_mechanized.thy	36195	true	false	7,8		35	PSS/cross-chapter	PSS/pre-5
pss_mechanized.rnsub_flat_nonempty	pss_mechanized	isabelle/pss_mechanized.thy	36199	true	false	7		1	chapter-7/local	PSS/pre-5
pss_mechanized.rnsub_Lng_PB	pss_mechanized	isabelle/pss_mechanized.thy	36203	false	false	7		1	chapter-7/local	PSS/pre-5
pss_mechanized.rnsub_align_lastZ	pss_mechanized	isabelle/pss_mechanized.thy	36217	false	false	7,8		14	PSS/cross-chapter	PSS/pre-5
pss_mechanized.rnsub_flat_multi	pss_mechanized	isabelle/pss_mechanized.thy	36256	true	false	7,8		16	PSS/cross-chapter	PSS/pre-5
pss_mechanized.rnsub_flat_pre_post	pss_mechanized	isabelle/pss_mechanized.thy	36262	true	false	7,8		16	PSS/cross-chapter	PSS/pre-5
pss_mechanized.rnsub_Zsym_in_flat	pss_mechanized	isabelle/pss_mechanized.thy	36321	true	false	7,8		14	PSS/cross-chapter	PSS/pre-5
pss_mechanized.rnsub_allRP_no_Zsym	pss_mechanized	isabelle/pss_mechanized.thy	36327	true	false			0	PSS/compat-unreached	PSS/pre-5
pss_mechanized.rnsub_TB_last	pss_mechanized	isabelle/pss_mechanized.thy	36332	true	false	7,8		14	PSS/cross-chapter	PSS/pre-5
pss_mechanized.rnsub_TB_replace_last	pss_mechanized	isabelle/pss_mechanized.thy	36343	true	false	7,8		14	PSS/cross-chapter	PSS/pre-5
pss_mechanized.rnsub_spineSub_len	pss_mechanized	isabelle/pss_mechanized.thy	36376	true	false	7		1	chapter-7/local	PSS/pre-5
pss_mechanized.rnsub_RightNodes_spineSub	pss_mechanized	isabelle/pss_mechanized.thy	36381	true	false	7,8		14	PSS/cross-chapter	PSS/pre-5
pss_mechanized.rnsub_flat_main	pss_mechanized	isabelle/pss_mechanized.thy	36426	true	false	7,8		14	PSS/cross-chapter	PSS/pre-5
pss_mechanized.rnsub_Lng_spineSub	pss_mechanized	isabelle/pss_mechanized.thy	36546	true	false	7		1	chapter-7/local	PSS/pre-5
pss_mechanized.rnsub_RightNodes_t0_lastv	pss_mechanized	isabelle/pss_mechanized.thy	36560	true	false	7,8		14	PSS/cross-chapter	PSS/pre-5
pss_mechanized.key_reduced_iff_cond_multi	pss_mechanized	isabelle/pss_mechanized.thy	36733	true	false		5,6	0	PSS/compat-unreached	PSS/after-6
pss_mechanized.elead_Lng_diag_append	pss_mechanized	isabelle/pss_mechanized.thy	36779	false	false			0	PSS/compat-unreached	PSS/pre-5
pss_mechanized.elead_entry_diag_append_lo	pss_mechanized	isabelle/pss_mechanized.thy	36783	false	false	6,7,8		47	PSS/cross-chapter	PSS/pre-5
pss_mechanized.elead_entry_diag_append_hi	pss_mechanized	isabelle/pss_mechanized.thy	36793	true	false	6,7,8		47	PSS/cross-chapter	PSS/pre-5
pss_mechanized.elead_monoT_N	pss_mechanized	isabelle/pss_mechanized.thy	36809	true	false	6,7,8	5	47	PSS/cross-chapter	PSS/after-5
pss_mechanized.scbuniq_isPTB_has_nonRP	pss_mechanized	isabelle/pss_mechanized.thy	36905	true	false	7,8		32	PSS/cross-chapter	PSS/pre-5
pss_mechanized.scbuniq_trailRP_append_RP	pss_mechanized	isabelle/pss_mechanized.thy	36916	false	false	7,8		32	PSS/cross-chapter	PSS/pre-5
pss_mechanized.scbuniq_trailRP_prefix_indep	pss_mechanized	isabelle/pss_mechanized.thy	36929	false	false	7,8		32	PSS/cross-chapter	PSS/pre-5
pss_mechanized.scbuniq_all_RP_eq	pss_mechanized	isabelle/pss_mechanized.thy	36942	false	false	7,8		32	PSS/cross-chapter	PSS/pre-5
pss_mechanized.scbtriv_depth_append	pss_mechanized	isabelle/pss_mechanized.thy	37013	false	false			0	PSS/compat-unreached	PSS/pre-5
pss_mechanized.scbtriv_depth_Nil	pss_mechanized	isabelle/pss_mechanized.thy	37017	false	false			0	PSS/compat-unreached	PSS/pre-5
pss_mechanized.scbtriv_depth_Cons	pss_mechanized	isabelle/pss_mechanized.thy	37020	false	false			0	PSS/compat-unreached	PSS/pre-5
pss_mechanized.scbtriv_dlt_simps	pss_mechanized	isabelle/pss_mechanized.thy	37024	true	false			0	PSS/compat-unreached	PSS/pre-5
pss_mechanized.scbtriv_depth_concat_CM	pss_mechanized	isabelle/pss_mechanized.thy	37029	true	false			0	PSS/compat-unreached	PSS/pre-5
pss_mechanized.scbtriv_sum_list_zero	pss_mechanized	isabelle/pss_mechanized.thy	37034	false	false			0	PSS/compat-unreached	PSS/pre-5
pss_mechanized.scbtriv_flat_nonempty	pss_mechanized	isabelle/pss_mechanized.thy	37040	true	false			0	PSS/compat-unreached	PSS/pre-5
pss_mechanized.scbtriv_depth_flat	pss_mechanized	isabelle/pss_mechanized.thy	37046	true	false			0	PSS/compat-unreached	PSS/pre-5
pss_mechanized.scbtriv_eq_imp_trivial_decomp	pss_mechanized	isabelle/pss_mechanized.thy	37072	false	false	7,8		6	PSS/cross-chapter	PSS/pre-5
pss_mechanized.roper_oper_Lng1	pss_mechanized	isabelle/pss_mechanized.thy	37092	false	false	6,8		2	PSS/cross-chapter	PSS/pre-5
pss_mechanized.roper_base_Lng1	pss_mechanized	isabelle/pss_mechanized.thy	37097	true	false		5,6	0	PSS/compat-unreached	PSS/after-6
pss_mechanized.ecrux_diagSeq_split	pss_mechanized	isabelle/pss_mechanized.thy	37121	false	false	6,7,8		47	PSS/cross-chapter	PSS/pre-5
pss_mechanized.herd_Pred_pow_T_PS	pss_mechanized	isabelle/pss_mechanized.thy	37145	false	false	6,7,8		47	PSS/cross-chapter	PSS/pre-5
pss_mechanized.herd_Pred_pow_take	pss_mechanized	isabelle/pss_mechanized.thy	37164	false	false	6,7,8		47	PSS/cross-chapter	PSS/pre-5
pss_mechanized.herd_Red_Pred_pow	pss_mechanized	isabelle/pss_mechanized.thy	37194	true	false	6,7,8	5,6	47	PSS/cross-chapter	PSS/after-6
pss_mechanized.herd_6_6_reduced_slice	pss_mechanized	isabelle/pss_mechanized.thy	37227	true	false	6,7,8	5,6	47	PSS/cross-chapter	PSS/after-6
pss_mechanized.flatinj_dsum_Nil	pss_mechanized	isabelle/pss_mechanized.thy	37284	false	false	7,8		34	PSS/cross-chapter	PSS/pre-5
pss_mechanized.flatinj_dsum_Cons	pss_mechanized	isabelle/pss_mechanized.thy	37287	false	false	7,8		34	PSS/cross-chapter	PSS/pre-5
pss_mechanized.flatinj_dsum_append	pss_mechanized	isabelle/pss_mechanized.thy	37291	false	false	7,8		34	PSS/cross-chapter	PSS/pre-5
pss_mechanized.flatinj_dsum_concat_CM	pss_mechanized	isabelle/pss_mechanized.thy	37297	true	false	7,8		34	PSS/cross-chapter	PSS/pre-5
pss_mechanized.flatinj_dsum_flatBT	pss_mechanized	isabelle/pss_mechanized.thy	37303	true	false	7,8		6	PSS/cross-chapter	PSS/pre-5
pss_mechanized.flatinj_prefix_concat	pss_mechanized	isabelle/pss_mechanized.thy	37333	true	false	7,8		34	PSS/cross-chapter	PSS/pre-5
pss_mechanized.flatinj_prefix_nonneg_BT	pss_mechanized	isabelle/pss_mechanized.thy	37391	true	false	7,8		6	PSS/cross-chapter	PSS/pre-5
pss_mechanized.flatinj_flatBP_cancel	pss_mechanized	isabelle/pss_mechanized.thy	37492	true	false	7,8		34	PSS/cross-chapter	PSS/pre-5
pss_mechanized.flatinj_concat_inj	pss_mechanized	isabelle/pss_mechanized.thy	37541	true	false	7,8		34	PSS/cross-chapter	PSS/pre-5
pss_mechanized.list_321_cases	pss_mechanized	isabelle/pss_mechanized.thy	37574	false	false	7,8		34	PSS/cross-chapter	PSS/pre-5
pss_mechanized.flatinj_flat_inj	pss_mechanized	isabelle/pss_mechanized.thy	37588	true	false	7,8		34	PSS/cross-chapter	PSS/pre-5
pss_mechanized.scbcomp_compose1	pss_mechanized	isabelle/pss_mechanized.thy	37699	true	false	7,8		28	PSS/cross-chapter	PSS/pre-5
pss_mechanized.scbcomp_compose2_PT	pss_mechanized	isabelle/pss_mechanized.thy	37735	true	false			0	PSS/compat-unreached	PSS/pre-5
pss_mechanized.scbcomp_isPTB_Zsym_False	pss_mechanized	isabelle/pss_mechanized.thy	37760	true	false			0	PSS/compat-unreached	PSS/pre-5
pss_mechanized.scbcomp_compose2_counterexample	pss_mechanized	isabelle/pss_mechanized.thy	37770	true	false			0	PSS/compat-unreached	PSS/pre-5
pss_mechanized.ecrux_drop_tail	pss_mechanized	isabelle/pss_mechanized.thy	37814	false	false	6,7,8		46	PSS/cross-chapter	PSS/pre-5
pss_mechanized.ecrux_Lng	pss_mechanized	isabelle/pss_mechanized.thy	37820	false	false	6,7,8		41	PSS/cross-chapter	PSS/pre-5
pss_mechanized.ecrux_TrMax_diag_prefix	pss_mechanized	isabelle/pss_mechanized.thy	37828	true	false	6,7,8		41	PSS/cross-chapter	PSS/pre-5
pss_mechanized.ecrux_branch_seg_eq	pss_mechanized	isabelle/pss_mechanized.thy	37915	true	false			0	PSS/compat-unreached	PSS/pre-5
pss_mechanized.ecrux_Br_diag_prefix	pss_mechanized	isabelle/pss_mechanized.thy	37949	true	false			0	PSS/compat-unreached	PSS/pre-5
pss_mechanized.ecrux_FirstNodes_diag_prefix	pss_mechanized	isabelle/pss_mechanized.thy	37986	true	false			0	PSS/compat-unreached	PSS/pre-5
pss_mechanized.scbtriv_flat_append_RP_nil	pss_mechanized	isabelle/pss_mechanized.thy	38033	true	false	7,8		6	PSS/cross-chapter	PSS/pre-5
pss_mechanized.ecrux_bumpAt_diag_IncrFirst	pss_mechanized	isabelle/pss_mechanized.thy	38171	true	false	6,7,8	5	47	PSS/cross-chapter	PSS/after-5
pss_mechanized.ecrux_cutOK_diag	pss_mechanized	isabelle/pss_mechanized.thy	38248	true	false	6,7,8	5	47	PSS/cross-chapter	PSS/after-5
pss_mechanized.ecrux_Red_diag_IncrFirst_step	pss_mechanized	isabelle/pss_mechanized.thy	38278	true	false	6,7,8	5,6	47	PSS/cross-chapter	PSS/after-6
pss_mechanized.ecrux_Red_diag_IncrFirst_pow	pss_mechanized	isabelle/pss_mechanized.thy	38297	true	false	6,7,8	5,6	47	PSS/cross-chapter	PSS/after-6
pss_mechanized.ecrux_Red_diag_eq_Red_coreReduce	pss_mechanized	isabelle/pss_mechanized.thy	38333	true	false	6,7,8	5,6	47	PSS/cross-chapter	PSS/after-6
pss_mechanized.scbrepl_multi_not_PTB	pss_mechanized	isabelle/pss_mechanized.thy	38423	true	false	7		1	chapter-7/local	PSS/pre-5
pss_mechanized.scbrepl_t0_zero_forces_trivial	pss_mechanized	isabelle/pss_mechanized.thy	38486	true	false	7		1	chapter-7/local	PSS/pre-5
pss_mechanized.scbrepl_concl_from_image	pss_mechanized	isabelle/pss_mechanized.thy	38566	true	false	7	7	1	chapter-7/local	PSS/after-7
pss_mechanized.kst_reduced_row1_le_row0	pss_mechanized	isabelle/pss_mechanized.thy	38628	true	false	6,7,8	5,6	47	PSS/cross-chapter	PSS/after-6
pss_mechanized.kst_no_parent_Lng1	pss_mechanized	isabelle/pss_mechanized.thy	38847	false	false	6,7,8		46	PSS/cross-chapter	PSS/pre-5
pss_mechanized.kst_reduced_iff_cond_zeroT	pss_mechanized	isabelle/pss_mechanized.thy	38868	true	false	6,7,8	5,6	46	PSS/cross-chapter	PSS/after-6
pss_mechanized.addscb_princ_isPTB	pss_mechanized	isabelle/pss_mechanized.thy	38937	true	false	7,8		9	PSS/cross-chapter	PSS/pre-5
pss_mechanized.addscb_addBT_snoc	pss_mechanized	isabelle/pss_mechanized.thy	38948	true	false	7,8		9	PSS/cross-chapter	PSS/pre-5
pss_mechanized.kfwd_nextR_diagSeq_parent	pss_mechanized	isabelle/pss_mechanized.thy	39104	false	false	6,7,8		46	PSS/cross-chapter	PSS/pre-5
pss_mechanized.kfwd_condAB_diagSeq	pss_mechanized	isabelle/pss_mechanized.thy	39163	true	false	6,7,8		46	PSS/cross-chapter	PSS/pre-5
pss_mechanized.kfwd_reduced_core_trunk_diag	pss_mechanized	isabelle/pss_mechanized.thy	39231	true	false	6,7,8	5,6	46	PSS/cross-chapter	PSS/after-6
pss_mechanized.kfwd_reduced_core_trunk_condAB	pss_mechanized	isabelle/pss_mechanized.thy	39249	true	false	6,7,8	5,6	46	PSS/cross-chapter	PSS/after-6
pss_mechanized.kfwd_Red_core_leftend00	pss_mechanized	isabelle/pss_mechanized.thy	39268	true	false	6,7,8	5,6	46	PSS/cross-chapter	PSS/after-6
pss_mechanized.kfwd_reduced_monoT_shift_vacuous	pss_mechanized	isabelle/pss_mechanized.thy	39315	true	false	6,7,8	5,6	46	PSS/cross-chapter	PSS/after-6
pss_mechanized.addscb_flat_pre_post2	pss_mechanized	isabelle/pss_mechanized.thy	39357	true	false	7,8		9	PSS/cross-chapter	PSS/pre-5
pss_mechanized.kfwd_reduced_core_nontrunk_initslice	pss_mechanized	isabelle/pss_mechanized.thy	39467	true	false		5,6	0	PSS/compat-unreached	PSS/after-6
pss_mechanized.kfwd_pred_agree	pss_mechanized	isabelle/pss_mechanized.thy	39567	false	false	6,7,8		46	PSS/cross-chapter	PSS/pre-5
pss_mechanized.kfwd_nextR_Pred_imp	pss_mechanized	isabelle/pss_mechanized.thy	39577	false	false	6,7,8		46	PSS/cross-chapter	PSS/pre-5
pss_mechanized.kfwd_nextR_Pred_rev	pss_mechanized	isabelle/pss_mechanized.thy	39607	false	false	6,7,8		46	PSS/cross-chapter	PSS/pre-5
pss_mechanized.kfwd_hasParent_Pred_iff	pss_mechanized	isabelle/pss_mechanized.thy	39644	false	false	6,7,8		46	PSS/cross-chapter	PSS/pre-5
pss_mechanized.kfwd_parent_Pred_eq	pss_mechanized	isabelle/pss_mechanized.thy	39688	false	false	6,7,8		46	PSS/cross-chapter	PSS/pre-5
pss_mechanized.kfwd_entry_Pred_eq	pss_mechanized	isabelle/pss_mechanized.thy	39716	false	false	6,7,8		46	PSS/cross-chapter	PSS/pre-5
pss_mechanized.kfwd_monoT_hasParent_top	pss_mechanized	isabelle/pss_mechanized.thy	39731	false	false	6,7,8	5	46	PSS/cross-chapter	PSS/after-5
pss_mechanized.scbc_principal_cancel	pss_mechanized	isabelle/pss_mechanized.thy	39809	true	false	7		0	chapter-7/local	PSS/pre-5
pss_mechanized.flatinj_dsum_allRP	pss_mechanized	isabelle/pss_mechanized.thy	39885	true	false	7		0	chapter-7/local	PSS/pre-5
pss_mechanized.rnsub_flatBP_lastZ_split	pss_mechanized	isabelle/pss_mechanized.thy	39893	true	false			0	PSS/compat-unreached	PSS/pre-5
pss_mechanized.rnsub_RN_single	pss_mechanized	isabelle/pss_mechanized.thy	39927	true	false			0	PSS/compat-unreached	PSS/pre-5
pss_mechanized.rnsub_dsum_pre_eq_post	pss_mechanized	isabelle/pss_mechanized.thy	39937	true	false			0	PSS/compat-unreached	PSS/pre-5
pss_mechanized.rnsub_straddle_excluded	pss_mechanized	isabelle/pss_mechanized.thy	39959	true	false	7		0	chapter-7/local	PSS/pre-5
pss_mechanized.rnsub_cut_ge_pre_dichotomy	pss_mechanized	isabelle/pss_mechanized.thy	40028	true	false	7		0	chapter-7/local	PSS/pre-5
pss_mechanized.incf_pow_Lng	pss_mechanized	isabelle/pss_mechanized.thy	40141	false	false			0	PSS/compat-unreached	PSS/pre-5
pss_mechanized.incf_pow_entry0	pss_mechanized	isabelle/pss_mechanized.thy	40146	false	false	6,7,8		46	PSS/cross-chapter	PSS/pre-5
pss_mechanized.incf_pow_entry1	pss_mechanized	isabelle/pss_mechanized.thy	40162	false	false	6,7,8		46	PSS/cross-chapter	PSS/pre-5
pss_mechanized.nextrel0_incf_pow_eq	pss_mechanized	isabelle/pss_mechanized.thy	40181	false	false	6,7,8		46	PSS/cross-chapter	PSS/pre-5
pss_mechanized.nextrel1_incf_pow_eq	pss_mechanized	isabelle/pss_mechanized.thy	40192	false	false	6,7,8		46	PSS/cross-chapter	PSS/pre-5
pss_mechanized.incf_pow_nextR	pss_mechanized	isabelle/pss_mechanized.thy	40203	false	false	6,7,8		46	PSS/cross-chapter	PSS/pre-5
pss_mechanized.incf_pow_hasParent	pss_mechanized	isabelle/pss_mechanized.thy	40218	false	false	6,7,8		46	PSS/cross-chapter	PSS/pre-5
pss_mechanized.incf_pow_parent	pss_mechanized	isabelle/pss_mechanized.thy	40223	false	false	6,7,8		46	PSS/cross-chapter	PSS/pre-5
pss_mechanized.concat_map_last_block_drop	pss_mechanized	isabelle/pss_mechanized.thy	40249	true	false	6,7,8		46	PSS/cross-chapter	PSS/pre-5
pss_mechanized.kfwd_lastblock_locate	pss_mechanized	isabelle/pss_mechanized.thy	40261	true	false	6,7,8	5,6	46	PSS/cross-chapter	PSS/after-6
pss_mechanized.wf12_allRP_prefix	pss_mechanized	isabelle/pss_mechanized.thy	40382	false	false			0	PSS/compat-unreached	PSS/pre-5
pss_mechanized.rnsub_marked_canon_lastZ	pss_mechanized	isabelle/pss_mechanized.thy	40394	true	false			0	PSS/compat-unreached	PSS/pre-5
pss_mechanized.ncons_diag_prefix_entry	pss_mechanized	isabelle/pss_mechanized.thy	40443	true	false	6,7,8	5,6	46	PSS/cross-chapter	PSS/after-6
pss_mechanized.ncons_Pred_core	pss_mechanized	isabelle/pss_mechanized.thy	40474	true	false	6,7,8	5,6	46	PSS/cross-chapter	PSS/after-6
pss_mechanized.kst_reduced_imp_condAB_monoT_core_cond	pss_mechanized	isabelle/pss_mechanized.thy	40529	true	false		5,6	0	PSS/compat-unreached	PSS/after-6
pss_mechanized.flatBT_last_not_CM	pss_mechanized	isabelle/pss_mechanized.thy	40674	true	false	7,8		6	PSS/cross-chapter	PSS/pre-5
pss_mechanized.flatBP_last_not_CM'	pss_mechanized	isabelle/pss_mechanized.thy	40688	true	false			0	PSS/compat-unreached	PSS/pre-5
pss_mechanized.flatinj_dsum_suffix	pss_mechanized	isabelle/pss_mechanized.thy	40692	false	false			0	PSS/compat-unreached	PSS/pre-5
pss_mechanized.rnsub_peel_components	pss_mechanized	isabelle/pss_mechanized.thy	40703	true	false	7		0	chapter-7/local	PSS/pre-5
pss_mechanized.flat_CM_shift	pss_mechanized	isabelle/pss_mechanized.thy	40855	false	false	7		0	chapter-7/local	PSS/pre-5
pss_mechanized.flatBP_len_ge2	pss_mechanized	isabelle/pss_mechanized.thy	40865	true	false	7,8		6	PSS/cross-chapter	PSS/pre-5
pss_mechanized.rnsub_RN_of_maximal	pss_mechanized	isabelle/pss_mechanized.thy	40873	true	false	7	7	0	chapter-7/local	PSS/after-7
pss_mechanized.rnsub_cut_ge_pre	pss_mechanized	isabelle/pss_mechanized.thy	40887	true	false	7		0	chapter-7/local	PSS/pre-5
pss_mechanized.rnsub_RN_occ_len_le	pss_mechanized	isabelle/pss_mechanized.thy	40985	true	false	7	7	0	chapter-7/local	PSS/after-7
pss_mechanized.rnsub_RN_pins_len	pss_mechanized	isabelle/pss_mechanized.thy	41053	true	false	7	7	0	chapter-7/local	PSS/after-7
pss_mechanized.wf15_lastblock_entry_transfer	pss_mechanized	isabelle/pss_mechanized.thy	41274	true	false	6,7,8	5,6	46	PSS/cross-chapter	PSS/after-6
pss_mechanized.wf15_inblock_N_core	pss_mechanized	isabelle/pss_mechanized.thy	41358	true	false	6,7,8	5,6	46	PSS/cross-chapter	PSS/after-6
pss_mechanized.rnsub_RN_occ_suffix	pss_mechanized	isabelle/pss_mechanized.thy	41452	true	false	7	7	0	chapter-7/local	PSS/after-7
pss_mechanized.rnsub_kind1_drop_index_pin	pss_mechanized	isabelle/pss_mechanized.thy	41525	false	false	7		0	chapter-7/local	PSS/pre-5
pss_mechanized.rnsub_kind1_len_pin	pss_mechanized	isabelle/pss_mechanized.thy	41602	true	false	7	7	0	chapter-7/local	PSS/after-7
pss_mechanized.wf16_inblock_parent_corr	pss_mechanized	isabelle/pss_mechanized.thy	41733	true	false	6,7,8	5,6	46	PSS/cross-chapter	PSS/after-6
pss_mechanized.rnsub_drop_last_eq	pss_mechanized	isabelle/pss_mechanized.thy	41889	true	false	7		0	chapter-7/local	PSS/pre-5
pss_mechanized.rnsub_kind0_last0	pss_mechanized	isabelle/pss_mechanized.thy	41906	true	false	7	7	0	chapter-7/local	PSS/after-7
pss_mechanized.rnsub_kind1_lastpos	pss_mechanized	isabelle/pss_mechanized.thy	41948	true	false	7	7	0	chapter-7/local	PSS/after-7
pss_mechanized.rnsub_kind0_able_shape	pss_mechanized	isabelle/pss_mechanized.thy	42049	true	false	7	7	0	chapter-7/local	PSS/after-7
pss_mechanized.rnsub_kind1_able_shape	pss_mechanized	isabelle/pss_mechanized.thy	42077	true	false	7	7	0	chapter-7/local	PSS/after-7
pss_mechanized.rnsub_kindable_imp_natshape	pss_mechanized	isabelle/pss_mechanized.thy	42133	true	false	7	7	0	chapter-7/local	PSS/after-7
pss_mechanized.wf17_entry_diag_tail	pss_mechanized	isabelle/pss_mechanized.thy	42181	true	false	6,7,8		46	PSS/cross-chapter	PSS/pre-5
pss_mechanized.wf17_nextR_unique	pss_mechanized	isabelle/pss_mechanized.thy	42191	false	false	6,7,8		47	PSS/cross-chapter	PSS/pre-5
pss_mechanized.wf17_RedCondA_diag_tail	pss_mechanized	isabelle/pss_mechanized.thy	42203	true	false	6,7,8		46	PSS/cross-chapter	PSS/pre-5
pss_mechanized.wf17_blk_len	pss_mechanized	isabelle/pss_mechanized.thy	42267	true	false	6,7,8	5,6	46	PSS/cross-chapter	PSS/after-6
pss_mechanized.wf17_off_eq_firstnode	pss_mechanized	isabelle/pss_mechanized.thy	42282	true	false	6,7,8	5,6	46	PSS/cross-chapter	PSS/after-6
pss_mechanized.wf17_crossblock_row0	pss_mechanized	isabelle/pss_mechanized.thy	42363	true	false	6,7,8	5,6	46	PSS/cross-chapter	PSS/after-6
pss_mechanized.wf17_crossblock_row1	pss_mechanized	isabelle/pss_mechanized.thy	42446	true	false	6,7,8	5,6	46	PSS/cross-chapter	PSS/after-6
pss_mechanized.wf18_crossblock_row1_kkpos	pss_mechanized	isabelle/pss_mechanized.thy	42585	true	false		5,6	0	PSS/compat-unreached	PSS/after-6
pss_mechanized.wf19_valpin	pss_mechanized	isabelle/pss_mechanized.thy	42678	true	false		5,6	0	PSS/compat-unreached	PSS/after-6
pss_mechanized.wf19_IdxSum_pos	pss_mechanized	isabelle/pss_mechanized.thy	42792	true	false	6,7,8		46	PSS/cross-chapter	PSS/pre-5
pss_mechanized.wf19_Lng_N_lt	pss_mechanized	isabelle/pss_mechanized.thy	42816	true	false	6,7,8	5,6	46	PSS/cross-chapter	PSS/after-6
pss_mechanized.wf19_inblock_entry	pss_mechanized	isabelle/pss_mechanized.thy	42898	true	false	6,7,8	5,6	46	PSS/cross-chapter	PSS/after-6
pss_mechanized.wf19_inblock_condA	pss_mechanized	isabelle/pss_mechanized.thy	42965	true	false	6,7,8	5,6	46	PSS/cross-chapter	PSS/after-6
pss_mechanized.wf19_r0_kkpos_inblock	pss_mechanized	isabelle/pss_mechanized.thy	43072	true	false	6,7,8	5,6	46	PSS/cross-chapter	PSS/after-6
pss_mechanized.wf19_brnz_of_r1_kk0	pss_mechanized	isabelle/pss_mechanized.thy	43151	true	false	6,7,8	5,6	46	PSS/cross-chapter	PSS/after-6
pss_mechanized.wf19_RedCondA_Rs	pss_mechanized	isabelle/pss_mechanized.thy	43199	true	false	6,7,8		46	PSS/cross-chapter	PSS/pre-5
pss_mechanized.condAB_all_cond	pss_mechanized	isabelle/pss_mechanized.thy	43227	true	false	6,7,8	5,6	46	PSS/cross-chapter	PSS/after-6
pss_mechanized.kst_reduced_imp_condAB_monoT_core_via_wf19	pss_mechanized	isabelle/pss_mechanized.thy	43485	true	false		5,6	0	PSS/compat-unreached	PSS/after-6
pss_mechanized.condA_top_all_cond	pss_mechanized	isabelle/pss_mechanized.thy	43505	true	false		5,6	0	PSS/compat-unreached	PSS/after-6
pss_mechanized.wf20_parpin	pss_mechanized	isabelle/pss_mechanized.thy	43588	true	false			0	PSS/compat-unreached	PSS/pre-5
pss_mechanized.wf21_rawN_core	pss_mechanized	isabelle/pss_mechanized.thy	43766	true	false		5,6	0	PSS/compat-unreached	PSS/after-6
pss_mechanized.wf21_Red_row1zero_leftend	pss_mechanized	isabelle/pss_mechanized.thy	43846	true	false		5,6	0	PSS/compat-unreached	PSS/after-6
pss_mechanized.wf21_Br_eq_seg	pss_mechanized	isabelle/pss_mechanized.thy	43941	true	false	6,7,8	5,6	46	PSS/cross-chapter	PSS/after-6
pss_mechanized.wf21_rawN_props	pss_mechanized	isabelle/pss_mechanized.thy	44015	true	false		5,6	0	PSS/compat-unreached	PSS/after-6
pss_mechanized.wf22_le0_off_last	pss_mechanized	isabelle/pss_mechanized.thy	44158	true	false	6,7,8	5,6	46	PSS/cross-chapter	PSS/after-6
pss_mechanized.wf22_off_row1val	pss_mechanized	isabelle/pss_mechanized.thy	44210	true	false	6,7,8	5,6	46	PSS/cross-chapter	PSS/after-6
pss_mechanized.wf22_r1cross_factA	pss_mechanized	isabelle/pss_mechanized.thy	44298	true	false	6,7,8	5,6	46	PSS/cross-chapter	PSS/after-6
pss_mechanized.wf22_row1parent_le_joint	pss_mechanized	isabelle/pss_mechanized.thy	44393	true	false	6,7,8	5,6	46	PSS/cross-chapter	PSS/after-6
pss_mechanized.wf22_r1cross	pss_mechanized	isabelle/pss_mechanized.thy	44475	true	false	6,7,8	5,6	46	PSS/cross-chapter	PSS/after-6
pss_mechanized.kst_reduced_imp_condAB_monoT_core	pss_mechanized	isabelle/pss_mechanized.thy	44493	true	false	6,7,8	5,6	46	PSS/cross-chapter	PSS/after-6
pss_mechanized.kfwd_P_block_shorter	pss_mechanized	isabelle/pss_mechanized.thy	44527	true	false	6,7,8	6	46	PSS/cross-chapter	PSS/after-6
pss_mechanized.kfwd_reduced_monoT_diag00	pss_mechanized	isabelle/pss_mechanized.thy	44577	true	false	6,7,8	5,6	46	PSS/cross-chapter	PSS/after-6
pss_mechanized.kfwd_monoT_hasParent_col	pss_mechanized	isabelle/pss_mechanized.thy	44659	true	false	6,7,8	5	46	PSS/cross-chapter	PSS/after-5
pss_mechanized.kfwd_reduced_monoT_condB	pss_mechanized	isabelle/pss_mechanized.thy	44679	true	false	6,7,8	5,6	46	PSS/cross-chapter	PSS/after-6
pss_mechanized.kst_reduced_imp_condAB_cond	pss_mechanized	isabelle/pss_mechanized.thy	44709	true	false	6,7,8	5,6	46	PSS/cross-chapter	PSS/after-6
pss_mechanized.kst_reduced_imp_condAB	pss_mechanized	isabelle/pss_mechanized.thy	44801	true	false		5,6	0	PSS/compat-unreached	PSS/after-6
pss_mechanized.Lng_rebaseNp	pss_mechanized	isabelle/pss_mechanized.thy	44861	true	false	6,7,8		41	PSS/cross-chapter	PSS/pre-5
pss_mechanized.rebaseNp_nth	pss_mechanized	isabelle/pss_mechanized.thy	44864	true	false	6,7,8		41	PSS/cross-chapter	PSS/pre-5
pss_mechanized.entry_rebaseNp	pss_mechanized	isabelle/pss_mechanized.thy	44878	true	false	6,7,8		41	PSS/cross-chapter	PSS/pre-5
pss_mechanized.Lng_diagPre	pss_mechanized	isabelle/pss_mechanized.thy	44906	false	false	6,7,8		41	PSS/cross-chapter	PSS/pre-5
pss_mechanized.diagPre_nth	pss_mechanized	isabelle/pss_mechanized.thy	44909	false	false	6,7,8		41	PSS/cross-chapter	PSS/pre-5
pss_mechanized.entry_diagPre	pss_mechanized	isabelle/pss_mechanized.thy	44912	false	false	6,7,8		41	PSS/cross-chapter	PSS/pre-5
pss_mechanized.Lng_bwdN	pss_mechanized	isabelle/pss_mechanized.thy	44922	true	false	6,7,8		41	PSS/cross-chapter	PSS/pre-5
pss_mechanized.Lng_bwdN_zero	pss_mechanized	isabelle/pss_mechanized.thy	44925	false	false	6,7,8		41	PSS/cross-chapter	PSS/pre-5
pss_mechanized.Lng_bwdN_minus1	pss_mechanized	isabelle/pss_mechanized.thy	44936	true	false			0	PSS/compat-unreached	PSS/pre-5
pss_mechanized.entry_bwdN_diag	pss_mechanized	isabelle/pss_mechanized.thy	44944	false	false	6,7,8		41	PSS/cross-chapter	PSS/pre-5
pss_mechanized.entry_bwdN_rebase	pss_mechanized	isabelle/pss_mechanized.thy	44954	false	false	6,7,8		41	PSS/cross-chapter	PSS/pre-5
pss_mechanized.bwdN_left_end	pss_mechanized	isabelle/pss_mechanized.thy	44965	true	false	6,7,8		41	PSS/cross-chapter	PSS/pre-5
pss_mechanized.bwdN_Lng_lt	pss_mechanized	isabelle/pss_mechanized.thy	45048	true	false			0	PSS/compat-unreached	PSS/pre-5
pss_mechanized.seg_eq_IncrFirst_rebaseNp	pss_mechanized	isabelle/pss_mechanized.thy	45065	true	false	6,7,8		41	PSS/cross-chapter	PSS/pre-5
pss_mechanized.cAm10_entry_transfer	pss_mechanized	isabelle/pss_mechanized.thy	45129	true	false	6,7,8		46	PSS/cross-chapter	PSS/pre-5
pss_mechanized.cAm10_entry_prefix	pss_mechanized	isabelle/pss_mechanized.thy	45142	false	false			0	PSS/compat-unreached	PSS/pre-5
pss_mechanized.cAm10_entry_junction	pss_mechanized	isabelle/pss_mechanized.thy	45147	false	false	6,7,8		46	PSS/cross-chapter	PSS/pre-5
pss_mechanized.cAm10_nextrel0_shift	pss_mechanized	isabelle/pss_mechanized.thy	45162	true	false	6,7,8		46	PSS/cross-chapter	PSS/pre-5
pss_mechanized.cAm10_nextrel0_rtrancl_M_to_N	pss_mechanized	isabelle/pss_mechanized.thy	45217	true	false	6,7,8		46	PSS/cross-chapter	PSS/pre-5
pss_mechanized.cAm10_nextrel0_rtrancl_N_to_M	pss_mechanized	isabelle/pss_mechanized.thy	45239	true	false	6,7,8		46	PSS/cross-chapter	PSS/pre-5
pss_mechanized.cAm10_le0_shift	pss_mechanized	isabelle/pss_mechanized.thy	45268	true	false	6,7,8		46	PSS/cross-chapter	PSS/pre-5
pss_mechanized.cAm10_nextrel1_shift	pss_mechanized	isabelle/pss_mechanized.thy	45301	true	false	6,7,8		46	PSS/cross-chapter	PSS/pre-5
pss_mechanized.cAm10_nextR_shift	pss_mechanized	isabelle/pss_mechanized.thy	45366	true	false	6,7,8		46	PSS/cross-chapter	PSS/pre-5
pss_mechanized.cAm10_monoT_row0_strict	pss_mechanized	isabelle/pss_mechanized.thy	45386	true	false	6,7,8	5	46	PSS/cross-chapter	PSS/after-5
pss_mechanized.cAm10_junction_parent	pss_mechanized	isabelle/pss_mechanized.thy	45410	true	false	6,7,8	5	46	PSS/cross-chapter	PSS/after-5
pss_mechanized.cAm10_no_parent_col0	pss_mechanized	isabelle/pss_mechanized.thy	45505	true	false	6,7,8		46	PSS/cross-chapter	PSS/pre-5
pss_mechanized.condA_m10pos	pss_mechanized	isabelle/pss_mechanized.thy	45524	true	false	6,7,8	5,6	46	PSS/cross-chapter	PSS/after-6
pss_mechanized.kst_reduced_imp_condAB_uncond	pss_mechanized	isabelle/pss_mechanized.thy	45594	true	false	6,7,8	5,6	46	PSS/cross-chapter	PSS/after-6
pss_mechanized.entry_rebaseNp00	pss_mechanized	isabelle/pss_mechanized.thy	45608	true	false	6,7,8		41	PSS/cross-chapter	PSS/pre-5
pss_mechanized.bwdN_in_T_PS	pss_mechanized	isabelle/pss_mechanized.thy	45620	true	false	6,7,8		41	PSS/cross-chapter	PSS/pre-5
pss_mechanized.rebaseNp_in_T_PS	pss_mechanized	isabelle/pss_mechanized.thy	45627	true	false	6,7,8		41	PSS/cross-chapter	PSS/pre-5
pss_mechanized.monoT_rebaseNp	pss_mechanized	isabelle/pss_mechanized.thy	45634	true	false	6,7,8	6	41	PSS/cross-chapter	PSS/after-6
pss_mechanized.diagPre_eq_diagSeq	pss_mechanized	isabelle/pss_mechanized.thy	45652	false	false	6,7,8		41	PSS/cross-chapter	PSS/pre-5
pss_mechanized.monoT_bwdN	pss_mechanized	isabelle/pss_mechanized.thy	45657	true	false	6,7,8	5,6	41	PSS/cross-chapter	PSS/after-6
pss_mechanized.RedCondB_bwdN	pss_mechanized	isabelle/pss_mechanized.thy	45687	true	false	6,7,8	5,6	41	PSS/cross-chapter	PSS/after-6
pss_mechanized.entry_bwdN_diag_le	pss_mechanized	isabelle/pss_mechanized.thy	45708	true	false	6,7,8		41	PSS/cross-chapter	PSS/pre-5
pss_mechanized.RedCondA_bwdN_diag_case	pss_mechanized	isabelle/pss_mechanized.thy	45742	true	false	6,7,8		41	PSS/cross-chapter	PSS/pre-5
pss_mechanized.entry_bwdN_rebase_M	pss_mechanized	isabelle/pss_mechanized.thy	45836	true	false	6,7,8		41	PSS/cross-chapter	PSS/pre-5
pss_mechanized.nextrel0_bwdN_rebase_to_M	pss_mechanized	isabelle/pss_mechanized.thy	45869	true	false	6,7,8		41	PSS/cross-chapter	PSS/pre-5
pss_mechanized.nextrel0_M_to_bwdN_rebase	pss_mechanized	isabelle/pss_mechanized.thy	45934	true	false	6,7,8		41	PSS/cross-chapter	PSS/pre-5
pss_mechanized.le0_bwdN_rebase_to_M	pss_mechanized	isabelle/pss_mechanized.thy	45987	true	false	6,7,8		41	PSS/cross-chapter	PSS/pre-5
pss_mechanized.le0_M_to_bwdN_rebase	pss_mechanized	isabelle/pss_mechanized.thy	46041	true	false	6,7,8		41	PSS/cross-chapter	PSS/pre-5
pss_mechanized.nextrel1_bwdN_rebase_to_M	pss_mechanized	isabelle/pss_mechanized.thy	46094	true	false	6,7,8		41	PSS/cross-chapter	PSS/pre-5
pss_mechanized.RedCondA_bwdN_case1_and_diag	pss_mechanized	isabelle/pss_mechanized.thy	46157	true	false	6,7,8		41	PSS/cross-chapter	PSS/pre-5
pss_mechanized.seg_row0_strict	pss_mechanized	isabelle/pss_mechanized.thy	46273	true	false	6,7,8	5,6	41	PSS/cross-chapter	PSS/after-6
pss_mechanized.le0_bwdN_junction_to_rebase	pss_mechanized	isabelle/pss_mechanized.thy	46298	true	false	6,7,8	5,6	41	PSS/cross-chapter	PSS/after-6
pss_mechanized.RedCondA_bwdN_cross_case	pss_mechanized	isabelle/pss_mechanized.thy	46339	true	false	6,7,8	5,6	41	PSS/cross-chapter	PSS/after-6
pss_mechanized.seg_rmono_of_monoT	pss_mechanized	isabelle/pss_mechanized.thy	46435	true	false	6,7,8	5,6	41	PSS/cross-chapter	PSS/after-6
pss_mechanized.RedCondA_bwdN	pss_mechanized	isabelle/pss_mechanized.thy	46457	true	false	6,7,8	5,6	41	PSS/cross-chapter	PSS/after-6
pss_mechanized.kst_condAB_imp_reduced_cond	pss_mechanized	isabelle/pss_mechanized.thy	46509	true	false	6,7,8	5,6	41	PSS/cross-chapter	PSS/after-6
pss_mechanized.kst_bwdcore_trunk	pss_mechanized	isabelle/pss_mechanized.thy	46732	true	false	6,7,8	5,6	41	PSS/cross-chapter	PSS/after-6
pss_mechanized.kst_bwdcore_nontrunk_of_blocks	pss_mechanized	isabelle/pss_mechanized.thy	46767	true	false	6,7,8	5,6	41	PSS/cross-chapter	PSS/after-6
pss_mechanized.kst_bwdcore_trunkdiag	pss_mechanized	isabelle/pss_mechanized.thy	46837	true	false	6,7,8	5,6	41	PSS/cross-chapter	PSS/after-6
pss_mechanized.frontb_rebaseNp_whole	pss_mechanized	isabelle/pss_mechanized.thy	46992	true	false	6,7,8	5	41	PSS/cross-chapter	PSS/after-5
pss_mechanized.frontb_bwdN_whole_eq_Q	pss_mechanized	isabelle/pss_mechanized.thy	47014	true	false	6,7,8	5	41	PSS/cross-chapter	PSS/after-5
pss_mechanized.kst_condAB_imp_reduced_monoT_m10pos	pss_mechanized	isabelle/pss_mechanized.thy	47029	true	false	6,7,8	5,6	41	PSS/cross-chapter	PSS/after-6
pss_mechanized.kst_condAB_imp_reduced_core_only	pss_mechanized	isabelle/pss_mechanized.thy	47195	true	false		5,6	0	PSS/compat-unreached	PSS/after-6
pss_mechanized.kst_bwdcore_branch_head_row0	pss_mechanized	isabelle/pss_mechanized.thy	47226	true	false	6,7,8	5,6	41	PSS/cross-chapter	PSS/after-6
pss_mechanized.kst_bwdcore_branch_head_row1	pss_mechanized	isabelle/pss_mechanized.thy	47286	true	false	6,7,8	5,6	41	PSS/cross-chapter	PSS/after-6
pss_mechanized.kst_bwdcore_NJ_eq_Br	pss_mechanized	isabelle/pss_mechanized.thy	47372	true	false	6,7,8	5,6	41	PSS/cross-chapter	PSS/after-6
pss_mechanized.kst_bwdcore_master	pss_mechanized	isabelle/pss_mechanized.thy	47431	true	false	6,7,8	5,6	41	PSS/cross-chapter	PSS/after-6
pss_mechanized.kst_bwdcore_master_NJReform	pss_mechanized	isabelle/pss_mechanized.thy	47461	true	false		5,6	0	PSS/compat-unreached	PSS/after-6
pss_mechanized.kst_bwdcore_master_via_G	pss_mechanized	isabelle/pss_mechanized.thy	47511	true	false	6,7,8	5,6	41	PSS/cross-chapter	PSS/after-6
pss_mechanized.kst_bwdcore_master_of_Gstmt	pss_mechanized	isabelle/pss_mechanized.thy	47566	true	false		5,6	0	PSS/compat-unreached	PSS/after-6
pss_mechanized.bwd_IncrFirst_m00_shiftRow0_monoT	pss_mechanized	isabelle/pss_mechanized.thy	47608	false	false		5	0	PSS/compat-unreached	PSS/after-5
pss_mechanized.bwd_IncrFirst_e_rebaseRow0	pss_mechanized	isabelle/pss_mechanized.thy	47656	false	false	6,7,8		41	PSS/cross-chapter	PSS/pre-5
pss_mechanized.bwd_invshift_from_uniform_Red	pss_mechanized	isabelle/pss_mechanized.thy	47704	false	false			0	PSS/compat-unreached	PSS/pre-5
pss_mechanized.bwd_invshift_zeroT	pss_mechanized	isabelle/pss_mechanized.thy	47723	true	false		5,6	0	PSS/compat-unreached	PSS/after-6
pss_mechanized.bwd_invshift_m10z_monoT	pss_mechanized	isabelle/pss_mechanized.thy	47770	true	false		5,6	0	PSS/compat-unreached	PSS/after-6
pss_mechanized.bwd_invshift_via_rebase	pss_mechanized	isabelle/pss_mechanized.thy	47829	true	false	6,7,8	5,6	41	PSS/cross-chapter	PSS/after-6
pss_mechanized.nextR_rebaseRow0_eq	pss_mechanized	isabelle/pss_mechanized.thy	47872	false	false	6,7,8		41	PSS/cross-chapter	PSS/pre-5
pss_mechanized.hasParent_rebaseRow0_eq	pss_mechanized	isabelle/pss_mechanized.thy	47884	false	false	6,7,8		41	PSS/cross-chapter	PSS/pre-5
pss_mechanized.parent_rebaseRow0_eq	pss_mechanized	isabelle/pss_mechanized.thy	47889	false	false	6,7,8		41	PSS/cross-chapter	PSS/pre-5
pss_mechanized.RedCondA_rebaseRow0	pss_mechanized	isabelle/pss_mechanized.thy	47898	false	false	6,7,8		41	PSS/cross-chapter	PSS/pre-5
pss_mechanized.monoT_rebaseRow0	pss_mechanized	isabelle/pss_mechanized.thy	47938	false	false	6,7,8		41	PSS/cross-chapter	PSS/pre-5
pss_mechanized.nu_diagSeq_m10pos_lt	pss_mechanized	isabelle/pss_mechanized.thy	47973	true	false	6,7,8	5,6	41	PSS/cross-chapter	PSS/after-6
pss_mechanized.kst_condAB_imp_reduced_monoT_m10pos_nu	pss_mechanized	isabelle/pss_mechanized.thy	48028	true	false	6,7,8	5,6	41	PSS/cross-chapter	PSS/after-6
pss_mechanized.kst_condAB_imp_reduced_monoT_core_of_Ybundle	pss_mechanized	isabelle/pss_mechanized.thy	48217	true	false		5,6	0	PSS/compat-unreached	PSS/after-6
pss_mechanized.fa_RedCondA_seg	pss_mechanized	isabelle/pss_mechanized.thy	48316	false	false	6,7,8		45	PSS/cross-chapter	PSS/pre-5
pss_mechanized.fa_nonmulti_par0_pos	pss_mechanized	isabelle/pss_mechanized.thy	48380	false	false	6,7,8	5	41	PSS/cross-chapter	PSS/after-5
pss_mechanized.fa_RedCondA_P_block	pss_mechanized	isabelle/pss_mechanized.thy	48412	true	false	6,7,8	5,6	41	PSS/cross-chapter	PSS/after-6
pss_mechanized.fa_NJ_Y_facts	pss_mechanized	isabelle/pss_mechanized.thy	48490	true	false	6,7,8	5,6	41	PSS/cross-chapter	PSS/after-6
pss_mechanized.fa_kst_condAB_imp_reduced_monoT_core	pss_mechanized	isabelle/pss_mechanized.thy	48654	true	false	6,7,8	5,6	41	PSS/cross-chapter	PSS/after-6
pss_mechanized.fa_kst_condAB_imp_reduced_monoT_m10pos	pss_mechanized	isabelle/pss_mechanized.thy	48768	true	false	6,7,8	5,6	41	PSS/cross-chapter	PSS/after-6
pss_mechanized.fa_kst_condAB_imp_reduced	pss_mechanized	isabelle/pss_mechanized.thy	48785	true	false	6,7,8	5,6	41	PSS/cross-chapter	PSS/after-6
pss_mechanized.row1_le0_imp_nextrel1_eq	pss_mechanized	isabelle/pss_mechanized.thy	48914	false	false			0	PSS/compat-unreached	PSS/pre-5
pss_mechanized.row1_le0_imp_le1_eq	pss_mechanized	isabelle/pss_mechanized.thy	48963	false	false			0	PSS/compat-unreached	PSS/pre-5
pss_mechanized.row1_le0_imp_leR_eq	pss_mechanized	isabelle/pss_mechanized.thy	48979	false	false			0	PSS/compat-unreached	PSS/pre-5
pss_mechanized.leR_Lng1_eq	pss_mechanized	isabelle/pss_mechanized.thy	49277	false	false	6,8		8	PSS/cross-chapter	PSS/pre-5
pss_mechanized.RedCondA_Pred	pss_mechanized	isabelle/pss_mechanized.thy	49343	false	false	6,7,8		41	PSS/cross-chapter	PSS/pre-5
pss_mechanized.RedCondA_oper_nontiling	pss_mechanized	isabelle/pss_mechanized.thy	49369	true	false	6,8		20	PSS/cross-chapter	PSS/pre-5
pss_mechanized.RedCondB_Pred	pss_mechanized	isabelle/pss_mechanized.thy	49397	true	false	6,7,8		41	PSS/cross-chapter	PSS/pre-5
pss_mechanized.RedCondB_oper_nontiling	pss_mechanized	isabelle/pss_mechanized.thy	49429	true	false	6,8		20	PSS/cross-chapter	PSS/pre-5
pss_mechanized.operB_gen_LngM	pss_mechanized	isabelle/pss_mechanized.thy	49552	true	false	6,8		21	PSS/cross-chapter	PSS/pre-5
pss_mechanized.operB_gen_entry_prefix	pss_mechanized	isabelle/pss_mechanized.thy	49581	false	false	6,8		20	PSS/cross-chapter	PSS/pre-5
pss_mechanized.operCB_tiling_T	pss_mechanized	isabelle/pss_mechanized.thy	49609	true	false	6,8	5	20	PSS/cross-chapter	PSS/after-5
pss_mechanized.operCB_tiling	pss_mechanized	isabelle/pss_mechanized.thy	49755	true	false	6,8	5	17	PSS/cross-chapter	PSS/after-5
pss_mechanized.oper_gen_nextrel0_within	pss_mechanized	isabelle/pss_mechanized.thy	49775	true	false	6,8		20	PSS/cross-chapter	PSS/pre-5
pss_mechanized.oper_tiling_row0_prefix	pss_mechanized	isabelle/pss_mechanized.thy	49879	true	false	6,8		20	PSS/cross-chapter	PSS/pre-5
pss_mechanized.operCA_tiling_entry1_base	pss_mechanized	isabelle/pss_mechanized.thy	49977	true	false	6		0	chapter-6/local	PSS/pre-5
pss_mechanized.operCA_tiling_row1_plus1_transfer	pss_mechanized	isabelle/pss_mechanized.thy	50025	false	false	6,8		20	PSS/cross-chapter	PSS/pre-5
pss_mechanized.oper_gen_strict_period_floor	pss_mechanized	isabelle/pss_mechanized.thy	50052	true	false	6,8	5,6	20	PSS/cross-chapter	PSS/after-6
pss_mechanized.oper_gen_tiling_row0_interior	pss_mechanized	isabelle/pss_mechanized.thy	50099	true	false	6,8	5,6	20	PSS/cross-chapter	PSS/after-6
pss_mechanized.operCA_tiling_row1_prefix	pss_mechanized	isabelle/pss_mechanized.thy	50298	false	false	6,8		20	PSS/cross-chapter	PSS/pre-5
pss_mechanized.operCA_tiling_assemble	pss_mechanized	isabelle/pss_mechanized.thy	50387	false	false	6,8		20	PSS/cross-chapter	PSS/pre-5
pss_mechanized.oper_last_row0_haspar	pss_mechanized	isabelle/pss_mechanized.thy	50427	true	false	6,8	5,6	20	PSS/cross-chapter	PSS/after-6
pss_mechanized.parent0_eqI	pss_mechanized	isabelle/pss_mechanized.thy	50474	false	false	6,8		20	PSS/cross-chapter	PSS/pre-5
pss_mechanized.oper_gen_tiling_row0_boundary	pss_mechanized	isabelle/pss_mechanized.thy	50499	true	false	6,8	5,6	20	PSS/cross-chapter	PSS/after-6
pss_mechanized.operCA_tiling_row1	pss_mechanized	isabelle/pss_mechanized.thy	50761	false	false			0	PSS/compat-unreached	PSS/pre-5
pss_mechanized.operCA_tiling_cond	pss_mechanized	isabelle/pss_mechanized.thy	50793	false	false	6,8		20	PSS/cross-chapter	PSS/pre-5
pss_mechanized.oper_gen_tiling_row0_boundary_i0	pss_mechanized	isabelle/pss_mechanized.thy	50840	true	false	6,8		20	PSS/cross-chapter	PSS/pre-5
pss_mechanized.oper_gen_blockfloor_min	pss_mechanized	isabelle/pss_mechanized.thy	51006	true	false		5,6	0	PSS/compat-unreached	PSS/after-6
pss_mechanized.oper_gen_tiling_row0_blockstart0	pss_mechanized	isabelle/pss_mechanized.thy	51053	true	false	6,8		20	PSS/cross-chapter	PSS/pre-5
pss_mechanized.operCA_tiling_row0	pss_mechanized	isabelle/pss_mechanized.thy	51167	true	false	6,8	5,6	20	PSS/cross-chapter	PSS/after-6
pss_mechanized.operCA_tiling_within1_via_reflect	pss_mechanized	isabelle/pss_mechanized.thy	51262	false	false	6,8		20	PSS/cross-chapter	PSS/pre-5
pss_mechanized.operCA_tiling_within1_ex	pss_mechanized	isabelle/pss_mechanized.thy	51281	true	false			0	PSS/compat-unreached	PSS/pre-5
pss_mechanized.operCA_tiling_entry1_base'	pss_mechanized	isabelle/pss_mechanized.thy	51311	true	false	6		0	chapter-6/local	PSS/pre-5
pss_mechanized.operCA_tiling_within1_via_pbase	pss_mechanized	isabelle/pss_mechanized.thy	51344	true	false	6		0	chapter-6/local	PSS/pre-5
pss_mechanized.oper_gen_le0_within_forward	pss_mechanized	isabelle/pss_mechanized.thy	51400	true	false	6,8		20	PSS/cross-chapter	PSS/pre-5
pss_mechanized.oper_d0zero_entryi_base	pss_mechanized	isabelle/pss_mechanized.thy	51477	true	false	6,8		20	PSS/cross-chapter	PSS/pre-5
pss_mechanized.oper_d0zero_nextrel0_inblock_back	pss_mechanized	isabelle/pss_mechanized.thy	51532	true	false	6,8		20	PSS/cross-chapter	PSS/pre-5
pss_mechanized.oper_d0zero_le0_inblock_back	pss_mechanized	isabelle/pss_mechanized.thy	51601	true	false			0	PSS/compat-unreached	PSS/pre-5
pss_mechanized.oper_d0zero_le0_slice_lift	pss_mechanized	isabelle/pss_mechanized.thy	51723	true	false	6,8		20	PSS/cross-chapter	PSS/pre-5
pss_mechanized.oper_d0zero_nextrel0_base	pss_mechanized	isabelle/pss_mechanized.thy	51788	true	false	6,8		20	PSS/cross-chapter	PSS/pre-5
pss_mechanized.oper_d0zero_le0_base_fwd	pss_mechanized	isabelle/pss_mechanized.thy	52032	true	false	6,8		20	PSS/cross-chapter	PSS/pre-5
pss_mechanized.oper_d0zero_nextrel0_lift	pss_mechanized	isabelle/pss_mechanized.thy	52117	true	false	6,8		20	PSS/cross-chapter	PSS/pre-5
pss_mechanized.oper_d0zero_le0_lift	pss_mechanized	isabelle/pss_mechanized.thy	52265	true	false	6,8		20	PSS/cross-chapter	PSS/pre-5
pss_mechanized.operCA_tiling_row1_charac_i0	pss_mechanized	isabelle/pss_mechanized.thy	52351	true	false	6		0	chapter-6/local	PSS/pre-5
pss_mechanized.operCA_tiling_fb_d1pos_le0_j0_to_x	pss_mechanized	isabelle/pss_mechanized.thy	52595	true	false		5	0	PSS/compat-unreached	PSS/after-5
pss_mechanized.oper_d1pos_le0_base_back	pss_mechanized	isabelle/pss_mechanized.thy	52624	true	false	6,8	5	20	PSS/cross-chapter	PSS/after-5
pss_mechanized.oper_d1pos_le0_cross_back	pss_mechanized	isabelle/pss_mechanized.thy	52681	true	false	6,8	5	20	PSS/cross-chapter	PSS/after-5
pss_mechanized.operCA_tiling_row1_charac_i1_cond	pss_mechanized	isabelle/pss_mechanized.thy	52766	true	false	6		0	chapter-6/local	PSS/pre-5
pss_mechanized.operCA_tiling_within1_cond	pss_mechanized	isabelle/pss_mechanized.thy	52817	true	false	6		0	chapter-6/local	PSS/pre-5
pss_mechanized.operCA_tiling_via_bcorr	pss_mechanized	isabelle/pss_mechanized.thy	52884	true	false	6	5,6	0	chapter-6/local	PSS/after-6
pss_mechanized.oper_d1pos_le0_block_lift_fwd	pss_mechanized	isabelle/pss_mechanized.thy	52928	true	false	6,8		20	PSS/cross-chapter	PSS/pre-5
pss_mechanized.oper_d1pos_le0_prefix_lift_fwd	pss_mechanized	isabelle/pss_mechanized.thy	52989	true	false	6,8	5	20	PSS/cross-chapter	PSS/after-5
pss_mechanized.operCA_tiling_bcorr_reduced	pss_mechanized	isabelle/pss_mechanized.thy	53072	true	false	6		0	chapter-6/local	PSS/pre-5
pss_mechanized.operCA_tiling_bcorr_le0pstar_slice	pss_mechanized	isabelle/pss_mechanized.thy	53291	true	false	6		0	chapter-6/local	PSS/pre-5
pss_mechanized.operCA_tiling_bcorr_valley_reduced	pss_mechanized	isabelle/pss_mechanized.thy	53376	true	false			0	PSS/compat-unreached	PSS/pre-5
pss_mechanized.operCA_tiling_bcorr_le0pstar	pss_mechanized	isabelle/pss_mechanized.thy	53488	true	false	6	5	0	chapter-6/local	PSS/after-5
pss_mechanized.operCA_tiling_cond_hpN_valley	pss_mechanized	isabelle/pss_mechanized.thy	53589	true	false	6	5,6	0	chapter-6/local	PSS/after-6
pss_mechanized.operCA_tiling_hpN_valley	pss_mechanized	isabelle/pss_mechanized.thy	53696	true	false	6	5,6	0	chapter-6/local	PSS/after-6
pss_mechanized.operCA_tiling_valley_comp_reduced	pss_mechanized	isabelle/pss_mechanized.thy	53923	true	false		5	0	PSS/compat-unreached	PSS/after-5
pss_mechanized.operCA_tiling_hpN_via_le0baseN	pss_mechanized	isabelle/pss_mechanized.thy	54081	true	false	6	5	0	chapter-6/local	PSS/after-5
pss_mechanized.operCA_tiling_hpN_le0baseN_sameblock	pss_mechanized	isabelle/pss_mechanized.thy	54171	true	false	6	5	0	chapter-6/local	PSS/after-5
pss_mechanized.operCA_tiling_le0_prefix_proj	pss_mechanized	isabelle/pss_mechanized.thy	54273	true	false	6	5	0	chapter-6/local	PSS/after-5
pss_mechanized.operCA_tiling_hpN_prefix	pss_mechanized	isabelle/pss_mechanized.thy	54354	true	false	6	5	0	chapter-6/local	PSS/after-5
pss_mechanized.operCA_tiling_hpN_via_sblk	pss_mechanized	isabelle/pss_mechanized.thy	54402	true	false	6	5	0	chapter-6/local	PSS/after-5
pss_mechanized.operCA_tiling_hpN_le0baseN_prefix	pss_mechanized	isabelle/pss_mechanized.thy	54458	true	false		5	0	PSS/compat-unreached	PSS/after-5
pss_mechanized.operCA_tiling_hpN_le0baseN_full	pss_mechanized	isabelle/pss_mechanized.thy	54596	true	false		5	0	PSS/compat-unreached	PSS/after-5
pss_mechanized.operCA_tiling_hpN_reduced_sblk	pss_mechanized	isabelle/pss_mechanized.thy	54641	true	false		5	0	PSS/compat-unreached	PSS/after-5
pss_mechanized.oper_d1pos_le0_offset_within	pss_mechanized	isabelle/pss_mechanized.thy	54679	true	false	6,8		20	PSS/cross-chapter	PSS/pre-5
pss_mechanized.operCA_tiling_sblk_via_owithin	pss_mechanized	isabelle/pss_mechanized.thy	54781	true	false	6		0	chapter-6/local	PSS/pre-5
pss_mechanized.operCA_tiling_hpN_via_owithin	pss_mechanized	isabelle/pss_mechanized.thy	54913	true	false	6	5	0	chapter-6/local	PSS/after-5
pss_mechanized.operCA_tiling_sblk_via_spsy	pss_mechanized	isabelle/pss_mechanized.thy	55194	true	false	6	5	0	chapter-6/local	PSS/after-5
pss_mechanized.operCA_tiling_hpN_via_spsy	pss_mechanized	isabelle/pss_mechanized.thy	55363	true	false	6	5	0	chapter-6/local	PSS/after-5
pss_mechanized.spsy_keystone_strict_blockstart	pss_mechanized	isabelle/pss_mechanized.thy	55603	true	false		5	0	PSS/compat-unreached	PSS/after-5
pss_mechanized.spsy_keystone_via_Q	pss_mechanized	isabelle/pss_mechanized.thy	55727	true	false		5	0	PSS/compat-unreached	PSS/after-5
pss_mechanized.Qprime_diag	pss_mechanized	isabelle/pss_mechanized.thy	55829	false	false			0	PSS/compat-unreached	PSS/pre-5
pss_mechanized.Qprime_via_tree	pss_mechanized	isabelle/pss_mechanized.thy	55896	false	false			0	PSS/compat-unreached	PSS/pre-5
pss_mechanized.spsy_keystone_via_tree_bridge	pss_mechanized	isabelle/pss_mechanized.thy	55974	true	false		5	0	PSS/compat-unreached	PSS/after-5
pss_mechanized.tree_wellformed_diag	pss_mechanized	isabelle/pss_mechanized.thy	56062	false	false			0	PSS/compat-unreached	PSS/pre-5
pss_mechanized.brick_from_tail_affine	pss_mechanized	isabelle/pss_mechanized.thy	56206	false	false	6	5	0	chapter-6/local	PSS/after-5
pss_mechanized.tail_affine_diag	pss_mechanized	isabelle/pss_mechanized.thy	56248	false	false			0	PSS/compat-unreached	PSS/pre-5
pss_mechanized.brick_from_subramp	pss_mechanized	isabelle/pss_mechanized.thy	56324	true	false	6	5	0	chapter-6/local	PSS/after-5
pss_mechanized.subramp_diag_base	pss_mechanized	isabelle/pss_mechanized.thy	56408	false	false			0	PSS/compat-unreached	PSS/pre-5
pss_mechanized.subramp_oper_core	pss_mechanized	isabelle/pss_mechanized.thy	56439	true	false			0	PSS/compat-unreached	PSS/pre-5
pss_mechanized.SkT_row0_step_le	pss_mechanized	isabelle/pss_mechanized.thy	56563	true	false	6		0	chapter-6/local	PSS/pre-5
pss_mechanized.ST_row0_step_le	pss_mechanized	isabelle/pss_mechanized.thy	56812	true	false	6		0	chapter-6/local	PSS/pre-5
pss_mechanized.subramp_from_Ep	pss_mechanized	isabelle/pss_mechanized.thy	56836	true	false	6		0	chapter-6/local	PSS/pre-5
pss_mechanized.Ep_from_le0_tail	pss_mechanized	isabelle/pss_mechanized.thy	56963	true	false			0	PSS/compat-unreached	PSS/pre-5
pss_mechanized.le0_step_consec	pss_mechanized	isabelle/pss_mechanized.thy	57035	false	false	6		0	chapter-6/local	PSS/pre-5
pss_mechanized.tailReach_from_row0_strict	pss_mechanized	isabelle/pss_mechanized.thy	57048	false	false	6		0	chapter-6/local	PSS/pre-5
pss_mechanized.le0_strict_entry0	pss_mechanized	isabelle/pss_mechanized.thy	57098	false	false	8		5	chapter-8/local	PSS/pre-5
pss_mechanized.d0_pos_row1_parent	pss_mechanized	isabelle/pss_mechanized.thy	57110	false	false			0	PSS/compat-unreached	PSS/pre-5
pss_mechanized.oper_within_block_strict	pss_mechanized	isabelle/pss_mechanized.thy	57131	true	false			0	PSS/compat-unreached	PSS/pre-5
pss_mechanized.reach_from_z_tail	pss_mechanized	isabelle/pss_mechanized.thy	57163	false	false	6		0	chapter-6/local	PSS/pre-5
pss_mechanized.le0_z_j1_from_Ez	pss_mechanized	isabelle/pss_mechanized.thy	57222	true	false	6		0	chapter-6/local	PSS/pre-5
pss_mechanized.oper_parent1_readback_interior	pss_mechanized	isabelle/pss_mechanized.thy	57279	true	false	6,8		20	PSS/cross-chapter	PSS/pre-5
pss_mechanized.oper_parent1_readback	pss_mechanized	isabelle/pss_mechanized.thy	57444	true	false	6,8	5	20	PSS/cross-chapter	PSS/after-5
pss_mechanized.oper_parent1_readback_boundary	pss_mechanized	isabelle/pss_mechanized.thy	57584	true	false	6,8		20	PSS/cross-chapter	PSS/pre-5
pss_mechanized.Ez_diag_base	pss_mechanized	isabelle/pss_mechanized.thy	57744	false	false			0	PSS/compat-unreached	PSS/pre-5
pss_mechanized.ez_inblock_lift	pss_mechanized	isabelle/pss_mechanized.thy	57766	true	false			0	PSS/compat-unreached	PSS/pre-5
pss_mechanized.Mtail_ramp_from_Ez	pss_mechanized	isabelle/pss_mechanized.thy	57854	true	false			0	PSS/compat-unreached	PSS/pre-5
pss_mechanized.ez_inblock_oper_step	pss_mechanized	isabelle/pss_mechanized.thy	57951	true	false			0	PSS/compat-unreached	PSS/pre-5
pss_mechanized.ez_prefix_lift	pss_mechanized	isabelle/pss_mechanized.thy	57986	true	false			0	PSS/compat-unreached	PSS/pre-5
pss_mechanized.segReach_from_row0_strict	pss_mechanized	isabelle/pss_mechanized.thy	58105	false	false			0	PSS/compat-unreached	PSS/pre-5
pss_mechanized.ez_inblock_oper_step_via_strict	pss_mechanized	isabelle/pss_mechanized.thy	58155	true	false			0	PSS/compat-unreached	PSS/pre-5
pss_mechanized.ez_prefix_oper_step_via_Ez	pss_mechanized	isabelle/pss_mechanized.thy	58209	true	false			0	PSS/compat-unreached	PSS/pre-5
pss_mechanized.ez_inblock_oper_step_via_fullramp	pss_mechanized	isabelle/pss_mechanized.thy	58264	true	false			0	PSS/compat-unreached	PSS/pre-5
pss_mechanized.ez_prefix_oper_step_via_ramp	pss_mechanized	isabelle/pss_mechanized.thy	58341	true	false			0	PSS/compat-unreached	PSS/pre-5
pss_mechanized.fullramp_diag	pss_mechanized	isabelle/pss_mechanized.thy	58389	false	false			0	PSS/compat-unreached	PSS/pre-5
pss_mechanized.Ez_from_fullramp	pss_mechanized	isabelle/pss_mechanized.thy	58409	false	false			0	PSS/compat-unreached	PSS/pre-5
pss_mechanized.tree_from_fullramp	pss_mechanized	isabelle/pss_mechanized.thy	58449	true	false		5,6	0	PSS/compat-unreached	PSS/after-6
pss_mechanized.fr_width1_step	pss_mechanized	isabelle/pss_mechanized.thy	58486	false	false			0	PSS/compat-unreached	PSS/pre-5
pss_mechanized.fr_block_step	pss_mechanized	isabelle/pss_mechanized.thy	58511	true	false			0	PSS/compat-unreached	PSS/pre-5
pss_mechanized.fr_prefix_step	pss_mechanized	isabelle/pss_mechanized.thy	58650	true	false			0	PSS/compat-unreached	PSS/pre-5
pss_mechanized.fr_oper_step	pss_mechanized	isabelle/pss_mechanized.thy	58700	true	false			0	PSS/compat-unreached	PSS/pre-5
pss_mechanized.fr_global_oper	pss_mechanized	isabelle/pss_mechanized.thy	58741	true	false			0	PSS/compat-unreached	PSS/pre-5
pss_mechanized.fr_wid1_trivial	pss_mechanized	isabelle/pss_mechanized.thy	58795	false	false			0	PSS/compat-unreached	PSS/pre-5
pss_mechanized.fr_ramp_from_Ep_at_j0	pss_mechanized	isabelle/pss_mechanized.thy	58822	true	false			0	PSS/compat-unreached	PSS/pre-5
pss_mechanized.gs_tree_from_gstrict	pss_mechanized	isabelle/pss_mechanized.thy	58841	true	false		5,6	0	PSS/compat-unreached	PSS/after-6
pss_mechanized.gs_tree_from_Ep	pss_mechanized	isabelle/pss_mechanized.thy	58871	true	false		5,6	0	PSS/compat-unreached	PSS/after-6
pss_mechanized.gs_diag_gstrict	pss_mechanized	isabelle/pss_mechanized.thy	58900	false	false			0	PSS/compat-unreached	PSS/pre-5
pss_mechanized.gs_oper_gstrict_from_M	pss_mechanized	isabelle/pss_mechanized.thy	58916	true	false			0	PSS/compat-unreached	PSS/pre-5
pss_mechanized.gs_oper_gstrict_reduction	pss_mechanized	isabelle/pss_mechanized.thy	58953	true	false			0	PSS/compat-unreached	PSS/pre-5
pss_mechanized.f2_gstrict_from_D	pss_mechanized	isabelle/pss_mechanized.thy	58995	true	false	6		0	chapter-6/local	PSS/pre-5
pss_mechanized.f2_D_diag	pss_mechanized	isabelle/pss_mechanized.thy	59013	false	false	6		0	chapter-6/local	PSS/pre-5
pss_mechanized.f2_gstrict_oper_from_D_M	pss_mechanized	isabelle/pss_mechanized.thy	59038	true	false			0	PSS/compat-unreached	PSS/pre-5
pss_mechanized.cd_D_from_consec_strict	pss_mechanized	isabelle/pss_mechanized.thy	59066	true	false			0	PSS/compat-unreached	PSS/pre-5
pss_mechanized.cd_le0_first_step	pss_mechanized	isabelle/pss_mechanized.thy	59110	false	false			0	PSS/compat-unreached	PSS/pre-5
pss_mechanized.cd_D_from_reachend	pss_mechanized	isabelle/pss_mechanized.thy	59149	true	false			0	PSS/compat-unreached	PSS/pre-5
pss_mechanized.cd_oper_gstrict_via_reachend	pss_mechanized	isabelle/pss_mechanized.thy	59171	true	false			0	PSS/compat-unreached	PSS/pre-5
pss_mechanized.cd_tree_via_reachend	pss_mechanized	isabelle/pss_mechanized.thy	59194	true	false		5,6	0	PSS/compat-unreached	PSS/after-6
pss_mechanized.cd_D_from_strictmono	pss_mechanized	isabelle/pss_mechanized.thy	59234	true	false			0	PSS/compat-unreached	PSS/pre-5
pss_mechanized.cd_tree_from_D	pss_mechanized	isabelle/pss_mechanized.thy	59273	true	false		5,6	0	PSS/compat-unreached	PSS/after-6
pss_mechanized.fc_D_diag	pss_mechanized	isabelle/pss_mechanized.thy	59301	false	false	6		0	chapter-6/local	PSS/pre-5
pss_mechanized.fc_flat_step_from_notD	pss_mechanized	isabelle/pss_mechanized.thy	59318	true	false			0	PSS/compat-unreached	PSS/pre-5
pss_mechanized.fc_D_oper	pss_mechanized	isabelle/pss_mechanized.thy	59350	true	false	6		0	chapter-6/local	PSS/pre-5
pss_mechanized.fc_notD_M_from_notD_oper	pss_mechanized	isabelle/pss_mechanized.thy	59456	true	false			0	PSS/compat-unreached	PSS/pre-5
pss_mechanized.bf_roper_nonshift	pss_mechanized	isabelle/pss_mechanized.thy	59513	true	false	6	5,6	0	chapter-6/local	PSS/after-6
pss_mechanized.bf_stdCA_faithful	pss_mechanized	isabelle/pss_mechanized.thy	59653	true	false		5,6	0	PSS/compat-unreached	PSS/after-6
pss_mechanized.bf_diagSeq_reduced	pss_mechanized	isabelle/pss_mechanized.thy	59709	true	false	8	5,6	12	chapter-8/local	PSS/after-6
pss_mechanized.bf_predRdegen_reduced	pss_mechanized	isabelle/pss_mechanized.thy	59726	false	false			0	PSS/compat-unreached	PSS/pre-5
pss_mechanized.bf_red_preserved_by_oper_ST	pss_mechanized	isabelle/pss_mechanized.thy	59751	true	false		5,6	0	PSS/compat-unreached	PSS/after-6
pss_mechanized.bf_m_6_7_standard_reduced_modulo_shift	pss_mechanized	isabelle/pss_mechanized.thy	59788	true	false		5,6	0	PSS/compat-unreached	PSS/after-6
pss_mechanized.bf_stdCA_modulo_shift	pss_mechanized	isabelle/pss_mechanized.thy	59815	true	false		5,6	0	PSS/compat-unreached	PSS/after-6
pss_mechanized.oper_nontile_eq_Pred	pss_mechanized	isabelle/pss_mechanized.thy	59859	false	false			0	PSS/compat-unreached	PSS/pre-5
pss_mechanized.bf_shift_resid_via_operCAB	pss_mechanized	isabelle/pss_mechanized.thy	59892	true	false		5,6	0	PSS/compat-unreached	PSS/after-6
pss_mechanized.bf_m_6_7_standard_reduced_via_operCAB	pss_mechanized	isabelle/pss_mechanized.thy	59938	true	false		5,6	0	PSS/compat-unreached	PSS/after-6
pss_mechanized.bf_stdCA_via_operCAB	pss_mechanized	isabelle/pss_mechanized.thy	59955	true	false		5,6	0	PSS/compat-unreached	PSS/after-6
pss_mechanized.wg_reflect_core	pss_mechanized	isabelle/pss_mechanized.thy	60098	true	false		5	0	PSS/compat-unreached	PSS/after-5
pss_mechanized.oper_parent1_prefix_agree	pss_mechanized	isabelle/pss_mechanized.thy	60165	false	false			0	PSS/compat-unreached	PSS/pre-5
pss_mechanized.treewf_diag	pss_mechanized	isabelle/pss_mechanized.thy	60247	false	false	6		0	chapter-6/local	PSS/pre-5
pss_mechanized.treewf_oper_step	pss_mechanized	isabelle/pss_mechanized.thy	60295	false	false			0	PSS/compat-unreached	PSS/pre-5
pss_mechanized.gtw_diag	pss_mechanized	isabelle/pss_mechanized.thy	60354	false	false	6		0	chapter-6/local	PSS/pre-5
pss_mechanized.treewf_of_gtw	pss_mechanized	isabelle/pss_mechanized.thy	60389	false	false			0	PSS/compat-unreached	PSS/pre-5
pss_mechanized.nextR1_pred_agree	pss_mechanized	isabelle/pss_mechanized.thy	60398	false	false	7,8		27	PSS/cross-chapter	PSS/pre-5
pss_mechanized.gtw_pred	pss_mechanized	isabelle/pss_mechanized.thy	60436	false	false			0	PSS/compat-unreached	PSS/pre-5
pss_mechanized.gtw_oper_step	pss_mechanized	isabelle/pss_mechanized.thy	60493	false	false			0	PSS/compat-unreached	PSS/pre-5
pss_mechanized.oper_d1pos_le0_prefix_back	pss_mechanized	isabelle/pss_mechanized.thy	60546	true	false	6,8	5	20	PSS/cross-chapter	PSS/after-5
pss_mechanized.oper_boundary_valley	pss_mechanized	isabelle/pss_mechanized.thy	60629	true	false	6,8	5	20	PSS/cross-chapter	PSS/after-5
pss_mechanized.oper_parent1_readback_boundary_uncond	pss_mechanized	isabelle/pss_mechanized.thy	60744	true	false	6,8	5	20	PSS/cross-chapter	PSS/after-5
pss_mechanized.operCA_block_start_row1	pss_mechanized	isabelle/pss_mechanized.thy	60767	true	false	6,8	5	20	PSS/cross-chapter	PSS/after-5
pss_mechanized.operCA_interior_row1	pss_mechanized	isabelle/pss_mechanized.thy	60805	true	false	6,8	5	20	PSS/cross-chapter	PSS/after-5
pss_mechanized.oper_interior_parent_inblock	pss_mechanized	isabelle/pss_mechanized.thy	60869	true	false	6,8	5	20	PSS/cross-chapter	PSS/after-5
pss_mechanized.oper_d1pos_parent1_readback_escape	pss_mechanized	isabelle/pss_mechanized.thy	61025	true	false	6,8	5	20	PSS/cross-chapter	PSS/after-5
pss_mechanized.oper_interior_hasParent_base	pss_mechanized	isabelle/pss_mechanized.thy	61217	true	false	6,8	5	20	PSS/cross-chapter	PSS/after-5
pss_mechanized.oper_blockstart_hasParent_j0	pss_mechanized	isabelle/pss_mechanized.thy	61336	true	false	6,8	5	20	PSS/cross-chapter	PSS/after-5
pss_mechanized.oper_d0zero_interior_hasParent_base	pss_mechanized	isabelle/pss_mechanized.thy	61433	true	false	6,8	5	20	PSS/cross-chapter	PSS/after-5
pss_mechanized.oper_d0zero_parent1_readback	pss_mechanized	isabelle/pss_mechanized.thy	61501	true	false	6,8		20	PSS/cross-chapter	PSS/pre-5
pss_mechanized.operCA_escape_row1	pss_mechanized	isabelle/pss_mechanized.thy	61668	true	false	6,8	5	20	PSS/cross-chapter	PSS/after-5
pss_mechanized.operCA_d1pos	pss_mechanized	isabelle/pss_mechanized.thy	61714	true	false	6,8	5,6	20	PSS/cross-chapter	PSS/after-6
pss_mechanized.operCA_d0zero	pss_mechanized	isabelle/pss_mechanized.thy	61809	true	false	6,8	5,6	20	PSS/cross-chapter	PSS/after-6
pss_mechanized.operCA_tiling_full	pss_mechanized	isabelle/pss_mechanized.thy	61914	true	false	6,8	5,6	17	PSS/cross-chapter	PSS/after-6
pss_mechanized.stdCA_ST_PS	pss_mechanized	isabelle/pss_mechanized.thy	61961	true	false	6,8	5,6	13	PSS/cross-chapter	PSS/after-6
pss_mechanized.RedCondAB_ST_PS	pss_mechanized	isabelle/pss_mechanized.thy	61966	true	false		5,6	0	PSS/compat-unreached	PSS/after-6
pss_mechanized.le0_adjacent_step	pss_mechanized	isabelle/pss_mechanized.thy	61983	false	false	6,7,8		44	PSS/cross-chapter	PSS/pre-5
pss_mechanized.RedCondA_shiftRow0	pss_mechanized	isabelle/pss_mechanized.thy	62006	false	false	6,7,8	5	41	PSS/cross-chapter	PSS/after-5
pss_mechanized.trunk_entries_offset	pss_mechanized	isabelle/pss_mechanized.thy	62061	false	false	6,7,8		42	PSS/cross-chapter	PSS/pre-5
pss_mechanized.trunk_entries_diag	pss_mechanized	isabelle/pss_mechanized.thy	62148	false	false	6,7,8		41	PSS/cross-chapter	PSS/pre-5
pss_mechanized.monoT_condA_trunkwhole_eq_diagSeq	pss_mechanized	isabelle/pss_mechanized.thy	62156	true	false	6,7,8		41	PSS/cross-chapter	PSS/pre-5
pss_mechanized.NJ_eq_BrJ	pss_mechanized	isabelle/pss_mechanized.thy	62195	true	false	6,7,8	5,6	41	PSS/cross-chapter	PSS/after-6
pss_mechanized.RedCondA_seg	pss_mechanized	isabelle/pss_mechanized.thy	62286	false	false	6,7,8		41	PSS/cross-chapter	PSS/pre-5
pss_mechanized.RedCondA_BrJ	pss_mechanized	isabelle/pss_mechanized.thy	62347	true	false	6,7,8	5,6	41	PSS/cross-chapter	PSS/after-6
pss_mechanized.BrJ_head0	pss_mechanized	isabelle/pss_mechanized.thy	62397	true	false	6,7,8	5,6	41	PSS/cross-chapter	PSS/after-6
pss_mechanized.BrJ_head1	pss_mechanized	isabelle/pss_mechanized.thy	62405	true	false	6,7,8	5,6	41	PSS/cross-chapter	PSS/after-6
pss_mechanized.BrJ_block_identity	pss_mechanized	isabelle/pss_mechanized.thy	62420	true	false	6,7,8	5,6	41	PSS/cross-chapter	PSS/after-6
pss_mechanized.map_entry_id	pss_mechanized	isabelle/pss_mechanized.thy	62498	false	false	6,7,8		41	PSS/cross-chapter	PSS/pre-5
pss_mechanized.trunk_take_eq_diagSeq	pss_mechanized	isabelle/pss_mechanized.thy	62510	true	false	6,7,8		41	PSS/cross-chapter	PSS/pre-5
pss_mechanized.Red_rebase_core	pss_mechanized	isabelle/pss_mechanized.thy	62543	true	false	6,7,8	5,6	41	PSS/cross-chapter	PSS/after-6
pss_mechanized.nextrel0_funpow_IncrFirst_eq	pss_mechanized	isabelle/pss_mechanized.thy	62630	false	false	6,7,8		41	PSS/cross-chapter	PSS/pre-5
pss_mechanized.nextrel1_funpow_IncrFirst_eq	pss_mechanized	isabelle/pss_mechanized.thy	62633	false	false	6,7,8		41	PSS/cross-chapter	PSS/pre-5
pss_mechanized.nextR_funpow_IncrFirst_eq	pss_mechanized	isabelle/pss_mechanized.thy	62636	false	false	6,7,8		41	PSS/cross-chapter	PSS/pre-5
pss_mechanized.RedCondA_funpow_IncrFirst	pss_mechanized	isabelle/pss_mechanized.thy	62643	false	false	6,7,8		41	PSS/cross-chapter	PSS/pre-5
pss_mechanized.TrMax_bound_set	pss_mechanized	isabelle/pss_mechanized.thy	62699	false	false	6,7,8		41	PSS/cross-chapter	PSS/pre-5
pss_mechanized.TrMax_eqI_endpoint	pss_mechanized	isabelle/pss_mechanized.thy	62716	false	false	6,7,8		41	PSS/cross-chapter	PSS/pre-5
pss_mechanized.TrMax_stop_uncond	pss_mechanized	isabelle/pss_mechanized.thy	62749	false	false	6,7,8		41	PSS/cross-chapter	PSS/pre-5
pss_mechanized.TrMax_coreReduce	pss_mechanized	isabelle/pss_mechanized.thy	62775	true	false	6,7,8		41	PSS/cross-chapter	PSS/pre-5
pss_mechanized.funpow_IncrFirst_drop	pss_mechanized	isabelle/pss_mechanized.thy	62933	false	false	6,7,8		41	PSS/cross-chapter	PSS/pre-5
pss_mechanized.length_funpow_IncrFirst	pss_mechanized	isabelle/pss_mechanized.thy	62937	false	false	6,7,8		41	PSS/cross-chapter	PSS/pre-5
pss_mechanized.IdxSum_map_funpow_IncrFirst	pss_mechanized	isabelle/pss_mechanized.thy	62940	true	false	6,7,8		41	PSS/cross-chapter	PSS/pre-5
pss_mechanized.Br_coreReduce	pss_mechanized	isabelle/pss_mechanized.thy	62967	true	false	6,7,8	6	41	PSS/cross-chapter	PSS/after-6
pss_mechanized.FirstNodes_coreReduce	pss_mechanized	isabelle/pss_mechanized.thy	63014	true	false	6,7,8	6	41	PSS/cross-chapter	PSS/after-6
pss_mechanized.coreReduce_nextrel0_transfer	pss_mechanized	isabelle/pss_mechanized.thy	63040	false	false	6,7,8		41	PSS/cross-chapter	PSS/pre-5
pss_mechanized.Joints_coreReduce	pss_mechanized	isabelle/pss_mechanized.thy	63067	true	false	6,7,8	5,6	41	PSS/cross-chapter	PSS/after-6
pss_mechanized.coreReduce_le0_back	pss_mechanized	isabelle/pss_mechanized.thy	63115	true	false	6,7,8		41	PSS/cross-chapter	PSS/pre-5
pss_mechanized.coreReduce_le0_fwd	pss_mechanized	isabelle/pss_mechanized.thy	63173	false	false			0	PSS/compat-unreached	PSS/pre-5
pss_mechanized.coreReduce_trunk_e1	pss_mechanized	isabelle/pss_mechanized.thy	63207	true	false			0	PSS/compat-unreached	PSS/pre-5
pss_mechanized.coreReduce_nextrel1_transfer	pss_mechanized	isabelle/pss_mechanized.thy	63251	false	false	6,7,8		41	PSS/cross-chapter	PSS/pre-5
pss_mechanized.npJ_coreReduce	pss_mechanized	isabelle/pss_mechanized.thy	63278	true	false	6,7,8	5,6	41	PSS/cross-chapter	PSS/after-6
pss_mechanized.mono_tail_row0_strict	pss_mechanized	isabelle/pss_mechanized.thy	63534	false	false	6,7,8	5	41	PSS/cross-chapter	PSS/after-5
pss_mechanized.congR_head0_lower	pss_mechanized	isabelle/pss_mechanized.thy	63585	true	false	6,7,8		41	PSS/cross-chapter	PSS/pre-5
pss_mechanized.BrJ_head0_gen	pss_mechanized	isabelle/pss_mechanized.thy	63673	true	false	6,7,8	5,6	41	PSS/cross-chapter	PSS/after-6
pss_mechanized.funpow_IncrFirst_as_map	pss_mechanized	isabelle/pss_mechanized.thy	63708	false	false	6,7,8		41	PSS/cross-chapter	PSS/pre-5
pss_mechanized.multiT_funpow_IncrFirst	pss_mechanized	isabelle/pss_mechanized.thy	63717	false	false	6,7,8	6	41	PSS/cross-chapter	PSS/after-6
pss_mechanized.rebase_as_pair_map	pss_mechanized	isabelle/pss_mechanized.thy	63720	false	false	6,7,8		41	PSS/cross-chapter	PSS/pre-5
pss_mechanized.coreReduce_block_value	pss_mechanized	isabelle/pss_mechanized.thy	63734	true	false	6,7,8	5,6	41	PSS/cross-chapter	PSS/after-6
pss_mechanized.drop_diagSeq	pss_mechanized	isabelle/pss_mechanized.thy	63920	true	false	6,7,8		41	PSS/cross-chapter	PSS/pre-5
pss_mechanized.Red_coreReduce_eq	pss_mechanized	isabelle/pss_mechanized.thy	63929	true	false	6,7,8	5,6	41	PSS/cross-chapter	PSS/after-6
pss_mechanized.congR_self_funpow_IncrFirst	pss_mechanized	isabelle/pss_mechanized.thy	64298	false	false	6,7,8		19	PSS/cross-chapter	PSS/pre-5
pss_mechanized.Red_singleton	pss_mechanized	isabelle/pss_mechanized.thy	64495	true	false	6,7,8	5,6	31	PSS/cross-chapter	PSS/after-6
pss_mechanized.reduced_mono_head_diag	pss_mechanized	isabelle/pss_mechanized.thy	64551	true	false	6,7,8	5,6	16	PSS/cross-chapter	PSS/after-6
pss_mechanized.reduced_nonmulti_coeff_set	pss_mechanized	isabelle/pss_mechanized.thy	64577	true	false	6,8	5,6	6	PSS/cross-chapter	PSS/after-6
pss_mechanized.oper_T_PS	pss_mechanized	isabelle/pss_mechanized.thy	64783	true	false	6,8		10	PSS/cross-chapter	PSS/pre-5
pss_mechanized.operCA_tiling_T	pss_mechanized	isabelle/pss_mechanized.thy	64826	true	false	6,8	5,6	10	PSS/cross-chapter	PSS/after-6
pss_mechanized.congR_rebaseRow0	pss_mechanized	isabelle/pss_mechanized.thy	64910	false	false	6		1	chapter-6/local	PSS/pre-5
pss_mechanized.oper_row0_floor	pss_mechanized	isabelle/pss_mechanized.thy	64930	true	false	6	5	1	chapter-6/local	PSS/after-5
pss_mechanized.oper_rebase_commute	pss_mechanized	isabelle/pss_mechanized.thy	65002	true	false	6	5	1	chapter-6/local	PSS/after-5
pss_mechanized.flatBP_nonempty	pss_mechanized	isabelle/pss_mechanized.thy	65229	true	false	7		1	chapter-7/local	PSS/pre-5
pss_mechanized.flatBP_hd	pss_mechanized	isabelle/pss_mechanized.thy	65231	true	false	7		1	chapter-7/local	PSS/pre-5
pss_mechanized.gs_pwsum_Nil	pss_mechanized	isabelle/pss_mechanized.thy	65249	false	false	7		1	chapter-7/local	PSS/pre-5
pss_mechanized.gs_pwsum_Cons	pss_mechanized	isabelle/pss_mechanized.thy	65251	false	false	7		1	chapter-7/local	PSS/pre-5
pss_mechanized.gs_pwsum_append	pss_mechanized	isabelle/pss_mechanized.thy	65253	false	false	7		1	chapter-7/local	PSS/pre-5
pss_mechanized.gs_pwsum_concat_CM	pss_mechanized	isabelle/pss_mechanized.thy	65256	true	false	7		1	chapter-7/local	PSS/pre-5
pss_mechanized.gs_pwsum_flatBT	pss_mechanized	isabelle/pss_mechanized.thy	65261	true	false			0	PSS/compat-unreached	PSS/pre-5
pss_mechanized.gs_pwsum_prefix_concat	pss_mechanized	isabelle/pss_mechanized.thy	65281	true	false	7		1	chapter-7/local	PSS/pre-5
pss_mechanized.gs_pwsum_prefix_nonneg_BT	pss_mechanized	isabelle/pss_mechanized.thy	65335	true	false			0	PSS/compat-unreached	PSS/pre-5
pss_mechanized.gs_pwsum_prefix_body	pss_mechanized	isabelle/pss_mechanized.thy	65426	true	false	7		1	chapter-7/local	PSS/pre-5
pss_mechanized.gensurg_concat	pss_mechanized	isabelle/pss_mechanized.thy	65464	true	false	7		1	chapter-7/local	PSS/pre-5
pss_mechanized.gensurg_pbody	pss_mechanized	isabelle/pss_mechanized.thy	65612	true	false	7		1	chapter-7/local	PSS/pre-5
pss_mechanized.gensurg_main	pss_mechanized	isabelle/pss_mechanized.thy	65706	true	false	7		1	chapter-7/local	PSS/pre-5
pss_mechanized.gensurg_image_BT	pss_mechanized	isabelle/pss_mechanized.thy	65835	true	false	7		1	chapter-7/local	PSS/pre-5
pss_mechanized.gensurg_addBT_TB	pss_mechanized	isabelle/pss_mechanized.thy	65848	true	false	7		0	chapter-7/local	PSS/pre-5
pss_mechanized.scbrepl_image_principal	pss_mechanized	isabelle/pss_mechanized.thy	65896	true	false	7		1	chapter-7/local	PSS/pre-5
pss_wip.Pred_RT_PS	pss_wip	isabelle/layerB/pss_wip.thy	19	true	false	7,8	5,6	30	PSS/cross-chapter	PSS/after-6
pss_wip.trans_multiT_prefix_RT_PS	pss_wip	isabelle/layerB/pss_wip.thy	47	true	false	7,8	5,6	30	PSS/cross-chapter	PSS/after-6
pss_wip.trans_multiT_last_component	pss_wip	isabelle/layerB/pss_wip.thy	84	true	false	7,8		30	PSS/cross-chapter	PSS/pre-5
pss_wip.Trans_Mark_dom_RT_PS_aux	pss_wip	isabelle/layerB/pss_wip.thy	117	true	false	7,8	5,6	30	PSS/cross-chapter	PSS/after-6
pss_wip.Trans_singleton	pss_wip	isabelle/layerB/pss_wip.thy	273	true	false	7,8	5,6,7	30	PSS/cross-chapter	PSS/after-7
pss_wip.Mark_singleton	pss_wip	isabelle/layerB/pss_wip.thy	286	true	false	7,8	5,6,7	29	PSS/cross-chapter	PSS/after-7
pss_wip.unflatBT_flat	pss_wip	isabelle/layerB/pss_wip.thy	303	true	false	7,8	7	29	PSS/cross-chapter	PSS/after-7
pss_wip.isPTB_str_Dpt	pss_wip	isabelle/layerB/pss_wip.thy	312	true	false	7,8		30	PSS/cross-chapter	PSS/pre-5
pss_wip.scb_decomp_self	pss_wip	isabelle/layerB/pss_wip.thy	321	false	false	7,8		28	PSS/cross-chapter	PSS/pre-5
pss_wip.scb_SOME_self	pss_wip	isabelle/layerB/pss_wip.thy	326	true	false	7,8	7	18	PSS/cross-chapter	PSS/after-7
pss_wip.scbimg_prefix_whole	pss_wip	isabelle/layerB/pss_wip.thy	721	true	false	8	7	7	chapter-8/local	PSS/after-7
pss_wip.scbimg_principal_descend	pss_wip	isabelle/layerB/pss_wip.thy	744	true	false			0	PSS/compat-unreached	PSS/pre-5
pss_wip.scbimg_join	pss_wip	isabelle/layerB/pss_wip.thy	761	true	false	7,8		27	PSS/cross-chapter	PSS/pre-5
pss_wip.scbimg_image_BT	pss_wip	isabelle/layerB/pss_wip.thy	913	true	false	7,8		27	PSS/cross-chapter	PSS/pre-5
pss_wip.scb_replace_principal	pss_wip	isabelle/layerB/pss_wip.thy	1066	true	false	7,8		27	PSS/cross-chapter	PSS/pre-5
pss_wip.dfree_flat_BT	pss_wip	isabelle/layerB/pss_wip.thy	1085	true	false	7,8		27	PSS/cross-chapter	PSS/pre-5
pss_wip.adm_Pred_transfer	pss_wip	isabelle/layerB/pss_wip.thy	1118	false	false	7,8		27	PSS/cross-chapter	PSS/pre-5
pss_wip.Marked_Pred	pss_wip	isabelle/layerB/pss_wip.thy	1152	false	false	7,8	5	27	PSS/cross-chapter	PSS/after-5
pss_wip.Marked_Pred_Adm	pss_wip	isabelle/layerB/pss_wip.thy	1183	true	false	7,8	5	27	PSS/cross-chapter	PSS/after-5
pss_wip.multi_Marked_last_component	pss_wip	isabelle/layerB/pss_wip.thy	1220	true	false	7,8	6	28	PSS/cross-chapter	PSS/after-6
pss_wip.scbext_join	pss_wip	isabelle/layerB/pss_wip.thy	1317	true	false	7,8		30	PSS/cross-chapter	PSS/pre-5
pss_wip.scb_to_last_component	pss_wip	isabelle/layerB/pss_wip.thy	1429	true	false	7,8		30	PSS/cross-chapter	PSS/pre-5
pss_wip.scb_from_last_component	pss_wip	isabelle/layerB/pss_wip.thy	1548	true	false	7,8		27	PSS/cross-chapter	PSS/pre-5
pss_wip.MarkedB_last_component_transfer	pss_wip	isabelle/layerB/pss_wip.thy	1610	true	false	7,8	7	27	PSS/cross-chapter	PSS/after-7
pss_wip.monoT_hasParent0_last	pss_wip	isabelle/layerB/pss_wip.thy	1642	false	false	7,8	5	29	PSS/cross-chapter	PSS/after-5
pss_wip.scb_Dpt_lift	pss_wip	isabelle/layerB/pss_wip.thy	1663	true	false	7,8		28	PSS/cross-chapter	PSS/pre-5
pss_wip.MarkedB_addBT_right	pss_wip	isabelle/layerB/pss_wip.thy	1673	true	false	7,8	7	27	PSS/cross-chapter	PSS/after-7
pss_wip.scb_replace_principal_BP	pss_wip	isabelle/layerB/pss_wip.thy	1688	true	false	7,8		27	PSS/cross-chapter	PSS/pre-5
pss_wip.MarkedB_Dpt_lift	pss_wip	isabelle/layerB/pss_wip.thy	1707	true	false	7,8		27	PSS/cross-chapter	PSS/pre-5
pss_wip.trans_inv_B_hard	pss_wip	isabelle/layerB/pss_wip.thy	1722	true	false	7,8	5,6,7	27	PSS/cross-chapter	PSS/after-7
pss_wip.trans_inv_C	pss_wip	isabelle/layerB/pss_wip.thy	2051	true	false	7,8	5,6,7	27	PSS/cross-chapter	PSS/after-7
pss_wip.Trans_Mark_invariant_aux	pss_wip	isabelle/layerB/pss_wip.thy	2226	true	false	7,8	5,6,7	27	PSS/cross-chapter	PSS/after-7
pss_wip.lessBT_addBT_self	pss_wip	isabelle/layerB/pss_wip.thy	2431	true	false	7,8		10	PSS/cross-chapter	PSS/pre-5
pss_wip.lessBT_addBT_mono_right	pss_wip	isabelle/layerB/pss_wip.thy	2443	true	false	7,8		10	PSS/cross-chapter	PSS/pre-5
pss_wip.scbjoin_lessBT	pss_wip	isabelle/layerB/pss_wip.thy	2467	true	false	7,8		9	PSS/cross-chapter	PSS/pre-5
pss_wip.scbext_lessBT	pss_wip	isabelle/layerB/pss_wip.thy	2616	true	false	7,8	7	9	PSS/cross-chapter	PSS/after-7
pss_wip.Lng_PB_Dpt	pss_wip	isabelle/layerB/pss_wip.thy	2830	true	false	7,8		23	PSS/cross-chapter	PSS/pre-5
pss_wip.transC2_single_principal	pss_wip	isabelle/layerB/pss_wip.thy	2833	true	false	7,8		23	PSS/cross-chapter	PSS/pre-5
pss_wip.isPTB_str_imp_Lng_PB_1	pss_wip	isabelle/layerB/pss_wip.thy	2842	true	false	7,8	7	18	PSS/cross-chapter	PSS/after-7
pss_wip.transC1_single_principal	pss_wip	isabelle/layerB/pss_wip.thy	2861	true	false	7,8	5,6,7	18	PSS/cross-chapter	PSS/after-7
pss_wip.Mark_rightmost1_forward	pss_wip	isabelle/layerB/pss_wip.thy	2897	true	false	7,8	5,6,7	22	PSS/cross-chapter	PSS/after-7
pss_wip.lessBT_Dpt_same	pss_wip	isabelle/layerB/pss_wip.thy	3054	true	false			0	PSS/compat-unreached	PSS/pre-5
pss_wip.principal_reconstruct	pss_wip	isabelle/layerB/pss_wip.thy	3057	true	false	7,8		18	PSS/cross-chapter	PSS/pre-5
pss_wip.SigmaB_snoc	pss_wip	isabelle/layerB/pss_wip.thy	3067	true	false	7,8		11	PSS/cross-chapter	PSS/pre-5
pss_wip.transC1_lessBT_transC2	pss_wip	isabelle/layerB/pss_wip.thy	3070	true	false	7,8	5,6,7	8	PSS/cross-chapter	PSS/after-7
pss_wip.lessBT_bpHeadV_lt	pss_wip	isabelle/layerB/pss_wip.thy	3228	true	false	7,8		8	PSS/cross-chapter	PSS/pre-5
pss_wip.transC1_lessBT_transC2_modNA	pss_wip	isabelle/layerB/pss_wip.thy	3247	true	false	7,8	5,6,7	8	PSS/cross-chapter	PSS/after-7
pss_wip.flatIdx_zero	pss_wip	isabelle/layerB/pss_wip.thy	3339	true	false	7,8		8	PSS/cross-chapter	PSS/pre-5
pss_wip.flatIdx_Trm	pss_wip	isabelle/layerB/pss_wip.thy	3344	true	false	7,8		8	PSS/cross-chapter	PSS/pre-5
pss_wip.flatIdx_Dpt	pss_wip	isabelle/layerB/pss_wip.thy	3363	true	false	7,8		8	PSS/cross-chapter	PSS/pre-5
pss_wip.flatIdx_addBT	pss_wip	isabelle/layerB/pss_wip.thy	3366	true	false	7,8		8	PSS/cross-chapter	PSS/pre-5
pss_wip.flatIdx_SigmaB	pss_wip	isabelle/layerB/pss_wip.thy	3374	true	false	7,8		8	PSS/cross-chapter	PSS/pre-5
pss_wip.bpHeadV_in_flatIdx	pss_wip	isabelle/layerB/pss_wip.thy	3391	true	false	7,8		8	PSS/cross-chapter	PSS/pre-5
pss_wip.flatIdx_scb_sub	pss_wip	isabelle/layerB/pss_wip.thy	3408	true	false	7,8		8	PSS/cross-chapter	PSS/pre-5
pss_wip.flatIdx_bpHeadT_sub	pss_wip	isabelle/layerB/pss_wip.thy	3425	true	false	7,8		8	PSS/cross-chapter	PSS/pre-5
pss_wip.surg_parent_ge	pss_wip	isabelle/layerB/pss_wip.thy	3440	false	false	7,8	5	22	PSS/cross-chapter	PSS/after-5
pss_wip.surg_adm_ge	pss_wip	isabelle/layerB/pss_wip.thy	3453	true	false	7,8		22	PSS/cross-chapter	PSS/pre-5
pss_wip.flatIdx_transC2_sub	pss_wip	isabelle/layerB/pss_wip.thy	3474	true	false	7,8	7	8	PSS/cross-chapter	PSS/after-7
pss_wip.dfree_transC2	pss_wip	isabelle/layerB/pss_wip.thy	3583	true	false	7,8		23	PSS/cross-chapter	PSS/pre-5
pss_wip.Mark_flatIdx_bound	pss_wip	isabelle/layerB/pss_wip.thy	3678	true	false	7,8	5,6,7	8	PSS/cross-chapter	PSS/after-7
pss_wip.viB_suffix_max	pss_wip	isabelle/layerB/pss_wip.thy	4177	true	false	7,8		9	PSS/cross-chapter	PSS/pre-5
pss_wip.NAbound_holds	pss_wip	isabelle/layerB/pss_wip.thy	4258	true	false	7,8	5,6,7	8	PSS/cross-chapter	PSS/after-7
pss_wip.transC1_lessBT_transC2_full	pss_wip	isabelle/layerB/pss_wip.thy	4340	true	false	7,8	5,6,7	8	PSS/cross-chapter	PSS/after-7
pss_wip.Trans_Pred_multi_last	pss_wip	isabelle/layerB/pss_wip.thy	4357	true	false	7,8	5,6,7	19	PSS/cross-chapter	PSS/after-7
pss_wip.flatBT_principal_head	pss_wip	isabelle/layerB/pss_wip.thy	4803	true	false	7,8		16	PSS/cross-chapter	PSS/pre-5
pss_wip.Mark_MarkedB_nest_surgery	pss_wip	isabelle/layerB/pss_wip.thy	4815	true	false	7,8	5,6,7	20	PSS/cross-chapter	PSS/after-7
pss_wip.Mark_MarkedB_nest	pss_wip	isabelle/layerB/pss_wip.thy	5194	true	false	7,8	5,6,7	20	PSS/cross-chapter	PSS/after-7
pss_wip.Mark_leftend_form	pss_wip	isabelle/layerB/pss_wip.thy	5368	true	false	7,8	5,6,7	16	PSS/cross-chapter	PSS/after-7
pss_wip.transC2_inner_nonzero	pss_wip	isabelle/layerB/pss_wip.thy	5786	true	false	7,8		13	PSS/cross-chapter	PSS/pre-5
pss_wip.flatBT_nonempty	pss_wip	isabelle/layerB/pss_wip.thy	5842	true	false	7,8		15	PSS/cross-chapter	PSS/pre-5
pss_wip.flatBT_len_ge2	pss_wip	isabelle/layerB/pss_wip.thy	5865	true	false	7,8		13	PSS/cross-chapter	PSS/pre-5
pss_wip.Mark_tail_nonzero	pss_wip	isabelle/layerB/pss_wip.thy	5896	true	false	7,8	5,6,7	13	PSS/cross-chapter	PSS/after-7
pss_wip.find_append_local	pss_wip	isabelle/layerB/pss_wip.thy	6343	false	false	7,8		10	PSS/cross-chapter	PSS/pre-5
pss_wip.bpHeadV_find_Dsym	pss_wip	isabelle/layerB/pss_wip.thy	6351	true	false	7,8		10	PSS/cross-chapter	PSS/pre-5
pss_wip.reduced_e10_zero	pss_wip	isabelle/layerB/pss_wip.thy	6384	true	false	7,8	5,6	10	PSS/cross-chapter	PSS/after-6
pss_wip.Mark_Pred_multi_last	pss_wip	isabelle/layerB/pss_wip.thy	6847	true	false	7,8	5,6,7	18	PSS/cross-chapter	PSS/after-7
pss_wip.scb_addBT_left	pss_wip	isabelle/layerB/pss_wip.thy	6941	true	false	7,8		18	PSS/cross-chapter	PSS/pre-5
pss_wip.Trans_PT_single	pss_wip	isabelle/layerB/pss_wip.thy	6984	true	false	7,8	5,6,7	19	PSS/cross-chapter	PSS/after-7
pss_wip.addBT_zero_left	pss_wip	isabelle/layerB/pss_wip.thy	7154	true	false	7,8		18	PSS/cross-chapter	PSS/pre-5
pss_wip.Pred_pow_RT_PS	pss_wip	isabelle/layerB/pss_wip.thy	7918	true	false	7,8	5,6	13	PSS/cross-chapter	PSS/after-6
pss_wip.seg_0_RT_PS	pss_wip	isabelle/layerB/pss_wip.thy	7937	true	false	7,8	5,6	13	PSS/cross-chapter	PSS/after-6
pss_wip.RightAnces_dom_RT	pss_wip	isabelle/layerB/pss_wip.thy	8142	true	false	7,8	5,6	10	PSS/cross-chapter	PSS/after-6
pss_wip.RA_probe	pss_wip	isabelle/layerB/pss_wip.thy	8240	false	false			0	PSS/compat-unreached	PSS/pre-5
pss_wip.ra_Mark0_eq_Trans	pss_wip	isabelle/layerB/pss_wip.thy	8257	true	false	7,8	5,6,7	17	PSS/cross-chapter	PSS/after-7
pss_wip.ra_RightNodes_addBT_right	pss_wip	isabelle/layerB/pss_wip.thy	8386	true	false	7,8		10	PSS/cross-chapter	PSS/pre-5
pss_wip.ra_RightNodes_Dpt_gen	pss_wip	isabelle/layerB/pss_wip.thy	8406	true	false	8		8	chapter-8/local	PSS/pre-5
pss_wip.ra_RightNodes_transC2_tail	pss_wip	isabelle/layerB/pss_wip.thy	8416	true	false	7,8		10	PSS/cross-chapter	PSS/pre-5
pss_wip.ra_RightAnces_RightNodes_RT	pss_wip	isabelle/layerB/pss_wip.thy	8501	true	false	7,8	5,6,7	10	PSS/cross-chapter	PSS/after-7
pss_wip.ra_Red_block_within_min	pss_wip	isabelle/layerB/pss_wip.thy	8893	true	false		5,6	0	PSS/compat-unreached	PSS/after-6
pss_wip.ra_P_Red_blocks_row0_min	pss_wip	isabelle/layerB/pss_wip.thy	8914	true	false		5,6	0	PSS/compat-unreached	PSS/after-6
pss_wip.rnsub_RightNodes_empty_iff	pss_wip	isabelle/layerB/pss_wip.thy	8960	true	false	7,8		11	PSS/cross-chapter	PSS/pre-5
pss_wip.Trans_mono_RN_ge2	pss_wip	isabelle/layerB/pss_wip.thy	9011	true	false	7,8	5,6,7	10	PSS/cross-chapter	PSS/after-7
pss_wip.mark_marked_principal	pss_wip	isabelle/layerB/pss_wip.thy	9212	true	false	7,8	5,6,7	7	PSS/cross-chapter	PSS/after-7
pss_wip.Mark_nest_common_marked	pss_wip	isabelle/layerB/pss_wip.thy	9245	true	false	7,8	5,6,7	7	PSS/cross-chapter	PSS/after-7
pss_wip.MarkedB_antisym	pss_wip	isabelle/layerB/pss_wip.thy	9465	true	false	7	7	0	chapter-7/local	PSS/after-7
pss_wip.RightNodes_seg_len_strict_mono	pss_wip	isabelle/layerB/pss_wip.thy	9491	true	false	7,8	5,6,7	5	PSS/cross-chapter	PSS/after-7
pss_wip.Mark_interior_RN_ge2	pss_wip	isabelle/layerB/pss_wip.thy	9556	true	false	7	5,6,7	0	chapter-7/local	PSS/after-7
pss_wip.Mark_distinct	pss_wip	isabelle/layerB/pss_wip.thy	9586	true	false	7	5,6,7	0	chapter-7/local	PSS/after-7
pss_wip.Mark0_ne_Mark	pss_wip	isabelle/layerB/pss_wip.thy	9636	true	false	7,8	5,6,7	10	PSS/cross-chapter	PSS/after-7
pss_wip.monoT_diagSeq_lt	pss_wip	isabelle/layerB/pss_wip.thy	9760	true	false	8		12	chapter-8/local	PSS/pre-5
pss_wip.nadm_diagSeq_interior	pss_wip	isabelle/layerB/pss_wip.thy	9780	false	false	8		12	chapter-8/local	PSS/pre-5
pss_wip.parent0_last_diagSeq	pss_wip	isabelle/layerB/pss_wip.thy	9797	false	false	8		12	chapter-8/local	PSS/pre-5
pss_wip.Adm_parent0_last_diagSeq	pss_wip	isabelle/layerB/pss_wip.thy	9850	true	false	8		12	chapter-8/local	PSS/pre-5
pss_wip.Lng_diagApp	pss_wip	isabelle/layerB/pss_wip.thy	10027	false	false	8		1	chapter-8/local	PSS/pre-5
pss_wip.entry_diagApp_lo	pss_wip	isabelle/layerB/pss_wip.thy	10032	false	false	8		1	chapter-8/local	PSS/pre-5
pss_wip.entry_diagApp_last0	pss_wip	isabelle/layerB/pss_wip.thy	10044	false	false	8		1	chapter-8/local	PSS/pre-5
pss_wip.entry_diagApp_last1	pss_wip	isabelle/layerB/pss_wip.thy	10055	false	false	8		1	chapter-8/local	PSS/pre-5
pss_wip.Pred_diagApp	pss_wip	isabelle/layerB/pss_wip.thy	10066	true	false	8		1	chapter-8/local	PSS/pre-5
pss_wip.nextrel0_diagApp_parent	pss_wip	isabelle/layerB/pss_wip.thy	10081	false	false	8		1	chapter-8/local	PSS/pre-5
pss_wip.nextR0_diagApp_last_unique	pss_wip	isabelle/layerB/pss_wip.thy	10109	false	false	8		1	chapter-8/local	PSS/pre-5
pss_wip.parent0_diagApp	pss_wip	isabelle/layerB/pss_wip.thy	10140	false	false	8		1	chapter-8/local	PSS/pre-5
pss_wip.nextrel0_diagApp_step	pss_wip	isabelle/layerB/pss_wip.thy	10162	false	false	8		1	chapter-8/local	PSS/pre-5
pss_wip.le0_diagApp_prefix	pss_wip	isabelle/layerB/pss_wip.thy	10178	false	false	8		1	chapter-8/local	PSS/pre-5
pss_wip.le0_diagApp_pred_confine	pss_wip	isabelle/layerB/pss_wip.thy	10207	false	false	8		1	chapter-8/local	PSS/pre-5
pss_wip.nextR_diagApp_prefix_parent	pss_wip	isabelle/layerB/pss_wip.thy	10242	false	false	8		1	chapter-8/local	PSS/pre-5
pss_wip.nextR1_diagApp_last	pss_wip	isabelle/layerB/pss_wip.thy	10294	false	false	8		1	chapter-8/local	PSS/pre-5
pss_wip.RedCondA_diagApp	pss_wip	isabelle/layerB/pss_wip.thy	10350	true	false	8		1	chapter-8/local	PSS/pre-5
pss_wip.RedCondB_diagApp	pss_wip	isabelle/layerB/pss_wip.thy	10406	true	false	8		1	chapter-8/local	PSS/pre-5
pss_wip.reduced_diagApp	pss_wip	isabelle/layerB/pss_wip.thy	10455	true	false	8	5,6	1	chapter-8/local	PSS/after-6
pss_wip.adm_index0	pss_wip	isabelle/layerB/pss_wip.thy	10471	true	false	7,8		14	PSS/cross-chapter	PSS/pre-5
pss_wip.adm_lastindex	pss_wip	isabelle/layerB/pss_wip.thy	10481	false	false	8		8	chapter-8/local	PSS/pre-5
pss_wip.monoT_diagApp	pss_wip	isabelle/layerB/pss_wip.thy	10490	true	false	8		1	chapter-8/local	PSS/pre-5
pss_wip.nextR1_diagApp_spine	pss_wip	isabelle/layerB/pss_wip.thy	10516	false	false	8		1	chapter-8/local	PSS/pre-5
pss_wip.nadm_diagApp_interior	pss_wip	isabelle/layerB/pss_wip.thy	10533	false	false	8		1	chapter-8/local	PSS/pre-5
pss_wip.Adm_diagApp_parent_lo	pss_wip	isabelle/layerB/pss_wip.thy	10548	true	false	8		1	chapter-8/local	PSS/pre-5
pss_wip.adm_diagApp_parent_hi	pss_wip	isabelle/layerB/pss_wip.thy	10592	false	false	8		1	chapter-8/local	PSS/pre-5
pss_wip.scb_decomp_Du_Dv	pss_wip	isabelle/layerB/pss_wip.thy	10618	true	false	8		1	chapter-8/local	PSS/pre-5
pss_wip.scb_SOME_Du_Dv	pss_wip	isabelle/layerB/pss_wip.thy	10628	true	false	8	7	1	chapter-8/local	PSS/after-7
pss_wip.T_PS_funpow_IncrFirst	pss_wip	isabelle/layerB/pss_wip.thy	10981	false	false	7,8		10	PSS/cross-chapter	PSS/pre-5
pss_wip.Trans_funpow_IncrFirst	pss_wip	isabelle/layerB/pss_wip.thy	10992	true	false	7,8	5,6,7	10	PSS/cross-chapter	PSS/after-7
pss_wip.Mark_funpow_IncrFirst	pss_wip	isabelle/layerB/pss_wip.thy	11009	true	false	7	5,6,7	0	chapter-7/local	PSS/after-7
pss_wip.slice_Red_in_RT_PS	pss_wip	isabelle/layerB/pss_wip.thy	11026	true	false	7,8	5,6	13	PSS/cross-chapter	PSS/after-6
pss_wip.Trans_slice_eq_Red	pss_wip	isabelle/layerB/pss_wip.thy	11044	true	false	7,8	5,6,7	10	PSS/cross-chapter	PSS/after-7
pss_wip.Mark_slice_eq_Red	pss_wip	isabelle/layerB/pss_wip.thy	11060	true	false	7	5,6,7	0	chapter-7/local	PSS/after-7
pss_wip.parent_funpow_IncrFirst_eq	pss_wip	isabelle/layerB/pss_wip.thy	11827	false	false	7,8		11	PSS/cross-chapter	PSS/pre-5
pss_wip.hasParent_funpow_IncrFirst_eq	pss_wip	isabelle/layerB/pss_wip.thy	11831	false	false			0	PSS/compat-unreached	PSS/pre-5
pss_wip.nadm_funpow_IncrFirst_eq	pss_wip	isabelle/layerB/pss_wip.thy	11835	false	false	7,8		12	PSS/cross-chapter	PSS/pre-5
pss_wip.adm_funpow_IncrFirst_eq	pss_wip	isabelle/layerB/pss_wip.thy	11840	false	false	7,8		12	PSS/cross-chapter	PSS/pre-5
pss_wip.Adm_funpow_IncrFirst_eq	pss_wip	isabelle/layerB/pss_wip.thy	11844	false	false	7,8		12	PSS/cross-chapter	PSS/pre-5
pss_wip.repr_parent_seg_to_M	pss_wip	isabelle/layerB/pss_wip.thy	11855	false	false			0	PSS/compat-unreached	PSS/pre-5
pss_wip.repr_parent_M_to_seg	pss_wip	isabelle/layerB/pss_wip.thy	11899	false	false	7,8		13	PSS/cross-chapter	PSS/pre-5
pss_wip.repr_transJ0_shift	pss_wip	isabelle/layerB/pss_wip.thy	11943	true	false	7,8	5,6	11	PSS/cross-chapter	PSS/after-6
pss_wip.repr_entry1_shift	pss_wip	isabelle/layerB/pss_wip.thy	11989	true	false	7,8	5,6	10	PSS/cross-chapter	PSS/after-6
pss_wip.repr_transJm1_shift	pss_wip	isabelle/layerB/pss_wip.thy	12019	true	false	7,8	5,6	11	PSS/cross-chapter	PSS/after-6
pss_wip.repr_adm_transJ0_shift	pss_wip	isabelle/layerB/pss_wip.thy	12156	true	false	7,8	5,6	10	PSS/cross-chapter	PSS/after-6
pss_wip.repr_transCond_atoms	pss_wip	isabelle/layerB/pss_wip.thy	12208	true	false	7,8	5,6	10	PSS/cross-chapter	PSS/after-6
pss_wip.repr_transCondI_eq	pss_wip	isabelle/layerB/pss_wip.thy	12282	true	false	7,8	5,6	10	PSS/cross-chapter	PSS/after-6
pss_wip.repr_transCondIII_eq	pss_wip	isabelle/layerB/pss_wip.thy	12301	true	false	7,8	5,6	10	PSS/cross-chapter	PSS/after-6
pss_wip.repr_transCondV_eq	pss_wip	isabelle/layerB/pss_wip.thy	12325	true	false	7,8	5,6	10	PSS/cross-chapter	PSS/after-6
pss_wip.repr_transCondVI_eq	pss_wip	isabelle/layerB/pss_wip.thy	12356	true	false	7,8	5,6	10	PSS/cross-chapter	PSS/after-6
pss_wip.funpow_IncrFirst_map	pss_wip	isabelle/layerB/pss_wip.thy	12625	false	false	7,8		10	PSS/cross-chapter	PSS/pre-5
pss_wip.seg_funpow_IncrFirst	pss_wip	isabelle/layerB/pss_wip.thy	12642	false	false	7,8		10	PSS/cross-chapter	PSS/pre-5
pss_wip.repr_entry1_shift_gen	pss_wip	isabelle/layerB/pss_wip.thy	12828	true	false	7,8	5,6	10	PSS/cross-chapter	PSS/after-6
pss_wip.nadm_Adm_lt	pss_wip	isabelle/layerB/pss_wip.thy	13323	true	false	7,8		13	PSS/cross-chapter	PSS/pre-5
pss_wip.Pred_PT_PS_t1ne	pss_wip	isabelle/layerB/pss_wip.thy	13467	true	false	7,8	5,6,7	10	PSS/cross-chapter	PSS/after-7
pss_wip.kind0_parent_facts	pss_wip	isabelle/layerB/pss_wip.thy	13671	false	false	8		9	chapter-8/local	PSS/pre-5
pss_wip.Lng_rcseq	pss_wip	isabelle/layerB/pss_wip.thy	13957	false	false			0	PSS/compat-unreached	PSS/pre-5
pss_wip.rcseq_nth	pss_wip	isabelle/layerB/pss_wip.thy	13960	false	false	8		6	chapter-8/local	PSS/pre-5
pss_wip.entry0_rcseq	pss_wip	isabelle/layerB/pss_wip.thy	13965	true	false	8		6	chapter-8/local	PSS/pre-5
pss_wip.entry1_rcseq	pss_wip	isabelle/layerB/pss_wip.thy	13970	true	false	8		6	chapter-8/local	PSS/pre-5
pss_wip.rcseq_Suc_snoc	pss_wip	isabelle/layerB/pss_wip.thy	13975	true	false	8		6	chapter-8/local	PSS/pre-5
pss_wip.Pred_rcseq_Suc	pss_wip	isabelle/layerB/pss_wip.thy	13979	true	false	8		6	chapter-8/local	PSS/pre-5
pss_wip.nextrel0_rcseq_step	pss_wip	isabelle/layerB/pss_wip.thy	13994	true	false	8		6	chapter-8/local	PSS/pre-5
pss_wip.nextrel0_rcseq_rtrancl	pss_wip	isabelle/layerB/pss_wip.thy	14009	true	false	8		6	chapter-8/local	PSS/pre-5
pss_wip.monoT_rcseq	pss_wip	isabelle/layerB/pss_wip.thy	14024	true	false	8		6	chapter-8/local	PSS/pre-5
pss_wip.adm_rcseq	pss_wip	isabelle/layerB/pss_wip.thy	14041	true	false	8		6	chapter-8/local	PSS/pre-5
pss_wip.not_hasParent1_rcseq	pss_wip	isabelle/layerB/pss_wip.thy	14061	true	false	8		6	chapter-8/local	PSS/pre-5
pss_wip.nextrel0_rcseq_iff	pss_wip	isabelle/layerB/pss_wip.thy	14078	true	false	8		6	chapter-8/local	PSS/pre-5
pss_wip.hasParent0_rcseq	pss_wip	isabelle/layerB/pss_wip.thy	14109	true	false	8		6	chapter-8/local	PSS/pre-5
pss_wip.not_hasParent0_rcseq_0	pss_wip	isabelle/layerB/pss_wip.thy	14130	true	false			0	PSS/compat-unreached	PSS/pre-5
pss_wip.RedCondA_rcseq	pss_wip	isabelle/layerB/pss_wip.thy	14141	true	false	8		6	chapter-8/local	PSS/pre-5
pss_wip.RedCondB_rcseq	pss_wip	isabelle/layerB/pss_wip.thy	14168	true	false	8		6	chapter-8/local	PSS/pre-5
pss_wip.rcseq_RT_PS	pss_wip	isabelle/layerB/pss_wip.thy	14186	true	false	8	5,6	6	chapter-8/local	PSS/after-6
pss_wip.Dpow_Suc	pss_wip	isabelle/layerB/pss_wip.thy	14195	false	false			0	PSS/compat-unreached	PSS/pre-5
pss_wip.flat_Dpow	pss_wip	isabelle/layerB/pss_wip.thy	14198	true	false	8		6	chapter-8/local	PSS/pre-5
pss_wip.Dpow_dfree	pss_wip	isabelle/layerB/pss_wip.thy	14212	true	false			0	PSS/compat-unreached	PSS/pre-5
pss_wip.scb_decomp_Dpow	pss_wip	isabelle/layerB/pss_wip.thy	14225	true	false	8		6	chapter-8/local	PSS/pre-5
pss_wip.scb_SOME_Dpow	pss_wip	isabelle/layerB/pss_wip.thy	14249	true	false	8	7	6	chapter-8/local	PSS/after-7
pss_wip.Marked_rcseq_last	pss_wip	isabelle/layerB/pss_wip.thy	14268	true	false	8		6	chapter-8/local	PSS/pre-5
pss_wip.Mark_rcseq_last	pss_wip	isabelle/layerB/pss_wip.thy	14281	true	false	8	5,6,7	6	chapter-8/local	PSS/after-7
pss_wip.Lng_cseq	pss_wip	isabelle/layerB/pss_wip.thy	14435	false	false	8		6	chapter-8/local	PSS/pre-5
pss_wip.cseq_nth	pss_wip	isabelle/layerB/pss_wip.thy	14438	false	false	8		6	chapter-8/local	PSS/pre-5
pss_wip.entry0_cseq	pss_wip	isabelle/layerB/pss_wip.thy	14443	true	false	8		6	chapter-8/local	PSS/pre-5
pss_wip.entry1_cseq	pss_wip	isabelle/layerB/pss_wip.thy	14448	true	false	8		6	chapter-8/local	PSS/pre-5
pss_wip.nextrel0_cseq_iff	pss_wip	isabelle/layerB/pss_wip.thy	14453	true	false	8		6	chapter-8/local	PSS/pre-5
pss_wip.not_hasParent1_cseq	pss_wip	isabelle/layerB/pss_wip.thy	14490	true	false	8		6	chapter-8/local	PSS/pre-5
pss_wip.hasParent0_cseq	pss_wip	isabelle/layerB/pss_wip.thy	14503	true	false	8		6	chapter-8/local	PSS/pre-5
pss_wip.RedCondA_cseq	pss_wip	isabelle/layerB/pss_wip.thy	14524	true	false	8		6	chapter-8/local	PSS/pre-5
pss_wip.not_zeroT_cseq	pss_wip	isabelle/layerB/pss_wip.thy	14551	true	false	8		6	chapter-8/local	PSS/pre-5
pss_wip.monoT_cseq	pss_wip	isabelle/layerB/pss_wip.thy	14565	true	false	8		6	chapter-8/local	PSS/pre-5
pss_wip.not_multiT_cseq	pss_wip	isabelle/layerB/pss_wip.thy	14592	true	false	8		6	chapter-8/local	PSS/pre-5
pss_wip.Red_cseq	pss_wip	isabelle/layerB/pss_wip.thy	14625	true	false	8	5,6	6	chapter-8/local	PSS/after-6
pss_wip.lessBT_Zero_right	pss_wip	isabelle/layerB/pss_wip.thy	14679	true	false	7,8		10	PSS/cross-chapter	PSS/pre-5
pss_wip.lessBT_Zero_left	pss_wip	isabelle/layerB/pss_wip.thy	14684	true	false	7,8		9	PSS/cross-chapter	PSS/pre-5
pss_wip.GBT_Dpt	pss_wip	isabelle/layerB/pss_wip.thy	14691	true	false			0	PSS/compat-unreached	PSS/pre-5
pss_wip.GBT_Zero	pss_wip	isabelle/layerB/pss_wip.thy	14695	true	false			0	PSS/compat-unreached	PSS/pre-5
pss_wip.GBT_Dpt_Zero	pss_wip	isabelle/layerB/pss_wip.thy	14698	true	false			0	PSS/compat-unreached	PSS/pre-5
pss_wip.isOT_BP_Dpt_Zero	pss_wip	isabelle/layerB/pss_wip.thy	14704	true	false			0	PSS/compat-unreached	PSS/pre-5
pss_wip.isOT_BT_Dpt_Zero	pss_wip	isabelle/layerB/pss_wip.thy	14707	true	false			0	PSS/compat-unreached	PSS/pre-5
pss_wip.isOT_BP_Dpt_Dpt_Zero	pss_wip	isabelle/layerB/pss_wip.thy	14713	true	false			0	PSS/compat-unreached	PSS/pre-5
pss_wip.dfree_BT_Dpt_enat_Zero	pss_wip	isabelle/layerB/pss_wip.thy	14727	true	false			0	PSS/compat-unreached	PSS/pre-5
pss_wip.dfree_BT_Dpt_enat_Dpt_enat_Zero	pss_wip	isabelle/layerB/pss_wip.thy	14730	true	false			0	PSS/compat-unreached	PSS/pre-5
pss_wip.concat_replicate_comm	pss_wip	isabelle/layerB/pss_wip.thy	14746	false	false	8		1	chapter-8/local	PSS/pre-5
pss_wip.untrm_multBT	pss_wip	isabelle/layerB/pss_wip.thy	14750	true	false	8		1	chapter-8/local	PSS/pre-5
pss_wip.descP_replicate_general	pss_wip	isabelle/layerB/pss_wip.thy	14757	true	false	8		6	chapter-8/local	PSS/pre-5
pss_wip.lessBT_funpow_step	pss_wip	isabelle/layerB/pss_wip.thy	14801	true	false	8		1	chapter-8/local	PSS/pre-5
pss_wip.isOT_BT_Dpt_funpow	pss_wip	isabelle/layerB/pss_wip.thy	14815	true	false	8		1	chapter-8/local	PSS/pre-5
pss_wip.Br_funpow_IncrFirst	pss_wip	isabelle/layerB/pss_wip.thy	14933	true	false	8	6	8	chapter-8/local	PSS/after-6
pss_wip.descending_funpow_IncrFirst_rev	pss_wip	isabelle/layerB/pss_wip.thy	14968	true	false	8		8	chapter-8/local	PSS/pre-5
pss_wip.Dtower_Suc	pss_wip	isabelle/layerB/pss_wip.thy	15113	false	false			0	PSS/compat-unreached	PSS/pre-5
pss_wip.runseq_Suc_snoc	pss_wip	isabelle/layerB/pss_wip.thy	15118	true	false	8		1	chapter-8/local	PSS/pre-5
pss_wip.runseq_1_eq_diagSeq	pss_wip	isabelle/layerB/pss_wip.thy	15125	false	false	8		1	chapter-8/local	PSS/pre-5
pss_wip.Lng_runseq	pss_wip	isabelle/layerB/pss_wip.thy	15143	false	false	8		1	chapter-8/local	PSS/pre-5
pss_wip.runseq_nth_lo	pss_wip	isabelle/layerB/pss_wip.thy	15156	false	false	8		1	chapter-8/local	PSS/pre-5
pss_wip.runseq_nth_hi	pss_wip	isabelle/layerB/pss_wip.thy	15166	false	false	8		1	chapter-8/local	PSS/pre-5
pss_wip.entry_runseq_lo	pss_wip	isabelle/layerB/pss_wip.thy	15180	false	false	8		1	chapter-8/local	PSS/pre-5
pss_wip.entry_runseq_hi0	pss_wip	isabelle/layerB/pss_wip.thy	15185	false	false	8		1	chapter-8/local	PSS/pre-5
pss_wip.entry_runseq_hi1	pss_wip	isabelle/layerB/pss_wip.thy	15190	false	false	8		1	chapter-8/local	PSS/pre-5
pss_wip.entry0_runseq	pss_wip	isabelle/layerB/pss_wip.thy	15198	false	false	8		1	chapter-8/local	PSS/pre-5
pss_wip.nextrel0_runseq_step	pss_wip	isabelle/layerB/pss_wip.thy	15216	true	false	8		1	chapter-8/local	PSS/pre-5
pss_wip.nextrel0_runseq_iff	pss_wip	isabelle/layerB/pss_wip.thy	15232	true	false	8		1	chapter-8/local	PSS/pre-5
pss_wip.rtrancl0_runseq	pss_wip	isabelle/layerB/pss_wip.thy	15262	true	false	8		1	chapter-8/local	PSS/pre-5
pss_wip.monoT_runseq	pss_wip	isabelle/layerB/pss_wip.thy	15276	true	false	8		1	chapter-8/local	PSS/pre-5
pss_wip.idx1_diagSeq_last	pss_wip	isabelle/layerB/pss_wip.thy	15297	false	false	8		1	chapter-8/local	PSS/pre-5
pss_wip.hasParent1_diagSeq_last	pss_wip	isabelle/layerB/pss_wip.thy	15307	false	false	8		1	chapter-8/local	PSS/pre-5
pss_wip.oper_diagSeq_eq_runseq	pss_wip	isabelle/layerB/pss_wip.thy	15338	false	false	8		1	chapter-8/local	PSS/pre-5
pss_wip.runseq_RT_PS	pss_wip	isabelle/layerB/pss_wip.thy	15422	true	false	8	5,6	1	chapter-8/local	PSS/after-6
pss_wip.flat_Dtower	pss_wip	isabelle/layerB/pss_wip.thy	15437	true	false	8		6	chapter-8/local	PSS/pre-5
pss_wip.Dtower_dfree	pss_wip	isabelle/layerB/pss_wip.thy	15449	true	false			0	PSS/compat-unreached	PSS/pre-5
pss_wip.scb_decomp_Du_Dtower	pss_wip	isabelle/layerB/pss_wip.thy	15455	true	false	8		1	chapter-8/local	PSS/pre-5
pss_wip.scb_SOME_Du_Dtower	pss_wip	isabelle/layerB/pss_wip.thy	15480	true	false	8	7	1	chapter-8/local	PSS/after-7
pss_wip.Marked_runseq_last	pss_wip	isabelle/layerB/pss_wip.thy	15502	true	false	8	5,6	1	chapter-8/local	PSS/after-6
pss_wip.Mark_runseq_last	pss_wip	isabelle/layerB/pss_wip.thy	15520	true	false	8	5,6,7	1	chapter-8/local	PSS/after-7
pss_wip.Trans_runseq	pss_wip	isabelle/layerB/pss_wip.thy	15549	true	false	8	5,6,7,8	1	chapter-8/local	PSS/after-8
pss_wip.Lng_cnst	pss_wip	isabelle/layerB/pss_wip.thy	15765	false	false			0	PSS/compat-unreached	PSS/pre-5
pss_wip.nth_cnst	pss_wip	isabelle/layerB/pss_wip.thy	15768	false	false	7,8		6	PSS/cross-chapter	PSS/pre-5
pss_wip.entry_cnst	pss_wip	isabelle/layerB/pss_wip.thy	15773	false	false	7,8		6	PSS/cross-chapter	PSS/pre-5
pss_wip.cnst_T_PS	pss_wip	isabelle/layerB/pss_wip.thy	15778	false	false	7,8		6	PSS/cross-chapter	PSS/pre-5
pss_wip.not_nextrel0_cnst	pss_wip	isabelle/layerB/pss_wip.thy	15784	false	false	7,8		6	PSS/cross-chapter	PSS/pre-5
pss_wip.not_nextrel1_cnst	pss_wip	isabelle/layerB/pss_wip.thy	15795	false	false	7,8		6	PSS/cross-chapter	PSS/pre-5
pss_wip.not_nextR_cnst	pss_wip	isabelle/layerB/pss_wip.thy	15806	false	false	7,8		6	PSS/cross-chapter	PSS/pre-5
pss_wip.not_hasParent_cnst	pss_wip	isabelle/layerB/pss_wip.thy	15810	false	false	7,8		6	PSS/cross-chapter	PSS/pre-5
pss_wip.RedCondA_cnst	pss_wip	isabelle/layerB/pss_wip.thy	15813	false	false	7,8		6	PSS/cross-chapter	PSS/pre-5
pss_wip.RedCondB_cnst	pss_wip	isabelle/layerB/pss_wip.thy	15816	false	false	7,8		6	PSS/cross-chapter	PSS/pre-5
pss_wip.cnst_RT_PS	pss_wip	isabelle/layerB/pss_wip.thy	15825	true	false	7,8	5,6	6	PSS/cross-chapter	PSS/after-6
pss_wip.zeroT_cnst_iff	pss_wip	isabelle/layerB/pss_wip.thy	15831	false	false			0	PSS/compat-unreached	PSS/pre-5
pss_wip.not_monoT_cnst_pos	pss_wip	isabelle/layerB/pss_wip.thy	15834	false	false	7,8		6	PSS/cross-chapter	PSS/pre-5
pss_wip.multiT_cnst_pos	pss_wip	isabelle/layerB/pss_wip.thy	15847	false	false	7,8		6	PSS/cross-chapter	PSS/pre-5
pss_wip.le0_cnst_iff	pss_wip	isabelle/layerB/pss_wip.thy	15858	false	false	7,8		6	PSS/cross-chapter	PSS/pre-5
pss_wip.Pcut_cnst	pss_wip	isabelle/layerB/pss_wip.thy	15871	false	false	7,8		6	PSS/cross-chapter	PSS/pre-5
pss_wip.take_cnst	pss_wip	isabelle/layerB/pss_wip.thy	15886	true	false	7,8		6	PSS/cross-chapter	PSS/pre-5
pss_wip.drop_cnst	pss_wip	isabelle/layerB/pss_wip.thy	15895	false	false	7,8		6	PSS/cross-chapter	PSS/pre-5
pss_wip.P_cnst	pss_wip	isabelle/layerB/pss_wip.thy	15903	true	false	7,8		6	PSS/cross-chapter	PSS/pre-5
pss_wip.seg_cnst	pss_wip	isabelle/layerB/pss_wip.thy	15928	false	false	7,8		6	PSS/cross-chapter	PSS/pre-5
pss_wip.PB0_addBT_left	pss_wip	isabelle/layerB/pss_wip.thy	16035	true	false	7,8		5	PSS/cross-chapter	PSS/pre-5
pss_wip.PB0_principal	pss_wip	isabelle/layerB/pss_wip.thy	16048	true	false	7,8		5	PSS/cross-chapter	PSS/pre-5
pss_wip.bpHeadT_transC2_nonzero	pss_wip	isabelle/layerB/pss_wip.thy	16203	true	false	7,8		7	PSS/cross-chapter	PSS/pre-5
pss_wip.trans_monoT_inner_nonzero	pss_wip	isabelle/layerB/pss_wip.thy	16262	true	false	7,8	5,6,7	7	PSS/cross-chapter	PSS/after-7
pss_wip.trans_leftmost_pc_two_chars	pss_wip	isabelle/layerB/pss_wip.thy	16399	true	false	7,8	5,6,7	5	PSS/cross-chapter	PSS/after-7
pss_wip.reduced_P0_zero_e11	pss_wip	isabelle/layerB/pss_wip.thy	16511	true	false	7,8	5,6	5	PSS/cross-chapter	PSS/after-6
pss_wip.Lng_PB_addBT	pss_wip	isabelle/layerB/pss_wip.thy	16650	true	false	7,8		6	PSS/cross-chapter	PSS/pre-5
pss_wip.Lng_PB_eq0_iff	pss_wip	isabelle/layerB/pss_wip.thy	16659	true	false	7,8		6	PSS/cross-chapter	PSS/pre-5
pss_wip.domB_dom_all	pss_wip	isabelle/layerB/pss_wip.thy	16855	true	false	7,8		10	PSS/cross-chapter	PSS/pre-5
pss_wip.domB_unfold	pss_wip	isabelle/layerB/pss_wip.thy	16885	true	false	7,8		10	PSS/cross-chapter	PSS/pre-5
pss_wip.oper_d0zero_prefix_to_lastblock	pss_wip	isabelle/layerB/pss_wip.thy	17096	true	false	8		7	chapter-8/local	PSS/pre-5
pss_wip.oper_d0zero_lastblock_to_end	pss_wip	isabelle/layerB/pss_wip.thy	17188	true	false	8		7	chapter-8/local	PSS/pre-5
pss_wip.Lng_operI	pss_wip	isabelle/layerB/pss_wip.thy	17595	true	false	8		6	chapter-8/local	PSS/pre-5
pss_wip.operI_Suc_append	pss_wip	isabelle/layerB/pss_wip.thy	17621	true	false	8		6	chapter-8/local	PSS/pre-5
pss_wip.numBT_inj	pss_wip	isabelle/layerB/pss_wip.thy	17652	true	false			0	PSS/compat-unreached	PSS/pre-5
pss_wip.numBT_Suc0_ne_zero	pss_wip	isabelle/layerB/pss_wip.thy	17655	true	false	7,8		10	PSS/cross-chapter	PSS/pre-5
pss_wip.NatSet_neq_zero	pss_wip	isabelle/layerB/pss_wip.thy	17658	true	false	7,8		10	PSS/cross-chapter	PSS/pre-5
pss_wip.NatSet_neq_TBv	pss_wip	isabelle/layerB/pss_wip.thy	17667	true	false	7,8		10	PSS/cross-chapter	PSS/pre-5
pss_wip.domB_principal_NatSet	pss_wip	isabelle/layerB/pss_wip.thy	17689	true	false	7,8		10	PSS/cross-chapter	PSS/pre-5
pss_wip.domB_last_component	pss_wip	isabelle/layerB/pss_wip.thy	17708	true	false	7,8		10	PSS/cross-chapter	PSS/pre-5
pss_wip.domB_hereditary_aux	pss_wip	isabelle/layerB/pss_wip.thy	17734	true	false	7,8	7	10	PSS/cross-chapter	PSS/after-7
pss_wip.isOT_BT_last	pss_wip	isabelle/layerB/pss_wip.thy	17852	true	false	8		6	chapter-8/local	PSS/pre-5
pss_wip.OT_hereditary_aux	pss_wip	isabelle/layerB/pss_wip.thy	17860	true	false	8	7	6	chapter-8/local	PSS/after-7
pss_wip.nextrel1_adjacent	pss_wip	isabelle/layerB/pss_wip.thy	17972	false	false			0	PSS/compat-unreached	PSS/pre-5
pss_wip.oper_d0zero_nadm_blockstart	pss_wip	isabelle/layerB/pss_wip.thy	18004	true	false			0	PSS/compat-unreached	PSS/pre-5
pss_wip.parent_block_le0_pred	pss_wip	isabelle/layerB/pss_wip.thy	18088	true	false	8		6	chapter-8/local	PSS/pre-5
pss_wip.Adm_eq_of_adm_below	pss_wip	isabelle/layerB/pss_wip.thy	18109	false	false	8		7	chapter-8/local	PSS/pre-5
pss_wip.adm_prefix_agree_eq	pss_wip	isabelle/layerB/pss_wip.thy	18128	false	false	8		8	chapter-8/local	PSS/pre-5
pss_wip.Mark_marked_isPTB	pss_wip	isabelle/layerB/pss_wip.thy	18410	true	false	8	5,6,7	6	chapter-8/local	PSS/after-7
pss_wip.Trans_front_peel	pss_wip	isabelle/layerB/pss_wip.thy	18435	true	false		5,6,7	0	PSS/compat-unreached	PSS/after-7
pss_wip.Mark_rightmost_adjacent_peel	pss_wip	isabelle/layerB/pss_wip.thy	18558	true	false		5,6,7	0	PSS/compat-unreached	PSS/after-7
pss_wip.Mark_adjacent_form_aux	pss_wip	isabelle/layerB/pss_wip.thy	18616	true	false		5,6,7	0	PSS/compat-unreached	PSS/after-7
pss_wip.Mark_adjacent_form	pss_wip	isabelle/layerB/pss_wip.thy	18719	true	false		5,6,7	0	PSS/compat-unreached	PSS/after-7
pss_wip.Dpt_addBT_right_cancel	pss_wip	isabelle/layerB/pss_wip.thy	18733	true	false	8		6	chapter-8/local	PSS/pre-5
pss_wip.ex1_Dpt_addBT	pss_wip	isabelle/layerB/pss_wip.thy	18750	true	false	8		6	chapter-8/local	PSS/pre-5
pss_wip.ex1_Dpt_addBT_two	pss_wip	isabelle/layerB/pss_wip.thy	18769	true	false	8		6	chapter-8/local	PSS/pre-5
pss_wip.Mark_monoT_via_Pred	pss_wip	isabelle/layerB/pss_wip.thy	18807	true	false		5,6,7	0	PSS/compat-unreached	PSS/after-7
pss_wip.Mark_nadm_const	pss_wip	isabelle/layerB/pss_wip.thy	18901	true	false		5,6,7	0	PSS/compat-unreached	PSS/after-7
pss_wip.Mark_nadm_telescope	pss_wip	isabelle/layerB/pss_wip.thy	19313	true	false		5,6,7	0	PSS/compat-unreached	PSS/after-7
pss_wip.Trans_eq_transC2_Adm0	pss_wip	isabelle/layerB/pss_wip.thy	19356	true	false	8	5,6,7	10	chapter-8/local	PSS/after-7
pss_wip.Adm_eq_0_of_nadm_below	pss_wip	isabelle/layerB/pss_wip.thy	19508	true	false	8		8	chapter-8/local	PSS/pre-5
pss_wip.Trans_gap_2tower	pss_wip	isabelle/layerB/pss_wip.thy	19569	true	false	8	5,6,7	6	chapter-8/local	PSS/after-7
pss_wip.Mark_gap_rightmost_peel	pss_wip	isabelle/layerB/pss_wip.thy	19789	true	false	8	5,6,7	6	chapter-8/local	PSS/after-7
pss_wip.Mark_gap_peel	pss_wip	isabelle/layerB/pss_wip.thy	19922	true	false	8	5,6,7	6	chapter-8/local	PSS/after-7
pss_wip.adm_TrMax_succ	pss_wip	isabelle/layerB/pss_wip.thy	20575	true	false	8		11	chapter-8/local	PSS/pre-5
pss_wip.nextR1_TrMax_fail	pss_wip	isabelle/layerB/pss_wip.thy	20680	false	false	8		11	chapter-8/local	PSS/pre-5
pss_wip.adm_TrMax	pss_wip	isabelle/layerB/pss_wip.thy	20705	true	false	8		9	chapter-8/local	PSS/pre-5
pss_wip.row0_valley_last	pss_wip	isabelle/layerB/pss_wip.thy	20973	false	false	8	5	10	chapter-8/local	PSS/after-5
pss_wip.row1_last_bound	pss_wip	isabelle/layerB/pss_wip.thy	21016	true	false	8	5,6	10	chapter-8/local	PSS/after-6
pss_wip.TBv_enat_inj	pss_wip	isabelle/layerB/pss_wip.thy	21344	true	false	7,8		8	PSS/cross-chapter	PSS/pre-5
pss_wip.zero_set_neq_TBv	pss_wip	isabelle/layerB/pss_wip.thy	21369	true	false	7,8		8	PSS/cross-chapter	PSS/pre-5
pss_wip.domB_classify_RN	pss_wip	isabelle/layerB/pss_wip.thy	21383	true	false	7,8		5	PSS/cross-chapter	PSS/pre-5
pss_wip.rnNatShape_iff_natshape	pss_wip	isabelle/layerB/pss_wip.thy	21673	true	false	7		0	chapter-7/local	PSS/pre-5
pss_wip.domB_NatSet_iff_rnNatShape	pss_wip	isabelle/layerB/pss_wip.thy	21683	true	false	7		0	chapter-7/local	PSS/pre-5
pss_wip.scb_suffix_realized	pss_wip	isabelle/layerB/pss_wip.thy	21726	true	false	7		0	chapter-7/local	PSS/pre-5
pss_wip.scb_kind0_of_suffix	pss_wip	isabelle/layerB/pss_wip.thy	21799	true	false	7	7	0	chapter-7/local	PSS/after-7
pss_wip.scb_kind1_of_suffix	pss_wip	isabelle/layerB/pss_wip.thy	21821	true	false	7,8	7	5	PSS/cross-chapter	PSS/after-7
pss_wip.rnNatShape_imp_kindable	pss_wip	isabelle/layerB/pss_wip.thy	21845	true	false	7	7	0	chapter-7/local	PSS/after-7
pss_wip.endsD00_addD00	pss_wip	isabelle/layerB/pss_wip.thy	22003	true	false	7,8		7	PSS/cross-chapter	PSS/pre-5
pss_wip.domB_endsD00	pss_wip	isabelle/layerB/pss_wip.thy	22006	true	false	7,8		7	PSS/cross-chapter	PSS/pre-5
pss_wip.size_last_lt_BP	pss_wip	isabelle/layerB/pss_wip.thy	22028	true	false	7,8		7	PSS/cross-chapter	PSS/pre-5
pss_wip.d0succ_Trm	pss_wip	isabelle/layerB/pss_wip.thy	22057	true	false			0	PSS/compat-unreached	PSS/pre-5
pss_wip.d0succ_last_eq	pss_wip	isabelle/layerB/pss_wip.thy	22062	true	false			0	PSS/compat-unreached	PSS/pre-5
pss_wip.d0succ_D00	pss_wip	isabelle/layerB/pss_wip.thy	22067	true	false	7,8		7	PSS/cross-chapter	PSS/pre-5
pss_wip.d0succ_single_nonzero	pss_wip	isabelle/layerB/pss_wip.thy	22072	true	false	7,8		7	PSS/cross-chapter	PSS/pre-5
pss_wip.d0succ_last_D00	pss_wip	isabelle/layerB/pss_wip.thy	22085	true	false	7,8		7	PSS/cross-chapter	PSS/pre-5
pss_wip.d0succ_addD00	pss_wip	isabelle/layerB/pss_wip.thy	22090	true	false	7,8		7	PSS/cross-chapter	PSS/pre-5
pss_wip.operB_dom_d0succ	pss_wip	isabelle/layerB/pss_wip.thy	22106	true	false	7,8		7	PSS/cross-chapter	PSS/pre-5
pss_wip.operB_d0succ_unfold	pss_wip	isabelle/layerB/pss_wip.thy	22239	true	false	7,8		7	PSS/cross-chapter	PSS/pre-5
pss_wip.operB_d0succ_multi_peel	pss_wip	isabelle/layerB/pss_wip.thy	22263	true	false	7,8		7	PSS/cross-chapter	PSS/pre-5
pss_wip.operB_dom_multi_peel	pss_wip	isabelle/layerB/pss_wip.thy	22279	true	false	7,8		9	PSS/cross-chapter	PSS/pre-5
pss_wip.numNat_numBT	pss_wip	isabelle/layerB/pss_wip.thy	22291	true	false	7,8		9	PSS/cross-chapter	PSS/pre-5
pss_wip.multBT_1	pss_wip	isabelle/layerB/pss_wip.thy	22294	true	false	8		6	chapter-8/local	PSS/pre-5
pss_wip.operB_strip_d0	pss_wip	isabelle/layerB/pss_wip.thy	22299	true	false	7,8		7	PSS/cross-chapter	PSS/pre-5
pss_wip.operB_single_succ	pss_wip	isabelle/layerB/pss_wip.thy	22341	true	false	7,8		7	PSS/cross-chapter	PSS/pre-5
pss_wip.domB_succ_inner_NatSet	pss_wip	isabelle/layerB/pss_wip.thy	22437	true	false	7,8		7	PSS/cross-chapter	PSS/pre-5
pss_wip.succ_body_ne	pss_wip	isabelle/layerB/pss_wip.thy	22449	true	false	7,8		7	PSS/cross-chapter	PSS/pre-5
pss_wip.domB_succ_body_NatSet	pss_wip	isabelle/layerB/pss_wip.thy	22452	true	false	7,8		7	PSS/cross-chapter	PSS/pre-5
pss_wip.d0succ_succ_inner	pss_wip	isabelle/layerB/pss_wip.thy	22468	true	false	7,8		7	PSS/cross-chapter	PSS/pre-5
pss_wip.d0succ_succ_body	pss_wip	isabelle/layerB/pss_wip.thy	22477	true	false	7,8		7	PSS/cross-chapter	PSS/pre-5
pss_wip.operB_dom_NatSet_principal	pss_wip	isabelle/layerB/pss_wip.thy	22498	true	false	7,8		9	PSS/cross-chapter	PSS/pre-5
pss_wip.operB_NatSet_principal_unfold	pss_wip	isabelle/layerB/pss_wip.thy	22596	true	false	7,8		9	PSS/cross-chapter	PSS/pre-5
pss_wip.operB_dom_multi	pss_wip	isabelle/layerB/pss_wip.thy	22641	true	false	7,8		9	PSS/cross-chapter	PSS/pre-5
pss_wip.operB_dom_spine_aux	pss_wip	isabelle/layerB/pss_wip.thy	22715	true	false	7,8	7	9	PSS/cross-chapter	PSS/after-7
pss_wip.flatBT_multi_last	pss_wip	isabelle/layerB/pss_wip.thy	22796	true	false	7,8		11	PSS/cross-chapter	PSS/pre-5
pss_wip.operB_scb_spine	pss_wip	isabelle/layerB/pss_wip.thy	22815	true	false	7,8	7	9	PSS/cross-chapter	PSS/after-7
pss_wip.dfree_BT_addBT	pss_wip	isabelle/layerB/pss_wip.thy	23004	true	false	7,8		9	PSS/cross-chapter	PSS/pre-5
pss_wip.dfree_BT_multBT	pss_wip	isabelle/layerB/pss_wip.thy	23008	true	false	7,8		7	PSS/cross-chapter	PSS/pre-5
pss_wip.SigmaB_single	pss_wip	isabelle/layerB/pss_wip.thy	23115	true	false	7		0	chapter-7/local	PSS/pre-5
pss_wip.trans_surgery_value	pss_wip	isabelle/layerB/pss_wip.thy	23469	true	false	8	5,6,7	11	chapter-8/local	PSS/after-7
pss_wip.trans_surgery_value_keystone	pss_wip	isabelle/layerB/pss_wip.thy	23553	true	false		5,6,7	0	PSS/compat-unreached	PSS/after-7
pss_wip.transC2_single_principal_head	pss_wip	isabelle/layerB/pss_wip.thy	23581	true	false	8	5,6,7	11	chapter-8/local	PSS/after-7
pss_wip.trans_surgery_localized	pss_wip	isabelle/layerB/pss_wip.thy	23635	true	false	8	5,6,7	11	chapter-8/local	PSS/after-7
pss_wip.Trans_two_zero	pss_wip	isabelle/layerB/pss_wip.thy	23926	true	false	7	5,6,7,8	0	chapter-7/local	PSS/after-8
pss_wip.Trans_take_lessBT	pss_wip	isabelle/layerB/pss_wip.thy	23943	true	false	7,8	5,6,7	5	PSS/cross-chapter	PSS/after-7
pss_wip.Trans_take_eq_imp_full	pss_wip	isabelle/layerB/pss_wip.thy	24014	true	false	7	5,6,7	0	chapter-7/local	PSS/after-7
pss_wip.domB_single_TBv_struct	pss_wip	isabelle/layerB/pss_wip.thy	24342	true	false	7,8		8	PSS/cross-chapter	PSS/pre-5
pss_wip.operB_dom_TBv_body	pss_wip	isabelle/layerB/pss_wip.thy	24381	true	false	7,8		8	PSS/cross-chapter	PSS/pre-5
pss_wip.tbvIdx_TBv	pss_wip	isabelle/layerB/pss_wip.thy	24559	true	false	7,8		8	PSS/cross-chapter	PSS/pre-5
pss_wip.xseq_dom_TBv_body	pss_wip	isabelle/layerB/pss_wip.thy	24570	true	false	7,8		8	PSS/cross-chapter	PSS/pre-5
pss_wip.operB_dom_kind1	pss_wip	isabelle/layerB/pss_wip.thy	24600	true	false	7,8		8	PSS/cross-chapter	PSS/pre-5
pss_wip.operB_kind1_unfold	pss_wip	isabelle/layerB/pss_wip.thy	24712	true	false	7,8		8	PSS/cross-chapter	PSS/pre-5
pss_wip.operB_dom_Dv0	pss_wip	isabelle/layerB/pss_wip.thy	24751	true	false	7,8		8	PSS/cross-chapter	PSS/pre-5
pss_wip.operB_Dv0_num0	pss_wip	isabelle/layerB/pss_wip.thy	24763	true	false	8		5	chapter-8/local	PSS/pre-5
pss_wip.operB_peel_trailing_Dv0	pss_wip	isabelle/layerB/pss_wip.thy	24785	true	false	8		5	chapter-8/local	PSS/pre-5
pss_wip.domB_Dw0	pss_wip	isabelle/layerB/pss_wip.thy	24830	true	false	7,8		8	PSS/cross-chapter	PSS/pre-5
pss_wip.xseq_eval_0	pss_wip	isabelle/layerB/pss_wip.thy	24842	true	false	7,8		8	PSS/cross-chapter	PSS/pre-5
pss_wip.xseq_single_TBv	pss_wip	isabelle/layerB/pss_wip.thy	24854	true	false	7,8		8	PSS/cross-chapter	PSS/pre-5
pss_wip.operB_Dv0_id	pss_wip	isabelle/layerB/pss_wip.thy	24872	true	false	7,8		8	PSS/cross-chapter	PSS/pre-5
pss_wip.operB_Du_Dw0_kind1	pss_wip	isabelle/layerB/pss_wip.thy	24891	true	false	8		0	chapter-8/local	PSS/pre-5
pss_wip.operB_Du_Dw0_base	pss_wip	isabelle/layerB/pss_wip.thy	24920	true	false	8		0	chapter-8/local	PSS/pre-5
pss_wip.operB_Du_D00	pss_wip	isabelle/layerB/pss_wip.thy	24979	true	false	8		0	chapter-8/local	PSS/pre-5
pss_wip.operB_iter_Du_Dw0	pss_wip	isabelle/layerB/pss_wip.thy	24997	true	false			0	PSS/compat-unreached	PSS/pre-5
pss_wip.xseq_Dv0_tower	pss_wip	isabelle/layerB/pss_wip.thy	25067	true	false	7,8		6	PSS/cross-chapter	PSS/pre-5
pss_wip.domB_Du_Dv0_NatSet	pss_wip	isabelle/layerB/pss_wip.thy	25097	true	false	7		1	chapter-7/local	PSS/pre-5
pss_wip.operB_Du_Dv0_kind1_eval	pss_wip	isabelle/layerB/pss_wip.thy	25124	true	false	7,8		6	PSS/cross-chapter	PSS/pre-5
pss_wip.flatBT_Dprin_funpow_tower	pss_wip	isabelle/layerB/pss_wip.thy	25151	true	false	7		1	chapter-7/local	PSS/pre-5
pss_wip.ex1_Dpt_addBT_triple	pss_wip	isabelle/layerB/pss_wip.thy	25249	true	false	8		8	chapter-8/local	PSS/pre-5
pss_wip.trans_admpos_outer_principal	pss_wip	isabelle/layerB/pss_wip.thy	25320	true	false	8	5,6,7	8	chapter-8/local	PSS/after-7
pss_wip.operB_dom_TBv_principal_aux	pss_wip	isabelle/layerB/pss_wip.thy	25456	true	false	7,8		8	PSS/cross-chapter	PSS/pre-5
pss_wip.operB_TBv_principal_unfold	pss_wip	isabelle/layerB/pss_wip.thy	25561	true	false	7,8		8	PSS/cross-chapter	PSS/pre-5
pss_wip.operB_dom_TBv_body_spine_aux	pss_wip	isabelle/layerB/pss_wip.thy	25607	true	false	7,8	7	8	PSS/cross-chapter	PSS/after-7
pss_wip.operB_TBv_body_spine	pss_wip	isabelle/layerB/pss_wip.thy	25712	true	false	7,8	7	8	PSS/cross-chapter	PSS/after-7
pss_wip.xseq_body_tower_flat	pss_wip	isabelle/layerB/pss_wip.thy	25928	true	false	7,8	7	8	PSS/cross-chapter	PSS/after-7
pss_wip.domB_Du_body_NatSet	pss_wip	isabelle/layerB/pss_wip.thy	26005	true	false	7,8		8	PSS/cross-chapter	PSS/pre-5
pss_wip.operB_Du_body_kind1_eval	pss_wip	isabelle/layerB/pss_wip.thy	26030	true	false	7,8		8	PSS/cross-chapter	PSS/pre-5
pss_wip.concat_replicate_shift	pss_wip	isabelle/layerB/pss_wip.thy	26048	false	false	7,8		8	PSS/cross-chapter	PSS/pre-5
pss_wip.concat_replicate_append_comm	pss_wip	isabelle/layerB/pss_wip.thy	26068	false	false	8		0	chapter-8/local	PSS/pre-5
pss_wip.domB_addBT_Dv0	pss_wip	isabelle/layerB/pss_wip.thy	26220	true	false	8		6	chapter-8/local	PSS/pre-5
pss_wip.operB_dom_addBT_Dv0	pss_wip	isabelle/layerB/pss_wip.thy	26240	true	false	8		5	chapter-8/local	PSS/pre-5
pss_wip.BT_split_last_principal	pss_wip	isabelle/layerB/pss_wip.thy	26360	true	false	8		8	chapter-8/local	PSS/pre-5
pss_wip.flatBP_inj	pss_wip	isabelle/layerB/pss_wip.thy	26394	true	false	8	7	8	chapter-8/local	PSS/after-7
pss_wip.scb_outer_surgery_split	pss_wip	isabelle/layerB/pss_wip.thy	26412	true	false	8	7	8	chapter-8/local	PSS/after-7
pss_wip.trans_admpos_body_split	pss_wip	isabelle/layerB/pss_wip.thy	26573	true	false	8	5,6,7	8	chapter-8/local	PSS/after-7
pss_wip.trans_admpos_body_split_wfin	pss_wip	isabelle/layerB/pss_wip.thy	26699	true	false	8	5,6,7	8	chapter-8/local	PSS/after-7
pss_wip.operB_dist_trailing_single	pss_wip	isabelle/layerB/pss_wip.thy	26836	true	false	8		0	chapter-8/local	PSS/pre-5
pss_wip.operB_dom_Du_Dw0	pss_wip	isabelle/layerB/pss_wip.thy	26873	true	false	8		0	chapter-8/local	PSS/pre-5
pss_wip.operB_dom_Du_Dw0_any	pss_wip	isabelle/layerB/pss_wip.thy	26922	true	false	8		0	chapter-8/local	PSS/pre-5
pss_wip.P_take_at_boundary	pss_wip	isabelle/layerB/pss_wip.thy	27478	true	false	8		6	chapter-8/local	PSS/pre-5
pss_wip.P_take_prefix_eq	pss_wip	isabelle/layerB/pss_wip.thy	27594	true	false	8	5,6	6	chapter-8/local	PSS/after-6
pss_wip.TrMax_seg_ancestor	pss_wip	isabelle/layerB/pss_wip.thy	27706	true	false	8		6	chapter-8/local	PSS/pre-5
pss_wip.leBT_trans	pss_wip	isabelle/layerB/pss_wip.thy	28017	true	false	8		5	chapter-8/local	PSS/pre-5
pss_wip.b1x_operB_dom_all	pss_wip	isabelle/layerB/pss_wip.thy	28021	true	false	8		5	chapter-8/local	PSS/pre-5
pss_wip.b1x_xseq_dom_all	pss_wip	isabelle/layerB/pss_wip.thy	28113	true	false	8		5	chapter-8/local	PSS/pre-5
pss_wip.b1x_operB_unfold	pss_wip	isabelle/layerB/pss_wip.thy	28133	true	false	8		5	chapter-8/local	PSS/pre-5
pss_wip.b1x_xseq_0	pss_wip	isabelle/layerB/pss_wip.thy	28152	true	false	8		5	chapter-8/local	PSS/pre-5
pss_wip.b1x_xseq_Suc	pss_wip	isabelle/layerB/pss_wip.thy	28155	true	false	8		5	chapter-8/local	PSS/pre-5
pss_wip.b1x_operB_zero	pss_wip	isabelle/layerB/pss_wip.thy	28160	true	false	8		5	chapter-8/local	PSS/pre-5
pss_wip.b1x_operB_D0	pss_wip	isabelle/layerB/pss_wip.thy	28163	true	false	8		5	chapter-8/local	PSS/pre-5
pss_wip.b1x_operB_Dinf	pss_wip	isabelle/layerB/pss_wip.thy	28166	true	false	8		5	chapter-8/local	PSS/pre-5
pss_wip.b1x_operB_Dsucc	pss_wip	isabelle/layerB/pss_wip.thy	28170	true	false	8		5	chapter-8/local	PSS/pre-5
pss_wip.b1x_operB_case_i	pss_wip	isabelle/layerB/pss_wip.thy	28179	true	false	8		5	chapter-8/local	PSS/pre-5
pss_wip.b1x_operB_case_iii	pss_wip	isabelle/layerB/pss_wip.thy	28185	true	false	8		5	chapter-8/local	PSS/pre-5
pss_wip.b1x_operB_multi	pss_wip	isabelle/layerB/pss_wip.thy	28196	true	false	8		5	chapter-8/local	PSS/pre-5
pss_wip.b1x_domB_case_iii	pss_wip	isabelle/layerB/pss_wip.thy	28205	true	false	8		5	chapter-8/local	PSS/pre-5
pss_wip.b1x_domB_Dsucc	pss_wip	isabelle/layerB/pss_wip.thy	28216	true	false	8		5	chapter-8/local	PSS/pre-5
pss_wip.b1x_mult_single	pss_wip	isabelle/layerB/pss_wip.thy	28225	true	false	8		5	chapter-8/local	PSS/pre-5
pss_wip.b1x_lessBT_replsnoc	pss_wip	isabelle/layerB/pss_wip.thy	28231	true	false	8		5	chapter-8/local	PSS/pre-5
pss_wip.b1x_leBT_head_replsnoc	pss_wip	isabelle/layerB/pss_wip.thy	28236	true	false	8		5	chapter-8/local	PSS/pre-5
pss_wip.b1x_GBT_replsnoc	pss_wip	isabelle/layerB/pss_wip.thy	28239	true	false	8		5	chapter-8/local	PSS/pre-5
pss_wip.b1x_lessBP_single	pss_wip	isabelle/layerB/pss_wip.thy	28244	true	false	8		5	chapter-8/local	PSS/pre-5
pss_wip.b1x_lessBP_asym	pss_wip	isabelle/layerB/pss_wip.thy	28247	true	false	8		5	chapter-8/local	PSS/pre-5
pss_wip.b1x_leBT_single_idx	pss_wip	isabelle/layerB/pss_wip.thy	28250	true	false	8		5	chapter-8/local	PSS/pre-5
pss_wip.b1x_zero_TBv	pss_wip	isabelle/layerB/pss_wip.thy	28255	true	false	8		5	chapter-8/local	PSS/pre-5
pss_wip.b1x_NatSet_TBv	pss_wip	isabelle/layerB/pss_wip.thy	28258	true	false	8		5	chapter-8/local	PSS/pre-5
pss_wip.b1x_Dpt_TBv	pss_wip	isabelle/layerB/pss_wip.thy	28261	true	false	8		5	chapter-8/local	PSS/pre-5
pss_wip.b1x_TBv_lt_head	pss_wip	isabelle/layerB/pss_wip.thy	28264	true	false	8		5	chapter-8/local	PSS/pre-5
pss_wip.b1x_descP_last_hd	pss_wip	isabelle/layerB/pss_wip.thy	28281	true	false	8		5	chapter-8/local	PSS/pre-5
pss_wip.b1x_TBv_head_gt	pss_wip	isabelle/layerB/pss_wip.thy	28300	true	false	8		5	chapter-8/local	PSS/pre-5
pss_wip.b1x_Dw0_lt	pss_wip	isabelle/layerB/pss_wip.thy	28327	true	false			0	PSS/compat-unreached	PSS/pre-5
pss_wip.b1x_descent	pss_wip	isabelle/layerB/pss_wip.thy	28361	true	false	8		5	chapter-8/local	PSS/pre-5
pss_wip.m_buc1_3_2a_fseq_lt	pss_wip	isabelle/layerB/pss_wip.thy	28499	true	false	8		5	chapter-8/local	PSS/pre-5
pss_wip.rn1_outer_inner_trailing	pss_wip	isabelle/layerB/pss_wip.thy	28913	true	false	8		8	chapter-8/local	PSS/pre-5
pss_wip.wid_Br_Pred	pss_wip	isabelle/layerB/pss_wip.thy	29093	true	false	8	5,6	9	chapter-8/local	PSS/after-6
pss_wip.wid_JBr_Pred_imp	pss_wip	isabelle/layerB/pss_wip.thy	29168	true	false	8	5,6	9	chapter-8/local	PSS/after-6
pss_wip.wid_FirstNodes_Pred	pss_wip	isabelle/layerB/pss_wip.thy	29203	true	false	8	5,6	9	chapter-8/local	PSS/after-6
pss_wip.wid_Joints_Pred	pss_wip	isabelle/layerB/pss_wip.thy	29260	true	false	8	5,6	9	chapter-8/local	PSS/after-6
pss_wip.wid_adm_trunk_interior_False	pss_wip	isabelle/layerB/pss_wip.thy	29340	false	false	8		8	chapter-8/local	PSS/pre-5
pss_wip.wid_transJ0_eq_TrMax	pss_wip	isabelle/layerB/pss_wip.thy	29359	true	false	8		8	chapter-8/local	PSS/pre-5
pss_wip.wid_entry1_Pred_agree	pss_wip	isabelle/layerB/pss_wip.thy	29380	false	false	8		8	chapter-8/local	PSS/pre-5
pss_wip.baseU_Br_empty_TrMax	pss_wip	isabelle/layerB/pss_wip.thy	29985	true	false	8		8	chapter-8/local	PSS/pre-5
pss_wip.baseU_alltrunk_diag_entry	pss_wip	isabelle/layerB/pss_wip.thy	29995	true	false	8	5,6	9	chapter-8/local	PSS/after-6
pss_wip.baseU_alltrunk_Trans_RN1	pss_wip	isabelle/layerB/pss_wip.thy	30086	true	false	8	5,6,7,8	8	chapter-8/local	PSS/after-8
pss_wip.baseU_twoseg_monoT	pss_wip	isabelle/layerB/pss_wip.thy	30125	false	false	8		8	chapter-8/local	PSS/pre-5
pss_wip.baseU_caseI_geom	pss_wip	isabelle/layerB/pss_wip.thy	30141	true	false	8	5,6	8	chapter-8/local	PSS/after-6
pss_wip.monoT_branch_hasParent	pss_wip	isabelle/layerB/pss_wip.thy	31628	true	false	8	5	11	chapter-8/local	PSS/after-5
pss_wip.transJm1_seg0_eq_Adm	pss_wip	isabelle/layerB/pss_wip.thy	31652	true	false	8	6	8	chapter-8/local	PSS/after-6
pss_wip.flatBT_Trm_cons_cons	pss_wip	isabelle/layerB/pss_wip.thy	31849	true	false	8		6	chapter-8/local	PSS/pre-5
pss_wip.addBT_trailing_align	pss_wip	isabelle/layerB/pss_wip.thy	31857	true	false	8		6	chapter-8/local	PSS/pre-5
pss_wip.adm_trunk_interior_nadm	pss_wip	isabelle/layerB/pss_wip.thy	32280	false	false	8		9	chapter-8/local	PSS/pre-5
pss_wip.adm_le_TrMax_cases	pss_wip	isabelle/layerB/pss_wip.thy	32297	false	false	8		9	chapter-8/local	PSS/pre-5
pss_wip.transCondIIorIV_notAVI	pss_wip	isabelle/layerB/pss_wip.thy	32514	false	false	8		6	chapter-8/local	PSS/pre-5
pss_wip.transC2_Adm0_exposed	pss_wip	isabelle/layerB/pss_wip.thy	32548	true	false	8	5,6,7	6	chapter-8/local	PSS/after-7
pss_wip.PB_Dpt_single	pss_wip	isabelle/layerB/pss_wip.thy	33302	true	false	8		8	chapter-8/local	PSS/pre-5
pss_wip.PB_addBT_app	pss_wip	isabelle/layerB/pss_wip.thy	33305	true	false	8		8	chapter-8/local	PSS/pre-5
pss_wip.leBT_Dpt0_iff	pss_wip	isabelle/layerB/pss_wip.thy	33308	true	false	8		7	chapter-8/local	PSS/pre-5
pss_wip.wid_BrLen_Pred	pss_wip	isabelle/layerB/pss_wip.thy	33469	true	false	8	5,6	8	chapter-8/local	PSS/after-6
pss_wip.wid_JPm1_map	pss_wip	isabelle/layerB/pss_wip.thy	33529	true	false	8	5,6	7	chapter-8/local	PSS/after-6
pss_wip.wid_FNJ_Pred_at_JPm1	pss_wip	isabelle/layerB/pss_wip.thy	33544	true	false	8	5,6	7	chapter-8/local	PSS/after-6
pss_wip.wit_FirstNodes0	pss_wip	isabelle/layerB/pss_wip.thy	33707	true	false	8		9	chapter-8/local	PSS/pre-5
pss_wip.wit_J1pos	pss_wip	isabelle/layerB/pss_wip.thy	33723	true	false			0	PSS/compat-unreached	PSS/pre-5
pss_wip.wit_PB_relax	pss_wip	isabelle/layerB/pss_wip.thy	33742	true	false	8		7	chapter-8/local	PSS/pre-5
pss_wip.wit_PB_tail_bound	pss_wip	isabelle/layerB/pss_wip.thy	33765	true	false	8		7	chapter-8/local	PSS/pre-5
pss_wip.wit_step_lift	pss_wip	isabelle/layerB/pss_wip.thy	33787	true	false			0	PSS/compat-unreached	PSS/pre-5
pss_wip.descending_col0_cong	pss_wip	isabelle/layerB/pss_wip.thy	33808	false	false	8		8	chapter-8/local	PSS/pre-5
pss_wip.wid_Br_Pred_col0_agree	pss_wip	isabelle/layerB/pss_wip.thy	33851	true	false	8	5,6	8	chapter-8/local	PSS/after-6
pss_wip.wid_Br_Pred_lenle	pss_wip	isabelle/layerB/pss_wip.thy	33918	true	false	8	5,6	8	chapter-8/local	PSS/after-6
pss_wip.descending_Br_Pred	pss_wip	isabelle/layerB/pss_wip.thy	33958	true	false	8	5,6	8	chapter-8/local	PSS/after-6
pss_wip.wid_entry_Pred_agree	pss_wip	isabelle/layerB/pss_wip.thy	36085	false	false	8		8	chapter-8/local	PSS/pre-5
pss_wip.wid_FN_Suc_lt	pss_wip	isabelle/layerB/pss_wip.thy	36099	true	false	8	5,6	8	chapter-8/local	PSS/after-6
pss_wip.descP_snoc	pss_wip	isabelle/layerB/pss_wip.thy	36589	true	false	8		5	chapter-8/local	PSS/pre-5
pss_wip.isOT_BT_Dpt_body	pss_wip	isabelle/layerB/pss_wip.thy	36618	true	false	8		0	chapter-8/local	PSS/pre-5
pss_wip.descP_append1	pss_wip	isabelle/layerB/pss_wip.thy	36682	true	false	8		5	chapter-8/local	PSS/pre-5
pss_wip.isOT_BT_addBT_left	pss_wip	isabelle/layerB/pss_wip.thy	36694	true	false	8		5	chapter-8/local	PSS/pre-5
pss_wip.trans_multi_split	pss_wip	isabelle/layerB/pss_wip.thy	36762	true	false	8	5,6,7	6	chapter-8/local	PSS/after-7
pss_wip.operI_j0zero_trans_step	pss_wip	isabelle/layerB/pss_wip.thy	36809	true	false	8	5,6,7,8	6	chapter-8/local	PSS/after-8
pss_wip.operI_j0zero_trans_mult	pss_wip	isabelle/layerB/pss_wip.thy	36977	true	false	8	5,6,7,8	6	chapter-8/local	PSS/after-8
pss_wip.operB_marked_scb_value	pss_wip	isabelle/layerB/pss_wip.thy	37100	true	false	8	7	6	chapter-8/local	PSS/after-7
pss_wip.monoT_operI_j0pos	pss_wip	isabelle/layerB/pss_wip.thy	37259	true	false	8		0	chapter-8/local	PSS/pre-5
pss_wip.operB_marked_scb_value_kind1	pss_wip	isabelle/layerB/pss_wip.thy	37408	true	false	8	7	0	chapter-8/local	PSS/after-7
pss_wip.leBT_Dpt_mono	pss_wip	isabelle/layerB/pss_wip.thy	37591	true	false	8		1	chapter-8/local	PSS/pre-5
pss_wip.leBT_Zero_left_any	pss_wip	isabelle/layerB/pss_wip.thy	37605	true	false			0	PSS/compat-unreached	PSS/pre-5
pss_wip.leBT_refl	pss_wip	isabelle/layerB/pss_wip.thy	37608	false	false			0	PSS/compat-unreached	PSS/pre-5
pss_wip.leBT_funpow_mono	pss_wip	isabelle/layerB/pss_wip.thy	37611	false	false	8		0	chapter-8/local	PSS/pre-5
pss_wip.leBT_Dpt_funpow_mono	pss_wip	isabelle/layerB/pss_wip.thy	37623	true	false			0	PSS/compat-unreached	PSS/pre-5
pss_wip.leBT_funpow_common	pss_wip	isabelle/layerB/pss_wip.thy	37634	true	false			0	PSS/compat-unreached	PSS/pre-5
pss_wip.entry_operI_d0zero_last	pss_wip	isabelle/layerB/pss_wip.thy	37685	true	false	8		0	chapter-8/local	PSS/pre-5
pss_wip.funpow_closed_of_step	pss_wip	isabelle/layerB/pss_wip.thy	38176	true	false	8		0	chapter-8/local	PSS/pre-5
pss_wip.funpow_closed_of_step_from2	pss_wip	isabelle/layerB/pss_wip.thy	38225	true	false	8		0	chapter-8/local	PSS/pre-5
pss_wip.Trans_unflat_transC2	pss_wip	isabelle/layerB/pss_wip.thy	38441	true	false	8	5,6,7	6	chapter-8/local	PSS/after-7
pss_wip.addBT_scb_C_eq	pss_wip	isabelle/layerB/pss_wip.thy	38970	true	false	8	7	0	chapter-8/local	PSS/after-7
pss_wip.descP_last_le	pss_wip	isabelle/layerB/pss_wip.thy	39298	true	false	8		5	chapter-8/local	PSS/pre-5
pss_wip.seg_to_last_append	pss_wip	isabelle/layerB/pss_wip.thy	39464	false	false	8		0	chapter-8/local	PSS/pre-5
pss_wip.oper_ST_RT_T	pss_wip	isabelle/layerB/pss_wip.thy	39486	true	false		5,6	0	PSS/compat-unreached	PSS/after-6
pss_wip.condV_oper_Suc_append	pss_wip	isabelle/layerB/pss_wip.thy	39503	true	false	8	8	0	chapter-8/local	PSS/after-8
pss_wip.hasParent1_parent_lt	pss_wip	isabelle/layerB/pss_wip.thy	39520	false	false	8		7	chapter-8/local	PSS/pre-5
pss_wip.oper_d0pos_nth_prefix	pss_wip	isabelle/layerB/pss_wip.thy	39541	false	false	8	8	0	chapter-8/local	PSS/after-8
pss_wip.oper_d0pos_entry_prefix	pss_wip	isabelle/layerB/pss_wip.thy	39563	false	false		8	0	PSS/compat-unreached	PSS/after-8
pss_wip.Pred_pow_append	pss_wip	isabelle/layerB/pss_wip.thy	39582	true	false			0	PSS/compat-unreached	PSS/pre-5
pss_wip.Mark_iterate_slice_append	pss_wip	isabelle/layerB/pss_wip.thy	39633	true	false	8	5,6,7	0	chapter-8/local	PSS/after-7
pss_wip.Pred_pow_append_full	pss_wip	isabelle/layerB/pss_wip.thy	39659	true	false			0	PSS/compat-unreached	PSS/pre-5
pss_wip.Pred_append_single	pss_wip	isabelle/layerB/pss_wip.thy	39674	true	false	8		0	chapter-8/local	PSS/pre-5
pss_wip.Trans_append_col_keystone	pss_wip	isabelle/layerB/pss_wip.thy	39692	true	false	8	5,6,7,8	0	chapter-8/local	PSS/after-8
pss_wip.oper_d0pos_seg_prefix	pss_wip	isabelle/layerB/pss_wip.thy	39736	true	false		8	0	PSS/compat-unreached	PSS/after-8
pss_wip.scb_context_eq_of_prefix	pss_wip	isabelle/layerB/pss_wip.thy	39775	true	false	8	5,6,7	6	chapter-8/local	PSS/after-7
pss_wip.oper_d0pos_nth	pss_wip	isabelle/layerB/pss_wip.thy	39833	true	false	8	8	7	chapter-8/local	PSS/after-8
pss_wip.oper_d0pos_entry0	pss_wip	isabelle/layerB/pss_wip.thy	39862	true	false	8	8	0	chapter-8/local	PSS/after-8
pss_wip.oper_d0pos_nth_low	pss_wip	isabelle/layerB/pss_wip.thy	39877	true	false	8	8	0	chapter-8/local	PSS/after-8
pss_wip.oper_d0pos_blockstart_step	pss_wip	isabelle/layerB/pss_wip.thy	39908	true	false	8	8	0	chapter-8/local	PSS/after-8
pss_wip.oper_d0pos_j0_to_end	pss_wip	isabelle/layerB/pss_wip.thy	40001	true	false	8	8	0	chapter-8/local	PSS/after-8
pss_wip.leBT_Dpt_head_le	pss_wip	isabelle/layerB/pss_wip.thy	41096	true	false	8		5	chapter-8/local	PSS/pre-5
pss_wip.scb_SOME_eq	pss_wip	isabelle/layerB/pss_wip.thy	41691	true	false	8	7	0	chapter-8/local	PSS/after-7
pss_wip.scbSubst_eq	pss_wip	isabelle/layerB/pss_wip.thy	41703	true	false	8	7	0	chapter-8/local	PSS/after-7
pss_wip.flat_addBT_Dpt	pss_wip	isabelle/layerB/pss_wip.thy	41708	true	false	8		0	chapter-8/local	PSS/pre-5
pss_wip.ST_PS_take	pss_wip	isabelle/layerB/pss_wip.thy	41790	true	false	8	5,6	7	chapter-8/local	PSS/after-6
pss_wip.RT_PS_take	pss_wip	isabelle/layerB/pss_wip.thy	41809	true	false	8	5,6	7	chapter-8/local	PSS/after-6
pss_wip.T_PS_take	pss_wip	isabelle/layerB/pss_wip.thy	41814	true	false	8	5,6	0	chapter-8/local	PSS/after-6
pss_wip.fullprefix_take_eq	pss_wip	isabelle/layerB/pss_wip.thy	42218	true	false	8		0	chapter-8/local	PSS/pre-5
pss_wip.oper_gen_row0_boundary_index	pss_wip	isabelle/layerB/pss_wip.thy	42582	true	false	8	5,6	0	chapter-8/local	PSS/after-6
pss_wip.oper_gen_row0_interior_lower	pss_wip	isabelle/layerB/pss_wip.thy	42849	true	false	8	5,6	0	chapter-8/local	PSS/after-6
pss_wip.red_slice_extend	pss_wip	isabelle/layerB/pss_wip.thy	43619	true	false		5,6,7	0	PSS/compat-unreached	PSS/after-7
pss_wip.seg_append_prefix	pss_wip	isabelle/layerB/pss_wip.thy	43707	false	false			0	PSS/compat-unreached	PSS/pre-5
pss_wip.Trans_take_leBT	pss_wip	isabelle/layerB/pss_wip.thy	45391	true	false		5,6,7	0	PSS/compat-unreached	PSS/after-7
pss_wip.descP_tl	pss_wip	isabelle/layerB/pss_wip.thy	45454	true	false	8		0	chapter-8/local	PSS/pre-5
pss_wip.descP_Cons_hd_le	pss_wip	isabelle/layerB/pss_wip.thy	45457	true	false	8		0	chapter-8/local	PSS/pre-5
pss_wip.descP_append	pss_wip	isabelle/layerB/pss_wip.thy	45461	true	false	8		0	chapter-8/local	PSS/pre-5
pss_wip.trans_multi_split_full	pss_wip	isabelle/layerB/pss_wip.thy	45489	true	false	8	5,6,7	5	chapter-8/local	PSS/after-7
pss_wip.rspine_nonempty	pss_wip	isabelle/layerB/pss_wip.thy	46322	true	false			0	PSS/compat-unreached	PSS/pre-5
pss_wip.rspine_scb_decomp	pss_wip	isabelle/layerB/pss_wip.thy	46334	true	false			0	PSS/compat-unreached	PSS/pre-5
pss_wip.rspine_spineLeaf_nav	pss_wip	isabelle/layerB/pss_wip.thy	46371	true	false		8	0	PSS/compat-unreached	PSS/after-8
pss_wip.rspine_spineLeaf_scbSubst	pss_wip	isabelle/layerB/pss_wip.thy	46388	true	false		7,8	0	PSS/compat-unreached	PSS/after-8
pss_wip.rspine_funpow_scbSubst_commute	pss_wip	isabelle/layerB/pss_wip.thy	46435	true	false		7,8	0	PSS/compat-unreached	PSS/after-8
pss_wip.b3b_spineLeaf_fold_drive	pss_wip	isabelle/layerB/pss_wip.thy	46487	true	false		7,8	0	PSS/compat-unreached	PSS/after-8
pss_wip.b3_markstep_skeleton	pss_wip	isabelle/layerB/pss_wip.thy	46557	false	false			0	PSS/compat-unreached	PSS/pre-5
pss_wip.rnav_addBT	pss_wip	isabelle/layerB/pss_wip.thy	46589	true	false	8		0	chapter-8/local	PSS/pre-5
pss_wip.rnav_Dpt	pss_wip	isabelle/layerB/pss_wip.thy	46595	true	false			0	PSS/compat-unreached	PSS/pre-5
pss_wip.rspine_r_nonempty	pss_wip	isabelle/layerB/pss_wip.thy	46603	true	false			0	PSS/compat-unreached	PSS/pre-5
pss_wip.rnav_scbSubst_step	pss_wip	isabelle/layerB/pss_wip.thy	46616	true	false		7,8	0	PSS/compat-unreached	PSS/after-8
pss_wip.rspine_r_scb_decomp	pss_wip	isabelle/layerB/pss_wip.thy	46633	true	false			0	PSS/compat-unreached	PSS/pre-5
pss_wip.rspine_r_nav	pss_wip	isabelle/layerB/pss_wip.thy	46673	true	false			0	PSS/compat-unreached	PSS/pre-5
pss_wip.rspine_r_scbSubst	pss_wip	isabelle/layerB/pss_wip.thy	46689	true	false		7,8	0	PSS/compat-unreached	PSS/after-8
pss_wip.rspine_r_funpow_scbSubst_commute	pss_wip	isabelle/layerB/pss_wip.thy	46715	true	false		7,8	0	PSS/compat-unreached	PSS/after-8
pss_wip.b3b_rnav_fold_drive	pss_wip	isabelle/layerB/pss_wip.thy	46743	true	false		7,8	0	PSS/compat-unreached	PSS/after-8
pss_wip.b3_markstep_skeleton_rnav	pss_wip	isabelle/layerB/pss_wip.thy	46804	false	false			0	PSS/compat-unreached	PSS/pre-5
pss_wip.bpHeadT_eq_rnav	pss_wip	isabelle/layerB/pss_wip.thy	46827	true	false			0	PSS/compat-unreached	PSS/pre-5
pss_wip.bpHeadT_rnav_Dpt	pss_wip	isabelle/layerB/pss_wip.thy	46838	true	false			0	PSS/compat-unreached	PSS/pre-5
pss_wip.Lng_Shift	pss_wip	isabelle/layerB/pss_wip.thy	49158	false	false			0	PSS/compat-unreached	PSS/pre-5
pss_wip.entry_Shift	pss_wip	isabelle/layerB/pss_wip.thy	49161	false	false			0	PSS/compat-unreached	PSS/pre-5
pss_wip.nextrel0_Shift	pss_wip	isabelle/layerB/pss_wip.thy	49166	false	false			0	PSS/compat-unreached	PSS/pre-5
pss_wip.le0_Shift	pss_wip	isabelle/layerB/pss_wip.thy	49180	false	false			0	PSS/compat-unreached	PSS/pre-5
pss_wip.nextrel1_Shift	pss_wip	isabelle/layerB/pss_wip.thy	49186	false	false			0	PSS/compat-unreached	PSS/pre-5
pss_wip.le1_Shift	pss_wip	isabelle/layerB/pss_wip.thy	49208	false	false			0	PSS/compat-unreached	PSS/pre-5
pss_wip.nextR_Shift	pss_wip	isabelle/layerB/pss_wip.thy	49214	false	false			0	PSS/compat-unreached	PSS/pre-5
pss_wip.leR_Shift	pss_wip	isabelle/layerB/pss_wip.thy	49217	false	false			0	PSS/compat-unreached	PSS/pre-5
pss_wip.hasParent_Shift	pss_wip	isabelle/layerB/pss_wip.thy	49220	false	false			0	PSS/compat-unreached	PSS/pre-5
pss_wip.parent_Shift	pss_wip	isabelle/layerB/pss_wip.thy	49223	false	false			0	PSS/compat-unreached	PSS/pre-5
pss_wip.Pred_Shift	pss_wip	isabelle/layerB/pss_wip.thy	49231	false	false			0	PSS/compat-unreached	PSS/pre-5
pss_wip.idx1_Shift	pss_wip	isabelle/layerB/pss_wip.thy	49234	false	false			0	PSS/compat-unreached	PSS/pre-5
pss_wip.nextR_parent_witness	pss_wip	isabelle/layerB/pss_wip.thy	49253	false	false	8		7	chapter-8/local	PSS/pre-5
pss_wip.oper_Shift	pss_wip	isabelle/layerB/pss_wip.thy	49258	true	false		8	0	PSS/compat-unreached	PSS/after-8
pss_wip.seg_Shift	pss_wip	isabelle/layerB/pss_wip.thy	49420	false	false			0	PSS/compat-unreached	PSS/pre-5
pss_wip.append_Shift	pss_wip	isabelle/layerB/pss_wip.thy	49437	false	false			0	PSS/compat-unreached	PSS/pre-5
pss_wip.take_Shift	pss_wip	isabelle/layerB/pss_wip.thy	49440	false	false			0	PSS/compat-unreached	PSS/pre-5
pss_wip.entry00_lt_fstcol_Shift	pss_wip	isabelle/layerB/pss_wip.thy	49447	false	false			0	PSS/compat-unreached	PSS/pre-5
pss_wip.b1x_le_less_trans	pss_wip	isabelle/layerB/pss_wip.thy	50022	true	false	8		5	chapter-8/local	PSS/pre-5
pss_wip.b1x_less_le_trans	pss_wip	isabelle/layerB/pss_wip.thy	50033	true	false	8		6	chapter-8/local	PSS/pre-5
pss_wip.b1x_size_last_lt	pss_wip	isabelle/layerB/pss_wip.thy	50046	true	false	8		5	chapter-8/local	PSS/pre-5
pss_wip.b1x_mono	pss_wip	isabelle/layerB/pss_wip.thy	50059	true	false	8		5	chapter-8/local	PSS/pre-5
pss_wip.b1x_TBv_dom_hd_gt	pss_wip	isabelle/layerB/pss_wip.thy	50126	true	false	8		5	chapter-8/local	PSS/pre-5
pss_wip.b1x_lowerbound	pss_wip	isabelle/layerB/pss_wip.thy	50147	true	false	8		5	chapter-8/local	PSS/pre-5
pss_wip.b1x_GBT_size	pss_wip	isabelle/layerB/pss_wip.thy	50212	true	false	8		5	chapter-8/local	PSS/pre-5
pss_wip.b1x_GBT_trans	pss_wip	isabelle/layerB/pss_wip.thy	50234	true	false	8		5	chapter-8/local	PSS/pre-5
pss_wip.b1x_GBT_antitone	pss_wip	isabelle/layerB/pss_wip.thy	50257	true	false	8		5	chapter-8/local	PSS/pre-5
pss_wip.b1x_GBT_numBT	pss_wip	isabelle/layerB/pss_wip.thy	50285	true	false	8		5	chapter-8/local	PSS/pre-5
pss_wip.b1x_GBT_TBv_small_empty	pss_wip	isabelle/layerB/pss_wip.thy	50288	true	false	8		5	chapter-8/local	PSS/pre-5
pss_wip.b1x_setle_subset	pss_wip	isabelle/layerB/pss_wip.thy	50308	false	false	8		5	chapter-8/local	PSS/pre-5
pss_wip.b1x_setle_widen	pss_wip	isabelle/layerB/pss_wip.thy	50311	false	false	8		5	chapter-8/local	PSS/pre-5
pss_wip.b1x_setle_union	pss_wip	isabelle/layerB/pss_wip.thy	50314	false	false	8		5	chapter-8/local	PSS/pre-5
pss_wip.b1x_triG_I	pss_wip	isabelle/layerB/pss_wip.thy	50327	false	false	8		5	chapter-8/local	PSS/pre-5
pss_wip.b1x_triG_D	pss_wip	isabelle/layerB/pss_wip.thy	50333	false	false	8		5	chapter-8/local	PSS/pre-5
pss_wip.b1x_G_control	pss_wip	isabelle/layerB/pss_wip.thy	50342	true	false	8		5	chapter-8/local	PSS/pre-5
pss_wip.b1x_sandwich_prefix	pss_wip	isabelle/layerB/pss_wip.thy	50424	true	false	8		5	chapter-8/local	PSS/pre-5
pss_wip.b1x_sandwich_Dpt	pss_wip	isabelle/layerB/pss_wip.thy	50455	true	false	8		5	chapter-8/local	PSS/pre-5
pss_wip.b1x_triG_addBT	pss_wip	isabelle/layerB/pss_wip.thy	50486	true	false	8	8	5	chapter-8/local	PSS/after-8
pss_wip.b1x_triG_Dpt	pss_wip	isabelle/layerB/pss_wip.thy	50515	true	false	8		5	chapter-8/local	PSS/pre-5
pss_wip.b1x_domB_shape	pss_wip	isabelle/layerB/pss_wip.thy	50545	true	false	8		5	chapter-8/local	PSS/pre-5
pss_wip.b1x_operB_NatSet_nonzero	pss_wip	isabelle/layerB/pss_wip.thy	50593	true	false	8		5	chapter-8/local	PSS/pre-5
pss_wip.b1x_domB_nonempty	pss_wip	isabelle/layerB/pss_wip.thy	50656	true	false	8		5	chapter-8/local	PSS/pre-5
pss_wip.b1x_descP_append	pss_wip	isabelle/layerB/pss_wip.thy	50706	true	false	8		5	chapter-8/local	PSS/pre-5
pss_wip.b1x_master	pss_wip	isabelle/layerB/pss_wip.thy	50744	true	false	8	8	5	chapter-8/local	PSS/after-8
pss_wip.m_buc1_3_2_OT_B_closed	pss_wip	isabelle/layerB/pss_wip.thy	51232	true	false	8	8	5	chapter-8/local	PSS/after-8
pss_wip.f7x_addBT_assoc	pss_wip	isabelle/layerB/pss_wip.thy	51787	true	false	8		5	chapter-8/local	PSS/pre-5
pss_wip.f7x_addBT_zero_right	pss_wip	isabelle/layerB/pss_wip.thy	51790	true	false	8		5	chapter-8/local	PSS/pre-5
pss_wip.f7x_multBT_single	pss_wip	isabelle/layerB/pss_wip.thy	51795	true	false	8		5	chapter-8/local	PSS/pre-5
pss_wip.f7x_multBT_lessBT_principal	pss_wip	isabelle/layerB/pss_wip.thy	51801	true	false	8		5	chapter-8/local	PSS/pre-5
pss_wip.f7x_Dpow_lessBT_Dpt	pss_wip	isabelle/layerB/pss_wip.thy	51815	true	false	8		5	chapter-8/local	PSS/pre-5
pss_wip.f7x_lessBT_D00_imp_zero	pss_wip	isabelle/layerB/pss_wip.thy	51828	true	false	8		5	chapter-8/local	PSS/pre-5
pss_wip.f7x_concat_replicate_single	pss_wip	isabelle/layerB/pss_wip.thy	51853	false	false			0	PSS/compat-unreached	PSS/pre-5
pss_wip.f7x_concat_map_singleton	pss_wip	isabelle/layerB/pss_wip.thy	51856	false	false			0	PSS/compat-unreached	PSS/pre-5
pss_wip.f7x_parent_one_zero	pss_wip	isabelle/layerB/pss_wip.thy	51861	false	false	8		5	chapter-8/local	PSS/pre-5
pss_wip.f7x_adm_zero	pss_wip	isabelle/layerB/pss_wip.thy	51875	true	false	8		5	chapter-8/local	PSS/pre-5
pss_wip.f7x_Trans_append_Pblocks	pss_wip	isabelle/layerB/pss_wip.thy	51888	true	false	8	5,6,7	5	chapter-8/local	PSS/after-7
pss_wip.f7x_fseq_descend_mono	pss_wip	isabelle/layerB/pss_wip.thy	52051	true	false	8	5,6,7,8	5	chapter-8/local	PSS/after-8
pss_wip.s84c1_nextR1_jm2	pss_wip	isabelle/layerB/pss_wip.thy	52670	false	false	8		7	chapter-8/local	PSS/pre-5
pss_wip.s84c1_jm2_basic	pss_wip	isabelle/layerB/pss_wip.thy	52675	false	false	8		7	chapter-8/local	PSS/pre-5
pss_wip.s84c1_jm2_univ	pss_wip	isabelle/layerB/pss_wip.thy	52692	false	false	8		7	chapter-8/local	PSS/pre-5
pss_wip.s84c1_hp0	pss_wip	isabelle/layerB/pss_wip.thy	52702	false	false	8	5	7	chapter-8/local	PSS/after-5
pss_wip.s84c1_nextR0_j0	pss_wip	isabelle/layerB/pss_wip.thy	52711	false	false	8	5	7	chapter-8/local	PSS/after-5
pss_wip.s84c1_le0_j0	pss_wip	isabelle/layerB/pss_wip.thy	52722	false	false	8	5	7	chapter-8/local	PSS/after-5
pss_wip.s84c1_anc_le_j0	pss_wip	isabelle/layerB/pss_wip.thy	52735	false	false	8	5	7	chapter-8/local	PSS/after-5
pss_wip.s84c1_jm2_le_j0	pss_wip	isabelle/layerB/pss_wip.thy	52746	false	false	8	5	7	chapter-8/local	PSS/after-5
pss_wip.s84c1_e1_jm2_le_j0	pss_wip	isabelle/layerB/pss_wip.thy	52756	false	false	8	5	7	chapter-8/local	PSS/after-5
pss_wip.s84c1_e1lt_imp_jm2_eq_j0	pss_wip	isabelle/layerB/pss_wip.thy	52773	false	false	8	5	6	chapter-8/local	PSS/after-5
pss_wip.s84c1_e1j1_pos	pss_wip	isabelle/layerB/pss_wip.thy	52835	false	false	8		7	chapter-8/local	PSS/pre-5
pss_wip.s84c1_e0_jm2_lt	pss_wip	isabelle/layerB/pss_wip.thy	52840	false	false	8	5	7	chapter-8/local	PSS/after-5
pss_wip.s84c1_genform	pss_wip	isabelle/layerB/pss_wip.thy	52853	false	false	8	8	7	chapter-8/local	PSS/after-8
pss_wip.s84c1_Lng_oper	pss_wip	isabelle/layerB/pss_wip.thy	52865	true	false	8	8	7	chapter-8/local	PSS/after-8
pss_wip.s84c1_oper_Suc_eq_L_app	pss_wip	isabelle/layerB/pss_wip.thy	52886	true	false	8	8	7	chapter-8/local	PSS/after-8
pss_wip.s84c1_Lng_L	pss_wip	isabelle/layerB/pss_wip.thy	52921	false	false	8		7	chapter-8/local	PSS/pre-5
pss_wip.s84c1_L_take	pss_wip	isabelle/layerB/pss_wip.thy	52925	true	false	8	8	7	chapter-8/local	PSS/after-8
pss_wip.s84c1_nextrel0_dir	pss_wip	isabelle/layerB/pss_wip.thy	53016	false	false	8		7	chapter-8/local	PSS/pre-5
pss_wip.s84c1_nextrel0_cong	pss_wip	isabelle/layerB/pss_wip.thy	53037	false	false	8		7	chapter-8/local	PSS/pre-5
pss_wip.s84c1_le0_cong	pss_wip	isabelle/layerB/pss_wip.thy	53050	false	false	8		7	chapter-8/local	PSS/pre-5
pss_wip.s84c1_nextrel1_dir	pss_wip	isabelle/layerB/pss_wip.thy	53060	false	false	8		7	chapter-8/local	PSS/pre-5
pss_wip.s84c1_nextrel1_cong	pss_wip	isabelle/layerB/pss_wip.thy	53089	false	false	8		7	chapter-8/local	PSS/pre-5
pss_wip.s84c1_nextrel1_chain_dir	pss_wip	isabelle/layerB/pss_wip.thy	53105	false	false	8		0	chapter-8/local	PSS/pre-5
pss_wip.s84c1_le1_cong	pss_wip	isabelle/layerB/pss_wip.thy	53125	false	false	8		0	chapter-8/local	PSS/pre-5
pss_wip.s84c1_L1_form	pss_wip	isabelle/layerB/pss_wip.thy	53150	false	false	8	5,8	7	chapter-8/local	PSS/after-8
pss_wip.s84c1_L1_Lng	pss_wip	isabelle/layerB/pss_wip.thy	53162	false	false	8	5,8	7	chapter-8/local	PSS/after-8
pss_wip.s84c1_L1_entry0	pss_wip	isabelle/layerB/pss_wip.thy	53172	false	false	8	5,8	7	chapter-8/local	PSS/after-8
pss_wip.s84c1_L1_entry1_lt	pss_wip	isabelle/layerB/pss_wip.thy	53197	false	false	8	5,8	7	chapter-8/local	PSS/after-8
pss_wip.s84c1_L1_entry1_j1	pss_wip	isabelle/layerB/pss_wip.thy	53211	false	false	8	5,8	7	chapter-8/local	PSS/after-8
pss_wip.s84c1_mult_pred	pss_wip	isabelle/layerB/pss_wip.thy	53393	true	false	8		7	chapter-8/local	PSS/pre-5
pss_wip.s84c1_oper_lastblock	pss_wip	isabelle/layerB/pss_wip.thy	53401	true	false	8	8	7	chapter-8/local	PSS/after-8
pss_wip.s84c1_Pred_Np	pss_wip	isabelle/layerB/pss_wip.thy	53440	false	false	8		7	chapter-8/local	PSS/pre-5
pss_wip.s84c1_Mn_tail	pss_wip	isabelle/layerB/pss_wip.thy	53466	true	false	8	8	7	chapter-8/local	PSS/after-8
pss_wip.s84c1_L_tail	pss_wip	isabelle/layerB/pss_wip.thy	53485	true	false	8	5,8	7	chapter-8/local	PSS/after-8
pss_wip.s84c1_Pred_L	pss_wip	isabelle/layerB/pss_wip.thy	53535	true	false	8	8	7	chapter-8/local	PSS/after-8
pss_wip.s84c1_L_prefix	pss_wip	isabelle/layerB/pss_wip.thy	53549	true	false	8	8	7	chapter-8/local	PSS/after-8
pss_wip.s84c1_Mn_entry_mstar	pss_wip	isabelle/layerB/pss_wip.thy	53597	true	false	8	8	7	chapter-8/local	PSS/after-8
pss_wip.s84c1_Mn_entry_mstar_pred	pss_wip	isabelle/layerB/pss_wip.thy	53619	true	false	8	8	7	chapter-8/local	PSS/after-8
pss_wip.s84c1_adm_L_mstar	pss_wip	isabelle/layerB/pss_wip.thy	53659	true	false	8	5,8	7	chapter-8/local	PSS/after-8
pss_wip.s84c1_le0_L_mstar	pss_wip	isabelle/layerB/pss_wip.thy	53779	true	false	8	5,8	7	chapter-8/local	PSS/after-8
pss_wip.s84c1_marked_L	pss_wip	isabelle/layerB/pss_wip.thy	53860	true	false	8	5,8	7	chapter-8/local	PSS/after-8
pss_wip.s84c1_Mark_L_mstar	pss_wip	isabelle/layerB/pss_wip.thy	53883	true	false	8	5,6,7,8	7	chapter-8/local	PSS/after-8
pss_wip.s84c1_Mark_Mn_mstar	pss_wip	isabelle/layerB/pss_wip.thy	53932	true	false	8	5,6,7,8	7	chapter-8/local	PSS/after-8
pss_wip.s84c2_funpow_IncrFirst_append	pss_wip	isabelle/layerB/pss_wip.thy	54208	false	false	8		7	chapter-8/local	PSS/pre-5
pss_wip.s84c2_funpow_IncrFirst_single	pss_wip	isabelle/layerB/pss_wip.thy	54212	false	false	8		7	chapter-8/local	PSS/pre-5
pss_wip.s84c2_seg_butlast	pss_wip	isabelle/layerB/pss_wip.thy	54216	false	false	8		7	chapter-8/local	PSS/pre-5
pss_wip.s84c2_scb_self	pss_wip	isabelle/layerB/pss_wip.thy	54231	true	false	8		7	chapter-8/local	PSS/pre-5
pss_wip.s84c2_R_base	pss_wip	isabelle/layerB/pss_wip.thy	54240	false	false	8		7	chapter-8/local	PSS/pre-5
pss_wip.s84c2_R_facts	pss_wip	isabelle/layerB/pss_wip.thy	54302	true	false	8	5,6	7	chapter-8/local	PSS/after-6
pss_wip.s84c2_concat_map_single	pss_wip	isabelle/layerB/pss_wip.thy	54596	false	false			0	PSS/compat-unreached	PSS/pre-5
pss_wip.s84c2_Trans_c2_decomp	pss_wip	isabelle/layerB/pss_wip.thy	54605	true	false	8	5,6,7,8	9	chapter-8/local	PSS/after-8
pss_wip.s84c3_entry1_funpow_IncrFirst	pss_wip	isabelle/layerB/pss_wip.thy	55199	false	false	8		5	chapter-8/local	PSS/pre-5
pss_wip.s84c3_nextrel0_funpow_IncrFirst	pss_wip	isabelle/layerB/pss_wip.thy	55208	false	false	8		5	chapter-8/local	PSS/pre-5
pss_wip.s84c3_le0_funpow_IncrFirst	pss_wip	isabelle/layerB/pss_wip.thy	55219	false	false	8		5	chapter-8/local	PSS/pre-5
pss_wip.s84c3_winOK_singleton	pss_wip	isabelle/layerB/pss_wip.thy	55237	false	false	8		5	chapter-8/local	PSS/pre-5
pss_wip.s84c3_winOK_pair	pss_wip	isabelle/layerB/pss_wip.thy	55240	false	false	8		5	chapter-8/local	PSS/pre-5
pss_wip.s84c3_winOK_triple	pss_wip	isabelle/layerB/pss_wip.thy	55253	false	false	8		5	chapter-8/local	PSS/pre-5
pss_wip.s84c3_winOK_glue	pss_wip	isabelle/layerB/pss_wip.thy	55278	true	false	8		5	chapter-8/local	PSS/pre-5
pss_wip.s84c3_RightAnces_chain	pss_wip	isabelle/layerB/pss_wip.thy	55372	true	false	8	5,6	5	chapter-8/local	PSS/after-6
pss_wip.s85b_crep_snoc	pss_wip	isabelle/layerB/pss_wip.thy	57006	false	false			0	PSS/compat-unreached	PSS/pre-5
pss_wip.s85b_crep_comm	pss_wip	isabelle/layerB/pss_wip.thy	57009	false	false	8		7	chapter-8/local	PSS/pre-5
pss_wip.s85b_rot	pss_wip	isabelle/layerB/pss_wip.thy	57012	false	false	8		6	chapter-8/local	PSS/pre-5
pss_wip.s85b_rot_cons	pss_wip	isabelle/layerB/pss_wip.thy	57029	false	false	8		6	chapter-8/local	PSS/pre-5
pss_wip.s85b_crep_comm_cons	pss_wip	isabelle/layerB/pss_wip.thy	57045	false	false	8		6	chapter-8/local	PSS/pre-5
pss_wip.s85b_crep_comm_snoc0	pss_wip	isabelle/layerB/pss_wip.thy	57056	false	false			0	PSS/compat-unreached	PSS/pre-5
pss_wip.s85b_crep_comm_snoc	pss_wip	isabelle/layerB/pss_wip.thy	57060	false	false	8		6	chapter-8/local	PSS/pre-5
pss_wip.s85b_condV_bridge	pss_wip	isabelle/layerB/pss_wip.thy	57072	false	false	8	5	6	chapter-8/local	PSS/after-5
pss_wip.s85b_condV_setup	pss_wip	isabelle/layerB/pss_wip.thy	57120	true	false	8	5,6,7	6	chapter-8/local	PSS/after-7
pss_wip.s85b_jm1_adm	pss_wip	isabelle/layerB/pss_wip.thy	57138	false	false	8		6	chapter-8/local	PSS/pre-5
pss_wip.s85b_seg_butlast_host	pss_wip	isabelle/layerB/pss_wip.thy	57233	false	false	8		6	chapter-8/local	PSS/pre-5
pss_wip.s85b_L1_decomp_adm	pss_wip	isabelle/layerB/pss_wip.thy	57387	true	false	8	5,6,7,8	6	chapter-8/local	PSS/after-8
pss_wip.s85b_W_principal	pss_wip	isabelle/layerB/pss_wip.thy	58006	true	false	8		6	chapter-8/local	PSS/pre-5
pss_wip.s85b_W_dfree	pss_wip	isabelle/layerB/pss_wip.thy	58009	true	false	8		6	chapter-8/local	PSS/pre-5
pss_wip.s85b_W_flat	pss_wip	isabelle/layerB/pss_wip.thy	58014	true	false	8	7	6	chapter-8/local	PSS/after-7
pss_wip.s85b_W_mono_seed	pss_wip	isabelle/layerB/pss_wip.thy	58048	true	false	8		1	chapter-8/local	PSS/pre-5
pss_wip.s85b_W_lt_top	pss_wip	isabelle/layerB/pss_wip.thy	58060	true	false	8		6	chapter-8/local	PSS/pre-5
pss_wip.s85b_complb_lessBT	pss_wip	isabelle/layerB/pss_wip.thy	58289	true	false	8		5	chapter-8/local	PSS/pre-5
pss_wip.s84d_c2hole_at_j1	pss_wip	isabelle/layerB/pss_wip.thy	58436	false	false	8		7	chapter-8/local	PSS/pre-5
pss_wip.s84d_corepair_shared	pss_wip	isabelle/layerB/pss_wip.thy	58443	true	false	8	7	6	chapter-8/local	PSS/after-7
pss_wip.s84d_corepair_nested	pss_wip	isabelle/layerB/pss_wip.thy	58463	true	false	8	7	6	chapter-8/local	PSS/after-7
pss_wip.s84d_c2hole_scb	pss_wip	isabelle/layerB/pss_wip.thy	58511	true	false	8	5,6,7,8	6	chapter-8/local	PSS/after-8
pss_wip.s84d_c2_rightmost_scb	pss_wip	isabelle/layerB/pss_wip.thy	58666	true	false	8	5,6,7,8	5	chapter-8/local	PSS/after-8
pss_wip.s84d_L4_regime	pss_wip	isabelle/layerB/pss_wip.thy	58710	true	false	8	5,6,7	7	chapter-8/local	PSS/after-7
pss_wip.s84d_jm3_Marked	pss_wip	isabelle/layerB/pss_wip.thy	58783	true	false	8		5	chapter-8/local	PSS/pre-5
pss_wip.s84d_jm1_Marked	pss_wip	isabelle/layerB/pss_wip.thy	58808	true	false	8	5	5	chapter-8/local	PSS/after-5
pss_wip.s84d_dec1_Trans_N_scb	pss_wip	isabelle/layerB/pss_wip.thy	58846	true	false	8	5,6,7	5	chapter-8/local	PSS/after-7
pss_wip.s84d_Mark_neq	pss_wip	isabelle/layerB/pss_wip.thy	58887	true	false	8	5,6,7	5	chapter-8/local	PSS/after-7
pss_wip.s84d_dec2_nest_scb	pss_wip	isabelle/layerB/pss_wip.thy	58991	true	false	8	5,6,7	5	chapter-8/local	PSS/after-7
pss_wip.s84d_rep_shift	pss_wip	isabelle/layerB/pss_wip.thy	59172	false	false	8		6	chapter-8/local	PSS/pre-5
pss_wip.s84d_concat_rep_snoc	pss_wip	isabelle/layerB/pss_wip.thy	59186	true	false	8		6	chapter-8/local	PSS/pre-5
pss_wip.s84d_set_concat_rep	pss_wip	isabelle/layerB/pss_wip.thy	59196	false	false	8		6	chapter-8/local	PSS/pre-5
pss_wip.s84d_L5_branch	pss_wip	isabelle/layerB/pss_wip.thy	59206	true	false	8	5,6,7	6	chapter-8/local	PSS/after-7
pss_wip.s84d_L5_rng	pss_wip	isabelle/layerB/pss_wip.thy	59256	true	false	8	5,6,7,8	6	chapter-8/local	PSS/after-8
pss_wip.s84d_L1_data	pss_wip	isabelle/layerB/pss_wip.thy	59295	true	false	8	5,6,7,8	7	chapter-8/local	PSS/after-8
pss_wip.s84d_c2hole_L1	pss_wip	isabelle/layerB/pss_wip.thy	59433	true	false	8	5,6,7,8	6	chapter-8/local	PSS/after-8
pss_wip.e1x_condV_nextR1	pss_wip	isabelle/layerB/pss_wip.thy	60614	false	false	8	5	6	chapter-8/local	PSS/after-5
pss_wip.e2x_Trans_principal_head	pss_wip	isabelle/layerB/pss_wip.thy	60990	true	false	8	5,6,7	7	chapter-8/local	PSS/after-7
pss_wip.e2x_terminal_slice_scaffold	pss_wip	isabelle/layerB/pss_wip.thy	61011	true	false	8		6	chapter-8/local	PSS/pre-5
pss_wip.e3x_H_dfree	pss_wip	isabelle/layerB/pss_wip.thy	61136	true	false	8		1	chapter-8/local	PSS/pre-5
pss_wip.e3x_H_TB	pss_wip	isabelle/layerB/pss_wip.thy	61141	true	false	8		1	chapter-8/local	PSS/pre-5
pss_wip.e3x_H_flat	pss_wip	isabelle/layerB/pss_wip.thy	61146	true	false	8	7	1	chapter-8/local	PSS/after-7
pss_wip.e3x_H_lt_top	pss_wip	isabelle/layerB/pss_wip.thy	61179	true	false	8		1	chapter-8/local	PSS/pre-5
pss_wip.e3x_exchange2_condIII	pss_wip	isabelle/layerB/pss_wip.thy	61208	true	false	8	5,6,7,8	1	chapter-8/local	PSS/after-8
pss_wip.e4x_Zero_OT_B	pss_wip	isabelle/layerB/pss_wip.thy	61382	true	false	8		5	chapter-8/local	PSS/pre-5
pss_wip.e4x_OT_B_operB_numBT	pss_wip	isabelle/layerB/pss_wip.thy	61390	true	false	8	8	5	chapter-8/local	PSS/after-8
pss_wip.e4x_OT_B_op0_iter	pss_wip	isabelle/layerB/pss_wip.thy	61406	true	false	8	8	0	chapter-8/local	PSS/after-8
pss_wip.e5x_W_lt_Dpt	pss_wip	isabelle/layerB/pss_wip.thy	61547	true	false	8		6	chapter-8/local	PSS/pre-5
pss_wip.e5x_W_seed_shift	pss_wip	isabelle/layerB/pss_wip.thy	61562	true	false	8		6	chapter-8/local	PSS/pre-5
pss_wip.e5x_W_height_mono0	pss_wip	isabelle/layerB/pss_wip.thy	61580	true	false	8		6	chapter-8/local	PSS/pre-5
pss_wip.e5x_bodyM_lt_c2	pss_wip	isabelle/layerB/pss_wip.thy	61597	true	false	8		6	chapter-8/local	PSS/pre-5
pss_wip.e5x_bodyM_lt_bodyO	pss_wip	isabelle/layerB/pss_wip.thy	61615	true	false	8		6	chapter-8/local	PSS/pre-5
pss_wip.fpx_seg0_self	pss_wip	isabelle/layerB/pss_wip.thy	61846	false	false	8		7	chapter-8/local	PSS/pre-5
pss_wip.fpx_slice_principal	pss_wip	isabelle/layerB/pss_wip.thy	61864	true	false		5,6,7	0	PSS/compat-unreached	PSS/after-7
pss_wip.fpx_VE_reduction	pss_wip	isabelle/layerB/pss_wip.thy	61913	false	false			0	PSS/compat-unreached	PSS/pre-5
pss_wip.fpx_terminal_slice_Trans_modStep	pss_wip	isabelle/layerB/pss_wip.thy	61947	true	false		5,6,7,8	0	PSS/compat-unreached	PSS/after-8
pss_wip.d2x_multBT_replicate	pss_wip	isabelle/layerB/pss_wip.thy	62007	true	false	8		1	chapter-8/local	PSS/pre-5
pss_wip.d2x_multBT_lt_top	pss_wip	isabelle/layerB/pss_wip.thy	62017	true	false	8		1	chapter-8/local	PSS/pre-5
pss_wip.d2x_exchange2_condII	pss_wip	isabelle/layerB/pss_wip.thy	62054	true	false		5,6,7,8	0	PSS/compat-unreached	PSS/after-8
pss_wip.d6x_Dtower_lt_Dpt	pss_wip	isabelle/layerB/pss_wip.thy	62161	true	false			0	PSS/compat-unreached	PSS/pre-5
pss_wip.d6x_exchange2_condVI	pss_wip	isabelle/layerB/pss_wip.thy	62178	true	false		5,6,7,8	0	PSS/compat-unreached	PSS/after-8
pss_wip.d6x_exchange2_condVI_tower	pss_wip	isabelle/layerB/pss_wip.thy	62245	true	false		5,6,7,8	0	PSS/compat-unreached	PSS/after-8
pss_wip.d13x_T_dfree	pss_wip	isabelle/layerB/pss_wip.thy	62332	true	false	8		1	chapter-8/local	PSS/pre-5
pss_wip.d13x_T_TB	pss_wip	isabelle/layerB/pss_wip.thy	62337	true	false	8		1	chapter-8/local	PSS/pre-5
pss_wip.d13x_T_flat	pss_wip	isabelle/layerB/pss_wip.thy	62342	true	false	8	7	1	chapter-8/local	PSS/after-7
pss_wip.d13x_T_interleave	pss_wip	isabelle/layerB/pss_wip.thy	62379	true	false			0	PSS/compat-unreached	PSS/pre-5
pss_wip.d13x_T_mono_base	pss_wip	isabelle/layerB/pss_wip.thy	62424	true	false	8		1	chapter-8/local	PSS/pre-5
pss_wip.d13x_T_compose	pss_wip	isabelle/layerB/pss_wip.thy	62440	true	false	8		1	chapter-8/local	PSS/pre-5
pss_wip.d13x_Lbase	pss_wip	isabelle/layerB/pss_wip.thy	62449	true	false	8		1	chapter-8/local	PSS/pre-5
pss_wip.d13x_fseq_condIII	pss_wip	isabelle/layerB/pss_wip.thy	62471	true	false	8	7	6	chapter-8/local	PSS/after-7
pss_wip.d13x_exchange13_condIII	pss_wip	isabelle/layerB/pss_wip.thy	62514	true	false	8	5,6,7	1	chapter-8/local	PSS/after-7
pss_wip.cfax_crep_rot	pss_wip	isabelle/layerB/pss_wip.thy	62917	false	false	8		5	chapter-8/local	PSS/pre-5
pss_wip.cfax_CF_kind1_concat	pss_wip	isabelle/layerB/pss_wip.thy	62928	true	false		5,6,7,8	0	PSS/compat-unreached	PSS/after-8
pss_wip.cfax_CF_kind1_mnform	pss_wip	isabelle/layerB/pss_wip.thy	63064	true	false		5,6,7,8	0	PSS/compat-unreached	PSS/after-8
pss_wip.cfax_condIII_exchange13_of_CFvalues	pss_wip	isabelle/layerB/pss_wip.thy	63126	true	false		5,6,7,8	0	PSS/compat-unreached	PSS/after-8
pss_wip.cfbx_VE_backpeel	pss_wip	isabelle/layerB/pss_wip.thy	63230	true	false		5,6	0	PSS/compat-unreached	PSS/after-6
pss_wip.cfbx_VE_iff_Mark	pss_wip	isabelle/layerB/pss_wip.thy	63283	true	false		5,6,7	0	PSS/compat-unreached	PSS/after-7
pss_wip.cfbx_Mark0_Trans	pss_wip	isabelle/layerB/pss_wip.thy	63298	true	false		5,6,7	0	PSS/compat-unreached	PSS/after-7
pss_wip.cfbx_VE_iff_Mark0	pss_wip	isabelle/layerB/pss_wip.thy	63319	true	false		5,6,7	0	PSS/compat-unreached	PSS/after-7
pss_wip.cfbx_terminal_slice_Trans_modBackpeel	pss_wip	isabelle/layerB/pss_wip.thy	63338	true	false		5,6,7,8	0	PSS/compat-unreached	PSS/after-8
pss_wip.cfcx_scb_principal_peel	pss_wip	isabelle/layerB/pss_wip.thy	63400	true	false	8		7	chapter-8/local	PSS/pre-5
pss_wip.cfcx_surgery_bpHeadT_eq	pss_wip	isabelle/layerB/pss_wip.thy	63422	true	false	8	7	7	chapter-8/local	PSS/after-7
pss_wip.cfcx_VE_step_abstract	pss_wip	isabelle/layerB/pss_wip.thy	63476	true	false	8	7	7	chapter-8/local	PSS/after-7
pss_wip.cfcx_VE_step_concrete	pss_wip	isabelle/layerB/pss_wip.thy	63522	true	false	8	5,6,7,8	7	chapter-8/local	PSS/after-8
pss_wip.d4vx_Trans_oper_exchange_corrected_condIV	pss_wip	isabelle/layerB/pss_wip.thy	63617	true	false		5,6,7	0	PSS/compat-unreached	PSS/after-7
pss_wip.d4vx_Trans_oper_exchange_corrected	pss_wip	isabelle/layerB/pss_wip.thy	63687	true	false		5,6,7,8	0	PSS/compat-unreached	PSS/after-8
pss_wip.d4vx_ins_flat	pss_wip	isabelle/layerB/pss_wip.thy	63767	true	false	8	7	5	chapter-8/local	PSS/after-7
pss_wip.d4vx_core_flat	pss_wip	isabelle/layerB/pss_wip.thy	63783	true	false	8	7	5	chapter-8/local	PSS/after-7
pss_wip.d4vx_core_lt_c2body	pss_wip	isabelle/layerB/pss_wip.thy	63815	true	false	8	7	5	chapter-8/local	PSS/after-7
pss_wip.d4vx_exchange2_condIV	pss_wip	isabelle/layerB/pss_wip.thy	63856	true	false	8	5,6,7,8	5	chapter-8/local	PSS/after-8
pss_wip.d4vx_Trans_oper_exchange_corrected_otfree	pss_wip	isabelle/layerB/pss_wip.thy	64013	true	false		5,6,7,8	0	PSS/compat-unreached	PSS/after-8
pss_wip.c1x_condI_j0pos_exchange	pss_wip	isabelle/layerB/pss_wip.thy	64124	true	false	8	5,6,7,8	5	chapter-8/local	PSS/after-8
pss_wip.nfx_rot_s0	pss_wip	isabelle/layerB/pss_wip.thy	64198	false	false	8		6	chapter-8/local	PSS/pre-5
pss_wip.nfx_bodyO_flat	pss_wip	isabelle/layerB/pss_wip.thy	64207	true	false	8	7	6	chapter-8/local	PSS/after-7
pss_wip.nfx_operB_form	pss_wip	isabelle/layerB/pss_wip.thy	64249	true	false	8	5,6,7,8	6	chapter-8/local	PSS/after-8
pss_wip.nfx_bodyM_flat	pss_wip	isabelle/layerB/pss_wip.thy	64305	true	false	8	7	6	chapter-8/local	PSS/after-7
pss_wip.nfx_M_tower	pss_wip	isabelle/layerB/pss_wip.thy	64348	true	false	8	5,6,7,8	6	chapter-8/local	PSS/after-8
pss_wip.nfx_NFall	pss_wip	isabelle/layerB/pss_wip.thy	64558	true	false	8	5,6,7,8	6	chapter-8/local	PSS/after-8
pss_wip.wfox_goal_eq_RTrel	pss_wip	isabelle/layerB/pss_wip.thy	64634	false	false			0	PSS/compat-unreached	PSS/pre-5
pss_wip.wfox_RTrel_irrefl	pss_wip	isabelle/layerB/pss_wip.thy	64640	true	false			0	PSS/compat-unreached	PSS/pre-5
pss_wip.wfox_RTrel_trans	pss_wip	isabelle/layerB/pss_wip.thy	64643	true	false			0	PSS/compat-unreached	PSS/pre-5
pss_wip.wfox_wf_iff_nochain	pss_wip	isabelle/layerB/pss_wip.thy	64649	false	false			0	PSS/compat-unreached	PSS/pre-5
pss_wip.wfox_RPrel_into_RTrel	pss_wip	isabelle/layerB/pss_wip.thy	64674	true	false			0	PSS/compat-unreached	PSS/pre-5
pss_wip.wfox_RPrel_of_RTrel	pss_wip	isabelle/layerB/pss_wip.thy	64678	true	false			0	PSS/compat-unreached	PSS/pre-5
pss_wip.wfox_RPrel_subterm	pss_wip	isabelle/layerB/pss_wip.thy	64687	true	false			0	PSS/compat-unreached	PSS/pre-5
pss_wip.wfox_Trm_untrm	pss_wip	isabelle/layerB/pss_wip.thy	64703	true	false			0	PSS/compat-unreached	PSS/pre-5
pss_wip.wfox_hd_guarded	pss_wip	isabelle/layerB/pss_wip.thy	64706	true	false			0	PSS/compat-unreached	PSS/pre-5
pss_wip.wfox_tl_guarded	pss_wip	isabelle/layerB/pss_wip.thy	64710	true	false			0	PSS/compat-unreached	PSS/pre-5
pss_wip.wfox_chain_nonempty	pss_wip	isabelle/layerB/pss_wip.thy	64714	true	false			0	PSS/compat-unreached	PSS/pre-5
pss_wip.wfox_head_step	pss_wip	isabelle/layerB/pss_wip.thy	64724	true	false			0	PSS/compat-unreached	PSS/pre-5
pss_wip.wfox_tail_step	pss_wip	isabelle/layerB/pss_wip.thy	64739	true	false			0	PSS/compat-unreached	PSS/pre-5
pss_wip.wfox_head_bound	pss_wip	isabelle/layerB/pss_wip.thy	64755	true	false			0	PSS/compat-unreached	PSS/pre-5
pss_wip.wfox_tail_step'	pss_wip	isabelle/layerB/pss_wip.thy	64789	true	false			0	PSS/compat-unreached	PSS/pre-5
pss_wip.wfox_NoBad	pss_wip	isabelle/layerB/pss_wip.thy	64810	true	false			0	PSS/compat-unreached	PSS/pre-5
pss_wip.wfox_tuple_lift	pss_wip	isabelle/layerB/pss_wip.thy	64949	true	false			0	PSS/compat-unreached	PSS/pre-5
pss_wip.wfox_wf_RPrel_iff_RTrel	pss_wip	isabelle/layerB/pss_wip.thy	64998	true	false			0	PSS/compat-unreached	PSS/pre-5
pss_wip.m_buc1_2_2_OT_B_wf_via_principal	pss_wip	isabelle/layerB/pss_wip.thy	65006	true	false			0	PSS/compat-unreached	PSS/pre-5
pss_wip.m_buc1_2_2_OT_B_wf	pss_wip	isabelle/layerB/pss_wip.thy	65016	false	false			0	PSS/compat-unreached	PSS/pre-5
pss_wip.ctx_transJm1_shift	pss_wip	isabelle/layerB/pss_wip.thy	65072	true	false	8	5,6	7	chapter-8/local	PSS/after-6
pss_wip.ctx_adm_transJ0_shift	pss_wip	isabelle/layerB/pss_wip.thy	65112	true	false	8	5,6	7	chapter-8/local	PSS/after-6
pss_wip.ctx_transCond_atoms	pss_wip	isabelle/layerB/pss_wip.thy	65164	true	false	8	5,6	7	chapter-8/local	PSS/after-6
pss_wip.ctx_transCondI_eq	pss_wip	isabelle/layerB/pss_wip.thy	65227	true	false	8	5,6	7	chapter-8/local	PSS/after-6
pss_wip.ctx_transCondIII_eq	pss_wip	isabelle/layerB/pss_wip.thy	65247	true	false	8	5,6	7	chapter-8/local	PSS/after-6
pss_wip.ctx_transCondV_eq	pss_wip	isabelle/layerB/pss_wip.thy	65272	true	false	8	5,6	7	chapter-8/local	PSS/after-6
pss_wip.ctx_transCondVI_eq	pss_wip	isabelle/layerB/pss_wip.thy	65302	true	false	8	5,6	7	chapter-8/local	PSS/after-6
pss_wip.ctx_interior_id2	pss_wip	isabelle/layerB/pss_wip.thy	65336	true	false	8	5,6	7	chapter-8/local	PSS/after-6
pss_wip.ctx_interior_id3	pss_wip	isabelle/layerB/pss_wip.thy	65361	true	false	8	5,6,7	7	chapter-8/local	PSS/after-7
pss_wip.ctx_markShift	pss_wip	isabelle/layerB/pss_wip.thy	65403	true	false	8	5,6,7	7	chapter-8/local	PSS/after-7
pss_wip.ctx_interior_ids	pss_wip	isabelle/layerB/pss_wip.thy	65526	true	false	8	5,6,7	7	chapter-8/local	PSS/after-7
pss_wip.ctx_VE_step_nonmarked	pss_wip	isabelle/layerB/pss_wip.thy	65557	true	false		5,6,7,8	0	PSS/compat-unreached	PSS/after-8
pss_wip.bpax_Trans_PredN_leR	pss_wip	isabelle/layerB/pss_wip.thy	65617	true	false	8	5,6,7	7	chapter-8/local	PSS/after-7
pss_wip.bpax_VE_step	pss_wip	isabelle/layerB/pss_wip.thy	65663	true	false	8	5,6,7,8	7	chapter-8/local	PSS/after-8
pss_wip.bpax_terminal_slice_modResidual	pss_wip	isabelle/layerB/pss_wip.thy	65808	true	false		5,6,7,8	0	PSS/compat-unreached	PSS/after-8
pss_wip.bpax_RPERS	pss_wip	isabelle/layerB/pss_wip.thy	65860	true	false	8	5,6	7	chapter-8/local	PSS/after-6
pss_wip.bpax_terminal_slice_modResidual2	pss_wip	isabelle/layerB/pss_wip.thy	65981	true	false		5,6,7,8	0	PSS/compat-unreached	PSS/after-8
pss_wip.bpbx_descending_transfer	pss_wip	isabelle/layerB/pss_wip.thy	66050	false	false			0	PSS/compat-unreached	PSS/pre-5
pss_wip.bpbx_RPERS	pss_wip	isabelle/layerB/pss_wip.thy	66077	true	false		5,6	0	PSS/compat-unreached	PSS/after-6
pss_wip.bpbx_Br_Pred_j1eq	pss_wip	isabelle/layerB/pss_wip.thy	66230	true	false		5,6	0	PSS/compat-unreached	PSS/after-6
pss_wip.bpbx_BASE	pss_wip	isabelle/layerB/pss_wip.thy	66283	false	false			0	PSS/compat-unreached	PSS/pre-5
pss_wip.bpbx_cfbx_VE_modSTEP_PEEL	pss_wip	isabelle/layerB/pss_wip.thy	66308	true	false		5,6	0	PSS/compat-unreached	PSS/after-6
pss_wip.vfx_flat_head_bpHeadV	pss_wip	isabelle/layerB/pss_wip.thy	66339	true	false			0	PSS/compat-unreached	PSS/pre-5
pss_wip.vfx_Np_head	pss_wip	isabelle/layerB/pss_wip.thy	66372	true	false		5,6,7	0	PSS/compat-unreached	PSS/after-7
pss_wip.vfx_fPN	pss_wip	isabelle/layerB/pss_wip.thy	66423	true	false		5,6,7,8	0	PSS/compat-unreached	PSS/after-8
pss_wip.vfx_fLp	pss_wip	isabelle/layerB/pss_wip.thy	66482	true	false		5,6,7,8	0	PSS/compat-unreached	PSS/after-8
pss_wip.nf2x_Lpv	pss_wip	isabelle/layerB/pss_wip.thy	66630	true	false	8	5,6,7,8	6	chapter-8/local	PSS/after-8
pss_wip.nf2x_L1v	pss_wip	isabelle/layerB/pss_wip.thy	66709	true	false	8	5,6,7,8	6	chapter-8/local	PSS/after-8
pss_wip.nf2x_NFall	pss_wip	isabelle/layerB/pss_wip.thy	66850	true	false	8	5,6,7,8	6	chapter-8/local	PSS/after-8
pss_wip.svx_stepval_of_exchange_eq	pss_wip	isabelle/layerB/pss_wip.thy	66928	false	false			0	PSS/compat-unreached	PSS/pre-5
pss_wip.svx_OT_step_of_exchange_eq	pss_wip	isabelle/layerB/pss_wip.thy	66940	true	false		8	0	PSS/compat-unreached	PSS/after-8
pss_wip.svx_stepval_condI	pss_wip	isabelle/layerB/pss_wip.thy	66960	false	false			0	PSS/compat-unreached	PSS/pre-5
pss_wip.svx_OT_step_condI	pss_wip	isabelle/layerB/pss_wip.thy	66967	true	false		8	0	PSS/compat-unreached	PSS/after-8
pss_wip.svx_stepval_condII	pss_wip	isabelle/layerB/pss_wip.thy	66978	false	false			0	PSS/compat-unreached	PSS/pre-5
pss_wip.svx_OT_step_condII	pss_wip	isabelle/layerB/pss_wip.thy	66989	true	false		8	0	PSS/compat-unreached	PSS/after-8
pss_wip.svx_stepval_of_flat_eq	pss_wip	isabelle/layerB/pss_wip.thy	67010	true	false		7	0	PSS/compat-unreached	PSS/after-7
pss_wip.svx_OT_step_of_flat_eq	pss_wip	isabelle/layerB/pss_wip.thy	67023	true	false		7,8	0	PSS/compat-unreached	PSS/after-8
pss_wip.svx_flat_eq_of_wrapper_core	pss_wip	isabelle/layerB/pss_wip.thy	67045	true	false			0	PSS/compat-unreached	PSS/pre-5
pss_wip.svx_stepval_condIIIVI_of_wrapper	pss_wip	isabelle/layerB/pss_wip.thy	67055	true	false		7	0	PSS/compat-unreached	PSS/after-7
pss_wip.svx_stepval_interleave_n2	pss_wip	isabelle/layerB/pss_wip.thy	67076	true	false		7	0	PSS/compat-unreached	PSS/after-7
pss_wip.svx_OT_preserved_stepval_split	pss_wip	isabelle/layerB/pss_wip.thy	67095	true	false		5,6,7,8	0	PSS/compat-unreached	PSS/after-8
pss_wip.svx_OT_preserved_condI_vs_flat	pss_wip	isabelle/layerB/pss_wip.thy	67150	true	false		5,6,7,8	0	PSS/compat-unreached	PSS/after-8
pss_wip.c1vx_condI_j0pos_exchange_step	pss_wip	isabelle/layerB/pss_wip.thy	67222	true	false		5,6,7,8	0	PSS/compat-unreached	PSS/after-8
pss_wip.c4vx_condIV_exchange_of_CFvalues	pss_wip	isabelle/layerB/pss_wip.thy	67332	true	false		5,6,7,8	0	PSS/compat-unreached	PSS/after-8
pss_wip.c6vx_diag_predMarked0	pss_wip	isabelle/layerB/pss_wip.thy	67451	true	false		5,6	0	PSS/compat-unreached	PSS/after-6
pss_wip.c6vx_diag_condVI	pss_wip	isabelle/layerB/pss_wip.thy	67469	false	false			0	PSS/compat-unreached	PSS/pre-5
pss_wip.c6vx_diag_transV	pss_wip	isabelle/layerB/pss_wip.thy	67502	true	false		5,6,7,8	0	PSS/compat-unreached	PSS/after-8
pss_wip.c6vx_diag_transC2	pss_wip	isabelle/layerB/pss_wip.thy	67541	true	false		5,6,7,8	0	PSS/compat-unreached	PSS/after-8
pss_wip.c6vx_diag_transJ0entry	pss_wip	isabelle/layerB/pss_wip.thy	67576	false	false			0	PSS/compat-unreached	PSS/pre-5
pss_wip.c6vx_diagSeq_CF_VI_flat	pss_wip	isabelle/layerB/pss_wip.thy	67600	true	false		5,6,7,8	0	PSS/compat-unreached	PSS/after-8
pss_wip.c6vx_diagSeq_condVI_cf	pss_wip	isabelle/layerB/pss_wip.thy	67619	true	false		5,6,7,8	0	PSS/compat-unreached	PSS/after-8
pss_wip.c6vx_diagSeq_condVI_descent_free	pss_wip	isabelle/layerB/pss_wip.thy	67658	true	false		5,6,7,8	0	PSS/compat-unreached	PSS/after-8
pss_wip.wfpx_nrmP_pos	pss_wip	isabelle/layerB/pss_wip.thy	67736	true	false			0	PSS/compat-unreached	PSS/pre-5
pss_wip.wfpx_length_le_sum	pss_wip	isabelle/layerB/pss_wip.thy	67739	true	false			0	PSS/compat-unreached	PSS/pre-5
pss_wip.wfpx_nrmP_le_sum	pss_wip	isabelle/layerB/pss_wip.thy	67751	true	false			0	PSS/compat-unreached	PSS/pre-5
pss_wip.wfpx_finite_norm_le	pss_wip	isabelle/layerB/pss_wip.thy	67774	true	false			0	PSS/compat-unreached	PSS/pre-5
pss_wip.wfpx_finite_BT_norm	pss_wip	isabelle/layerB/pss_wip.thy	67875	true	false			0	PSS/compat-unreached	PSS/pre-5
pss_wip.wfpx_finite_BP_norm	pss_wip	isabelle/layerB/pss_wip.thy	67878	true	false			0	PSS/compat-unreached	PSS/pre-5
pss_wip.wfpx_RPrel_trans	pss_wip	isabelle/layerB/pss_wip.thy	67886	true	false			0	PSS/compat-unreached	PSS/pre-5
pss_wip.wfpx_RPrel_irrefl	pss_wip	isabelle/layerB/pss_wip.thy	67889	true	false			0	PSS/compat-unreached	PSS/pre-5
pss_wip.wfpx_RPrel_acyclic	pss_wip	isabelle/layerB/pss_wip.thy	67892	true	false			0	PSS/compat-unreached	PSS/pre-5
pss_wip.wfpx_finite_RPrel_bnd	pss_wip	isabelle/layerB/pss_wip.thy	67895	true	false			0	PSS/compat-unreached	PSS/pre-5
pss_wip.wfpx_RPrel_bnd_acyclic	pss_wip	isabelle/layerB/pss_wip.thy	67905	true	false			0	PSS/compat-unreached	PSS/pre-5
pss_wip.wfpx_wf_RPrel_bnd	pss_wip	isabelle/layerB/pss_wip.thy	67908	true	false			0	PSS/compat-unreached	PSS/pre-5
pss_wip.wfpx_bounded_chain_impossible	pss_wip	isabelle/layerB/pss_wip.thy	67913	true	false			0	PSS/compat-unreached	PSS/pre-5
pss_wip.wfpx_infinite_chain_unbounded_norm	pss_wip	isabelle/layerB/pss_wip.thy	67924	true	false			0	PSS/compat-unreached	PSS/pre-5
pss_wip.wfpx_wf_RPrel_iff_no_unbounded_chain	pss_wip	isabelle/layerB/pss_wip.thy	67937	true	false			0	PSS/compat-unreached	PSS/pre-5
pss_wip.wfpx_RTrel_acyclic	pss_wip	isabelle/layerB/pss_wip.thy	67966	true	false			0	PSS/compat-unreached	PSS/pre-5
pss_wip.wfpx_finite_RTrel_bnd	pss_wip	isabelle/layerB/pss_wip.thy	67974	true	false			0	PSS/compat-unreached	PSS/pre-5
pss_wip.wfpx_RTrel_bnd_acyclic	pss_wip	isabelle/layerB/pss_wip.thy	67984	true	false			0	PSS/compat-unreached	PSS/pre-5
pss_wip.wfpx_wf_RTrel_bnd	pss_wip	isabelle/layerB/pss_wip.thy	67987	true	false			0	PSS/compat-unreached	PSS/pre-5
pss_wip.wfpx_wf_goal_bnd	pss_wip	isabelle/layerB/pss_wip.thy	67993	true	false			0	PSS/compat-unreached	PSS/pre-5
pss_wip.wfpx_bounded_Tchain_impossible	pss_wip	isabelle/layerB/pss_wip.thy	67998	true	false			0	PSS/compat-unreached	PSS/pre-5
pss_wip.wfpx_infinite_Tchain_unbounded_norm	pss_wip	isabelle/layerB/pss_wip.thy	68009	true	false			0	PSS/compat-unreached	PSS/pre-5
pss_wip.wfpx_wf_RTrel_iff_no_unbounded_chain	pss_wip	isabelle/layerB/pss_wip.thy	68022	true	false			0	PSS/compat-unreached	PSS/pre-5
pss_wip.six_scb_prefix_ne	pss_wip	isabelle/layerB/pss_wip.thy	68081	true	false	8	5,6,7	7	chapter-8/local	PSS/after-7
pss_wip.six_regime_core	pss_wip	isabelle/layerB/pss_wip.thy	68130	true	false	8	5,6,7,8	7	chapter-8/local	PSS/after-8
pss_wip.six_tneR	pss_wip	isabelle/layerB/pss_wip.thy	68200	true	false	8	5,6,7,8	7	chapter-8/local	PSS/after-8
pss_wip.six_intMR	pss_wip	isabelle/layerB/pss_wip.thy	68225	true	false	8	5,6,7,8	7	chapter-8/local	PSS/after-8
pss_wip.six_intNR	pss_wip	isabelle/layerB/pss_wip.thy	68247	true	false	8	5,6,7,8	7	chapter-8/local	PSS/after-8
pss_wip.bpax_terminal_slice_modResidual3	pss_wip	isabelle/layerB/pss_wip.thy	68340	true	false		5,6,7,8	0	PSS/compat-unreached	PSS/after-8
pss_wip.six_lerR	pss_wip	isabelle/layerB/pss_wip.thy	68371	true	false	8	5,6,7,8	7	chapter-8/local	PSS/after-8
pss_wip.six_ids	pss_wip	isabelle/layerB/pss_wip.thy	68377	true	false	8	5,6,7,8	7	chapter-8/local	PSS/after-8
pss_wip.six_id2R	pss_wip	isabelle/layerB/pss_wip.thy	68396	true	false	8	5,6,7,8	7	chapter-8/local	PSS/after-8
pss_wip.six_id3R	pss_wip	isabelle/layerB/pss_wip.thy	68402	true	false	8	5,6,7,8	7	chapter-8/local	PSS/after-8
pss_wip.bpax_terminal_slice_modBASE	pss_wip	isabelle/layerB/pss_wip.thy	68416	true	false		5,6,7,8	0	PSS/compat-unreached	PSS/after-8
pss_wip.wsx_j1p_le_parent0	pss_wip	isabelle/layerB/pss_wip.thy	68454	true	false		5,6	0	PSS/compat-unreached	PSS/after-6
pss_wip.wsx_regime_ancJm1	pss_wip	isabelle/layerB/pss_wip.thy	68507	true	false		5,6	0	PSS/compat-unreached	PSS/after-6
pss_wip.wsx_VE_step	pss_wip	isabelle/layerB/pss_wip.thy	68547	true	false		5,6,7,8	0	PSS/compat-unreached	PSS/after-8
pss_wip.wsx_terminal_slice_modResidual	pss_wip	isabelle/layerB/pss_wip.thy	68700	true	false		5,6,7,8	0	PSS/compat-unreached	PSS/after-8
pss_wip.lrx_lerR	pss_wip	isabelle/layerB/pss_wip.thy	68762	true	false		5,6	0	PSS/compat-unreached	PSS/after-6
pss_wip.lrx_terminal_slice_modResidual3	pss_wip	isabelle/layerB/pss_wip.thy	68794	true	false		5,6,7,8	0	PSS/compat-unreached	PSS/after-8
pss_wip.bpx2_BASE	pss_wip	isabelle/layerB/pss_wip.thy	68866	true	false	8	5,6,7,8	7	chapter-8/local	PSS/after-8
pss_wip.bpx2_BASE_all	pss_wip	isabelle/layerB/pss_wip.thy	68985	true	false		5,6,7,8	0	PSS/compat-unreached	PSS/after-8
pss_wip.bpx2_terminal_slice_modResidual	pss_wip	isabelle/layerB/pss_wip.thy	69021	true	false		5,6,7,8	0	PSS/compat-unreached	PSS/after-8
pss_wip.vf2x_slice_principal	pss_wip	isabelle/layerB/pss_wip.thy	69116	true	false		5,6,7	0	PSS/compat-unreached	PSS/after-7
pss_wip.vf2x_baseML	pss_wip	isabelle/layerB/pss_wip.thy	69151	true	false		5,6,7,8	0	PSS/compat-unreached	PSS/after-8
pss_wip.vf2x_flat_head_bpHeadT	pss_wip	isabelle/layerB/pss_wip.thy	69403	true	false	8		5	chapter-8/local	PSS/pre-5
pss_wip.vf2x_condIII_baseML_cf	pss_wip	isabelle/layerB/pss_wip.thy	69439	true	false		5,6,7,8	0	PSS/compat-unreached	PSS/after-8
pss_wip.nf3x_slice_jm1_c2	pss_wip	isabelle/layerB/pss_wip.thy	69535	true	false	8	5,6,7,8	6	chapter-8/local	PSS/after-8
pss_wip.nf3x_slice_jm1_c1	pss_wip	isabelle/layerB/pss_wip.thy	69568	true	false	8	5,6,7	6	chapter-8/local	PSS/after-7
pss_wip.nf3x_NpVal	pss_wip	isabelle/layerB/pss_wip.thy	69619	true	false	8	5,6,7,8	6	chapter-8/local	PSS/after-8
pss_wip.nf3x_PredNp	pss_wip	isabelle/layerB/pss_wip.thy	69652	true	false	8	5,6,7,8	6	chapter-8/local	PSS/after-8
pss_wip.nf3x_NFall	pss_wip	isabelle/layerB/pss_wip.thy	69697	true	false	8	5,6,7,8	6	chapter-8/local	PSS/after-8
pss_wip.nf3x_NFall_kernel	pss_wip	isabelle/layerB/pss_wip.thy	69742	true	false		5,6,7,8	0	PSS/compat-unreached	PSS/after-8
pss_wip.c6gx_condVI_j0	pss_wip	isabelle/layerB/pss_wip.thy	69818	false	false	8		5	chapter-8/local	PSS/pre-5
pss_wip.c6gx_condVI_bridge	pss_wip	isabelle/layerB/pss_wip.thy	69828	false	false	8	5	5	chapter-8/local	PSS/after-5
pss_wip.c6gx_condVI_setup	pss_wip	isabelle/layerB/pss_wip.thy	69867	true	false	8	5,6,7	5	chapter-8/local	PSS/after-7
pss_wip.c6gx_condVI_transC2	pss_wip	isabelle/layerB/pss_wip.thy	69884	false	false	8		5	chapter-8/local	PSS/pre-5
pss_wip.c6gx_condVI_transC1_adm	pss_wip	isabelle/layerB/pss_wip.thy	69904	true	false	8	5,6,7	5	chapter-8/local	PSS/after-7
pss_wip.c6gx_Trans_col	pss_wip	isabelle/layerB/pss_wip.thy	69942	true	false		5,6,7	0	PSS/compat-unreached	PSS/after-7
pss_wip.c6gx_seg_pair	pss_wip	isabelle/layerB/pss_wip.thy	69957	true	false			0	PSS/compat-unreached	PSS/pre-5
pss_wip.c6gx_condVI_row0_step	pss_wip	isabelle/layerB/pss_wip.thy	69962	true	false	8	5,6	5	chapter-8/local	PSS/after-6
pss_wip.c6gx_condVI_Np_form	pss_wip	isabelle/layerB/pss_wip.thy	69984	true	false		5	0	PSS/compat-unreached	PSS/after-5
pss_wip.c6gx_condVI_PredNp	pss_wip	isabelle/layerB/pss_wip.thy	69997	true	false		5,6,7	0	PSS/compat-unreached	PSS/after-7
pss_wip.c6gx_condVI_Lp	pss_wip	isabelle/layerB/pss_wip.thy	70020	true	false	8	5,6,7,8	5	chapter-8/local	PSS/after-8
pss_wip.c6gx_condVI_Np_transC2	pss_wip	isabelle/layerB/pss_wip.thy	70058	true	false		5,6,7	0	PSS/compat-unreached	PSS/after-7
pss_wip.c6gx_concat_rep_single	pss_wip	isabelle/layerB/pss_wip.thy	70086	false	false			0	PSS/compat-unreached	PSS/pre-5
pss_wip.c6gx_concat_rep_nil	pss_wip	isabelle/layerB/pss_wip.thy	70089	false	false			0	PSS/compat-unreached	PSS/pre-5
pss_wip.c6gx_condVI_descent_adm	pss_wip	isabelle/layerB/pss_wip.thy	70101	true	false		5,6,7,8	0	PSS/compat-unreached	PSS/after-8
pss_wip.c6gx_condVI_baseL	pss_wip	isabelle/layerB/pss_wip.thy	70220	true	false		5,6,7,8	0	PSS/compat-unreached	PSS/after-8
pss_wip.c6gx_condVI_descent_free_adm	pss_wip	isabelle/layerB/pss_wip.thy	70372	true	false		5,6,7,8	0	PSS/compat-unreached	PSS/after-8
pss_wip.c4cx_d4vx_ins_mono	pss_wip	isabelle/layerB/pss_wip.thy	70411	true	false	8	7	5	chapter-8/local	PSS/after-7
pss_wip.c4cx_d4vx_core_interleave	pss_wip	isabelle/layerB/pss_wip.thy	70431	true	false	8	7	5	chapter-8/local	PSS/after-7
pss_wip.c4cx_d4vx_core_mono_base	pss_wip	isabelle/layerB/pss_wip.thy	70481	true	false	8	7	5	chapter-8/local	PSS/after-7
pss_wip.c4cx_d4vx_core_compose	pss_wip	isabelle/layerB/pss_wip.thy	70494	true	false	8		5	chapter-8/local	PSS/pre-5
pss_wip.c4cx_condIV_exchange13	pss_wip	isabelle/layerB/pss_wip.thy	70498	true	false	8	5,6,7	5	chapter-8/local	PSS/after-7
pss_wip.c4cx_condIV_exchange_full	pss_wip	isabelle/layerB/pss_wip.thy	70642	true	false	8	5,6,7,8	5	chapter-8/local	PSS/after-8
pss_wip.c2ex_exch_of_lhs_closed_ex	pss_wip	isabelle/layerB/pss_wip.thy	70717	true	false	8	7	5	chapter-8/local	PSS/after-7
pss_wip.c2ex_exchange2_condII_ex	pss_wip	isabelle/layerB/pss_wip.thy	70763	true	false		5,6,7,8	0	PSS/compat-unreached	PSS/after-8
pss_wip.vmlx_veM_of_kernel	pss_wip	isabelle/layerB/pss_wip.thy	70844	true	false		5,6	0	PSS/compat-unreached	PSS/after-6
pss_wip.vmlx_veL_of_kernel	pss_wip	isabelle/layerB/pss_wip.thy	70912	true	false		5,6,8	0	PSS/compat-unreached	PSS/after-8
pss_wip.vmlx_baseML_of_kernel	pss_wip	isabelle/layerB/pss_wip.thy	71033	true	false		5,6,7,8	0	PSS/compat-unreached	PSS/after-8
pss_wip.dax_c2L1_of_notLD	pss_wip	isabelle/layerB/pss_wip.thy	71081	true	false	8	5,6,7,8	6	chapter-8/local	PSS/after-8
pss_wip.dax_nf3x_NFall_kernel_notLD	pss_wip	isabelle/layerB/pss_wip.thy	71201	true	false		5,6,7,8	0	PSS/compat-unreached	PSS/after-8
pss_wip.bihx_base_m_lt_TrMax	pss_wip	isabelle/layerB/pss_wip.thy	71267	true	false	8	5,6,8	7	chapter-8/local	PSS/after-8
pss_wip.bihx_base_mint	pss_wip	isabelle/layerB/pss_wip.thy	71334	true	false	8	5,6,8	7	chapter-8/local	PSS/after-8
pss_wip.bihx_base_lerB	pss_wip	isabelle/layerB/pss_wip.thy	71358	true	false	8	5,6,8	7	chapter-8/local	PSS/after-8
pss_wip.bihx_base_tneB	pss_wip	isabelle/layerB/pss_wip.thy	71384	true	false	8	5,6,7,8	7	chapter-8/local	PSS/after-8
pss_wip.bihx_base_VE_modResidual	pss_wip	isabelle/layerB/pss_wip.thy	71422	true	false		5,6,7,8	0	PSS/compat-unreached	PSS/after-8
pss_wip.dkbx_deadm_of_wrap	pss_wip	isabelle/layerB/pss_wip.thy	71475	true	false			0	PSS/compat-unreached	PSS/pre-5
pss_wip.dkbx_ker_of_wrap	pss_wip	isabelle/layerB/pss_wip.thy	71559	true	false			0	PSS/compat-unreached	PSS/pre-5
pss_wip.dkbx_baseML_of_wrap	pss_wip	isabelle/layerB/pss_wip.thy	71590	true	false		5,6,7,8	0	PSS/compat-unreached	PSS/after-8
pss_wip.dkbx_nf3x_of_wrap	pss_wip	isabelle/layerB/pss_wip.thy	71613	true	false		5,6,7,8	0	PSS/compat-unreached	PSS/after-8
pss_wip.dkbx_nf3x_of_wrap_notLD	pss_wip	isabelle/layerB/pss_wip.thy	71667	true	false		5,6,7,8	0	PSS/compat-unreached	PSS/after-8
pss_wip.dkbx_wrap_of_w1w2	pss_wip	isabelle/layerB/pss_wip.thy	71718	true	false			0	PSS/compat-unreached	PSS/pre-5
pss_wip.dkax_slice_principal_gen	pss_wip	isabelle/layerB/pss_wip.thy	71793	true	false	8	5,6,7	6	chapter-8/local	PSS/after-7
pss_wip.dkax_DEADM_of_KER_principal	pss_wip	isabelle/layerB/pss_wip.thy	71838	true	false		5,6,7	0	PSS/compat-unreached	PSS/after-7
pss_wip.vbax_base_baseIH	pss_wip	isabelle/layerB/pss_wip.thy	71891	true	false	8	5,6,7,8	7	chapter-8/local	PSS/after-8
pss_wip.vbax_base_VE_modResidual	pss_wip	isabelle/layerB/pss_wip.thy	71977	true	false		5,6,7,8	0	PSS/compat-unreached	PSS/after-8
pss_wip.vbax_reg_TrMax_lt	pss_wip	isabelle/layerB/pss_wip.thy	71995	true	false	8	5,6	7	chapter-8/local	PSS/after-6
pss_wip.vbax_base_eq	pss_wip	isabelle/layerB/pss_wip.thy	72015	true	false	8	5,6	7	chapter-8/local	PSS/after-6
pss_wip.vbax_VE_backpeel	pss_wip	isabelle/layerB/pss_wip.thy	72042	true	false	8	5,6	7	chapter-8/local	PSS/after-6
pss_wip.vbax_terminal_slice_modResidualB	pss_wip	isabelle/layerB/pss_wip.thy	72095	true	false		5,6,7,8	0	PSS/compat-unreached	PSS/after-8
pss_wip.c6zx_L_tower	pss_wip	isabelle/layerB/pss_wip.thy	72166	true	false	8	5,6,7,8	5	chapter-8/local	PSS/after-8
pss_wip.c6zx_condVI_oper_L	pss_wip	isabelle/layerB/pss_wip.thy	72257	true	false	8	5,8	5	chapter-8/local	PSS/after-8
pss_wip.c6zx_condVI_baseL_free	pss_wip	isabelle/layerB/pss_wip.thy	72286	true	false	8	5,6,7,8	5	chapter-8/local	PSS/after-8
pss_wip.c6zx_condVI_descent_adm	pss_wip	isabelle/layerB/pss_wip.thy	72441	true	false		5,6,7,8	0	PSS/compat-unreached	PSS/after-8
pss_wip.c6zx_condVI_u0_adm	pss_wip	isabelle/layerB/pss_wip.thy	72537	false	false			0	PSS/compat-unreached	PSS/pre-5
pss_wip.c6zx_condVI_descent_u0	pss_wip	isabelle/layerB/pss_wip.thy	72557	true	false		5,6,7,8	0	PSS/compat-unreached	PSS/after-8
pss_wip.c6zx_condVI_baseL_gen	pss_wip	isabelle/layerB/pss_wip.thy	72602	true	false	8	5,6,7,8	5	chapter-8/local	PSS/after-8
pss_wip.c6zx_condVI_descent_nadm	pss_wip	isabelle/layerB/pss_wip.thy	72762	true	false		5,6,7,8	0	PSS/compat-unreached	PSS/after-8
pss_wip.c6zx_condVI_descent_modt2	pss_wip	isabelle/layerB/pss_wip.thy	72872	true	false		5,6,7,8	0	PSS/compat-unreached	PSS/after-8
pss_wip.nldx_notLD_of_lph	pss_wip	isabelle/layerB/pss_wip.thy	72932	false	false			0	PSS/compat-unreached	PSS/pre-5
pss_wip.nldx_dax_c2L1_of_lph	pss_wip	isabelle/layerB/pss_wip.thy	72954	true	false		5,6,7,8	0	PSS/compat-unreached	PSS/after-8
pss_wip.wf2x_p_isOT	pss_wip	isabelle/layerB/pss_wip.thy	73029	true	false			0	PSS/compat-unreached	PSS/pre-5
pss_wip.wf2x_p_dfree	pss_wip	isabelle/layerB/pss_wip.thy	73032	true	false			0	PSS/compat-unreached	PSS/pre-5
pss_wip.wf2x_nrmP_p	pss_wip	isabelle/layerB/pss_wip.thy	73035	true	false			0	PSS/compat-unreached	PSS/pre-5
pss_wip.wf2x_nrmP_D0num	pss_wip	isabelle/layerB/pss_wip.thy	73041	true	false			0	PSS/compat-unreached	PSS/pre-5
pss_wip.wf2x_D0num_isOT	pss_wip	isabelle/layerB/pss_wip.thy	73044	true	false			0	PSS/compat-unreached	PSS/pre-5
pss_wip.wf2x_D0num_dfree	pss_wip	isabelle/layerB/pss_wip.thy	73061	true	false			0	PSS/compat-unreached	PSS/pre-5
pss_wip.wf2x_D0num_lessBP	pss_wip	isabelle/layerB/pss_wip.thy	73064	true	false			0	PSS/compat-unreached	PSS/pre-5
pss_wip.wf2x_D0num_in_RPrel	pss_wip	isabelle/layerB/pss_wip.thy	73067	true	false			0	PSS/compat-unreached	PSS/pre-5
pss_wip.wf2x_pred_norm_unbounded	pss_wip	isabelle/layerB/pss_wip.thy	73082	true	false			0	PSS/compat-unreached	PSS/pre-5
pss_wip.wf2x_no_stepwise_norm_bound	pss_wip	isabelle/layerB/pss_wip.thy	73099	true	false			0	PSS/compat-unreached	PSS/pre-5
pss_wip.wf2x_no_predecessor_norm_bound	pss_wip	isabelle/layerB/pss_wip.thy	73117	true	false			0	PSS/compat-unreached	PSS/pre-5
pss_wip.wf2x_pred_set_infinite	pss_wip	isabelle/layerB/pss_wip.thy	73138	true	false			0	PSS/compat-unreached	PSS/pre-5
pss_wip.c613x_Dtower_mono	pss_wip	isabelle/layerB/pss_wip.thy	73203	true	false	8		5	chapter-8/local	PSS/pre-5
pss_wip.c613x_operB_fseq_value	pss_wip	isabelle/layerB/pss_wip.thy	73220	true	false	8	7	5	chapter-8/local	PSS/after-7
pss_wip.c613x_tower_operB_eq	pss_wip	isabelle/layerB/pss_wip.thy	73266	true	false	8	7	5	chapter-8/local	PSS/after-7
pss_wip.c613x_tower_operB_lt	pss_wip	isabelle/layerB/pss_wip.thy	73284	true	false	8	7	5	chapter-8/local	PSS/after-7
pss_wip.c613x_condVI_exch_adm	pss_wip	isabelle/layerB/pss_wip.thy	73312	true	false	8	5,6,7,8	5	chapter-8/local	PSS/after-8
pss_wip.c613x_condVI_exch_nadm	pss_wip	isabelle/layerB/pss_wip.thy	73514	true	false	8	5,6,7,8	5	chapter-8/local	PSS/after-8
pss_wip.w2x_nadm_seg	pss_wip	isabelle/layerB/pss_wip.thy	73803	true	false		6	0	PSS/compat-unreached	PSS/after-6
pss_wip.w2x_seg_left_geom	pss_wip	isabelle/layerB/pss_wip.thy	73826	false	false			0	PSS/compat-unreached	PSS/pre-5
pss_wip.w2x_W2_of_VE1	pss_wip	isabelle/layerB/pss_wip.thy	73859	true	false		6	0	PSS/compat-unreached	PSS/after-6
pss_wip.w1x_nadm_nextrel0_left	pss_wip	isabelle/layerB/pss_wip.thy	73965	false	false	8	8	5	chapter-8/local	PSS/after-8
pss_wip.w1x_nadm_run_le0	pss_wip	isabelle/layerB/pss_wip.thy	73990	true	false		8	0	PSS/compat-unreached	PSS/after-8
pss_wip.w1x_nadm_run_reach_c	pss_wip	isabelle/layerB/pss_wip.thy	74041	true	false		8	0	PSS/compat-unreached	PSS/after-8
pss_wip.w1x_slice_principal_reach	pss_wip	isabelle/layerB/pss_wip.thy	74058	true	false		5,6,7	0	PSS/compat-unreached	PSS/after-7
pss_wip.w1x_wrap_reach_of_w1w2	pss_wip	isabelle/layerB/pss_wip.thy	74074	true	false			0	PSS/compat-unreached	PSS/pre-5
pss_wip.vsx_VE_step_m0	pss_wip	isabelle/layerB/pss_wip.thy	74144	false	false			0	PSS/compat-unreached	PSS/pre-5
pss_wip.vsx_VE_step	pss_wip	isabelle/layerB/pss_wip.thy	74162	true	false	8	5,6,7,8	7	chapter-8/local	PSS/after-8
pss_wip.vsx_RPERS	pss_wip	isabelle/layerB/pss_wip.thy	74204	true	false	8	5,6	7	chapter-8/local	PSS/after-6
pss_wip.vsx_terminal_slice_modResidualC	pss_wip	isabelle/layerB/pss_wip.thy	74239	true	false		5,6,7,8	0	PSS/compat-unreached	PSS/after-8
pss_wip.vbx_base_VE_strict	pss_wip	isabelle/layerB/pss_wip.thy	74300	true	false	8	5,6,7,8	7	chapter-8/local	PSS/after-8
pss_wip.vbx_base_VE_m0	pss_wip	isabelle/layerB/pss_wip.thy	74419	false	false	8		7	chapter-8/local	PSS/pre-5
pss_wip.vbx_base_transJm1_zero_or_TrMax	pss_wip	isabelle/layerB/pss_wip.thy	74440	true	false	8	5,6	7	chapter-8/local	PSS/after-6
pss_wip.vbx_base_VE_modAdm0	pss_wip	isabelle/layerB/pss_wip.thy	74476	true	false	8	5,6,7,8	7	chapter-8/local	PSS/after-8
pss_wip.lpx_bpHeadV_PB_last	pss_wip	isabelle/layerB/pss_wip.thy	74520	true	false			0	PSS/compat-unreached	PSS/pre-5
pss_wip.lpx_lph_reduce	pss_wip	isabelle/layerB/pss_wip.thy	74562	true	false		5,6,7,8	0	PSS/compat-unreached	PSS/after-8
pss_wip.lpx_lph_of_rn	pss_wip	isabelle/layerB/pss_wip.thy	74601	true	false		5,6,7,8	0	PSS/compat-unreached	PSS/after-8
pss_wip.lpx_c2L1_of_rn	pss_wip	isabelle/layerB/pss_wip.thy	74615	true	false		5,6,7,8	0	PSS/compat-unreached	PSS/after-8
pss_wip.lpx_transC1_eq_TransS	pss_wip	isabelle/layerB/pss_wip.thy	74642	true	false		5,6,7	0	PSS/compat-unreached	PSS/after-7
pss_wip.lpx_lph_of_slice	pss_wip	isabelle/layerB/pss_wip.thy	74685	true	false		5,6,7,8	0	PSS/compat-unreached	PSS/after-8
pss_wip.vjx_RPj1eq	pss_wip	isabelle/layerB/pss_wip.thy	74726	true	false	8	5,6	7	chapter-8/local	PSS/after-6
pss_wip.vjx_VEj1eq_deepen	pss_wip	isabelle/layerB/pss_wip.thy	74938	true	false	8	5,6,7,8	7	chapter-8/local	PSS/after-8
pss_wip.vjx_VEj1eq	pss_wip	isabelle/layerB/pss_wip.thy	75079	true	false	8	5,6,7,8	7	chapter-8/local	PSS/after-8
pss_wip.vjx_terminal_slice_modResidualCollapse	pss_wip	isabelle/layerB/pss_wip.thy	75105	true	false		5,6,7,8	0	PSS/compat-unreached	PSS/after-8
pss_wip.a0x_bpHeadT_transC2_eq	pss_wip	isabelle/layerB/pss_wip.thy	75168	true	false	8		7	chapter-8/local	PSS/pre-5
pss_wip.a0x_nadm_below_of_Adm0	pss_wip	isabelle/layerB/pss_wip.thy	75188	true	false	8		7	chapter-8/local	PSS/pre-5
pss_wip.a0x_atoms	pss_wip	isabelle/layerB/pss_wip.thy	75230	true	false	8	5,6	7	chapter-8/local	PSS/after-6
pss_wip.a0x_condV_eq	pss_wip	isabelle/layerB/pss_wip.thy	75286	true	false	8	5,6	7	chapter-8/local	PSS/after-6
pss_wip.a0x_condVI_eq	pss_wip	isabelle/layerB/pss_wip.thy	75315	true	false	8	5,6	7	chapter-8/local	PSS/after-6
pss_wip.a0x_bnd_condV	pss_wip	isabelle/layerB/pss_wip.thy	75352	true	false	8	5,6,8	7	chapter-8/local	PSS/after-8
pss_wip.a0x_base_VE_Adm0	pss_wip	isabelle/layerB/pss_wip.thy	75453	true	false	8	5,6,7,8	7	chapter-8/local	PSS/after-8
pss_wip.a0x_base_VE	pss_wip	isabelle/layerB/pss_wip.thy	75701	true	false	8	5,6,7,8	7	chapter-8/local	PSS/after-8
pss_wip.v1x_W2reg_of_VE1regime	pss_wip	isabelle/layerB/pss_wip.thy	75795	false	false			0	PSS/compat-unreached	PSS/pre-5
pss_wip.dkfx_deadm	pss_wip	isabelle/layerB/pss_wip.thy	75880	true	false		8	0	PSS/compat-unreached	PSS/after-8
pss_wip.dkfx_ker	pss_wip	isabelle/layerB/pss_wip.thy	75981	true	false		8	0	PSS/compat-unreached	PSS/after-8
pss_wip.dkfx_baseML	pss_wip	isabelle/layerB/pss_wip.thy	76011	true	false		5,6,7,8	0	PSS/compat-unreached	PSS/after-8
pss_wip.dkfx_nf3x	pss_wip	isabelle/layerB/pss_wip.thy	76037	true	false		5,6,7,8	0	PSS/compat-unreached	PSS/after-8
pss_wip.lp2x_bridge	pss_wip	isabelle/layerB/pss_wip.thy	76232	true	false		5,6	0	PSS/compat-unreached	PSS/after-6
pss_wip.lp2x_lph_of_sharp	pss_wip	isabelle/layerB/pss_wip.thy	76277	true	false		5,6,7,8	0	PSS/compat-unreached	PSS/after-8
pss_wip.lp2x_c2L1_of_sharp	pss_wip	isabelle/layerB/pss_wip.thy	76297	true	false		5,6,7,8	0	PSS/compat-unreached	PSS/after-8
pss_wip.c6nx_condVI_uv	pss_wip	isabelle/layerB/pss_wip.thy	76352	true	false	8	5	5	chapter-8/local	PSS/after-5
pss_wip.c6nx_nadm_jp0	pss_wip	isabelle/layerB/pss_wip.thy	76396	true	false	8	5,6,8	5	chapter-8/local	PSS/after-8
pss_wip.c6nx_predVI	pss_wip	isabelle/layerB/pss_wip.thy	76451	true	false	8	5,6,7,8	5	chapter-8/local	PSS/after-8
pss_wip.c6nx_jm1eq	pss_wip	isabelle/layerB/pss_wip.thy	76542	true	false	8	5,6,7,8	5	chapter-8/local	PSS/after-8
pss_wip.c6nx_t2eq	pss_wip	isabelle/layerB/pss_wip.thy	76619	true	false	8	5,6,7,8	5	chapter-8/local	PSS/after-8
pss_wip.c6nx_condVI_exch_nadm_uncond	pss_wip	isabelle/layerB/pss_wip.thy	76705	true	false	8	5,6,7,8	5	chapter-8/local	PSS/after-8
pss_wip.vcx_bnd_strict	pss_wip	isabelle/layerB/pss_wip.thy	76757	true	false	8	5,6,8	7	chapter-8/local	PSS/after-8
pss_wip.vcx_collapse_VE	pss_wip	isabelle/layerB/pss_wip.thy	76819	true	false	8	5,6,7,8	7	chapter-8/local	PSS/after-8
pss_wip.vcx_VEj1eq	pss_wip	isabelle/layerB/pss_wip.thy	77061	true	false	8	5,6,7,8	7	chapter-8/local	PSS/after-8
pss_wip.vcx_VE_all	pss_wip	isabelle/layerB/pss_wip.thy	77076	true	false	8	5,6,7,8	7	chapter-8/local	PSS/after-8
pss_wip.shx_rn_c1_eq_slice_RA	pss_wip	isabelle/layerB/pss_wip.thy	77151	true	false		5,6,7	0	PSS/compat-unreached	PSS/after-7
pss_wip.shx_rn_c1_bounds	pss_wip	isabelle/layerB/pss_wip.thy	77217	true	false		5,6,7	0	PSS/compat-unreached	PSS/after-7
pss_wip.shx_sharp_of_len2_redB	pss_wip	isabelle/layerB/pss_wip.thy	77365	true	false		5,6,7	0	PSS/compat-unreached	PSS/after-7
pss_wip.shx_lph_of_len2_redB	pss_wip	isabelle/layerB/pss_wip.thy	77389	true	false		5,6,7,8	0	PSS/compat-unreached	PSS/after-8
pss_wip.shx_c2L1_of_len2_redB	pss_wip	isabelle/layerB/pss_wip.thy	77410	true	false		5,6,7,8	0	PSS/compat-unreached	PSS/after-8
pss_wip.ncx_deadm_of_w2nostr	pss_wip	isabelle/layerB/pss_wip.thy	77489	true	false	8	5,6,7	6	chapter-8/local	PSS/after-7
pss_wip.ncx_nf3x	pss_wip	isabelle/layerB/pss_wip.thy	77523	true	false		5,6,7,8	0	PSS/compat-unreached	PSS/after-8
pss_wip.ncx_deadm_regime	pss_wip	isabelle/layerB/pss_wip.thy	77627	true	false		5,6,7	0	PSS/compat-unreached	PSS/after-7
pss_wip.c3vx_KER_step	pss_wip	isabelle/layerB/pss_wip.thy	77733	true	false			0	PSS/compat-unreached	PSS/pre-5
pss_wip.c3vx_veM_of_VEslice	pss_wip	isabelle/layerB/pss_wip.thy	77759	true	false		5,6	0	PSS/compat-unreached	PSS/after-6
pss_wip.c3vx_veL_of_VEslice	pss_wip	isabelle/layerB/pss_wip.thy	77811	true	false		5,6,8	0	PSS/compat-unreached	PSS/after-8
pss_wip.c3vx_baseML_of_VEslices	pss_wip	isabelle/layerB/pss_wip.thy	77908	true	false		5,6,7,8	0	PSS/compat-unreached	PSS/after-8
pss_wip.c3vx_condIII_baseML_cf_of_VEslices	pss_wip	isabelle/layerB/pss_wip.thy	77940	true	false		5,6,7,8	0	PSS/compat-unreached	PSS/after-8
pss_wip.maxl_ge	pss_wip	isabelle/layerB/pss_wip.thy	78029	true	false			0	PSS/compat-unreached	PSS/pre-5
pss_wip.bdepthP_pos	pss_wip	isabelle/layerB/pss_wip.thy	78036	true	false			0	PSS/compat-unreached	PSS/pre-5
pss_wip.bdepthP_head_le	pss_wip	isabelle/layerB/pss_wip.thy	78039	true	false			0	PSS/compat-unreached	PSS/pre-5
pss_wip.bdepthT_tl_le	pss_wip	isabelle/layerB/pss_wip.thy	78046	true	false			0	PSS/compat-unreached	PSS/pre-5
pss_wip.bdepthT_zero_nil	pss_wip	isabelle/layerB/pss_wip.thy	78057	true	false			0	PSS/compat-unreached	PSS/pre-5
pss_wip.maxl_le_sum_list	pss_wip	isabelle/layerB/pss_wip.thy	78070	true	false			0	PSS/compat-unreached	PSS/pre-5
pss_wip.bdepthT_le_nrmT	pss_wip	isabelle/layerB/pss_wip.thy	78073	true	false			0	PSS/compat-unreached	PSS/pre-5
pss_wip.RPrel_bnd_subset_dep	pss_wip	isabelle/layerB/pss_wip.thy	78098	true	false			0	PSS/compat-unreached	PSS/pre-5
pss_wip.wfpd_RPrel_dep_0	pss_wip	isabelle/layerB/pss_wip.thy	78111	true	false			0	PSS/compat-unreached	PSS/pre-5
pss_wip.wfpd_wf_RPrel_dep_0	pss_wip	isabelle/layerB/pss_wip.thy	78119	true	false			0	PSS/compat-unreached	PSS/pre-5
pss_wip.wfpd_RPrel_dep_lex	pss_wip	isabelle/layerB/pss_wip.thy	78133	true	false			0	PSS/compat-unreached	PSS/pre-5
pss_wip.wfpd_NoBad_dep	pss_wip	isabelle/layerB/pss_wip.thy	78190	true	false			0	PSS/compat-unreached	PSS/pre-5
pss_wip.wfpd_tuple_lift_dep	pss_wip	isabelle/layerB/pss_wip.thy	78353	true	false			0	PSS/compat-unreached	PSS/pre-5
pss_wip.wfpd_wf_dep	pss_wip	isabelle/layerB/pss_wip.thy	78416	true	false			0	PSS/compat-unreached	PSS/pre-5
pss_wip.wfpd_wf_RPrel_dep	pss_wip	isabelle/layerB/pss_wip.thy	78430	true	false			0	PSS/compat-unreached	PSS/pre-5
pss_wip.wfpd_wf_RTrel_dep	pss_wip	isabelle/layerB/pss_wip.thy	78433	true	false			0	PSS/compat-unreached	PSS/pre-5
pss_wip.wfpd_wf_goal_dep	pss_wip	isabelle/layerB/pss_wip.thy	78440	true	false			0	PSS/compat-unreached	PSS/pre-5
pss_wip.wfpd_bounded_Rchain_impossible	pss_wip	isabelle/layerB/pss_wip.thy	78447	true	false			0	PSS/compat-unreached	PSS/pre-5
pss_wip.wfpd_infinite_Rchain_unbounded_depth	pss_wip	isabelle/layerB/pss_wip.thy	78458	true	false			0	PSS/compat-unreached	PSS/pre-5
pss_wip.wfpd_wf_RPrel_iff_no_unbounded_depth	pss_wip	isabelle/layerB/pss_wip.thy	78471	true	false			0	PSS/compat-unreached	PSS/pre-5
pss_wip.wfpd_bounded_Tchain_impossible	pss_wip	isabelle/layerB/pss_wip.thy	78499	true	false			0	PSS/compat-unreached	PSS/pre-5
pss_wip.wfpd_wf_RTrel_iff_no_unbounded_depth	pss_wip	isabelle/layerB/pss_wip.thy	78510	true	false			0	PSS/compat-unreached	PSS/pre-5
pss_wip.c2lx_lhs_ex_of_step	pss_wip	isabelle/layerB/pss_wip.thy	78568	true	false			0	PSS/compat-unreached	PSS/pre-5
pss_wip.c4cx2_condIV_mnform_of_slice	pss_wip	isabelle/layerB/pss_wip.thy	78663	true	false	8	5,6,7,8	5	chapter-8/local	PSS/after-8
pss_wip.w84x_slice_value_of_reg	pss_wip	isabelle/layerB/pss_wip.thy	78815	true	false	8	5,6,7,8	5	chapter-8/local	PSS/after-8
pss_wip.w84x_reg_mono	pss_wip	isabelle/layerB/pss_wip.thy	78842	false	false			0	PSS/compat-unreached	PSS/pre-5
pss_wip.w84x_tail_share_of_reg	pss_wip	isabelle/layerB/pss_wip.thy	78864	true	false		5,6,7,8	0	PSS/compat-unreached	PSS/after-8
pss_wip.w84x_scb_unlift	pss_wip	isabelle/layerB/pss_wip.thy	78906	true	false	8		5	chapter-8/local	PSS/pre-5
pss_wip.w84x_subslice_value	pss_wip	isabelle/layerB/pss_wip.thy	78924	true	false		5,6,7,8	0	PSS/compat-unreached	PSS/after-8
pss_wip.w84x_sliceVE_of_hostreg	pss_wip	isabelle/layerB/pss_wip.thy	78954	true	false		5,6,7,8	0	PSS/compat-unreached	PSS/after-8
pss_wip.w84x_condIII_baseML_of_sliceregs	pss_wip	isabelle/layerB/pss_wip.thy	78997	true	false		5,6,7,8	0	PSS/compat-unreached	PSS/after-8
pss_wip.w84x_condIII_baseML_cf_of_sliceregs	pss_wip	isabelle/layerB/pss_wip.thy	79017	true	false		5,6,7,8	0	PSS/compat-unreached	PSS/after-8
pss_wip.w84x_d4b_of_regS	pss_wip	isabelle/layerB/pss_wip.thy	79063	true	false		5,6,7,8	0	PSS/compat-unreached	PSS/after-8
pss_wip.w84x_d4a_of_regSP	pss_wip	isabelle/layerB/pss_wip.thy	79116	true	false		5,6,7,8	0	PSS/compat-unreached	PSS/after-8
pss_wip.w84x_d4b_dispatch	pss_wip	isabelle/layerB/pss_wip.thy	79198	true	false		5,6,7,8	0	PSS/compat-unreached	PSS/after-8
pss_wip.w84x_d4a_dispatch	pss_wip	isabelle/layerB/pss_wip.thy	79221	true	false		5,6,7,8	0	PSS/compat-unreached	PSS/after-8
pss_wip.w84x_various_scb_IIIIV_of_sliceregs	pss_wip	isabelle/layerB/pss_wip.thy	79251	true	false		5,6,7,8	0	PSS/compat-unreached	PSS/after-8
pss_wip.w84x_TN_c2_of_admeq	pss_wip	isabelle/layerB/pss_wip.thy	79336	true	false	8	5,6,7	5	chapter-8/local	PSS/after-7
pss_wip.w84x_PN_c1_of_admeq	pss_wip	isabelle/layerB/pss_wip.thy	79359	true	false	8	5,6,7	5	chapter-8/local	PSS/after-7
pss_wip.w84x_d2_IIIV_dispatch	pss_wip	isabelle/layerB/pss_wip.thy	79420	true	false		5,6,7,8	0	PSS/compat-unreached	PSS/after-8
pss_wip.w84x_d3_IIIV_dispatch	pss_wip	isabelle/layerB/pss_wip.thy	79495	true	false		5,6,7,8	0	PSS/compat-unreached	PSS/after-8
pss_wip.w84x_various_scb_IIIV_of_sliceregs	pss_wip	isabelle/layerB/pss_wip.thy	79569	true	false		5,6,7,8	0	PSS/compat-unreached	PSS/after-8
pss_wip.w84x_VE_m0	pss_wip	isabelle/layerB/pss_wip.thy	79626	false	false			0	PSS/compat-unreached	PSS/pre-5
pss_wip.w84x_condIII_baseML_cf_final	pss_wip	isabelle/layerB/pss_wip.thy	79635	true	false		5,6,7,8	0	PSS/compat-unreached	PSS/after-8
pss_wip.w84x_flat_head_Dpt	pss_wip	isabelle/layerB/pss_wip.thy	79726	true	false	8		5	chapter-8/local	PSS/pre-5
pss_wip.w84x_bpHeadT_TB	pss_wip	isabelle/layerB/pss_wip.thy	79757	true	false	8		5	chapter-8/local	PSS/pre-5
pss_wip.w84x_le1_entry_mono	pss_wip	isabelle/layerB/pss_wip.thy	79779	false	false	8		5	chapter-8/local	PSS/pre-5
pss_wip.w84x_exchange13_core	pss_wip	isabelle/layerB/pss_wip.thy	79789	true	false	8	5,6,7	5	chapter-8/local	PSS/after-7
pss_wip.w84x_condIII_mnform_of_sliceregs	pss_wip	isabelle/layerB/pss_wip.thy	79926	true	false		5,6,7,8	0	PSS/compat-unreached	PSS/after-8
pss_wip.w84x_condIII_exchange13_of_sliceregs	pss_wip	isabelle/layerB/pss_wip.thy	80239	true	false		5,6,7,8	0	PSS/compat-unreached	PSS/after-8
pss_wip.w84x_condIII_descent_of_sliceregs	pss_wip	isabelle/layerB/pss_wip.thy	80363	true	false		5,6,7,8	0	PSS/compat-unreached	PSS/after-8
pss_wip.w84x_condIII_exchange_full_of_sliceregs	pss_wip	isabelle/layerB/pss_wip.thy	80448	true	false		5,6,7,8	0	PSS/compat-unreached	PSS/after-8
pss_wip.w84x_regPred_of_reg	pss_wip	isabelle/layerB/pss_wip.thy	80497	true	false		5,6	0	PSS/compat-unreached	PSS/after-6
pss_wip.wnx_le0_adjacent_step	pss_wip	isabelle/layerB/pss_wip.thy	80586	false	false	8		6	chapter-8/local	PSS/pre-5
pss_wip.wnx_adjacent_parent0	pss_wip	isabelle/layerB/pss_wip.thy	80601	false	false	8		6	chapter-8/local	PSS/pre-5
pss_wip.wnx_adjacent_parent1	pss_wip	isabelle/layerB/pss_wip.thy	80633	false	false	8		6	chapter-8/local	PSS/pre-5
pss_wip.wnx_no_parent0_col0	pss_wip	isabelle/layerB/pss_wip.thy	80667	true	false	8		6	chapter-8/local	PSS/pre-5
pss_wip.wnx_col0_diag	pss_wip	isabelle/layerB/pss_wip.thy	80674	true	false	8	5,6	6	chapter-8/local	PSS/after-6
pss_wip.wnx_condA_step	pss_wip	isabelle/layerB/pss_wip.thy	80685	true	false	8	5,6	6	chapter-8/local	PSS/after-6
pss_wip.wnx_run_nadm	pss_wip	isabelle/layerB/pss_wip.thy	80695	false	false	8		6	chapter-8/local	PSS/pre-5
pss_wip.wnx_run_step_entries	pss_wip	isabelle/layerB/pss_wip.thy	80710	true	false	8	5,6	6	chapter-8/local	PSS/after-6
pss_wip.wnx_run_entries	pss_wip	isabelle/layerB/pss_wip.thy	80739	true	false	8	5,6	6	chapter-8/local	PSS/after-6
pss_wip.wnx_seg_transport	pss_wip	isabelle/layerB/pss_wip.thy	80767	true	false	8	5,6,7	6	chapter-8/local	PSS/after-7
pss_wip.wnx_transfer_of_reg	pss_wip	isabelle/layerB/pss_wip.thy	80867	true	false	8	5,6,7,8	6	chapter-8/local	PSS/after-8
pss_wip.wnx_trunk_diagSeq	pss_wip	isabelle/layerB/pss_wip.thy	80890	true	false	8	5,6	6	chapter-8/local	PSS/after-6
pss_wip.wnx_trunk_transfer	pss_wip	isabelle/layerB/pss_wip.thy	80956	true	false	8	5,6,7,8	6	chapter-8/local	PSS/after-8
pss_wip.wnx_setup	pss_wip	isabelle/layerB/pss_wip.thy	81008	true	false	8	5	6	chapter-8/local	PSS/after-5
pss_wip.wnx_reg_c1	pss_wip	isabelle/layerB/pss_wip.thy	81070	true	false	8	5,6,8	6	chapter-8/local	PSS/after-8
pss_wip.wnx_W2nostr_c1	pss_wip	isabelle/layerB/pss_wip.thy	81279	true	false	8	5,6,7,8	6	chapter-8/local	PSS/after-8
pss_wip.wnx_W2nostr_c2	pss_wip	isabelle/layerB/pss_wip.thy	81304	true	false	8	5,6,7,8	6	chapter-8/local	PSS/after-8
pss_wip.wnx_nf3x	pss_wip	isabelle/layerB/pss_wip.thy	81434	true	false	8	5,6,7,8	6	chapter-8/local	PSS/after-8
pss_wip.s2x_RA_mono_unfold	pss_wip	isabelle/layerB/pss_wip.thy	81573	true	false		5,6	0	PSS/compat-unreached	PSS/after-6
pss_wip.s2x_RA_single_col	pss_wip	isabelle/layerB/pss_wip.thy	81623	true	false		5,6	0	PSS/compat-unreached	PSS/after-6
pss_wip.s2x_chain	pss_wip	isabelle/layerB/pss_wip.thy	81649	true	false		5,6	0	PSS/compat-unreached	PSS/after-6
pss_wip.s2x_sharp_of_atoms	pss_wip	isabelle/layerB/pss_wip.thy	81955	true	false		5,6,7	0	PSS/compat-unreached	PSS/after-7
pss_wip.s2x_lph_of_atoms	pss_wip	isabelle/layerB/pss_wip.thy	82031	true	false		5,6,7,8	0	PSS/compat-unreached	PSS/after-8
pss_wip.s2x_c2L1_of_atoms	pss_wip	isabelle/layerB/pss_wip.thy	82056	true	false		5,6,7,8	0	PSS/compat-unreached	PSS/after-8
pss_wip.scx_addBT_assoc	pss_wip	isabelle/layerB/pss_wip.thy	82123	true	false	8		6	chapter-8/local	PSS/pre-5
pss_wip.scx_addBT_0left	pss_wip	isabelle/layerB/pss_wip.thy	82126	true	false	8		6	chapter-8/local	PSS/pre-5
pss_wip.scx_TB_zero	pss_wip	isabelle/layerB/pss_wip.thy	82129	true	false	8		6	chapter-8/local	PSS/pre-5
pss_wip.scx_TB_addBT	pss_wip	isabelle/layerB/pss_wip.thy	82132	true	false	8		6	chapter-8/local	PSS/pre-5
pss_wip.scx_TB_multBT	pss_wip	isabelle/layerB/pss_wip.thy	82135	true	false	8		6	chapter-8/local	PSS/pre-5
pss_wip.scx_TB_Dpt	pss_wip	isabelle/layerB/pss_wip.thy	82138	true	false	8		6	chapter-8/local	PSS/pre-5
pss_wip.scx_TB_Dpt_body	pss_wip	isabelle/layerB/pss_wip.thy	82141	true	false	8		6	chapter-8/local	PSS/pre-5
pss_wip.scx_TB_addBT_left	pss_wip	isabelle/layerB/pss_wip.thy	82144	true	false	8		6	chapter-8/local	PSS/pre-5
pss_wip.scx_TB_addBT_right	pss_wip	isabelle/layerB/pss_wip.thy	82147	true	false	8		6	chapter-8/local	PSS/pre-5
pss_wip.scx_scb_compose	pss_wip	isabelle/layerB/pss_wip.thy	82153	false	false	8		6	chapter-8/local	PSS/pre-5
pss_wip.scx_take_RT_PS	pss_wip	isabelle/layerB/pss_wip.thy	82171	true	false	8	5,6	6	chapter-8/local	PSS/after-6
pss_wip.scx_seg0_RT_PS	pss_wip	isabelle/layerB/pss_wip.thy	82199	true	false	8	5,6	6	chapter-8/local	PSS/after-6
pss_wip.scx_map_block_seg	pss_wip	isabelle/layerB/pss_wip.thy	82210	false	false	8		6	chapter-8/local	PSS/pre-5
pss_wip.scx_row1_bound	pss_wip	isabelle/layerB/pss_wip.thy	82228	true	false	8	5,6	6	chapter-8/local	PSS/after-6
pss_wip.scx_le0_to_parent	pss_wip	isabelle/layerB/pss_wip.thy	82278	false	false	8		6	chapter-8/local	PSS/pre-5
pss_wip.scx_hasParent_of_le0	pss_wip	isabelle/layerB/pss_wip.thy	82297	false	false	8		6	chapter-8/local	PSS/pre-5
pss_wip.scx_host_basic	pss_wip	isabelle/layerB/pss_wip.thy	82322	true	false	8	5	6	chapter-8/local	PSS/after-5
pss_wip.scx_operI_nth_le_j0	pss_wip	isabelle/layerB/pss_wip.thy	82361	true	false	8		6	chapter-8/local	PSS/pre-5
pss_wip.scx_N_facts	pss_wip	isabelle/layerB/pss_wip.thy	82405	true	false	8	5,6,7,8	6	chapter-8/local	PSS/after-8
pss_wip.scx_mark_idx	pss_wip	isabelle/layerB/pss_wip.thy	82604	true	false	8	5,6,7,8	6	chapter-8/local	PSS/after-8
pss_wip.scx_c1_w1	pss_wip	isabelle/layerB/pss_wip.thy	82645	true	false	8	5,6,7	6	chapter-8/local	PSS/after-7
pss_wip.scx_marked_jm1p	pss_wip	isabelle/layerB/pss_wip.thy	82685	true	false	8	5,6,7,8	6	chapter-8/local	PSS/after-8
pss_wip.scx_mark_pin	pss_wip	isabelle/layerB/pss_wip.thy	82771	true	false	8	5,6,7,8	6	chapter-8/local	PSS/after-8
pss_wip.scx_stepA	pss_wip	isabelle/layerB/pss_wip.thy	82938	true	false	8	5,6,7,8	6	chapter-8/local	PSS/after-8
pss_wip.scx_stepB	pss_wip	isabelle/layerB/pss_wip.thy	83254	true	false	8	5,6,7,8	6	chapter-8/local	PSS/after-8
pss_wip.scx_condI_j0pos_masterCF	pss_wip	isabelle/layerB/pss_wip.thy	83639	true	false	8	5,6,7,8	6	chapter-8/local	PSS/after-8
pss_wip.scx_condI_exchange1	pss_wip	isabelle/layerB/pss_wip.thy	84103	true	false	8	5,6,7,8	5	chapter-8/local	PSS/after-8
pss_wip.scx_condI_descent	pss_wip	isabelle/layerB/pss_wip.thy	84167	true	false		5,6,7,8	0	PSS/compat-unreached	PSS/after-8
pss_wip.c4dx_concat_singleton	pss_wip	isabelle/layerB/pss_wip.thy	84315	false	false			0	PSS/compat-unreached	PSS/pre-5
pss_wip.c4dx_lessBT_grow	pss_wip	isabelle/layerB/pss_wip.thy	84321	true	false	8		5	chapter-8/local	PSS/pre-5
pss_wip.c4dx_uv	pss_wip	isabelle/layerB/pss_wip.thy	84338	true	false	8		5	chapter-8/local	PSS/pre-5
pss_wip.c4dx_condIV_excl	pss_wip	isabelle/layerB/pss_wip.thy	84369	false	false	8		5	chapter-8/local	PSS/pre-5
pss_wip.c4dx_condIV_c2body_shape	pss_wip	isabelle/layerB/pss_wip.thy	84387	true	false	8	5,6,7,8	5	chapter-8/local	PSS/after-8
pss_wip.c4dx_condIV_dbbody	pss_wip	isabelle/layerB/pss_wip.thy	84477	true	false	8	5,6,7,8	5	chapter-8/local	PSS/after-8
pss_wip.c4dx_condIV_k1	pss_wip	isabelle/layerB/pss_wip.thy	84541	true	false	8	5,6,7,8	5	chapter-8/local	PSS/after-8
pss_wip.c4dx_condIV_base1	pss_wip	isabelle/layerB/pss_wip.thy	84624	true	false	8	5,6,7,8	5	chapter-8/local	PSS/after-8
pss_wip.c4dx_condIV_exchange_assembled	pss_wip	isabelle/layerB/pss_wip.thy	84743	true	false	8	5,6,7,8	5	chapter-8/local	PSS/after-8
pss_wip.c4dx_d4vx_core_AX	pss_wip	isabelle/layerB/pss_wip.thy	84850	true	false		7	0	PSS/compat-unreached	PSS/after-7
pss_wip.c4dx_condIV_exchange1	pss_wip	isabelle/layerB/pss_wip.thy	84869	true	false		5,6,7	0	PSS/compat-unreached	PSS/after-7
pss_wip.c4dx_condIV_exchange12_assembled	pss_wip	isabelle/layerB/pss_wip.thy	84964	true	false		5,6,7,8	0	PSS/compat-unreached	PSS/after-8
pss_wip.otx_replicate_snoc	pss_wip	isabelle/layerB/pss_wip.thy	85104	false	false			0	PSS/compat-unreached	PSS/pre-5
pss_wip.otx_op0_numBT	pss_wip	isabelle/layerB/pss_wip.thy	85107	true	false			0	PSS/compat-unreached	PSS/pre-5
pss_wip.otx_op0_iter_numBT	pss_wip	isabelle/layerB/pss_wip.thy	85159	true	false			0	PSS/compat-unreached	PSS/pre-5
pss_wip.otx_Dsucc_ne_numBT	pss_wip	isabelle/layerB/pss_wip.thy	85175	true	false			0	PSS/compat-unreached	PSS/pre-5
pss_wip.otx_stepval_refuted	pss_wip	isabelle/layerB/pss_wip.thy	85203	true	false		5,6,7,8	0	PSS/compat-unreached	PSS/after-8
pss_wip.otx_condVI_adm_eq	pss_wip	isabelle/layerB/pss_wip.thy	85236	true	false	8	5,6,7,8	5	chapter-8/local	PSS/after-8
pss_wip.otx_stepval_condVI_adm	pss_wip	isabelle/layerB/pss_wip.thy	85249	true	false		5,6,7,8	0	PSS/compat-unreached	PSS/after-8
pss_wip.otx_condVI_nadm_eq	pss_wip	isabelle/layerB/pss_wip.thy	85260	true	false	8	5,6,7,8	5	chapter-8/local	PSS/after-8
pss_wip.otx_stepval_condVI_nadm	pss_wip	isabelle/layerB/pss_wip.thy	85273	true	false		5,6,7,8	0	PSS/compat-unreached	PSS/after-8
pss_wip.otx_condI_j0z_eq	pss_wip	isabelle/layerB/pss_wip.thy	85292	true	false	8	5,6,7,8	5	chapter-8/local	PSS/after-8
pss_wip.otx_stepval_condI_j0z	pss_wip	isabelle/layerB/pss_wip.thy	85319	true	false		5,6,7,8	0	PSS/compat-unreached	PSS/after-8
pss_wip.otx_stepval_condI_n1	pss_wip	isabelle/layerB/pss_wip.thy	85329	true	false		5,6,7,8	0	PSS/compat-unreached	PSS/after-8
pss_wip.otx_le0_le	pss_wip	isabelle/layerB/pss_wip.thy	85350	false	false			0	PSS/compat-unreached	PSS/pre-5
pss_wip.otx_nextrel0_zero_end	pss_wip	isabelle/layerB/pss_wip.thy	85362	true	false	8		5	chapter-8/local	PSS/pre-5
pss_wip.otx_zerocol_multi	pss_wip	isabelle/layerB/pss_wip.thy	85376	true	false	8		5	chapter-8/local	PSS/pre-5
pss_wip.otx_zerocol_Pcut	pss_wip	isabelle/layerB/pss_wip.thy	85394	true	false	8		5	chapter-8/local	PSS/pre-5
pss_wip.otx_zerocol_Trans	pss_wip	isabelle/layerB/pss_wip.thy	85420	true	false	8	5,6,7	5	chapter-8/local	PSS/after-7
pss_wip.otx_operB_snoc_D00	pss_wip	isabelle/layerB/pss_wip.thy	85446	true	false	8		5	chapter-8/local	PSS/pre-5
pss_wip.otx_zerocol_predval	pss_wip	isabelle/layerB/pss_wip.thy	85474	true	false	8	5,6,7	5	chapter-8/local	PSS/after-7
pss_wip.otx_zerocol_operval	pss_wip	isabelle/layerB/pss_wip.thy	85483	false	false			0	PSS/compat-unreached	PSS/pre-5
pss_wip.otx_stepval_zerocol	pss_wip	isabelle/layerB/pss_wip.thy	85494	true	false		5,6,7	0	PSS/compat-unreached	PSS/after-7
pss_wip.otx_condI_j1eq1_eq	pss_wip	isabelle/layerB/pss_wip.thy	85516	true	false	8	5,6,7,8	5	chapter-8/local	PSS/after-8
pss_wip.otx_condVI_j1eq1_eq	pss_wip	isabelle/layerB/pss_wip.thy	85582	true	false	8	5,6,7,8	5	chapter-8/local	PSS/after-8
pss_wip.otx_OT_B_zero	pss_wip	isabelle/layerB/pss_wip.thy	85670	true	false	8		5	chapter-8/local	PSS/pre-5
pss_wip.otx_Trans_preserves_OT_dispatch	pss_wip	isabelle/layerB/pss_wip.thy	85710	true	false	8	5,6,7,8	5	chapter-8/local	PSS/after-8
pss_wip.atx_condV_nadm_t2_components	pss_wip	isabelle/layerB/pss_wip.thy	86068	true	false	8	5,6,7,8	6	chapter-8/local	PSS/after-8
pss_wip.atx_notLD	pss_wip	isabelle/layerB/pss_wip.thy	86198	true	false	8	5,6,7,8	6	chapter-8/local	PSS/after-8
pss_wip.atx_c2L1	pss_wip	isabelle/layerB/pss_wip.thy	86248	true	false	8	5,6,7,8	6	chapter-8/local	PSS/after-8
pss_wip.atx_nf3x	pss_wip	isabelle/layerB/pss_wip.thy	86273	true	false	8	5,6,7,8	6	chapter-8/local	PSS/after-8
pss_wip.atx_Trans_oper_exchange_condV_nonadm_uncond	pss_wip	isabelle/layerB/pss_wip.thy	86315	true	false	8	5,6,7,8	6	chapter-8/local	PSS/after-8
pss_wip.atx_fseq_descend_dispatcher_Vclosed	pss_wip	isabelle/layerB/pss_wip.thy	86332	true	false		5,6,7,8	0	PSS/compat-unreached	PSS/after-8
pss_wip.c2sx_addBT_0right	pss_wip	isabelle/layerB/pss_wip.thy	86455	true	false	8		5	chapter-8/local	PSS/pre-5
pss_wip.c2sx_multBT_one	pss_wip	isabelle/layerB/pss_wip.thy	86458	true	false			0	PSS/compat-unreached	PSS/pre-5
pss_wip.c2sx_multBT_add	pss_wip	isabelle/layerB/pss_wip.thy	86461	true	false	8		5	chapter-8/local	PSS/pre-5
pss_wip.c2sx_host_basic	pss_wip	isabelle/layerB/pss_wip.thy	86474	true	false	8	5,6,7,8	5	chapter-8/local	PSS/after-8
pss_wip.c2sx_c1_shape	pss_wip	isabelle/layerB/pss_wip.thy	86546	true	false	8	5,6,7,8	5	chapter-8/local	PSS/after-8
pss_wip.c2sx_c2_val	pss_wip	isabelle/layerB/pss_wip.thy	86603	true	false	8	5,6,7,8	5	chapter-8/local	PSS/after-8
pss_wip.c2sx_t2_split	pss_wip	isabelle/layerB/pss_wip.thy	86626	true	false	8	5,6,7,8	5	chapter-8/local	PSS/after-8
pss_wip.c2sx_N_facts	pss_wip	isabelle/layerB/pss_wip.thy	86706	true	false	8	5,6,7,8	5	chapter-8/local	PSS/after-8
pss_wip.c2sx_mark_idx	pss_wip	isabelle/layerB/pss_wip.thy	86987	true	false	8	5,6,7,8	5	chapter-8/local	PSS/after-8
pss_wip.c2sx_marked_jm1	pss_wip	isabelle/layerB/pss_wip.thy	87021	true	false	8	5,6,7,8	5	chapter-8/local	PSS/after-8
pss_wip.c2sx_mark_pin	pss_wip	isabelle/layerB/pss_wip.thy	87033	true	false	8	5,6,7,8	5	chapter-8/local	PSS/after-8
pss_wip.c2sx_step	pss_wip	isabelle/layerB/pss_wip.thy	87202	true	false	8	5,6,7,8	5	chapter-8/local	PSS/after-8
pss_wip.c2sx_condII_masterCF	pss_wip	isabelle/layerB/pss_wip.thy	87430	true	false	8	5,6,7,8	5	chapter-8/local	PSS/after-8
pss_wip.c2sx_exchange_ex_condII_of_tailval	pss_wip	isabelle/layerB/pss_wip.thy	87577	true	false	8	5,6,7,8	5	chapter-8/local	PSS/after-8
pss_wip.c2sx_exchange2_condII_of_tailval	pss_wip	isabelle/layerB/pss_wip.thy	87603	true	false		5,6,7,8	0	PSS/compat-unreached	PSS/after-8
pss_wip.c2sx_slice_jm1_c1	pss_wip	isabelle/layerB/pss_wip.thy	87633	true	false	8	5,6,7,8	5	chapter-8/local	PSS/after-8
pss_wip.c2sx_reach	pss_wip	isabelle/layerB/pss_wip.thy	87666	true	false	8	5,6,7,8	5	chapter-8/local	PSS/after-8
pss_wip.c2sx_tailval_trunk	pss_wip	isabelle/layerB/pss_wip.thy	87720	true	false	8	5,6,7,8	5	chapter-8/local	PSS/after-8
pss_wip.c2sx_tailval_of_reg	pss_wip	isabelle/layerB/pss_wip.thy	87838	true	false	8	5,6,7,8	5	chapter-8/local	PSS/after-8
pss_wip.c2sx_exchII_leg_of_tailval	pss_wip	isabelle/layerB/pss_wip.thy	87917	true	false	8	5,6,7,8	5	chapter-8/local	PSS/after-8
pss_wip.crx_dbbodyH	pss_wip	isabelle/layerB/pss_wip.thy	87961	true	false	8	5,6,7	5	chapter-8/local	PSS/after-7
pss_wip.crx_c2_shape_condIII	pss_wip	isabelle/layerB/pss_wip.thy	88353	false	false	8		5	chapter-8/local	PSS/pre-5
pss_wip.crx_A0lt_of_nest	pss_wip	isabelle/layerB/pss_wip.thy	88367	true	false	8	5,6,7,8	5	chapter-8/local	PSS/after-8
pss_wip.crx_base1_of_nest	pss_wip	isabelle/layerB/pss_wip.thy	88419	true	false	8	5,6,7,8	5	chapter-8/local	PSS/after-8
pss_wip.crx_run_of_guard	pss_wip	isabelle/layerB/pss_wip.thy	88536	false	false	8		5	chapter-8/local	PSS/pre-5
pss_wip.crx_base0_of_run	pss_wip	isabelle/layerB/pss_wip.thy	88555	true	false	8	5,6,7,8	5	chapter-8/local	PSS/after-8
pss_wip.crx_slice_red_value	pss_wip	isabelle/layerB/pss_wip.thy	88803	true	false	8	5,6,7,8	5	chapter-8/local	PSS/after-8
pss_wip.crx_slice_red_head	pss_wip	isabelle/layerB/pss_wip.thy	88896	true	false	8	5,6,7	5	chapter-8/local	PSS/after-7
pss_wip.crx_d4b_of_redreg	pss_wip	isabelle/layerB/pss_wip.thy	88934	true	false	8	5,6,7,8	5	chapter-8/local	PSS/after-8
pss_wip.crx_d4a_of_redreg	pss_wip	isabelle/layerB/pss_wip.thy	88991	true	false	8	5,6,7,8	5	chapter-8/local	PSS/after-8
pss_wip.crx_d4b_dispatch	pss_wip	isabelle/layerB/pss_wip.thy	89109	true	false	8	5,6,7,8	5	chapter-8/local	PSS/after-8
pss_wip.crx_d4a_dispatch	pss_wip	isabelle/layerB/pss_wip.thy	89133	true	false	8	5,6,7,8	5	chapter-8/local	PSS/after-8
pss_wip.crx_various_scb_IIIIV	pss_wip	isabelle/layerB/pss_wip.thy	89161	true	false		5,6,7,8	0	PSS/compat-unreached	PSS/after-8
pss_wip.crx_condIII_mnform	pss_wip	isabelle/layerB/pss_wip.thy	89254	true	false		5,6,7,8	0	PSS/compat-unreached	PSS/after-8
pss_wip.crx_condIII_exchange13	pss_wip	isabelle/layerB/pss_wip.thy	89557	true	false		5,6,7,8	0	PSS/compat-unreached	PSS/after-8
pss_wip.crx_condIII_descent	pss_wip	isabelle/layerB/pss_wip.thy	89720	true	false		5,6,7,8	0	PSS/compat-unreached	PSS/after-8
pss_wip.crx_condIII_exchange_full	pss_wip	isabelle/layerB/pss_wip.thy	89824	true	false		5,6,7,8	0	PSS/compat-unreached	PSS/after-8
pss_wip.crx_trmax_run	pss_wip	isabelle/layerB/pss_wip.thy	89879	true	false	8	5,6	5	chapter-8/local	PSS/after-6
pss_wip.crx_regS_red_of_mcond	pss_wip	isabelle/layerB/pss_wip.thy	89979	true	false	8	5,6,8	5	chapter-8/local	PSS/after-8
pss_wip.cdx_addBT_left_cancel	pss_wip	isabelle/layerB/pss_wip.thy	90127	true	false	8		5	chapter-8/local	PSS/pre-5
pss_wip.cdx_Dpt_inj	pss_wip	isabelle/layerB/pss_wip.thy	90137	true	false	8		5	chapter-8/local	PSS/pre-5
pss_wip.cdx_condIIIV_scaffold	pss_wip	isabelle/layerB/pss_wip.thy	90145	true	false	8		5	chapter-8/local	PSS/pre-5
pss_wip.cdx_d_le_joints	pss_wip	isabelle/layerB/pss_wip.thy	90230	true	false	8	5,6,7,8	5	chapter-8/local	PSS/after-8
pss_wip.cdx_tailval_notldj	pss_wip	isabelle/layerB/pss_wip.thy	90415	true	false	8	5,6,7,8	5	chapter-8/local	PSS/after-8
pss_wip.crg_regS_of_jointGeTrMax	pss_wip	isabelle/layerB/pss_wip.thy	90510	true	false		5,6,8	0	PSS/compat-unreached	PSS/after-8
pss_wip.c4hx_leBT_lower_shift	pss_wip	isabelle/layerB/pss_wip.thy	90593	true	false	8		5	chapter-8/local	PSS/pre-5
pss_wip.HB_condIV_t2_components	pss_wip	isabelle/layerB/pss_wip.thy	90609	true	false	8	5,6,7,8	5	chapter-8/local	PSS/after-8
pss_wip.c4hx_condIV_exchange_full_of_regimes	pss_wip	isabelle/layerB/pss_wip.thy	90884	true	false		5,6,7,8	0	PSS/compat-unreached	PSS/after-8
pss_wip.vgx_Br_last_head	pss_wip	isabelle/layerB/pss_wip.thy	90964	true	false	8	5,6	5	chapter-8/local	PSS/after-6
pss_wip.vgx_LastStep_eqcase	pss_wip	isabelle/layerB/pss_wip.thy	90984	false	false			0	PSS/compat-unreached	PSS/pre-5
pss_wip.vgx_LastStep_elsecase	pss_wip	isabelle/layerB/pss_wip.thy	90993	false	false	8		5	chapter-8/local	PSS/pre-5
pss_wip.vgx_LastStep_lt_Lng_Br	pss_wip	isabelle/layerB/pss_wip.thy	91009	false	false	8		5	chapter-8/local	PSS/pre-5
pss_wip.vgx_LastStep_lt_of_guard	pss_wip	isabelle/layerB/pss_wip.thy	91032	true	false	8	5,6	5	chapter-8/local	PSS/after-6
pss_wip.vgx_geom_J1	pss_wip	isabelle/layerB/pss_wip.thy	91057	true	false		5,6	0	PSS/compat-unreached	PSS/after-6
pss_wip.vgx_m1_bounds	pss_wip	isabelle/layerB/pss_wip.thy	91077	true	false	8	5,6	5	chapter-8/local	PSS/after-6
pss_wip.vgx_slice_Mp_mono	pss_wip	isabelle/layerB/pss_wip.thy	91098	true	false	8	5,6	5	chapter-8/local	PSS/after-6
pss_wip.vgx_slice_Np_mono	pss_wip	isabelle/layerB/pss_wip.thy	91120	true	false	8	5,6	5	chapter-8/local	PSS/after-6
pss_wip.vgx_slice_N_mono	pss_wip	isabelle/layerB/pss_wip.thy	91136	true	false	8	5,6	5	chapter-8/local	PSS/after-6
pss_wip.vgx_slice_princ	pss_wip	isabelle/layerB/pss_wip.thy	91167	true	false	8	5,6,7	5	chapter-8/local	PSS/after-7
pss_wip.vgx_condIIIV_of_VE	pss_wip	isabelle/layerB/pss_wip.thy	91228	true	false	8	5,6,7	5	chapter-8/local	PSS/after-7
pss_wip.vgx_VE2_of_reg	pss_wip	isabelle/layerB/pss_wip.thy	91332	true	false	8	5,6,7,8	5	chapter-8/local	PSS/after-8
pss_wip.crg_Br_empty_monoT	pss_wip	isabelle/layerB/pss_wip.thy	91380	true	false	8		5	chapter-8/local	PSS/pre-5
pss_wip.crg_slice_value_of_trunk	pss_wip	isabelle/layerB/pss_wip.thy	91399	true	false	8	5,6,7,8	5	chapter-8/local	PSS/after-8
pss_wip.crg_slice_red_value_trunk	pss_wip	isabelle/layerB/pss_wip.thy	91461	true	false	8	5,6,7,8	5	chapter-8/local	PSS/after-8
pss_wip.crg_d4a_trunk	pss_wip	isabelle/layerB/pss_wip.thy	91554	true	false	8	5,6,7,8	5	chapter-8/local	PSS/after-8
pss_wip.crg_d4a_all	pss_wip	isabelle/layerB/pss_wip.thy	91688	true	false		5,6,7,8	0	PSS/compat-unreached	PSS/after-8
pss_wip.crg_various_scb_IIIIV	pss_wip	isabelle/layerB/pss_wip.thy	91725	true	false		5,6,7,8	0	PSS/compat-unreached	PSS/after-8
pss_wip.crg_condIII_mnform	pss_wip	isabelle/layerB/pss_wip.thy	91791	true	false		5,6,7,8	0	PSS/compat-unreached	PSS/after-8
pss_wip.crg_condIII_exchange13	pss_wip	isabelle/layerB/pss_wip.thy	92094	true	false		5,6,7,8	0	PSS/compat-unreached	PSS/after-8
pss_wip.crg_condIII_descent	pss_wip	isabelle/layerB/pss_wip.thy	92248	true	false		5,6,7,8	0	PSS/compat-unreached	PSS/after-8
pss_wip.crg_condIII_exchange_full	pss_wip	isabelle/layerB/pss_wip.thy	92351	true	false		5,6,7,8	0	PSS/compat-unreached	PSS/after-8
pss_wip.orx_OTint	pss_wip	isabelle/layerB/pss_wip.thy	92426	true	false		5,6,7,8	0	PSS/compat-unreached	PSS/after-8
pss_wip.orx_OTpred	pss_wip	isabelle/layerB/pss_wip.thy	92450	true	false		5,6,7,8	0	PSS/compat-unreached	PSS/after-8
pss_wip.orx_OTmulti	pss_wip	isabelle/layerB/pss_wip.thy	92475	true	false		5,6,7,8	0	PSS/compat-unreached	PSS/after-8
pss_wip.orx_Trans_preserves_OT	pss_wip	isabelle/layerB/pss_wip.thy	92506	true	false		5,6,7,8	0	PSS/compat-unreached	PSS/after-8
pss_wip.vg2x_prefix_geom	pss_wip	isabelle/layerB/pss_wip.thy	92559	true	false	8	5,6	5	chapter-8/local	PSS/after-6
pss_wip.vg2x_prefix_TrMax	pss_wip	isabelle/layerB/pss_wip.thy	92663	true	false	8	5,6	5	chapter-8/local	PSS/after-6
pss_wip.vg2x_prefix_Br	pss_wip	isabelle/layerB/pss_wip.thy	92668	true	false	8	5,6	5	chapter-8/local	PSS/after-6
pss_wip.vg2x_prefix_LngBr	pss_wip	isabelle/layerB/pss_wip.thy	92673	true	false	8	5,6	5	chapter-8/local	PSS/after-6
pss_wip.vg2x_prefix_bgt	pss_wip	isabelle/layerB/pss_wip.thy	92678	true	false	8	5,6	5	chapter-8/local	PSS/after-6
pss_wip.vg2x_prefix_blt	pss_wip	isabelle/layerB/pss_wip.thy	92683	true	false	8	5,6	5	chapter-8/local	PSS/after-6
pss_wip.vg2x_N_DT	pss_wip	isabelle/layerB/pss_wip.thy	92691	true	false	8	5,6,8	5	chapter-8/local	PSS/after-8
pss_wip.vg2x_prefix_fn	pss_wip	isabelle/layerB/pss_wip.thy	92711	true	false	8	5,6	5	chapter-8/local	PSS/after-6
pss_wip.vg2x_prefix_entry	pss_wip	isabelle/layerB/pss_wip.thy	92744	true	false	8	5,6,8	5	chapter-8/local	PSS/after-8
pss_wip.vg2x_prefix_joints	pss_wip	isabelle/layerB/pss_wip.thy	92780	true	false	8	5,6,8	5	chapter-8/local	PSS/after-8
pss_wip.vg2x_trunk_prefix	pss_wip	isabelle/layerB/pss_wip.thy	92832	true	false	8		5	chapter-8/local	PSS/pre-5
pss_wip.vg2x_eqdiag_M	pss_wip	isabelle/layerB/pss_wip.thy	92870	true	false	8	5,6	5	chapter-8/local	PSS/after-6
pss_wip.vg2x_cfbx_reg	pss_wip	isabelle/layerB/pss_wip.thy	92971	true	false	8	5,6,8	5	chapter-8/local	PSS/after-8
pss_wip.vg2x_VE2_reg	pss_wip	isabelle/layerB/pss_wip.thy	93037	true	false	8	5,6,7,8	5	chapter-8/local	PSS/after-8
pss_wip.vg2x_VE2_trunk	pss_wip	isabelle/layerB/pss_wip.thy	93069	true	false	8	5,6,7,8	5	chapter-8/local	PSS/after-8
pss_wip.vg2x_VE2	pss_wip	isabelle/layerB/pss_wip.thy	93126	true	false		5,6,7,8	0	PSS/compat-unreached	PSS/after-8
pss_wip.vg2x_VE34_backpeel	pss_wip	isabelle/layerB/pss_wip.thy	93197	true	false		5,6	0	PSS/compat-unreached	PSS/after-6
pss_wip.vg2x_VE34_of_reg	pss_wip	isabelle/layerB/pss_wip.thy	93247	true	false		5,6	0	PSS/compat-unreached	PSS/after-6
pss_wip.c3cx_nextrel0_adj_of_le0	pss_wip	isabelle/layerB/pss_wip.thy	93320	false	false	8		5	chapter-8/local	PSS/pre-5
pss_wip.c3cx_M0RUN_of_a	pss_wip	isabelle/layerB/pss_wip.thy	93354	false	false	8		5	chapter-8/local	PSS/pre-5
pss_wip.c4wx_d3_all	pss_wip	isabelle/layerB/pss_wip.thy	93453	true	false		5,6,7,8	0	PSS/compat-unreached	PSS/after-8
pss_wip.c4wx_condIV_exchange_full_of_regimes	pss_wip	isabelle/layerB/pss_wip.thy	93570	true	false		5,6,7,8	0	PSS/compat-unreached	PSS/after-8
pss_wip.mcx_d_le_last_joint	pss_wip	isabelle/layerB/pss_wip.thy	93647	true	false	8	5,6,8	5	chapter-8/local	PSS/after-8
pss_wip.mcx_MCOND_RN	pss_wip	isabelle/layerB/pss_wip.thy	93796	true	false	8	5,6,8	5	chapter-8/local	PSS/after-8
pss_wip.mcx_regS	pss_wip	isabelle/layerB/pss_wip.thy	94021	true	false	8	5,6,8	5	chapter-8/local	PSS/after-8
pss_wip.mcx_regSP_of_diag	pss_wip	isabelle/layerB/pss_wip.thy	94051	true	false	8	5,6,7,8	5	chapter-8/local	PSS/after-8
pss_wip.vg3x_le0_lt1	pss_wip	isabelle/layerB/pss_wip.thy	94242	false	false	8		5	chapter-8/local	PSS/pre-5
pss_wip.vg3x_le0_lt2	pss_wip	isabelle/layerB/pss_wip.thy	94243	false	false	8		5	chapter-8/local	PSS/pre-5
pss_wip.vg3x_le0_rtc	pss_wip	isabelle/layerB/pss_wip.thy	94244	false	false	8		5	chapter-8/local	PSS/pre-5
pss_wip.vg3x_nextrel0_imp_le0	pss_wip	isabelle/layerB/pss_wip.thy	94245	false	false	8		5	chapter-8/local	PSS/pre-5
pss_wip.vg3x_row1_parent_of_le0ances	pss_wip	isabelle/layerB/pss_wip.thy	94255	true	false	8		5	chapter-8/local	PSS/pre-5
pss_wip.vg3x_row1_le_row0	pss_wip	isabelle/layerB/pss_wip.thy	94312	true	false	8		5	chapter-8/local	PSS/pre-5
pss_wip.vg3x_ROW10	pss_wip	isabelle/layerB/pss_wip.thy	94397	true	false	8	5,6	5	chapter-8/local	PSS/after-6
pss_wip.vg3x_VE2	pss_wip	isabelle/layerB/pss_wip.thy	94418	true	false	8	5,6,7,8	5	chapter-8/local	PSS/after-8
pss_wip.vg3x_VE34_backpeel	pss_wip	isabelle/layerB/pss_wip.thy	94480	true	false		5,6	0	PSS/compat-unreached	PSS/after-6
pss_wip.vg3x_VE34_of_DT	pss_wip	isabelle/layerB/pss_wip.thy	94529	true	false		5,6	0	PSS/compat-unreached	PSS/after-6
pss_wip.otlx_OTint_of_operB_eq	pss_wip	isabelle/layerB/pss_wip.thy	94633	true	false		8	0	PSS/compat-unreached	PSS/after-8
pss_wip.otlx_OTint_of_op0tower	pss_wip	isabelle/layerB/pss_wip.thy	94646	true	false		8	0	PSS/compat-unreached	PSS/after-8
pss_wip.otlx_OTint_condVI	pss_wip	isabelle/layerB/pss_wip.thy	94663	true	false		5,6,7,8	0	PSS/compat-unreached	PSS/after-8
pss_wip.otlx_OTint_condI	pss_wip	isabelle/layerB/pss_wip.thy	94690	true	false		8	0	PSS/compat-unreached	PSS/after-8
pss_wip.otlx_OTint_condV_adm	pss_wip	isabelle/layerB/pss_wip.thy	94707	true	false		8	0	PSS/compat-unreached	PSS/after-8
pss_wip.otlx_OTint_local	pss_wip	isabelle/layerB/pss_wip.thy	94725	true	false		8	0	PSS/compat-unreached	PSS/after-8
pss_wip.otlx_Trans_preserves_OT_localOTint	pss_wip	isabelle/layerB/pss_wip.thy	94788	true	false		5,6,7,8	0	PSS/compat-unreached	PSS/after-8
pss_wip.dgx_regSP_diag_of_lt	pss_wip	isabelle/layerB/pss_wip.thy	94864	true	false	8	5,6,7,8	5	chapter-8/local	PSS/after-8
pss_wip.dgx_regSP_of_lt	pss_wip	isabelle/layerB/pss_wip.thy	95014	true	false		5,6,7,8	0	PSS/compat-unreached	PSS/after-8
pss_wip.dgx_M0RUN_ineq_of_le0anc	pss_wip	isabelle/layerB/pss_wip.thy	95054	false	false			0	PSS/compat-unreached	PSS/pre-5
pss_wip.dgx_M0RUN_of_le0anc	pss_wip	isabelle/layerB/pss_wip.thy	95072	false	false			0	PSS/compat-unreached	PSS/pre-5
pss_wip.vg4x_VE34_backpeel	pss_wip	isabelle/layerB/pss_wip.thy	95133	true	false		5,6	0	PSS/compat-unreached	PSS/after-6
pss_wip.vg4x_RPERS	pss_wip	isabelle/layerB/pss_wip.thy	95186	true	false	8	5,6	5	chapter-8/local	PSS/after-6
pss_wip.vg4x_VE34_of_DT	pss_wip	isabelle/layerB/pss_wip.thy	95296	true	false		5,6	0	PSS/compat-unreached	PSS/after-6
pss_wip.vg4x_base_transJ0	pss_wip	isabelle/layerB/pss_wip.thy	95326	false	false	8		5	chapter-8/local	PSS/pre-5
pss_wip.vg4x_base_nadm	pss_wip	isabelle/layerB/pss_wip.thy	95342	false	false	8		5	chapter-8/local	PSS/pre-5
pss_wip.vg4x_base_Adm0	pss_wip	isabelle/layerB/pss_wip.thy	95362	true	false	8		5	chapter-8/local	PSS/pre-5
pss_wip.vg4x_base_j1gt	pss_wip	isabelle/layerB/pss_wip.thy	95382	true	false	8	5,6	5	chapter-8/local	PSS/after-6
pss_wip.vg4x_base_notCondA	pss_wip	isabelle/layerB/pss_wip.thy	95408	true	false	8	5,6	5	chapter-8/local	PSS/after-6
pss_wip.c4rx_condIV_regS_of_noguard	pss_wip	isabelle/layerB/pss_wip.thy	95502	false	false			0	PSS/compat-unreached	PSS/pre-5
pss_wip.c4rx_condIV_exchange_full	pss_wip	isabelle/layerB/pss_wip.thy	95512	true	false		5,6,7,8	0	PSS/compat-unreached	PSS/after-8
pss_wip.cfvx_OTint_condV_adm_split	pss_wip	isabelle/layerB/pss_wip.thy	95585	true	false		8	0	PSS/compat-unreached	PSS/after-8
pss_wip.cfvx_OTint_local_condVadm_corrected	pss_wip	isabelle/layerB/pss_wip.thy	95612	true	false		8	0	PSS/compat-unreached	PSS/after-8
pss_wip.lbx_nextrel0_jm2_succ	pss_wip	isabelle/layerB/pss_wip.thy	95716	false	false			0	PSS/compat-unreached	PSS/pre-5
pss_wip.lbx_row0_diag_step	pss_wip	isabelle/layerB/pss_wip.thy	95730	true	false		5,6	0	PSS/compat-unreached	PSS/after-6
pss_wip.lbx_le0_jm2_j0	pss_wip	isabelle/layerB/pss_wip.thy	95750	false	false		5	0	PSS/compat-unreached	PSS/after-5
pss_wip.lbx_M0RUN_of_anc0	pss_wip	isabelle/layerB/pss_wip.thy	95780	false	false		5	0	PSS/compat-unreached	PSS/after-5
pss_wip.lbx_condIII_exchange_full_of_anc0	pss_wip	isabelle/layerB/pss_wip.thy	95803	true	false		5,6,7,8	0	PSS/compat-unreached	PSS/after-8
pss_wip.lbx_crg_condIII_exchange_full_reduced	pss_wip	isabelle/layerB/pss_wip.thy	95844	true	false		5,6,7,8	0	PSS/compat-unreached	PSS/after-8
pss_wip.vg5x_base_transM_form	pss_wip	isabelle/layerB/pss_wip.thy	95906	true	false		5,6,7,8	0	PSS/compat-unreached	PSS/after-8
pss_wip.vg5x_base_VE34_of_bridges	pss_wip	isabelle/layerB/pss_wip.thy	95982	true	false			0	PSS/compat-unreached	PSS/pre-5
pss_wip.vg5x_base_VE34_modBridges	pss_wip	isabelle/layerB/pss_wip.thy	96028	true	false		5,6,7,8	0	PSS/compat-unreached	PSS/after-8
pss_wip.otx_otIII_of_keystone	pss_wip	isabelle/layerB/pss_wip.thy	96150	true	false		5,6,7,8	0	PSS/compat-unreached	PSS/after-8
pss_wip.otx_otIV_of_keystone	pss_wip	isabelle/layerB/pss_wip.thy	96173	true	false		5,6,7,8	0	PSS/compat-unreached	PSS/after-8
pss_wip.otx_otVnadm_of_keystone	pss_wip	isabelle/layerB/pss_wip.thy	96196	true	false		5,6,7,8	0	PSS/compat-unreached	PSS/after-8
pss_wip.otx_otVadmDeep_of_keystone	pss_wip	isabelle/layerB/pss_wip.thy	96220	true	false		5,6,7,8	0	PSS/compat-unreached	PSS/after-8
pss_wip.lb2x_nextrel0_condA	pss_wip	isabelle/layerB/pss_wip.thy	96275	true	false		5,6	0	PSS/compat-unreached	PSS/after-6
pss_wip.lb2x_le0_row0_bound	pss_wip	isabelle/layerB/pss_wip.thy	96308	true	false		5,6	0	PSS/compat-unreached	PSS/after-6
pss_wip.lb2x_le0_gap_consec	pss_wip	isabelle/layerB/pss_wip.thy	96331	true	false		5,6	0	PSS/compat-unreached	PSS/after-6
pss_wip.lb2x_anc0_of_wgap	pss_wip	isabelle/layerB/pss_wip.thy	96357	true	false		5,6,8	0	PSS/compat-unreached	PSS/after-8
pss_wip.lb2x_crg_condIII_exchange_full_wgap	pss_wip	isabelle/layerB/pss_wip.thy	96380	true	false		5,6,7,8	0	PSS/compat-unreached	PSS/after-8
pss_wip.lb2x_regSP_of_lt_eqd	pss_wip	isabelle/layerB/pss_wip.thy	96435	true	false	8	5,6,7,8	5	chapter-8/local	PSS/after-8
pss_wip.vg6x_addBT_split_lastD	pss_wip	isabelle/layerB/pss_wip.thy	96501	true	false	8		5	chapter-8/local	PSS/pre-5
pss_wip.vg6x_bridges_of_VE34	pss_wip	isabelle/layerB/pss_wip.thy	96535	true	false			0	PSS/compat-unreached	PSS/pre-5
pss_wip.vg6x_base_princMp	pss_wip	isabelle/layerB/pss_wip.thy	96593	true	false		5,6,7	0	PSS/compat-unreached	PSS/after-7
pss_wip.vg6x_base_princN	pss_wip	isabelle/layerB/pss_wip.thy	96622	true	false		5,6,7	0	PSS/compat-unreached	PSS/after-7
pss_wip.vg6x_base_bridges_of_VE34	pss_wip	isabelle/layerB/pss_wip.thy	96658	true	false		5,6,7	0	PSS/compat-unreached	PSS/after-7
pss_wip.vg6x_base_bridges_iff_VE34	pss_wip	isabelle/layerB/pss_wip.thy	96696	true	false		5,6,7,8	0	PSS/compat-unreached	PSS/after-8
pss_wip.vs2x_addBT_assoc	pss_wip	isabelle/layerB/pss_wip.thy	96759	true	false	8		5	chapter-8/local	PSS/pre-5
pss_wip.vs2x_addBT_ne0_left	pss_wip	isabelle/layerB/pss_wip.thy	96762	true	false	8		5	chapter-8/local	PSS/pre-5
pss_wip.vs2x_VE34_step	pss_wip	isabelle/layerB/pss_wip.thy	96800	false	false			0	PSS/compat-unreached	PSS/pre-5
pss_wip.vs2x_VE34_step_of_residuals	pss_wip	isabelle/layerB/pss_wip.thy	96837	false	false			0	PSS/compat-unreached	PSS/pre-5
pss_wip.wgx37_m0run_ineq_of_e1ge	pss_wip	isabelle/layerB/pss_wip.thy	96914	false	false	8		5	chapter-8/local	PSS/pre-5
pss_wip.wgx37_m0run_of_e1ge	pss_wip	isabelle/layerB/pss_wip.thy	96930	false	false	8		5	chapter-8/local	PSS/pre-5
pss_wip.wgx37_e1ge_of_anc	pss_wip	isabelle/layerB/pss_wip.thy	96942	false	false	8		5	chapter-8/local	PSS/pre-5
pss_wip.wgx37_condIII_exchange_full_of_ineq	pss_wip	isabelle/layerB/pss_wip.thy	96959	true	false		5,6,7,8	0	PSS/compat-unreached	PSS/after-8
pss_wip.wgx37_condIII_exchange_full_of_e1ge	pss_wip	isabelle/layerB/pss_wip.thy	96990	true	false		5,6,7,8	0	PSS/compat-unreached	PSS/after-8
pss_wip.slx37_strictlt_eqd	pss_wip	isabelle/layerB/pss_wip.thy	97052	true	false	8	5,6,7,8	5	chapter-8/local	PSS/after-8
pss_wip.slx37_regSP_uncond	pss_wip	isabelle/layerB/pss_wip.thy	97329	true	false	8	5,6,7,8	5	chapter-8/local	PSS/after-8
pss_wip.vg7x_reg4_DT	pss_wip	isabelle/layerB/pss_wip.thy	97389	false	false	8		5	chapter-8/local	PSS/pre-5
pss_wip.vg7x_VE34_backpeel	pss_wip	isabelle/layerB/pss_wip.thy	97408	true	false		5,6	0	PSS/compat-unreached	PSS/after-6
pss_wip.vg7x_RPERS	pss_wip	isabelle/layerB/pss_wip.thy	97463	true	false	8	5,6	5	chapter-8/local	PSS/after-6
pss_wip.vg7x_VE34_of_DT	pss_wip	isabelle/layerB/pss_wip.thy	97503	true	false		5,6	0	PSS/compat-unreached	PSS/after-6
pss_wip.vg7x_condIIIV_of_DT	pss_wip	isabelle/layerB/pss_wip.thy	97539	true	false		5,6,7	0	PSS/compat-unreached	PSS/after-7
pss_wip.e1x_child_is_FN	pss_wip	isabelle/layerB/pss_wip.thy	97622	true	false	8	5,6	5	chapter-8/local	PSS/after-6
pss_wip.e1x_ineq_nonanc	pss_wip	isabelle/layerB/pss_wip.thy	97657	true	false	8	5,6	5	chapter-8/local	PSS/after-6
pss_wip.e1x_e1ge_uncond	pss_wip	isabelle/layerB/pss_wip.thy	97869	true	false	8	5,6	5	chapter-8/local	PSS/after-6
pss_wip.e1x_condIII_exchange_full_uncond	pss_wip	isabelle/layerB/pss_wip.thy	97898	true	false		5,6,7,8	0	PSS/compat-unreached	PSS/after-8
pss_wip.e1x_condIII_exchange_full_crg_uncond	pss_wip	isabelle/layerB/pss_wip.thy	97927	true	false		5,6,7,8	0	PSS/compat-unreached	PSS/after-8
pss_wip.vg8x_base_transM_form	pss_wip	isabelle/layerB/pss_wip.thy	98001	true	false		5,6,7,8	0	PSS/compat-unreached	PSS/after-8
pss_wip.vg8x_base_VE34_modBridges	pss_wip	isabelle/layerB/pss_wip.thy	98015	true	false		5,6,7,8	0	PSS/compat-unreached	PSS/after-8
pss_wip.vg8x_BASE_of_bridgesR	pss_wip	isabelle/layerB/pss_wip.thy	98040	true	false		5,6,7,8	0	PSS/compat-unreached	PSS/after-8
pss_wip.vg8x_VE34_of_DT_modBridgesR	pss_wip	isabelle/layerB/pss_wip.thy	98073	true	false		5,6,7,8	0	PSS/compat-unreached	PSS/after-8
pss_wip.vg8x_terminal_slice_DT	pss_wip	isabelle/layerB/pss_wip.thy	98108	true	false	8	5,6,8	5	chapter-8/local	PSS/after-8
pss_wip.vs3x_addBT_lastidx	pss_wip	isabelle/layerB/pss_wip.thy	98177	true	false	8		5	chapter-8/local	PSS/pre-5
pss_wip.vs3x_step_transM_form	pss_wip	isabelle/layerB/pss_wip.thy	98190	true	false		5,6,7,8	0	PSS/compat-unreached	PSS/after-8
pss_wip.vs3x_VE34_step_modBridges	pss_wip	isabelle/layerB/pss_wip.thy	98378	true	false		5,6,7,8	0	PSS/compat-unreached	PSS/after-8
pss_wip.vs3x_VE34_of_DT_modBridges	pss_wip	isabelle/layerB/pss_wip.thy	98421	true	false		5,6,7,8	0	PSS/compat-unreached	PSS/after-8
pss_wip.cpx_d4a_all	pss_wip	isabelle/layerB/pss_wip.thy	98511	true	false	8	5,6,7,8	5	chapter-8/local	PSS/after-8
pss_wip.cpx_various_scb_IIIIV	pss_wip	isabelle/layerB/pss_wip.thy	98539	true	false	8	5,6,7,8	5	chapter-8/local	PSS/after-8
pss_wip.cpx_condIII_mnform	pss_wip	isabelle/layerB/pss_wip.thy	98605	true	false	8	5,6,7,8	5	chapter-8/local	PSS/after-8
pss_wip.cpx_condIII_exchange13	pss_wip	isabelle/layerB/pss_wip.thy	98908	true	false	8	5,6,7,8	5	chapter-8/local	PSS/after-8
pss_wip.cpx_condIII_descent	pss_wip	isabelle/layerB/pss_wip.thy	99062	true	false	8	5,6,7,8	5	chapter-8/local	PSS/after-8
pss_wip.cpx_condIII_exchange_full	pss_wip	isabelle/layerB/pss_wip.thy	99165	true	false	8	5,6,7,8	5	chapter-8/local	PSS/after-8
pss_wip.cpx_condIII_exchange_uncond	pss_wip	isabelle/layerB/pss_wip.thy	99204	true	false	8	5,6,7,8	5	chapter-8/local	PSS/after-8
pss_wip.cpx_exchIII_slot	pss_wip	isabelle/layerB/pss_wip.thy	99264	true	false		5,6,7,8	0	PSS/compat-unreached	PSS/after-8
pss_wip.bux_terminal_slice_ready	pss_wip	isabelle/layerB/pss_wip.thy	99317	true	false	8	5,6,8	5	chapter-8/local	PSS/after-8
pss_wip.otkx_leBT_Trans_of_prefix	pss_wip	isabelle/layerB/pss_wip.thy	99437	true	false		5,6,7	0	PSS/compat-unreached	PSS/after-7
pss_wip.otkx_multiD_of_pcomp_prefix	pss_wip	isabelle/layerB/pss_wip.thy	99455	true	false		5,6,7,8	0	PSS/compat-unreached	PSS/after-8
pss_wip.kyx_terminal_slice_keystone	pss_wip	isabelle/layerB/pss_wip.thy	99548	true	false	8	5,6,7,8	5	chapter-8/local	PSS/after-8
pss_wip.kyx_terminal_slice_leadform	pss_wip	isabelle/layerB/pss_wip.thy	99604	true	false	8	5,6,7,8	5	chapter-8/local	PSS/after-8
pss_wip.kyx_bridgesU_of_readoff	pss_wip	isabelle/layerB/pss_wip.thy	99659	true	false		5,6,7,8	0	PSS/compat-unreached	PSS/after-8
pss_wip.kyx_VE34_of_DT_modReadoff	pss_wip	isabelle/layerB/pss_wip.thy	99693	true	false		5,6,7,8	0	PSS/compat-unreached	PSS/after-8
pss_wip.rgx_between_extends	pss_wip	isabelle/layerB/pss_wip.thy	99817	true	false	8		5	chapter-8/local	PSS/pre-5
pss_wip.rgx_size_Trm_append	pss_wip	isabelle/layerB/pss_wip.thy	99859	true	false	8		5	chapter-8/local	PSS/pre-5
pss_wip.rgx_gbt_prefix_restrict	pss_wip	isabelle/layerB/pss_wip.thy	99877	true	false	8		5	chapter-8/local	PSS/pre-5
pss_wip.rgx_gbt_of_appg	pss_wip	isabelle/layerB/pss_wip.thy	99906	true	false		8	0	PSS/compat-unreached	PSS/after-8
pss_wip.rgx_appg_split	pss_wip	isabelle/layerB/pss_wip.thy	99929	true	false			0	PSS/compat-unreached	PSS/pre-5
pss_wip.rgx_dstep_wholebody_case	pss_wip	isabelle/layerB/pss_wip.thy	99958	true	false		5,6,7,8	0	PSS/compat-unreached	PSS/after-8
pss_wip.rgx_dstep_properprefix_case	pss_wip	isabelle/layerB/pss_wip.thy	100006	true	false		8	0	PSS/compat-unreached	PSS/after-8
pss_wip.rgx_resid_of_parts	pss_wip	isabelle/layerB/pss_wip.thy	100047	true	false		5,6,7,8	0	PSS/compat-unreached	PSS/after-8
pss_wip.rgx_Trans_preserves_OT_modIH	pss_wip	isabelle/layerB/pss_wip.thy	100209	true	false		5,6,7,8	0	PSS/compat-unreached	PSS/after-8
pss_wip.rgx_Trans_preserves_OT_of_slots	pss_wip	isabelle/layerB/pss_wip.thy	100272	true	false		5,6,7,8	0	PSS/compat-unreached	PSS/after-8
pss_wip.cpx_d2_condIV	pss_wip	isabelle/layerB/pss_wip.thy	100405	true	false	8	5,6,7,8	5	chapter-8/local	PSS/after-8
pss_wip.cpx_d3_condIV	pss_wip	isabelle/layerB/pss_wip.thy	100491	true	false	8	5,6,7,8	5	chapter-8/local	PSS/after-8
pss_wip.cpx_condIV_exchange_full	pss_wip	isabelle/layerB/pss_wip.thy	100623	true	false	8	5,6,7,8	5	chapter-8/local	PSS/after-8
pss_wip.cpx_condIV_exchange_uncond	pss_wip	isabelle/layerB/pss_wip.thy	100673	true	false	8	5,6,7,8	5	chapter-8/local	PSS/after-8
pss_wip.cnx_condIV_Trans_c2_decomp	pss_wip	isabelle/layerB/pss_wip.thy	100742	true	false		5,6,7,8	0	PSS/compat-unreached	PSS/after-8
pss_wip.cnx_condIV_exchange_alluncond	pss_wip	isabelle/layerB/pss_wip.thy	100788	true	false	8	5,6,7,8	5	chapter-8/local	PSS/after-8
pss_wip.rdx_bridgesU_readoff	pss_wip	isabelle/layerB/pss_wip.thy	100874	true	false		5,6,7	0	PSS/compat-unreached	PSS/after-7
pss_wip.rdx_VE34_of_DT	pss_wip	isabelle/layerB/pss_wip.thy	100928	true	false		5,6,7,8	0	PSS/compat-unreached	PSS/after-8
pss_wip.snx_newOT_of_sliceTrans	pss_wip	isabelle/layerB/pss_wip.thy	101023	true	false			0	PSS/compat-unreached	PSS/pre-5
pss_wip.snx_slotNewOT_modSlice	pss_wip	isabelle/layerB/pss_wip.thy	101042	true	false			0	PSS/compat-unreached	PSS/pre-5
pss_wip.sax_slotAppg_modcore	pss_wip	isabelle/layerB/pss_wip.thy	101096	true	false			0	PSS/compat-unreached	PSS/pre-5
pss_wip.stx_slotTail_properprefix_from_descent	pss_wip	isabelle/layerB/pss_wip.thy	101167	true	false			0	PSS/compat-unreached	PSS/pre-5
pss_wip.npx_oper_noParent_Pred	pss_wip	isabelle/layerB/pss_wip.thy	101281	false	false	8		5	chapter-8/local	PSS/pre-5
pss_wip.npx_le0_last_entry_ge	pss_wip	isabelle/layerB/pss_wip.thy	101304	false	false	8		5	chapter-8/local	PSS/pre-5
pss_wip.npx_domB_TBv_head	pss_wip	isabelle/layerB/pss_wip.thy	101375	true	false	8		5	chapter-8/local	PSS/pre-5
pss_wip.npx_domB_Trans_TBv	pss_wip	isabelle/layerB/pss_wip.thy	101419	true	false	8	5,6,7	5	chapter-8/local	PSS/after-7
pss_wip.npx_operB_numBT0_Pred_condIII	pss_wip	isabelle/layerB/pss_wip.thy	101500	true	false	8	5,6,7,8	5	chapter-8/local	PSS/after-8
pss_wip.npx_noParentPred	pss_wip	isabelle/layerB/pss_wip.thy	101595	true	false	8	5,6,7,8	5	chapter-8/local	PSS/after-8
pss_wip.npx_exchIII_slot_uncond	pss_wip	isabelle/layerB/pss_wip.thy	101624	true	false	8	5,6,7,8	5	chapter-8/local	PSS/after-8
pss_wip.cnv_condIV_ltJ	pss_wip	isabelle/layerB/pss_wip.thy	101690	true	false	8	5,8	5	chapter-8/local	PSS/after-8
pss_wip.cnv_c2_shape_condIV	pss_wip	isabelle/layerB/pss_wip.thy	101719	true	false	8	5,6,7,8	5	chapter-8/local	PSS/after-8
pss_wip.cnv_body_grow	pss_wip	isabelle/layerB/pss_wip.thy	101757	true	false	8		5	chapter-8/local	PSS/pre-5
pss_wip.cnv_nested_hole_pair	pss_wip	isabelle/layerB/pss_wip.thy	101788	true	false	8	7	5	chapter-8/local	PSS/after-7
pss_wip.cnv_A0lt_of_nest	pss_wip	isabelle/layerB/pss_wip.thy	101843	true	false	8	5,6,7,8	5	chapter-8/local	PSS/after-8
pss_wip.cnv_base1_of_nest	pss_wip	isabelle/layerB/pss_wip.thy	101903	true	false	8	5,6,7,8	5	chapter-8/local	PSS/after-8
pss_wip.cnv_base0_of_run	pss_wip	isabelle/layerB/pss_wip.thy	102029	true	false	8	5,6,7,8	5	chapter-8/local	PSS/after-8
pss_wip.cnv_condIV_nonadmeq_exchange13	pss_wip	isabelle/layerB/pss_wip.thy	102242	true	false	8	5,6,7,8	5	chapter-8/local	PSS/after-8
pss_wip.cnv_condIV_nonadmeq_descent	pss_wip	isabelle/layerB/pss_wip.thy	102393	true	false	8	5,6,7,8	5	chapter-8/local	PSS/after-8
pss_wip.cnv_nonadmeq_exch	pss_wip	isabelle/layerB/pss_wip.thy	102500	true	false	8	5,6,7,8	5	chapter-8/local	PSS/after-8
pss_wip.cnv_condIV_exchange_final	pss_wip	isabelle/layerB/pss_wip.thy	102553	true	false	8	5,6,7,8	5	chapter-8/local	PSS/after-8
pss_wip.bpx_nth_overflow	pss_wip	isabelle/layerB/pss_wip.thy	102684	true	false	8		5	chapter-8/local	PSS/pre-5
pss_wip.bpx_growth_transport	pss_wip	isabelle/layerB/pss_wip.thy	102702	true	false	8		5	chapter-8/local	PSS/pre-5
pss_wip.bpx_step_setup	pss_wip	isabelle/layerB/pss_wip.thy	102730	true	false	8	5,6	5	chapter-8/local	PSS/after-6
pss_wip.bpx_Br_head_entries_Pred	pss_wip	isabelle/layerB/pss_wip.thy	102808	true	false	8	5,6	5	chapter-8/local	PSS/after-6
pss_wip.bpx_finset_Pred_eq	pss_wip	isabelle/layerB/pss_wip.thy	102840	true	false	8	5,6	5	chapter-8/local	PSS/after-6
pss_wip.bpx_fin_Pred	pss_wip	isabelle/layerB/pss_wip.thy	102857	true	false	8	5,6	5	chapter-8/local	PSS/after-6
pss_wip.bpx_LastStep_Pred	pss_wip	isabelle/layerB/pss_wip.thy	102872	true	false	8	5,6	5	chapter-8/local	PSS/after-6
pss_wip.bpx_m1_Pred	pss_wip	isabelle/layerB/pss_wip.thy	102914	true	false	8	5,6	5	chapter-8/local	PSS/after-6
pss_wip.bpx_front_Pred	pss_wip	isabelle/layerB/pss_wip.thy	102945	true	false	8	5,6,7	5	chapter-8/local	PSS/after-7
pss_wip.bpx_term_Pred	pss_wip	isabelle/layerB/pss_wip.thy	102981	true	false	8	5,6	5	chapter-8/local	PSS/after-6
pss_wip.bpx_VE3_step	pss_wip	isabelle/layerB/pss_wip.thy	103023	true	false	8	5,6,7,8	5	chapter-8/local	PSS/after-8
pss_wip.bpx_step_form_pinned	pss_wip	isabelle/layerB/pss_wip.thy	103085	true	false	8	5,6,7,8	5	chapter-8/local	PSS/after-8
pss_wip.bpx_VE34_step_modTSPIN	pss_wip	isabelle/layerB/pss_wip.thy	103234	true	false	8	5,6,7,8	5	chapter-8/local	PSS/after-8
pss_wip.bpx_VE34_backpeel_fin	pss_wip	isabelle/layerB/pss_wip.thy	103271	true	false		5,6	0	PSS/compat-unreached	PSS/after-6
pss_wip.bpx_VE34_of_DT_modBASE_TSPIN	pss_wip	isabelle/layerB/pss_wip.thy	103347	true	false		5,6,7,8	0	PSS/compat-unreached	PSS/after-8
pss_wip.spx_slotTail_eqhead_of_deposit_hosts	pss_wip	isabelle/layerB/pss_wip.thy	103456	true	false			0	PSS/compat-unreached	PSS/pre-5
pss_wip.spx_slotTail_modDevel	pss_wip	isabelle/layerB/pss_wip.thy	103484	true	false			0	PSS/compat-unreached	PSS/pre-5
pss_wip.tsx_scb_Dpt_lift	pss_wip	isabelle/layerB/pss_wip.thy	103577	true	false	8		5	chapter-8/local	PSS/pre-5
pss_wip.tsx_jp_geom	pss_wip	isabelle/layerB/pss_wip.thy	103596	true	false	8	5,6,8	5	chapter-8/local	PSS/after-8
pss_wip.tsx_Mp_facts	pss_wip	isabelle/layerB/pss_wip.thy	103645	true	false	8	5,6,8	5	chapter-8/local	PSS/after-8
pss_wip.tsx_parent_slice	pss_wip	isabelle/layerB/pss_wip.thy	103685	true	false	8	5,6,8	5	chapter-8/local	PSS/after-8
pss_wip.tsx_Adm_slice	pss_wip	isabelle/layerB/pss_wip.thy	103729	true	false	8	5,6,8	5	chapter-8/local	PSS/after-8
pss_wip.tsx_c1_eq	pss_wip	isabelle/layerB/pss_wip.thy	103771	true	false	8	5,6,7,8	5	chapter-8/local	PSS/after-8
pss_wip.tsx_entry_transport	pss_wip	isabelle/layerB/pss_wip.thy	103899	true	false	8	5,6,8	5	chapter-8/local	PSS/after-8
pss_wip.tsx_cond_transport	pss_wip	isabelle/layerB/pss_wip.thy	103934	true	false	8	5,6,8	5	chapter-8/local	PSS/after-8
pss_wip.tsx_c2_eq	pss_wip	isabelle/layerB/pss_wip.thy	103971	true	false	8	5,6,7,8	5	chapter-8/local	PSS/after-8
pss_wip.tsx_t1_identified	pss_wip	isabelle/layerB/pss_wip.thy	104001	true	false	8	5,6,7,8	5	chapter-8/local	PSS/after-8
pss_wip.tsx_assembly	pss_wip	isabelle/layerB/pss_wip.thy	104073	true	false	8	5,6,7,8	5	chapter-8/local	PSS/after-8
pss_wip.tsx_TSPIN	pss_wip	isabelle/layerB/pss_wip.thy	104267	true	false	8	5,6,7,8	5	chapter-8/local	PSS/after-8
pss_wip.tsx_VE34_step	pss_wip	isabelle/layerB/pss_wip.thy	104300	true	false	8	5,6,7,8	5	chapter-8/local	PSS/after-8
pss_wip.tsx_VE34_of_DT_modBASE	pss_wip	isabelle/layerB/pss_wip.thy	104316	true	false		5,6,7,8	0	PSS/compat-unreached	PSS/after-8
pss_wip.bfx_base_setup	pss_wip	isabelle/layerB/pss_wip.thy	104483	true	false	8	5,6	5	chapter-8/local	PSS/after-6
pss_wip.bfx_gtN	pss_wip	isabelle/layerB/pss_wip.thy	104527	true	false	8	5,6	5	chapter-8/local	PSS/after-6
pss_wip.bfx_LastStep_le	pss_wip	isabelle/layerB/pss_wip.thy	104553	true	false	8	5,6	5	chapter-8/local	PSS/after-6
pss_wip.bfx_run_prev	pss_wip	isabelle/layerB/pss_wip.thy	104581	true	false	8	5,6	5	chapter-8/local	PSS/after-6
pss_wip.bfx_JEQ	pss_wip	isabelle/layerB/pss_wip.thy	104639	true	false	8	5,6	5	chapter-8/local	PSS/after-6
pss_wip.bfx_BrLen_Pred_base	pss_wip	isabelle/layerB/pss_wip.thy	104718	true	false	8	5,6	5	chapter-8/local	PSS/after-6
pss_wip.bfx_BrPne_base	pss_wip	isabelle/layerB/pss_wip.thy	104731	true	false	8	5,6	5	chapter-8/local	PSS/after-6
pss_wip.bfx_TrMax_Pred_base	pss_wip	isabelle/layerB/pss_wip.thy	104744	true	false	8	5,6	5	chapter-8/local	PSS/after-6
pss_wip.bfx_PredDT_base	pss_wip	isabelle/layerB/pss_wip.thy	104755	true	false	8	5,6	5	chapter-8/local	PSS/after-6
pss_wip.bfx_head_Pred_base	pss_wip	isabelle/layerB/pss_wip.thy	104769	true	false	8	5,6	5	chapter-8/local	PSS/after-6
pss_wip.bfx_tgt_Pred_base	pss_wip	isabelle/layerB/pss_wip.thy	104789	true	false	8	5,6	5	chapter-8/local	PSS/after-6
pss_wip.bfx_gtP_base	pss_wip	isabelle/layerB/pss_wip.thy	104809	true	false	8	5,6	5	chapter-8/local	PSS/after-6
pss_wip.bfx_finset_mem_lt_base	pss_wip	isabelle/layerB/pss_wip.thy	104834	true	false	8	5,6	5	chapter-8/local	PSS/after-6
pss_wip.bfx_fin_Pred_base	pss_wip	isabelle/layerB/pss_wip.thy	104860	false	false	8		5	chapter-8/local	PSS/pre-5
pss_wip.bfx_LastStep_Pred_base	pss_wip	isabelle/layerB/pss_wip.thy	104893	true	false	8	5,6	5	chapter-8/local	PSS/after-6
pss_wip.bfx_Joints_Pred_last	pss_wip	isabelle/layerB/pss_wip.thy	104946	true	false	8	5,6	5	chapter-8/local	PSS/after-6
pss_wip.bfx_FN_Pred_LS_base	pss_wip	isabelle/layerB/pss_wip.thy	104970	true	false	8	5,6	5	chapter-8/local	PSS/after-6
pss_wip.bfx_front_Pred_base	pss_wip	isabelle/layerB/pss_wip.thy	104988	true	false	8	5,6,7	5	chapter-8/local	PSS/after-7
pss_wip.bfx_term_Pred_base	pss_wip	isabelle/layerB/pss_wip.thy	105021	true	false	8	5,6	5	chapter-8/local	PSS/after-6
pss_wip.bfx_RPERS_base	pss_wip	isabelle/layerB/pss_wip.thy	105063	true	false	8	5,6	5	chapter-8/local	PSS/after-6
pss_wip.bfx_VE3_base_step	pss_wip	isabelle/layerB/pss_wip.thy	105113	true	false	8	5,6,7,8	5	chapter-8/local	PSS/after-8
pss_wip.bfx_VE34_base_step_modTSPIN	pss_wip	isabelle/layerB/pss_wip.thy	105174	true	false		5,6,7,8	0	PSS/compat-unreached	PSS/after-8
pss_wip.bfx_VE34_base_run0_modTSPIN	pss_wip	isabelle/layerB/pss_wip.thy	105212	true	false			0	PSS/compat-unreached	PSS/pre-5
pss_wip.bfx_VE34_backpeel_fin3	pss_wip	isabelle/layerB/pss_wip.thy	105252	true	false	8	5,6	5	chapter-8/local	PSS/after-6
pss_wip.bfx_VE34_of_reg_modTSPIN_PIN_SPLIT0	pss_wip	isabelle/layerB/pss_wip.thy	105353	true	false		5,6,7,8	0	PSS/compat-unreached	PSS/after-8
pss_wip.bfx_VE34_base_modTSPIN_PIN_SPLIT0	pss_wip	isabelle/layerB/pss_wip.thy	105438	true	false		5,6,7,8	0	PSS/compat-unreached	PSS/after-8
pss_wip.bfx_VE34_of_DT_modTSPIN_PIN_SPLIT0	pss_wip	isabelle/layerB/pss_wip.thy	105477	true	false		5,6,7,8	0	PSS/compat-unreached	PSS/after-8
pss_wip.dvx_standard_component	pss_wip	isabelle/layerB/pss_wip.thy	105605	true	false	8	5,6	5	chapter-8/local	PSS/after-6
pss_wip.dvx_standard_last_component	pss_wip	isabelle/layerB/pss_wip.thy	105614	true	false	8	5,6	5	chapter-8/local	PSS/after-6
pss_wip.dvx_multi_last_principal	pss_wip	isabelle/layerB/pss_wip.thy	105636	true	false		5,6,7	0	PSS/compat-unreached	PSS/after-7
pss_wip.dvx_slice_of_multi_host	pss_wip	isabelle/layerB/pss_wip.thy	105654	true	false		5,6	0	PSS/compat-unreached	PSS/after-6
pss_wip.dvx_devel_of_parts	pss_wip	isabelle/layerB/pss_wip.thy	105670	true	false			0	PSS/compat-unreached	PSS/pre-5
pss_wip.dvx_devel_of_devpair	pss_wip	isabelle/layerB/pss_wip.thy	105705	false	false			0	PSS/compat-unreached	PSS/pre-5
pss_wip.dvx_devpair_of_multi_host	pss_wip	isabelle/layerB/pss_wip.thy	105741	true	false		5,6	0	PSS/compat-unreached	PSS/after-6
pss_wip.dvx_slotTail_modDevpair	pss_wip	isabelle/layerB/pss_wip.thy	105765	true	false			0	PSS/compat-unreached	PSS/pre-5
pss_wip.dvx_two_slots_of_devpair	pss_wip	isabelle/layerB/pss_wip.thy	105788	true	false			0	PSS/compat-unreached	PSS/pre-5
pss_wip.dpx_condIV_noParent_operB0	pss_wip	isabelle/layerB/pss_wip.thy	105911	true	false	8	5,6,7,8	5	chapter-8/local	PSS/after-8
pss_wip.dpx_exchIV_noParent	pss_wip	isabelle/layerB/pss_wip.thy	106063	true	false	8	5,6,7,8	5	chapter-8/local	PSS/after-8
pss_wip.dpx_exchIV_slot_uncond	pss_wip	isabelle/layerB/pss_wip.thy	106085	true	false	8	5,6,7,8	5	chapter-8/local	PSS/after-8
pss_wip.dpx_exchVI_slot_uncond	pss_wip	isabelle/layerB/pss_wip.thy	106114	true	false	8	5,6,7,8	5	chapter-8/local	PSS/after-8
pss_wip.dpx_fseq_descend_census	pss_wip	isabelle/layerB/pss_wip.thy	106162	true	false	8	5,6,7,8	5	chapter-8/local	PSS/after-8
pss_wip.bgx_base_core	pss_wip	isabelle/layerB/pss_wip.thy	106276	true	false	8	5,6,7,8	5	chapter-8/local	PSS/after-8
pss_wip.bgx_base_form_notleft	pss_wip	isabelle/layerB/pss_wip.thy	106329	true	false	8	5,6,7,8	5	chapter-8/local	PSS/after-8
pss_wip.bgx_base_form_left	pss_wip	isabelle/layerB/pss_wip.thy	106365	true	false	8	5,6,7,8	5	chapter-8/local	PSS/after-8
pss_wip.bgx_Mp_form	pss_wip	isabelle/layerB/pss_wip.thy	106407	true	false	8	5,6,7,8	5	chapter-8/local	PSS/after-8
pss_wip.bgx_VE34_base_step	pss_wip	isabelle/layerB/pss_wip.thy	106565	true	false	8	5,6,7,8	5	chapter-8/local	PSS/after-8
pss_wip.bgx_front_run0	pss_wip	isabelle/layerB/pss_wip.thy	106648	true	false	8	5,6,7	5	chapter-8/local	PSS/after-7
pss_wip.bgx_VE34_base_run0_mod	pss_wip	isabelle/layerB/pss_wip.thy	106689	true	false	8	5,6,7,8	5	chapter-8/local	PSS/after-8
pss_wip.bgx_VE34_of_reg_modNOTLEFT_HEADEQ	pss_wip	isabelle/layerB/pss_wip.thy	106728	true	false	8	5,6,7,8	5	chapter-8/local	PSS/after-8
pss_wip.bgx_headedge	pss_wip	isabelle/layerB/pss_wip.thy	106811	true	false	8	5,6	5	chapter-8/local	PSS/after-6
pss_wip.bgx_leBT_headV	pss_wip	isabelle/layerB/pss_wip.thy	106842	true	false	8		5	chapter-8/local	PSS/pre-5
pss_wip.bgx_lastPB	pss_wip	isabelle/layerB/pss_wip.thy	106850	true	false	8		5	chapter-8/local	PSS/pre-5
pss_wip.bgx_trunk_Trans	pss_wip	isabelle/layerB/pss_wip.thy	106875	true	false	8	5,6,7	5	chapter-8/local	PSS/after-7
pss_wip.bgx_notleft_run0	pss_wip	isabelle/layerB/pss_wip.thy	106972	true	false	8	5,6,7,8	5	chapter-8/local	PSS/after-8
pss_wip.bgx_VE34_of_reg_modHEADEQ	pss_wip	isabelle/layerB/pss_wip.thy	107245	true	false	8	5,6,7,8	5	chapter-8/local	PSS/after-8
pss_wip.bgx_VE34_of_DT_modHEADEQ	pss_wip	isabelle/layerB/pss_wip.thy	107275	true	false	8	5,6,7,8	5	chapter-8/local	PSS/after-8
pss_wip.dpr_oper_d01	pss_wip	isabelle/layerB/pss_wip.thy	107362	true	false			0	PSS/compat-unreached	PSS/pre-5
pss_wip.dpr_oper_d10	pss_wip	isabelle/layerB/pss_wip.thy	107383	true	false		8	0	PSS/compat-unreached	PSS/after-8
pss_wip.dpr_corner_host_ST	pss_wip	isabelle/layerB/pss_wip.thy	107410	true	false		8	0	PSS/compat-unreached	PSS/after-8
pss_wip.dpr_corner_Trans	pss_wip	isabelle/layerB/pss_wip.thy	107422	true	false		5,6,7,8	0	PSS/compat-unreached	PSS/after-8
pss_wip.dpr_corner_slice	pss_wip	isabelle/layerB/pss_wip.thy	107429	true	false		5,6,7,8	0	PSS/compat-unreached	PSS/after-8
pss_wip.dpr_devpair_of_eqdep	pss_wip	isabelle/layerB/pss_wip.thy	107444	false	false			0	PSS/compat-unreached	PSS/pre-5
pss_wip.dpr_devpair_corner	pss_wip	isabelle/layerB/pss_wip.thy	107466	true	false		5,6,7,8	0	PSS/compat-unreached	PSS/after-8
pss_wip.dpr_dev_ST	pss_wip	isabelle/layerB/pss_wip.thy	107493	true	false			0	PSS/compat-unreached	PSS/pre-5
pss_wip.dpr_dev_lessBT	pss_wip	isabelle/layerB/pss_wip.thy	107502	true	false			0	PSS/compat-unreached	PSS/pre-5
pss_wip.dpr_devchain_of_devpair	pss_wip	isabelle/layerB/pss_wip.thy	107525	true	false			0	PSS/compat-unreached	PSS/pre-5
pss_wip.dpr_devel_of_devchain	pss_wip	isabelle/layerB/pss_wip.thy	107556	true	false			0	PSS/compat-unreached	PSS/pre-5
pss_wip.dpr_slotTail_modDevchain	pss_wip	isabelle/layerB/pss_wip.thy	107592	true	false			0	PSS/compat-unreached	PSS/pre-5
pss_wip.dpr_two_slots_of_devchain	pss_wip	isabelle/layerB/pss_wip.thy	107616	true	false			0	PSS/compat-unreached	PSS/pre-5
pss_wip.dpr_two_slots_corner	pss_wip	isabelle/layerB/pss_wip.thy	107653	true	false		5,6,7,8	0	PSS/compat-unreached	PSS/after-8
pss_wip.hgx_lessBT_single_cons	pss_wip	isabelle/layerB/pss_wip.thy	107724	true	false			0	PSS/compat-unreached	PSS/pre-5
pss_wip.hgx_lessBT_leBT_trans	pss_wip	isabelle/layerB/pss_wip.thy	107743	true	false			0	PSS/compat-unreached	PSS/pre-5
pss_wip.hgx_dom_lift	pss_wip	isabelle/layerB/pss_wip.thy	107753	true	false			0	PSS/compat-unreached	PSS/pre-5
pss_wip.hgx_descP_ps_of_OT	pss_wip	isabelle/layerB/pss_wip.thy	107781	true	false			0	PSS/compat-unreached	PSS/pre-5
pss_wip.hgx_qltdep_of_depOT_headgap	pss_wip	isabelle/layerB/pss_wip.thy	107796	true	false			0	PSS/compat-unreached	PSS/pre-5
pss_wip.hgx_depdom_of_parts	pss_wip	isabelle/layerB/pss_wip.thy	107827	true	false			0	PSS/compat-unreached	PSS/pre-5
pss_wip.hgx_depdom_of_sliceV0	pss_wip	isabelle/layerB/pss_wip.thy	107865	true	false			0	PSS/compat-unreached	PSS/pre-5
pss_wip.hgx_qcore_of_depdom	pss_wip	isabelle/layerB/pss_wip.thy	107883	true	false			0	PSS/compat-unreached	PSS/pre-5
pss_wip.hgx_Gcore_of_depdom	pss_wip	isabelle/layerB/pss_wip.thy	107899	true	false			0	PSS/compat-unreached	PSS/pre-5
pss_wip.hgx_slotAppg_modDom	pss_wip	isabelle/layerB/pss_wip.thy	107923	true	false			0	PSS/compat-unreached	PSS/pre-5
pss_wip.hgx_slotAppg_modSliceGaps	pss_wip	isabelle/layerB/pss_wip.thy	107958	true	false			0	PSS/compat-unreached	PSS/pre-5
pss_wip.hgx_slotHeadWB_of_deple	pss_wip	isabelle/layerB/pss_wip.thy	108005	true	false			0	PSS/compat-unreached	PSS/pre-5
pss_wip.mdx_P_allpairs_leBT_modFseq	pss_wip	isabelle/layerB/pss_wip.thy	108087	true	false		5,6,7	0	PSS/compat-unreached	PSS/after-7
pss_wip.mdx_comple_modFseq	pss_wip	isabelle/layerB/pss_wip.thy	108273	true	false		5,6,7	0	PSS/compat-unreached	PSS/after-7
pss_wip.mdx_multiD	pss_wip	isabelle/layerB/pss_wip.thy	108301	true	false		5,6,7,8	0	PSS/compat-unreached	PSS/after-8
pss_wip.mdx_Trans_preserves_OT_of_slots	pss_wip	isabelle/layerB/pss_wip.thy	108319	true	false		5,6,7,8	0	PSS/compat-unreached	PSS/after-8
pss_wip.hqx_Pred_seg	pss_wip	isabelle/layerB/pss_wip.thy	108411	false	false	8		5	chapter-8/local	PSS/pre-5
pss_wip.hqx_HEADEQ0	pss_wip	isabelle/layerB/pss_wip.thy	108441	true	false	8	5,6,7,8	5	chapter-8/local	PSS/after-8
pss_wip.hqx_VE34_of_reg	pss_wip	isabelle/layerB/pss_wip.thy	108690	true	false		5,6,7,8	0	PSS/compat-unreached	PSS/after-8
pss_wip.hqx_VE34_of_DT	pss_wip	isabelle/layerB/pss_wip.thy	108701	true	false	8	5,6,7,8	5	chapter-8/local	PSS/after-8
pss_wip.hqx_condIIIV_of_DT	pss_wip	isabelle/layerB/pss_wip.thy	108722	true	false	8	5,6,7,8	5	chapter-8/local	PSS/after-8
pss_wip.dcx_Lng_funpow_IncrFirst	pss_wip	isabelle/layerB/pss_wip.thy	108858	false	false			0	PSS/compat-unreached	PSS/pre-5
pss_wip.dcx_shift_standard_Trans	pss_wip	isabelle/layerB/pss_wip.thy	108861	true	false		5,6,7	0	PSS/compat-unreached	PSS/after-7
pss_wip.dcx_branch_Lng	pss_wip	isabelle/layerB/pss_wip.thy	108876	true	false			0	PSS/compat-unreached	PSS/pre-5
pss_wip.dcx_branchwit_of_readoff	pss_wip	isabelle/layerB/pss_wip.thy	108897	true	false		5,6,7	0	PSS/compat-unreached	PSS/after-7
pss_wip.dcx_dev_two_step	pss_wip	isabelle/layerB/pss_wip.thy	108906	true	false			0	PSS/compat-unreached	PSS/pre-5
pss_wip.dcx_devchain_of_branchwit	pss_wip	isabelle/layerB/pss_wip.thy	108923	true	false			0	PSS/compat-unreached	PSS/pre-5
pss_wip.dcx_devchain	pss_wip	isabelle/layerB/pss_wip.thy	108963	true	false		5,6,7,8	0	PSS/compat-unreached	PSS/after-8
pss_wip.dcx_two_slots	pss_wip	isabelle/layerB/pss_wip.thy	108991	true	false		5,6,7,8	0	PSS/compat-unreached	PSS/after-8
pss_wip.dcx_slotTail	pss_wip	isabelle/layerB/pss_wip.thy	109022	true	false		5,6,7,8	0	PSS/compat-unreached	PSS/after-8
pss_wip.dcx_slotNewOT	pss_wip	isabelle/layerB/pss_wip.thy	109042	true	false		5,6,7,8	0	PSS/compat-unreached	PSS/after-8
pss_wip.ddx_lessBT_snoc	pss_wip	isabelle/layerB/pss_wip.thy	109110	true	false	8		5	chapter-8/local	PSS/pre-5
pss_wip.ddx_keystone_realign	pss_wip	isabelle/layerB/pss_wip.thy	109126	true	false		5,6,7,8	0	PSS/compat-unreached	PSS/after-8
pss_wip.ddx_preddom_of_predOT	pss_wip	isabelle/layerB/pss_wip.thy	109243	true	false			0	PSS/compat-unreached	PSS/pre-5
pss_wip.ddx_transfer_append	pss_wip	isabelle/layerB/pss_wip.thy	109265	true	false			0	PSS/compat-unreached	PSS/pre-5
pss_wip.ddx_transfer_of_append_shape	pss_wip	isabelle/layerB/pss_wip.thy	109372	true	false			0	PSS/compat-unreached	PSS/pre-5
pss_wip.ddx_depdom_modResid	pss_wip	isabelle/layerB/pss_wip.thy	109397	true	false		5,6,7,8	0	PSS/compat-unreached	PSS/after-8
pss_wip.ddx_slotAppg	pss_wip	isabelle/layerB/pss_wip.thy	109452	true	false		5,6,7,8	0	PSS/compat-unreached	PSS/after-8
pss_wip.asx_comple_of_allpairs	pss_wip	isabelle/layerB/pss_wip.thy	109616	true	false		6	0	PSS/compat-unreached	PSS/after-6
pss_wip.asx_multiD_of_allpairs	pss_wip	isabelle/layerB/pss_wip.thy	109641	true	false		5,6,7,8	0	PSS/compat-unreached	PSS/after-8
pss_wip.asx_Trans_OT_of_slots_allpairs	pss_wip	isabelle/layerB/pss_wip.thy	109656	true	false		5,6,7,8	0	PSS/compat-unreached	PSS/after-8
pss_wip.asx_termination_census	pss_wip	isabelle/layerB/pss_wip.thy	109717	true	false		5,6,7,8	0	PSS/compat-unreached	PSS/after-8
pss_wip.asx_joint_induction	pss_wip	isabelle/layerB/pss_wip.thy	109790	true	false		5,6,7,8	0	PSS/compat-unreached	PSS/after-8
pss_wip.asx_fseqD_derived	pss_wip	isabelle/layerB/pss_wip.thy	109858	false	false			0	PSS/compat-unreached	PSS/pre-5
pss_wip.asx_allpairs_of_fseqD	pss_wip	isabelle/layerB/pss_wip.thy	109871	true	false		5,6,7	0	PSS/compat-unreached	PSS/after-7
pss_wip.asx_devchain_takeover	pss_wip	isabelle/layerB/pss_wip.thy	109888	true	false		5,6,8	0	PSS/compat-unreached	PSS/after-8
pss_wip.apx_Trans_OT_all_of_step	pss_wip	isabelle/layerB/pss_wip.thy	109980	true	false		5,6,7,8	0	PSS/compat-unreached	PSS/after-8
pss_wip.apx_Trans_OT_all_of_otx_slots	pss_wip	isabelle/layerB/pss_wip.thy	110001	true	false	8	5,6,7,8	5	chapter-8/local	PSS/after-8
pss_wip.apx_descent_of_otx_slots	pss_wip	isabelle/layerB/pss_wip.thy	110041	true	false	8	5,6,7,8	5	chapter-8/local	PSS/after-8
pss_wip.apx_descent_of_step	pss_wip	isabelle/layerB/pss_wip.thy	110071	true	false		5,6,7,8	0	PSS/compat-unreached	PSS/after-8
pss_wip.apx_fseqD_grounded	pss_wip	isabelle/layerB/pss_wip.thy	110095	true	false		5,6,7,8	0	PSS/compat-unreached	PSS/after-8
pss_wip.apx_AP_grounded	pss_wip	isabelle/layerB/pss_wip.thy	110127	true	false		5,6,7,8	0	PSS/compat-unreached	PSS/after-8
pss_wip.apx_AP_grounded_of_step	pss_wip	isabelle/layerB/pss_wip.thy	110164	true	false		5,6,7,8	0	PSS/compat-unreached	PSS/after-8
pss_wip.apx_multiD_grounded	pss_wip	isabelle/layerB/pss_wip.thy	110199	true	false		5,6,7,8	0	PSS/compat-unreached	PSS/after-8
pss_wip.apx_termination_final	pss_wip	isabelle/layerB/pss_wip.thy	110241	true	false	8	5,6,7,8	5	chapter-8/local	PSS/after-8
pss_wip.apx_termination_final_of_step	pss_wip	isabelle/layerB/pss_wip.thy	110278	true	false		5,6,7,8	0	PSS/compat-unreached	PSS/after-8
pss_wip.apx_OTstep_of_otx_slots	pss_wip	isabelle/layerB/pss_wip.thy	110311	true	false		5,6,7,8	0	PSS/compat-unreached	PSS/after-8
pss_wip.tvx_run_nadm_Rc	pss_wip	isabelle/layerB/pss_wip.thy	110390	true	false	8	5,6,7,8	5	chapter-8/local	PSS/after-8
pss_wip.tvx_d_lt_TrMax	pss_wip	isabelle/layerB/pss_wip.thy	110442	true	false	8	5,6,7,8	5	chapter-8/local	PSS/after-8
pss_wip.tvx_tailval_of_boundary	pss_wip	isabelle/layerB/pss_wip.thy	110527	true	false	8	5,6,7,8	5	chapter-8/local	PSS/after-8
pss_wip.tvx_TVall_of_residuals	pss_wip	isabelle/layerB/pss_wip.thy	110706	true	false	8	5,6,7,8	5	chapter-8/local	PSS/after-8
pss_wip.tvx_termination_modOT	pss_wip	isabelle/layerB/pss_wip.thy	110795	true	false		5,6,7,8	0	PSS/compat-unreached	PSS/after-8
pss_wip.tvx_fn_row_bound	pss_wip	isabelle/layerB/pss_wip.thy	110857	true	false	8	5,6,7,8	5	chapter-8/local	PSS/after-8
pss_wip.tvx_TVall_of_LDJB_fin	pss_wip	isabelle/layerB/pss_wip.thy	110943	true	false	8	5,6,7,8	5	chapter-8/local	PSS/after-8
pss_wip.tvx_termination_modOT_sharp	pss_wip	isabelle/layerB/pss_wip.thy	110958	true	false		5,6,7,8	0	PSS/compat-unreached	PSS/after-8
pss_wip.oix_lessBT_snoc_band	pss_wip	isabelle/layerB/pss_wip.thy	111068	true	false	8		5	chapter-8/local	PSS/pre-5
pss_wip.oix_G_prefix_lt	pss_wip	isabelle/layerB/pss_wip.thy	111110	true	false	8	8	5	chapter-8/local	PSS/after-8
pss_wip.oix_concat_rep_snoc	pss_wip	isabelle/layerB/pss_wip.thy	111133	false	false			0	PSS/compat-unreached	PSS/pre-5
pss_wip.oix_concat_rep_comm	pss_wip	isabelle/layerB/pss_wip.thy	111137	false	false	8		5	chapter-8/local	PSS/pre-5
pss_wip.oix_twr_shift	pss_wip	isabelle/layerB/pss_wip.thy	111141	true	false	8		5	chapter-8/local	PSS/pre-5
pss_wip.oix_twr_TB	pss_wip	isabelle/layerB/pss_wip.thy	111145	true	false	8		5	chapter-8/local	PSS/pre-5
pss_wip.oix_twr_flat	pss_wip	isabelle/layerB/pss_wip.thy	111165	true	false	8	7	5	chapter-8/local	PSS/after-7
pss_wip.oix_twr_grow	pss_wip	isabelle/layerB/pss_wip.thy	111194	true	false	8		5	chapter-8/local	PSS/pre-5
pss_wip.oix_twr_base_mono	pss_wip	isabelle/layerB/pss_wip.thy	111211	true	false	8		5	chapter-8/local	PSS/pre-5
pss_wip.oix_twr_ord_lo	pss_wip	isabelle/layerB/pss_wip.thy	111241	true	false			0	PSS/compat-unreached	PSS/pre-5
pss_wip.oix_twr_ord_hi	pss_wip	isabelle/layerB/pss_wip.thy	111246	true	false			0	PSS/compat-unreached	PSS/pre-5
pss_wip.oix_condV_adm_newOT	pss_wip	isabelle/layerB/pss_wip.thy	111266	true	false	8	8	5	chapter-8/local	PSS/after-8
pss_wip.oix_condV_adm_setle	pss_wip	isabelle/layerB/pss_wip.thy	111358	true	false		8	0	PSS/compat-unreached	PSS/after-8
pss_wip.oix_twr_ord_lo0	pss_wip	isabelle/layerB/pss_wip.thy	111454	true	false	8		5	chapter-8/local	PSS/pre-5
pss_wip.oix_twr_ord_hi0	pss_wip	isabelle/layerB/pss_wip.thy	111460	true	false	8		5	chapter-8/local	PSS/pre-5
pss_wip.oix_condV_adm_setle0	pss_wip	isabelle/layerB/pss_wip.thy	111470	true	false	8	8	5	chapter-8/local	PSS/after-8
pss_wip.oix_transportD	pss_wip	isabelle/layerB/pss_wip.thy	111583	false	false	8		5	chapter-8/local	PSS/pre-5
pss_wip.oix_OTint_condV_adm	pss_wip	isabelle/layerB/pss_wip.thy	111599	true	false	8	5,6,7,8	5	chapter-8/local	PSS/after-8
pss_wip.oix_OTint_slot	pss_wip	isabelle/layerB/pss_wip.thy	111742	true	false		5,6,7,8	0	PSS/compat-unreached	PSS/after-8
pss_wip.oix_census_modOPM	pss_wip	isabelle/layerB/pss_wip.thy	111784	true	false		5,6,7,8	0	PSS/compat-unreached	PSS/after-8
pss_wip.oix_W_twr_t2	pss_wip	isabelle/layerB/pss_wip.thy	111841	true	false	8		5	chapter-8/local	PSS/pre-5
pss_wip.oix_W_twr_D0	pss_wip	isabelle/layerB/pss_wip.thy	111845	true	false			0	PSS/compat-unreached	PSS/pre-5
pss_wip.oix_bodyM_twr	pss_wip	isabelle/layerB/pss_wip.thy	111850	true	false	8		5	chapter-8/local	PSS/pre-5
pss_wip.oix_bodyO_twr	pss_wip	isabelle/layerB/pss_wip.thy	111858	true	false	8		5	chapter-8/local	PSS/pre-5
pss_wip.oix_leBT_trans	pss_wip	isabelle/layerB/pss_wip.thy	111876	true	false	8		5	chapter-8/local	PSS/pre-5
pss_wip.oix_descP_ge_last	pss_wip	isabelle/layerB/pss_wip.thy	111879	true	false	8		5	chapter-8/local	PSS/pre-5
pss_wip.oix_isOT_BP_head_antitone	pss_wip	isabelle/layerB/pss_wip.thy	111914	true	false	8		5	chapter-8/local	PSS/pre-5
pss_wip.oix_condV_G_guard_at	pss_wip	isabelle/layerB/pss_wip.thy	111929	true	false	8	8	5	chapter-8/local	PSS/after-8
pss_wip.oix_condV_newOT_gen	pss_wip	isabelle/layerB/pss_wip.thy	111979	true	false	8	8	5	chapter-8/local	PSS/after-8
pss_wip.oix_OTint_condV_nadm	pss_wip	isabelle/layerB/pss_wip.thy	112041	true	false	8	5,6,7,8	5	chapter-8/local	PSS/after-8
pss_wip.oix_OTint_slot2	pss_wip	isabelle/layerB/pss_wip.thy	112196	true	false	8	5,6,7,8	5	chapter-8/local	PSS/after-8
pss_wip.oix_census_modOPM2	pss_wip	isabelle/layerB/pss_wip.thy	112253	true	false		5,6,7,8	0	PSS/compat-unreached	PSS/after-8
pss_wip.wfs_max_eq0	pss_wip	isabelle/layerB/pss_wip.thy	112373	true	false			0	PSS/compat-unreached	PSS/pre-5
pss_wip.wfs_max_fin	pss_wip	isabelle/layerB/pss_wip.thy	112376	true	false			0	PSS/compat-unreached	PSS/pre-5
pss_wip.wfs_maxe_eq0	pss_wip	isabelle/layerB/pss_wip.thy	112379	true	false			0	PSS/compat-unreached	PSS/pre-5
pss_wip.wfs_maxe_fin	pss_wip	isabelle/layerB/pss_wip.thy	112382	true	false			0	PSS/compat-unreached	PSS/pre-5
pss_wip.wfs_lvT0_iff	pss_wip	isabelle/layerB/pss_wip.thy	112389	true	false			0	PSS/compat-unreached	PSS/pre-5
pss_wip.wfs_lvP0_iff	pss_wip	isabelle/layerB/pss_wip.thy	112392	true	false			0	PSS/compat-unreached	PSS/pre-5
pss_wip.wfs_lv_finT	pss_wip	isabelle/layerB/pss_wip.thy	112395	true	false			0	PSS/compat-unreached	PSS/pre-5
pss_wip.wfs_szP_mem	pss_wip	isabelle/layerB/pss_wip.thy	112412	true	false			0	PSS/compat-unreached	PSS/pre-5
pss_wip.wfs_szP_mem_lt	pss_wip	isabelle/layerB/pss_wip.thy	112415	true	false			0	PSS/compat-unreached	PSS/pre-5
pss_wip.wfs_szT_arg_lt	pss_wip	isabelle/layerB/pss_wip.thy	112418	true	false			0	PSS/compat-unreached	PSS/pre-5
pss_wip.wfs_szT_tl_lt	pss_wip	isabelle/layerB/pss_wip.thy	112425	true	false			0	PSS/compat-unreached	PSS/pre-5
pss_wip.wfs_descP_le	pss_wip	isabelle/layerB/pss_wip.thy	112430	true	false			0	PSS/compat-unreached	PSS/pre-5
pss_wip.wfs_enat_nlt0	pss_wip	isabelle/layerB/pss_wip.thy	112452	true	false			0	PSS/compat-unreached	PSS/pre-5
pss_wip.wfs_strat0_aux	pss_wip	isabelle/layerB/pss_wip.thy	112461	true	false			0	PSS/compat-unreached	PSS/pre-5
pss_wip.wfs_strat0_T	pss_wip	isabelle/layerB/pss_wip.thy	112567	true	false			0	PSS/compat-unreached	PSS/pre-5
pss_wip.wfs_strat0_P	pss_wip	isabelle/layerB/pss_wip.thy	112574	true	false			0	PSS/compat-unreached	PSS/pre-5
pss_wip.wfs_maxl_le	pss_wip	isabelle/layerB/pss_wip.thy	112600	true	false			0	PSS/compat-unreached	PSS/pre-5
pss_wip.wfs_bdepthT_le	pss_wip	isabelle/layerB/pss_wip.thy	112603	true	false			0	PSS/compat-unreached	PSS/pre-5
pss_wip.wfs_dmono_aux	pss_wip	isabelle/layerB/pss_wip.thy	112611	true	false			0	PSS/compat-unreached	PSS/pre-5
pss_wip.wfs_dmono_T	pss_wip	isabelle/layerB/pss_wip.thy	112731	true	false			0	PSS/compat-unreached	PSS/pre-5
pss_wip.wfs_dmono_P	pss_wip	isabelle/layerB/pss_wip.thy	112736	true	false			0	PSS/compat-unreached	PSS/pre-5
pss_wip.wfs_closed_wf_acc	pss_wip	isabelle/layerB/pss_wip.thy	112759	false	false			0	PSS/compat-unreached	PSS/pre-5
pss_wip.wfs_level0_acc	pss_wip	isabelle/layerB/pss_wip.thy	112790	true	false			0	PSS/compat-unreached	PSS/pre-5
pss_wip.wfs_acc_levels_of_jump	pss_wip	isabelle/layerB/pss_wip.thy	112843	true	false			0	PSS/compat-unreached	PSS/pre-5
pss_wip.wfs_wf_RPrel_of_level_jump	pss_wip	isabelle/layerB/pss_wip.thy	112868	true	false			0	PSS/compat-unreached	PSS/pre-5
pss_wip.wfs_OT_B_wf_of_level_jump	pss_wip	isabelle/layerB/pss_wip.thy	112896	true	false			0	PSS/compat-unreached	PSS/pre-5
pss_wip.wfs_wf_iff_all_acc	pss_wip	isabelle/layerB/pss_wip.thy	112901	false	false			0	PSS/compat-unreached	PSS/pre-5
pss_wip.wfs_lessBP_total	pss_wip	isabelle/layerB/pss_wip.thy	112907	true	false			0	PSS/compat-unreached	PSS/pre-5
pss_wip.wfs_acc_downclosed	pss_wip	isabelle/layerB/pss_wip.thy	112910	false	false			0	PSS/compat-unreached	PSS/pre-5
pss_wip.wfs_Restr_acc_wf	pss_wip	isabelle/layerB/pss_wip.thy	112923	false	false			0	PSS/compat-unreached	PSS/pre-5
pss_wip.wfs_accord_strict_sub	pss_wip	isabelle/layerB/pss_wip.thy	112951	false	false			0	PSS/compat-unreached	PSS/pre-5
pss_wip.wfs_accord_wf_strict	pss_wip	isabelle/layerB/pss_wip.thy	112964	false	false			0	PSS/compat-unreached	PSS/pre-5
pss_wip.wfs_accord_well_order	pss_wip	isabelle/layerB/pss_wip.thy	112967	true	false			0	PSS/compat-unreached	PSS/pre-5
pss_wip.wfs_accord_Field	pss_wip	isabelle/layerB/pss_wip.thy	113001	false	false			0	PSS/compat-unreached	PSS/pre-5
pss_wip.wfs_accord_Well_order	pss_wip	isabelle/layerB/pss_wip.thy	113012	true	false			0	PSS/compat-unreached	PSS/pre-5
pss_wip.wfs_rk_Well_order	pss_wip	isabelle/layerB/pss_wip.thy	113031	true	false			0	PSS/compat-unreached	PSS/pre-5
pss_wip.wfs_underS_accord	pss_wip	isabelle/layerB/pss_wip.thy	113034	true	false			0	PSS/compat-unreached	PSS/pre-5
pss_wip.wfs_rk_ordLess	pss_wip	isabelle/layerB/pss_wip.thy	113061	true	false			0	PSS/compat-unreached	PSS/pre-5
pss_wip.wfs_rank_semantic	pss_wip	isabelle/layerB/pss_wip.thy	113112	true	false			0	PSS/compat-unreached	PSS/pre-5
pss_wip.wfj_hd_le	pss_wip	isabelle/layerB/pss_wip.thy	113173	true	false			0	PSS/compat-unreached	PSS/pre-5
pss_wip.wfj_strat_hd	pss_wip	isabelle/layerB/pss_wip.thy	113184	true	false			0	PSS/compat-unreached	PSS/pre-5
pss_wip.wfj_hd_le_lvP	pss_wip	isabelle/layerB/pss_wip.thy	113189	true	false			0	PSS/compat-unreached	PSS/pre-5
pss_wip.wfj_enat_max0	pss_wip	isabelle/layerB/pss_wip.thy	113194	true	false			0	PSS/compat-unreached	PSS/pre-5
pss_wip.wfj_enat_0max	pss_wip	isabelle/layerB/pss_wip.thy	113197	true	false			0	PSS/compat-unreached	PSS/pre-5
pss_wip.wfj_cexq_OT	pss_wip	isabelle/layerB/pss_wip.thy	113206	true	false			0	PSS/compat-unreached	PSS/pre-5
pss_wip.wfj_cexq_dfree	pss_wip	isabelle/layerB/pss_wip.thy	113209	true	false			0	PSS/compat-unreached	PSS/pre-5
pss_wip.wfj_cexq_lv	pss_wip	isabelle/layerB/pss_wip.thy	113212	true	false			0	PSS/compat-unreached	PSS/pre-5
pss_wip.wfj_cexq_hd	pss_wip	isabelle/layerB/pss_wip.thy	113215	true	false			0	PSS/compat-unreached	PSS/pre-5
pss_wip.wfj_stratn_lvP_refuted	pss_wip	isabelle/layerB/pss_wip.thy	113218	true	false			0	PSS/compat-unreached	PSS/pre-5
pss_wip.wfj_stratn_lvP_false	pss_wip	isabelle/layerB/pss_wip.thy	113234	true	false			0	PSS/compat-unreached	PSS/pre-5
pss_wip.wfj_frag_downclosed	pss_wip	isabelle/layerB/pss_wip.thy	113244	true	false			0	PSS/compat-unreached	PSS/pre-5
pss_wip.wfj_frag_mono	pss_wip	isabelle/layerB/pss_wip.thy	113255	true	false			0	PSS/compat-unreached	PSS/pre-5
pss_wip.wfj_lv_in_frag	pss_wip	isabelle/layerB/pss_wip.thy	113265	true	false			0	PSS/compat-unreached	PSS/pre-5
pss_wip.wfj_frag0_lv_unbounded	pss_wip	isabelle/layerB/pss_wip.thy	113280	true	false			0	PSS/compat-unreached	PSS/pre-5
pss_wip.wfj_wf_RPrel_of_all_levels	pss_wip	isabelle/layerB/pss_wip.thy	113294	true	false			0	PSS/compat-unreached	PSS/pre-5
pss_wip.wfj_all_levels_of_wf	pss_wip	isabelle/layerB/pss_wip.thy	113328	false	false			0	PSS/compat-unreached	PSS/pre-5
pss_wip.wfj_wf_iff_all_levels	pss_wip	isabelle/layerB/pss_wip.thy	113332	true	false			0	PSS/compat-unreached	PSS/pre-5
pss_wip.wfj_level_jump_of_wf	pss_wip	isabelle/layerB/pss_wip.thy	113335	false	false			0	PSS/compat-unreached	PSS/pre-5
pss_wip.wfj_level_jump_of_all_levels	pss_wip	isabelle/layerB/pss_wip.thy	113342	true	false			0	PSS/compat-unreached	PSS/pre-5
pss_wip.wfj_G_szT	pss_wip	isabelle/layerB/pss_wip.thy	113358	true	false			0	PSS/compat-unreached	PSS/pre-5
pss_wip.wfj_G_OT_T	pss_wip	isabelle/layerB/pss_wip.thy	113397	true	false	8		1	chapter-8/local	PSS/pre-5
pss_wip.wfj_G_df_T	pss_wip	isabelle/layerB/pss_wip.thy	113426	true	false			0	PSS/compat-unreached	PSS/pre-5
pss_wip.wfj_acc_of_collapse_core	pss_wip	isabelle/layerB/pss_wip.thy	113475	true	false			0	PSS/compat-unreached	PSS/pre-5
pss_wip.wfj_wf_RPrel_of_collapse_core	pss_wip	isabelle/layerB/pss_wip.thy	113509	true	false			0	PSS/compat-unreached	PSS/pre-5
pss_wip.wfj_collapse_core_of_wf	pss_wip	isabelle/layerB/pss_wip.thy	113532	false	false			0	PSS/compat-unreached	PSS/pre-5
pss_wip.wfj_collapse_core_iff_wf	pss_wip	isabelle/layerB/pss_wip.thy	113539	true	false			0	PSS/compat-unreached	PSS/pre-5
pss_wip.wfj_collapse_core_iff_level_jump	pss_wip	isabelle/layerB/pss_wip.thy	113542	true	false			0	PSS/compat-unreached	PSS/pre-5
pss_wip.wfj_all_levels_of_collapse_core	pss_wip	isabelle/layerB/pss_wip.thy	113546	true	false			0	PSS/compat-unreached	PSS/pre-5
pss_wip.wfj_OT_B_wf_of_collapse_core	pss_wip	isabelle/layerB/pss_wip.thy	113550	true	false			0	PSS/compat-unreached	PSS/pre-5
pss_wip.wfj_NoBad_acc	pss_wip	isabelle/layerB/pss_wip.thy	113592	true	false			0	PSS/compat-unreached	PSS/pre-5
pss_wip.wfj_tuple_acc	pss_wip	isabelle/layerB/pss_wip.thy	113724	true	false			0	PSS/compat-unreached	PSS/pre-5
pss_wip.wfj_secT_tuple_acc	pss_wip	isabelle/layerB/pss_wip.thy	113807	true	false			0	PSS/compat-unreached	PSS/pre-5
pss_wip.otx2_flatBP_len	pss_wip	isabelle/layerB/pss_wip.thy	113856	true	false	8		5	chapter-8/local	PSS/pre-5
pss_wip.otx2_BP_prefix	pss_wip	isabelle/layerB/pss_wip.thy	113863	true	false	8	7	5	chapter-8/local	PSS/after-7
pss_wip.otx2_lessBT_snocsnoc	pss_wip	isabelle/layerB/pss_wip.thy	113874	true	false	8		5	chapter-8/local	PSS/pre-5
pss_wip.otx2_leBT_snocsnoc	pss_wip	isabelle/layerB/pss_wip.thy	113884	true	false	8		5	chapter-8/local	PSS/pre-5
pss_wip.otx2_descP_prefix	pss_wip	isabelle/layerB/pss_wip.thy	113896	true	false	8		5	chapter-8/local	PSS/pre-5
pss_wip.otx2_GBT_snoc	pss_wip	isabelle/layerB/pss_wip.thy	113908	true	false	8		5	chapter-8/local	PSS/pre-5
pss_wip.otx2_GBP_inf	pss_wip	isabelle/layerB/pss_wip.thy	113912	true	false			0	PSS/compat-unreached	PSS/pre-5
pss_wip.otx2_join_no_core	pss_wip	isabelle/layerB/pss_wip.thy	113921	true	false	8		5	chapter-8/local	PSS/pre-5
pss_wip.otx2_peel	pss_wip	isabelle/layerB/pss_wip.thy	113936	true	false	8		5	chapter-8/local	PSS/pre-5
pss_wip.otx2_join3	pss_wip	isabelle/layerB/pss_wip.thy	114017	true	false	8	7	5	chapter-8/local	PSS/after-7
pss_wip.otx2_top_shape	pss_wip	isabelle/layerB/pss_wip.thy	114214	true	false	8	7	5	chapter-8/local	PSS/after-7
pss_wip.otx2_align3	pss_wip	isabelle/layerB/pss_wip.thy	114296	true	false	8	7	5	chapter-8/local	PSS/after-7
pss_wip.ljx_nextrel0_star_le	pss_wip	isabelle/layerB/pss_wip.thy	114443	false	false	8		5	chapter-8/local	PSS/pre-5
pss_wip.ljx_le0_succ_step	pss_wip	isabelle/layerB/pss_wip.thy	114448	false	false			0	PSS/compat-unreached	PSS/pre-5
pss_wip.ljx_nextrel0_unique	pss_wip	isabelle/layerB/pss_wip.thy	114461	false	false	8		5	chapter-8/local	PSS/pre-5
pss_wip.ljx_trunk_interior_nadm	pss_wip	isabelle/layerB/pss_wip.thy	114483	false	false	8		5	chapter-8/local	PSS/pre-5
pss_wip.ljx_lastblock_le0	pss_wip	isabelle/layerB/pss_wip.thy	114500	true	false	8	5,6	5	chapter-8/local	PSS/after-6
pss_wip.ljx_RightNodes_pj_ldj	pss_wip	isabelle/layerB/pss_wip.thy	114535	true	false	8	5,6,7,8	5	chapter-8/local	PSS/after-8
pss_wip.ljx_RightNodes_a0_trmax	pss_wip	isabelle/layerB/pss_wip.thy	114607	true	false	8	5,6,7,8	5	chapter-8/local	PSS/after-8
pss_wip.ljx_nextrel0_star_last	pss_wip	isabelle/layerB/pss_wip.thy	114734	false	false	8		5	chapter-8/local	PSS/pre-5
pss_wip.ljx_nextrel0_succ_intro	pss_wip	isabelle/layerB/pss_wip.thy	114739	false	false	8		5	chapter-8/local	PSS/pre-5
pss_wip.ljx_nextrel0_seg0	pss_wip	isabelle/layerB/pss_wip.thy	114747	false	false	8		5	chapter-8/local	PSS/pre-5
pss_wip.ljx_adm_seg0	pss_wip	isabelle/layerB/pss_wip.thy	114780	false	false	8		5	chapter-8/local	PSS/pre-5
pss_wip.ljx_Adm_eq_0	pss_wip	isabelle/layerB/pss_wip.thy	114794	true	false	8		5	chapter-8/local	PSS/pre-5
pss_wip.ljx_RA_singleton	pss_wip	isabelle/layerB/pss_wip.thy	114817	true	false	8	5,6	5	chapter-8/local	PSS/after-6
pss_wip.ljx_RA_unfold_mono	pss_wip	isabelle/layerB/pss_wip.thy	114823	true	false	8	5,6	5	chapter-8/local	PSS/after-6
pss_wip.ljx_RightNodes_a0_lt_trmax	pss_wip	isabelle/layerB/pss_wip.thy	114847	true	false	8	5,6,7,8	5	chapter-8/local	PSS/after-8
pss_wip.ljx_LDJB	pss_wip	isabelle/layerB/pss_wip.thy	115131	true	false	8	5,6,7,8	5	chapter-8/local	PSS/after-8
pss_wip.ljx_TVall_of_fin	pss_wip	isabelle/layerB/pss_wip.thy	115242	true	false	8	5,6,7,8	5	chapter-8/local	PSS/after-8
pss_wip.ljx_termination_modOT	pss_wip	isabelle/layerB/pss_wip.thy	115255	true	false		5,6,7,8	0	PSS/compat-unreached	PSS/after-8
pss_wip.opx_leBT_min	pss_wip	isabelle/layerB/pss_wip.thy	115345	true	false	8		5	chapter-8/local	PSS/pre-5
pss_wip.opx_lessBT_append_ext	pss_wip	isabelle/layerB/pss_wip.thy	115371	true	false			0	PSS/compat-unreached	PSS/pre-5
pss_wip.opx_lessBT_append_cancel	pss_wip	isabelle/layerB/pss_wip.thy	115401	true	false			0	PSS/compat-unreached	PSS/pre-5
pss_wip.opx_descP_snoc_intro	pss_wip	isabelle/layerB/pss_wip.thy	115414	true	false	8		5	chapter-8/local	PSS/pre-5
pss_wip.opx_descP_append_rep	pss_wip	isabelle/layerB/pss_wip.thy	115441	true	false	8		5	chapter-8/local	PSS/pre-5
pss_wip.opx_OT_append_rep	pss_wip	isabelle/layerB/pss_wip.thy	115476	true	false	8		5	chapter-8/local	PSS/pre-5
pss_wip.opx_operB_snoc_local	pss_wip	isabelle/layerB/pss_wip.thy	115508	true	false	8		5	chapter-8/local	PSS/pre-5
pss_wip.opx_mono_Trans_singleton	pss_wip	isabelle/layerB/pss_wip.thy	115540	true	false	8	5,6,7	5	chapter-8/local	PSS/after-7
pss_wip.opx_OTmulti	pss_wip	isabelle/layerB/pss_wip.thy	115556	true	false	8	5,6,7,8	5	chapter-8/local	PSS/after-8
pss_wip.opx_termination_census	pss_wip	isabelle/layerB/pss_wip.thy	116119	true	false		5,6,7,8	0	PSS/compat-unreached	PSS/after-8
pss_wip.opx_OT_removal	pss_wip	isabelle/layerB/pss_wip.thy	116164	true	false	8		5	chapter-8/local	PSS/pre-5
pss_wip.opx_OTpred_monoBr_of_DEEPOT	pss_wip	isabelle/layerB/pss_wip.thy	116197	true	false	8	5,6,7,8	5	chapter-8/local	PSS/after-8
pss_wip.opx_OTpred_multi_of_mono	pss_wip	isabelle/layerB/pss_wip.thy	116306	true	false	8	5,6,7,8	5	chapter-8/local	PSS/after-8
pss_wip.opx_OTpred_mono_of_residuals	pss_wip	isabelle/layerB/pss_wip.thy	116524	true	false	8	5,6,7,8	5	chapter-8/local	PSS/after-8
pss_wip.opx_OTpred_of_residuals	pss_wip	isabelle/layerB/pss_wip.thy	116573	true	false	8	5,6,7,8	5	chapter-8/local	PSS/after-8
pss_wip.opx_termination_census_v3	pss_wip	isabelle/layerB/pss_wip.thy	116617	true	false	8	5,6,7,8	5	chapter-8/local	PSS/after-8
pss_wip.otx3_setle_triG	pss_wip	isabelle/layerB/pss_wip.thy	116708	true	false	8		5	chapter-8/local	PSS/pre-5
pss_wip.otx3_pOT	pss_wip	isabelle/layerB/pss_wip.thy	116725	true	false	8		5	chapter-8/local	PSS/pre-5
pss_wip.otx3_triG_lift	pss_wip	isabelle/layerB/pss_wip.thy	116765	true	false	8		5	chapter-8/local	PSS/pre-5
pss_wip.otx3_level	pss_wip	isabelle/layerB/pss_wip.thy	116828	true	false	8	8	5	chapter-8/local	PSS/after-8
pss_wip.otx3_core	pss_wip	isabelle/layerB/pss_wip.thy	116869	true	false	8	7,8	5	chapter-8/local	PSS/after-8
pss_wip.otx3_transport	pss_wip	isabelle/layerB/pss_wip.thy	116928	true	false	8	7,8	5	chapter-8/local	PSS/after-8
pss_wip.otx3_OTint_condV	pss_wip	isabelle/layerB/pss_wip.thy	116957	true	false		5,6,7,8	0	PSS/compat-unreached	PSS/after-8
pss_wip.otx3_OTint_condV_nadm	pss_wip	isabelle/layerB/pss_wip.thy	116968	true	false		5,6,7,8	0	PSS/compat-unreached	PSS/after-8
pss_wip.otx3_OTint_slot	pss_wip	isabelle/layerB/pss_wip.thy	116991	true	false	8	5,6,7,8	5	chapter-8/local	PSS/after-8
pss_wip.otx3_census	pss_wip	isabelle/layerB/pss_wip.thy	117028	true	false		5,6,7,8	0	PSS/compat-unreached	PSS/after-8
pss_wip.wfc_GBT_antitone	pss_wip	isabelle/layerB/pss_wip.thy	117115	true	false			0	PSS/compat-unreached	PSS/pre-5
pss_wip.wfc_sec_component	pss_wip	isabelle/layerB/pss_wip.thy	117147	true	false			0	PSS/compat-unreached	PSS/pre-5
pss_wip.wfc_principal_acc_of_body_aux	pss_wip	isabelle/layerB/pss_wip.thy	117180	true	false			0	PSS/compat-unreached	PSS/pre-5
pss_wip.wfc_principal_acc_of_body	pss_wip	isabelle/layerB/pss_wip.thy	117216	true	false			0	PSS/compat-unreached	PSS/pre-5
pss_wip.wfc_wf_of_pbody_hyp	pss_wip	isabelle/layerB/pss_wip.thy	117225	true	false			0	PSS/compat-unreached	PSS/pre-5
pss_wip.wfc_wf_of_pbody	pss_wip	isabelle/layerB/pss_wip.thy	117294	true	false			0	PSS/compat-unreached	PSS/pre-5
pss_wip.wfc_pbody_of_wf	pss_wip	isabelle/layerB/pss_wip.thy	117302	true	false			0	PSS/compat-unreached	PSS/pre-5
pss_wip.wfc_pbody_iff_wf	pss_wip	isabelle/layerB/pss_wip.thy	117310	true	false			0	PSS/compat-unreached	PSS/pre-5
pss_wip.wfc_pbody_iff_collapse_core	pss_wip	isabelle/layerB/pss_wip.thy	117313	true	false			0	PSS/compat-unreached	PSS/pre-5
pss_wip.wfc_pbody_iff_level_jump	pss_wip	isabelle/layerB/pss_wip.thy	117316	true	false			0	PSS/compat-unreached	PSS/pre-5
pss_wip.wfc_acc_singleton	pss_wip	isabelle/layerB/pss_wip.thy	117322	true	false			0	PSS/compat-unreached	PSS/pre-5
pss_wip.wfc_tail_lessBT	pss_wip	isabelle/layerB/pss_wip.thy	117346	true	false			0	PSS/compat-unreached	PSS/pre-5
pss_wip.wfc_member_leBT	pss_wip	isabelle/layerB/pss_wip.thy	117367	true	false			0	PSS/compat-unreached	PSS/pre-5
pss_wip.wfc_acc_component	pss_wip	isabelle/layerB/pss_wip.thy	117408	true	false			0	PSS/compat-unreached	PSS/pre-5
pss_wip.wfc_tuple_acc_iff	pss_wip	isabelle/layerB/pss_wip.thy	117436	true	false			0	PSS/compat-unreached	PSS/pre-5
pss_wip.wfc_maxe_mem	pss_wip	isabelle/layerB/pss_wip.thy	117464	true	false			0	PSS/compat-unreached	PSS/pre-5
pss_wip.wfc_G_lvT	pss_wip	isabelle/layerB/pss_wip.thy	117483	true	false			0	PSS/compat-unreached	PSS/pre-5
pss_wip.wfc_acc_of_core_upto	pss_wip	isabelle/layerB/pss_wip.thy	117522	true	false			0	PSS/compat-unreached	PSS/pre-5
pss_wip.wfc_acc_levels_of_jump_steps	pss_wip	isabelle/layerB/pss_wip.thy	117581	true	false			0	PSS/compat-unreached	PSS/pre-5
pss_wip.wfc_wf_of_jump_steps	pss_wip	isabelle/layerB/pss_wip.thy	117608	true	false			0	PSS/compat-unreached	PSS/pre-5
pss_wip.wfc_level_jump_of_jump_steps	pss_wip	isabelle/layerB/pss_wip.thy	117634	true	false			0	PSS/compat-unreached	PSS/pre-5
pss_wip.wfc_collapse_core_of_jump_steps	pss_wip	isabelle/layerB/pss_wip.thy	117639	true	false			0	PSS/compat-unreached	PSS/pre-5
pss_wip.wfc_core_upto_of_wf	pss_wip	isabelle/layerB/pss_wip.thy	117644	false	false			0	PSS/compat-unreached	PSS/pre-5
pss_wip.wfc_jump_step_of_wf	pss_wip	isabelle/layerB/pss_wip.thy	117651	false	false			0	PSS/compat-unreached	PSS/pre-5
pss_wip.wfc_wf_iff_jump_steps	pss_wip	isabelle/layerB/pss_wip.thy	117655	true	false			0	PSS/compat-unreached	PSS/pre-5
pss_wip.wfc_core_upto_of_collapse_core	pss_wip	isabelle/layerB/pss_wip.thy	117658	false	false			0	PSS/compat-unreached	PSS/pre-5
pss_wip.wfc_collapse_core_of_upto	pss_wip	isabelle/layerB/pss_wip.thy	117662	true	false			0	PSS/compat-unreached	PSS/pre-5
pss_wip.oc4_ordIntC_strict	pss_wip	isabelle/layerB/pss_wip.thy	117769	true	false	8	5,6,7,8	5	chapter-8/local	PSS/after-8
pss_wip.oc4_ordIntC	pss_wip	isabelle/layerB/pss_wip.thy	117854	true	false	8	5,6,7,8	5	chapter-8/local	PSS/after-8
pss_wip.oc4_termination_census_master	pss_wip	isabelle/layerB/pss_wip.thy	117911	true	false	8	5,6,7,8	5	chapter-8/local	PSS/after-8
pss_wip.oc4_OTmulti	pss_wip	isabelle/layerB/pss_wip.thy	117981	true	false		5,6,7,8	0	PSS/compat-unreached	PSS/after-8
pss_wip.oc4_L1v	pss_wip	isabelle/layerB/pss_wip.thy	118015	true	false	8	5,6,7,8	5	chapter-8/local	PSS/after-8
pss_wip.oc4_termination_census_master_v2	pss_wip	isabelle/layerB/pss_wip.thy	118034	true	false	8	5,6,7,8	5	chapter-8/local	PSS/after-8
pss_wip.oi4_DEADM1	pss_wip	isabelle/layerB/pss_wip.thy	118106	true	false	8	5,6,7,8	5	chapter-8/local	PSS/after-8
pss_wip.oi4_DEADM2	pss_wip	isabelle/layerB/pss_wip.thy	118127	true	false	8	5,6,7,8	5	chapter-8/local	PSS/after-8
pss_wip.oi4_PredNp	pss_wip	isabelle/layerB/pss_wip.thy	118150	true	false	8	5,6,7,8	5	chapter-8/local	PSS/after-8
pss_wip.oi4_Lpv	pss_wip	isabelle/layerB/pss_wip.thy	118158	true	false	8	5,6,7,8	5	chapter-8/local	PSS/after-8
pss_wip.oi4_L1v	pss_wip	isabelle/layerB/pss_wip.thy	118173	true	false		5,6,7,8	0	PSS/compat-unreached	PSS/after-8
pss_wip.oi4_OTint_condV_nadm	pss_wip	isabelle/layerB/pss_wip.thy	118188	true	false		5,6,7,8	0	PSS/compat-unreached	PSS/after-8
pss_wip.oi4_OTint_slot_IIIIV	pss_wip	isabelle/layerB/pss_wip.thy	118204	true	false		5,6,7,8	0	PSS/compat-unreached	PSS/after-8
pss_wip.oi4_census_IIIIV	pss_wip	isabelle/layerB/pss_wip.thy	118225	true	false		5,6,7,8	0	PSS/compat-unreached	PSS/after-8
pss_wip.wds_hullT_iff	pss_wip	isabelle/layerB/pss_wip.thy	118328	false	false			0	PSS/compat-unreached	PSS/pre-5
pss_wip.wds_finite_GBT	pss_wip	isabelle/layerB/pss_wip.thy	118331	true	false			0	PSS/compat-unreached	PSS/pre-5
pss_wip.wds_distD_frag	pss_wip	isabelle/layerB/pss_wip.thy	118367	false	false			0	PSS/compat-unreached	PSS/pre-5
pss_wip.wds_distD_down	pss_wip	isabelle/layerB/pss_wip.thy	118370	false	false			0	PSS/compat-unreached	PSS/pre-5
pss_wip.wds_distD_acc	pss_wip	isabelle/layerB/pss_wip.thy	118374	false	false			0	PSS/compat-unreached	PSS/pre-5
pss_wip.wds_distD_prog	pss_wip	isabelle/layerB/pss_wip.thy	118378	false	false			0	PSS/compat-unreached	PSS/pre-5
pss_wip.wds_distI	pss_wip	isabelle/layerB/pss_wip.thy	118385	false	false			0	PSS/compat-unreached	PSS/pre-5
pss_wip.wds_acc_lift_aux	pss_wip	isabelle/layerB/pss_wip.thy	118398	false	false			0	PSS/compat-unreached	PSS/pre-5
pss_wip.wds_acc_lift	pss_wip	isabelle/layerB/pss_wip.thy	118418	false	false			0	PSS/compat-unreached	PSS/pre-5
pss_wip.wds_dist_comparable	pss_wip	isabelle/layerB/pss_wip.thy	118431	true	false			0	PSS/compat-unreached	PSS/pre-5
pss_wip.wds_Mset_upper	pss_wip	isabelle/layerB/pss_wip.thy	118467	false	false			0	PSS/compat-unreached	PSS/pre-5
pss_wip.wds_Mset_ex	pss_wip	isabelle/layerB/pss_wip.thy	118470	false	false			0	PSS/compat-unreached	PSS/pre-5
pss_wip.wds_Mset_frag	pss_wip	isabelle/layerB/pss_wip.thy	118473	false	false			0	PSS/compat-unreached	PSS/pre-5
pss_wip.wds_Mset_downclosed	pss_wip	isabelle/layerB/pss_wip.thy	118480	false	false			0	PSS/compat-unreached	PSS/pre-5
pss_wip.wds_Mset_subset_acc	pss_wip	isabelle/layerB/pss_wip.thy	118490	false	false			0	PSS/compat-unreached	PSS/pre-5
pss_wip.wds_Mset_relacc	pss_wip	isabelle/layerB/pss_wip.thy	118497	false	false			0	PSS/compat-unreached	PSS/pre-5
pss_wip.wds_dist_finite_cover	pss_wip	isabelle/layerB/pss_wip.thy	118512	true	false			0	PSS/compat-unreached	PSS/pre-5
pss_wip.wds_Mset_distinguished	pss_wip	isabelle/layerB/pss_wip.thy	118540	true	false			0	PSS/compat-unreached	PSS/pre-5
pss_wip.wds_hauptlemma_aux	pss_wip	isabelle/layerB/pss_wip.thy	118633	true	false			0	PSS/compat-unreached	PSS/pre-5
pss_wip.wds_hauptlemma	pss_wip	isabelle/layerB/pss_wip.thy	118682	true	false			0	PSS/compat-unreached	PSS/pre-5
pss_wip.wds_pbody_of_collapse	pss_wip	isabelle/layerB/pss_wip.thy	118693	true	false			0	PSS/compat-unreached	PSS/pre-5
pss_wip.wds_wf_RPrel_of_collapse	pss_wip	isabelle/layerB/pss_wip.thy	118721	true	false			0	PSS/compat-unreached	PSS/pre-5
pss_wip.wds_wf_RTrel_of_collapse	pss_wip	isabelle/layerB/pss_wip.thy	118725	true	false			0	PSS/compat-unreached	PSS/pre-5
pss_wip.wds_buc1_2_2_of_collapse	pss_wip	isabelle/layerB/pss_wip.thy	118729	true	false			0	PSS/compat-unreached	PSS/pre-5
pss_wip.wds_collapse_core_of_collapse	pss_wip	isabelle/layerB/pss_wip.thy	118735	true	false			0	PSS/compat-unreached	PSS/pre-5
pss_wip.wds_jump_steps_of_collapse	pss_wip	isabelle/layerB/pss_wip.thy	118739	true	false			0	PSS/compat-unreached	PSS/pre-5
pss_wip.wds_frag_distinguished_of_wf	pss_wip	isabelle/layerB/pss_wip.thy	118745	true	false			0	PSS/compat-unreached	PSS/pre-5
pss_wip.wds_collapse_of_wf	pss_wip	isabelle/layerB/pss_wip.thy	118768	true	false			0	PSS/compat-unreached	PSS/pre-5
pss_wip.wds_collapse_iff_wf	pss_wip	isabelle/layerB/pss_wip.thy	118783	true	false			0	PSS/compat-unreached	PSS/pre-5
pss_wip.wds_collapse_iff_pbody	pss_wip	isabelle/layerB/pss_wip.thy	118786	true	false			0	PSS/compat-unreached	PSS/pre-5
pss_wip.wds_Mset_eq_frag_of_collapse	pss_wip	isabelle/layerB/pss_wip.thy	118789	true	false			0	PSS/compat-unreached	PSS/pre-5
pss_wip.opf_hd_pin	pss_wip	isabelle/layerB/pss_wip.thy	118860	true	false	8		5	chapter-8/local	PSS/pre-5
pss_wip.opf_hdV_eq	pss_wip	isabelle/layerB/pss_wip.thy	118914	true	false	8		5	chapter-8/local	PSS/pre-5
pss_wip.opf_lastIx_gt	pss_wip	isabelle/layerB/pss_wip.thy	118924	true	false	8		5	chapter-8/local	PSS/pre-5
pss_wip.opf_head_ge_of_domB	pss_wip	isabelle/layerB/pss_wip.thy	118972	true	false	8		5	chapter-8/local	PSS/pre-5
pss_wip.opf_Lbase_of_domB	pss_wip	isabelle/layerB/pss_wip.thy	119002	true	false	8	7	5	chapter-8/local	PSS/after-7
pss_scratch.od4_sz_pos	pss_scratch	isabelle/layerC/pss_scratch.thy	54	true	false	8		5	chapter-8/local	PSS/pre-5
pss_scratch.od4_szP_ge2	pss_scratch	isabelle/layerC/pss_scratch.thy	57	true	false	8		5	chapter-8/local	PSS/pre-5
pss_scratch.od4_szP_mem_le	pss_scratch	isabelle/layerC/pss_scratch.thy	63	true	false	8		5	chapter-8/local	PSS/pre-5
pss_scratch.od4_GBT_sz	pss_scratch	isabelle/layerC/pss_scratch.thy	72	true	false	8		5	chapter-8/local	PSS/pre-5
pss_scratch.od4_R_lessBT	pss_scratch	isabelle/layerC/pss_scratch.thy	98	true	false	8		5	chapter-8/local	PSS/pre-5
pss_scratch.od4_peel_less	pss_scratch	isabelle/layerC/pss_scratch.thy	121	true	false	8		5	chapter-8/local	PSS/pre-5
pss_scratch.od4_transfer_all	pss_scratch	isabelle/layerC/pss_scratch.thy	155	true	false	8		5	chapter-8/local	PSS/pre-5
pss_scratch.od4_transfer	pss_scratch	isabelle/layerC/pss_scratch.thy	241	true	false	8		5	chapter-8/local	PSS/pre-5
pss_scratch.od4_R_GBT	pss_scratch	isabelle/layerC/pss_scratch.thy	248	true	false	8		5	chapter-8/local	PSS/pre-5
pss_scratch.od4_leBT_trans	pss_scratch	isabelle/layerC/pss_scratch.thy	304	true	false	8		5	chapter-8/local	PSS/pre-5
pss_scratch.od4_descP_snoc	pss_scratch	isabelle/layerC/pss_scratch.thy	307	true	false	8		5	chapter-8/local	PSS/pre-5
pss_scratch.od4_site_G	pss_scratch	isabelle/layerC/pss_scratch.thy	327	true	false	8		5	chapter-8/local	PSS/pre-5
pss_scratch.od4_R_isOT	pss_scratch	isabelle/layerC/pss_scratch.thy	359	true	false	8		5	chapter-8/local	PSS/pre-5
pss_scratch.od4_R_OT_B	pss_scratch	isabelle/layerC/pss_scratch.thy	394	true	false	8		5	chapter-8/local	PSS/pre-5
pss_scratch.od4_scbext_R	pss_scratch	isabelle/layerC/pss_scratch.thy	414	true	false	8	7	5	chapter-8/local	PSS/after-7
pss_scratch.od4_condVI_nadm_c1	pss_scratch	isabelle/layerC/pss_scratch.thy	479	true	false	8	5,6,7,8	5	chapter-8/local	PSS/after-8
pss_scratch.od4_concat_sing	pss_scratch	isabelle/layerC/pss_scratch.thy	625	false	false			0	PSS/compat-unreached	PSS/pre-5
pss_scratch.od4_site_c2	pss_scratch	isabelle/layerC/pss_scratch.thy	634	true	false	8	5,6,7,8	5	chapter-8/local	PSS/after-8
pss_scratch.od4_master_R	pss_scratch	isabelle/layerC/pss_scratch.thy	760	true	false	8	5,6,7,8	5	chapter-8/local	PSS/after-8
pss_scratch.od4_OTpred_mono	pss_scratch	isabelle/layerC/pss_scratch.thy	803	true	false	8	5,6,7,8	5	chapter-8/local	PSS/after-8
pss_scratch.od4_DEEPOT	pss_scratch	isabelle/layerC/pss_scratch.thy	849	true	false	8	5,6,7,8	5	chapter-8/local	PSS/after-8
pss_scratch.od4_NOBR	pss_scratch	isabelle/layerC/pss_scratch.thy	861	true	false	8	5,6,7,8	5	chapter-8/local	PSS/after-8
pss_scratch.od4_OTpred_final	pss_scratch	isabelle/layerC/pss_scratch.thy	874	true	false	8	5,6,7,8	5	chapter-8/local	PSS/after-8
pss_scratch.oi5_set_crep	pss_scratch	isabelle/layerC/pss_scratch.thy	920	false	false			0	PSS/compat-unreached	PSS/pre-5
pss_scratch.oi5_crep_RP	pss_scratch	isabelle/layerC/pss_scratch.thy	923	false	false	8		5	chapter-8/local	PSS/pre-5
pss_scratch.oi5_d4vx_ins_TB	pss_scratch	isabelle/layerC/pss_scratch.thy	932	true	false	8	7	5	chapter-8/local	PSS/after-7
pss_scratch.oi5_d4vx_core_TB	pss_scratch	isabelle/layerC/pss_scratch.thy	960	true	false	8	7	5	chapter-8/local	PSS/after-7
pss_scratch.oy1_base1Y_condIII	pss_scratch	isabelle/layerC/pss_scratch.thy	979	true	false	8	5,6,7,8	5	chapter-8/local	PSS/after-8
pss_scratch.oy1_base1Y_condIV	pss_scratch	isabelle/layerC/pss_scratch.thy	1086	true	false	8	5,6,7,8	5	chapter-8/local	PSS/after-8
pss_scratch.oi5_IIIIV_pkg	pss_scratch	isabelle/layerC/pss_scratch.thy	1213	true	false	8	5,6,7,8	5	chapter-8/local	PSS/after-8
pss_scratch.oi5_regime	pss_scratch	isabelle/layerC/pss_scratch.thy	1374	true	false	8	5,6,7	5	chapter-8/local	PSS/after-7
pss_scratch.oi5_ltJ_or_IVadmeq	pss_scratch	isabelle/layerC/pss_scratch.thy	1453	true	false	8	5,8	5	chapter-8/local	PSS/after-8
pss_scratch.oi5_bodyOT	pss_scratch	isabelle/layerC/pss_scratch.thy	1502	true	false	8	5,6,7,8	5	chapter-8/local	PSS/after-8
pss_scratch.oi5_LbaseU	pss_scratch	isabelle/layerC/pss_scratch.thy	1568	true	false	8	5,6,7,8	5	chapter-8/local	PSS/after-8
pss_scratch.oy1_core_mono	pss_scratch	isabelle/layerC/pss_scratch.thy	1591	true	false		7	0	PSS/compat-unreached	PSS/after-7
pss_scratch.oy1_core_add	pss_scratch	isabelle/layerC/pss_scratch.thy	1606	true	false			0	PSS/compat-unreached	PSS/pre-5
pss_scratch.oy1_ins_le_mono	pss_scratch	isabelle/layerC/pss_scratch.thy	1610	true	false	8	7	5	chapter-8/local	PSS/after-7
pss_scratch.oy1_triG_antitone	pss_scratch	isabelle/layerC/pss_scratch.thy	1628	true	false	8		5	chapter-8/local	PSS/pre-5
pss_scratch.oy1_base1Y	pss_scratch	isabelle/layerC/pss_scratch.thy	1652	true	false		5,6,7,8	0	PSS/compat-unreached	PSS/after-8
pss_scratch.oy1_base1Y_t2	pss_scratch	isabelle/layerC/pss_scratch.thy	1718	true	false	8	5,6,7,8	5	chapter-8/local	PSS/after-8
pss_scratch.od4_termination_census_v4	pss_scratch	isabelle/layerC/pss_scratch.thy	1821	true	false		5,6,7,8	0	PSS/compat-unreached	PSS/after-8
pss_scratch.oi5_OTint_IIIIV_hp	pss_scratch	isabelle/layerC/pss_scratch.thy	1858	true	false		5,6,7,8	0	PSS/compat-unreached	PSS/after-8
pss_scratch.oi5_OTint_condIII	pss_scratch	isabelle/layerC/pss_scratch.thy	2149	true	false		5,6,7,8	0	PSS/compat-unreached	PSS/after-8
pss_scratch.oi5_OTint_condIV	pss_scratch	isabelle/layerC/pss_scratch.thy	2218	true	false		5,6,7,8	0	PSS/compat-unreached	PSS/after-8
pss_scratch.oi5_termination_census	pss_scratch	isabelle/layerC/pss_scratch.thy	2291	true	false		5,6,7,8	0	PSS/compat-unreached	PSS/after-8
pss_scratch.oi5_OTint_slot	pss_scratch	isabelle/layerC/pss_scratch.thy	2353	true	false		5,6,7,8	0	PSS/compat-unreached	PSS/after-8
pss_scratch.oi5_OTmulti	pss_scratch	isabelle/layerC/pss_scratch.thy	2392	true	false		5,6,7,8	0	PSS/compat-unreached	PSS/after-8
pss_scratch.oi6_termination_census	pss_scratch	isabelle/layerC/pss_scratch.thy	2444	true	false		5,6,7,8	0	PSS/compat-unreached	PSS/after-8
pss_scratch.otx3_core_tri	pss_scratch	isabelle/layerC/pss_scratch.thy	2517	true	false	8	7,8	5	chapter-8/local	PSS/after-8
pss_scratch.ot1_OTA1_from_bricks	pss_scratch	isabelle/layerC/pss_scratch.thy	2583	true	false	8	7,8	5	chapter-8/local	PSS/after-8
pss_scratch.ot2_IVNP	pss_scratch	isabelle/layerC/pss_scratch.thy	2627	true	false	8	5,6,7,8	5	chapter-8/local	PSS/after-8
pss_scratch.oi7_termination_census	pss_scratch	isabelle/layerC/pss_scratch.thy	2649	true	false		5,6,7,8	0	PSS/compat-unreached	PSS/after-8
pss_scratch.scbext_triG	pss_scratch	isabelle/layerC/pss_scratch.thy	2711	true	false	8	7,8	5	chapter-8/local	PSS/after-8
pss_scratch.ot1_triG_grow	pss_scratch	isabelle/layerC/pss_scratch.thy	2759	true	false	8	8	5	chapter-8/local	PSS/after-8
pss_scratch.crx_tri0_of_nest	pss_scratch	isabelle/layerC/pss_scratch.thy	2784	true	false	8	5,6,7,8	5	chapter-8/local	PSS/after-8
pss_scratch.ot1_triG_add	pss_scratch	isabelle/layerC/pss_scratch.thy	2895	true	false	8	8	5	chapter-8/local	PSS/after-8
pss_scratch.cnv_tri0_of_nest	pss_scratch	isabelle/layerC/pss_scratch.thy	2915	true	false	8	5,6,7,8	5	chapter-8/local	PSS/after-8
pss_scratch.ot2_IVADMEQ_of_pkg	pss_scratch	isabelle/layerC/pss_scratch.thy	3084	true	false		5,6,7,8	0	PSS/compat-unreached	PSS/after-8
pss_scratch.ot2_IVADMEQ_mod	pss_scratch	isabelle/layerC/pss_scratch.thy	3232	true	false		5,6,7,8	0	PSS/compat-unreached	PSS/after-8
pss_scratch.ot2_dins_addBT_of_shape	pss_scratch	isabelle/layerC/pss_scratch.thy	3343	true	false	8	7	5	chapter-8/local	PSS/after-7
pss_scratch.oi8_OTint_IIIIV_hp	pss_scratch	isabelle/layerC/pss_scratch.thy	3432	true	false	8	5,6,7,8	5	chapter-8/local	PSS/after-8
pss_scratch.oi8_OTint_condIII	pss_scratch	isabelle/layerC/pss_scratch.thy	3716	true	false	8	5,6,7,8	5	chapter-8/local	PSS/after-8
pss_scratch.oi8_OTint_condIV	pss_scratch	isabelle/layerC/pss_scratch.thy	3774	true	false	8	5,6,7,8	5	chapter-8/local	PSS/after-8
pss_scratch.oi8_termination_census	pss_scratch	isabelle/layerC/pss_scratch.thy	3849	true	false	8	5,6,7,8	5	chapter-8/local	PSS/after-8
pss_scratch.ot1_OTA1_reduce	pss_scratch	isabelle/layerC/pss_scratch.thy	3923	true	false	8	5,6,7,8	5	chapter-8/local	PSS/after-8
pss_scratch.ot1_tri0_census	pss_scratch	isabelle/layerC/pss_scratch.thy	4081	true	false	8	5,6,7,8	5	chapter-8/local	PSS/after-8
pss_scratch.oy1_tri0Y_census	pss_scratch	isabelle/layerC/pss_scratch.thy	4154	true	false	8	5,6,7,8	5	chapter-8/local	PSS/after-8
pss_scratch.ot1_nub_from_A0OT	pss_scratch	isabelle/layerC/pss_scratch.thy	4188	true	false	8	5,6,7,8	5	chapter-8/local	PSS/after-8
pss_scratch.ot1_OTA1_from_A0OT	pss_scratch	isabelle/layerC/pss_scratch.thy	4314	true	false	8	5,6,7,8	5	chapter-8/local	PSS/after-8
pss_scratch.oi8_census_via_A0OT	pss_scratch	isabelle/layerC/pss_scratch.thy	4350	true	false	8	5,6,7,8	5	chapter-8/local	PSS/after-8
pss_scratch.ot2_tower_newOT	pss_scratch	isabelle/layerC/pss_scratch.thy	4439	true	false	8	7,8	5	chapter-8/local	PSS/after-8
pss_scratch.ot2_NEWOT_of_pkg	pss_scratch	isabelle/layerC/pss_scratch.thy	4511	true	false		5,6,7,8	0	PSS/compat-unreached	PSS/after-8
pss_scratch.ot2_tower_inv	pss_scratch	isabelle/layerC/pss_scratch.thy	4615	true	false	8	7,8	5	chapter-8/local	PSS/after-8
pss_scratch.od4_OTpred_mono_RT	pss_scratch	isabelle/layerC/pss_scratch.thy	4692	true	false	8	5,6,7,8	5	chapter-8/local	PSS/after-8
pss_scratch.otx_bpHeadT_OT	pss_scratch	isabelle/layerC/pss_scratch.thy	4732	true	false	8		5	chapter-8/local	PSS/pre-5
pss_scratch.ot1_A0OT	pss_scratch	isabelle/layerC/pss_scratch.thy	4762	true	false	8	5,6,7,8	5	chapter-8/local	PSS/after-8
pss_scratch.oi8_census_final	pss_scratch	isabelle/layerC/pss_scratch.thy	4869	true	false	8	5,6,7,8	5	chapter-8/local	PSS/after-8
pss_scratch.ox5_body_driver	pss_scratch	isabelle/layerC/pss_scratch.thy	4936	true	false	8		5	chapter-8/local	PSS/pre-5
pss_scratch.ox5_body_driver_census	pss_scratch	isabelle/layerC/pss_scratch.thy	4974	true	false	8	5,6,7,8	5	chapter-8/local	PSS/after-8
pss_scratch.ox6_holeH	pss_scratch	isabelle/layerC/pss_scratch.thy	5081	true	false	8		5	chapter-8/local	PSS/pre-5
pss_scratch.ox6_setle_scbext	pss_scratch	isabelle/layerC/pss_scratch.thy	5108	true	false		7	0	PSS/compat-unreached	PSS/after-7
pss_scratch.ox6_setle_wrapped	pss_scratch	isabelle/layerC/pss_scratch.thy	5220	true	false		7	0	PSS/compat-unreached	PSS/after-7
pss_scratch.ox6_SETLE1_reduce	pss_scratch	isabelle/layerC/pss_scratch.thy	5251	true	false		5,6,7,8	0	PSS/compat-unreached	PSS/after-8
pss_scratch.ot2_transT2_OT	pss_scratch	isabelle/layerC/pss_scratch.thy	5339	true	false	8	5,6,7,8	5	chapter-8/local	PSS/after-8
pss_scratch.cnv_tri0_transT2	pss_scratch	isabelle/layerC/pss_scratch.thy	5459	true	false	8	5,6,7,8	5	chapter-8/local	PSS/after-8
pss_scratch.ot2_IVADMEQ_of_pkg_free	pss_scratch	isabelle/layerC/pss_scratch.thy	5520	true	false	8	5,6,7,8	5	chapter-8/local	PSS/after-8
pss_scratch.ot2_IVADMEQ	pss_scratch	isabelle/layerC/pss_scratch.thy	5682	true	false	8	5,6,7,8	5	chapter-8/local	PSS/after-8
pss_scratch.oi8_census_final_ivadmeq	pss_scratch	isabelle/layerC/pss_scratch.thy	5800	true	false	8	5,6,7,8	5	chapter-8/local	PSS/after-8
pss_scratch.ox6_setle_scbext_restr	pss_scratch	isabelle/layerC/pss_scratch.thy	5863	true	false		7	0	PSS/compat-unreached	PSS/after-7
pss_scratch.ox6_setle_wrapped_restr	pss_scratch	isabelle/layerC/pss_scratch.thy	5982	true	false		7	0	PSS/compat-unreached	PSS/after-7
pss_scratch.ox6_SETLE1_reduce_restr	pss_scratch	isabelle/layerC/pss_scratch.thy	6017	true	false		5,6,7,8	0	PSS/compat-unreached	PSS/after-8
pss_scratch.ot_finRc_bounded	pss_scratch	isabelle/layerC/pss_scratch.thy	6123	false	false			0	PSS/compat-unreached	PSS/pre-5
pss_scratch.ot_finRc_reduce	pss_scratch	isabelle/layerC/pss_scratch.thy	6131	false	false			0	PSS/compat-unreached	PSS/pre-5
pss_scratch.ox7_scbext_leBT_hole	pss_scratch	isabelle/layerC/pss_scratch.thy	6180	true	false		7	0	PSS/compat-unreached	PSS/after-7
pss_scratch.ox7_align3_track	pss_scratch	isabelle/layerC/pss_scratch.thy	6218	true	false		7	0	PSS/compat-unreached	PSS/after-7
pss_scratch.ot_finRc_LastStep_bounded_lt	pss_scratch	isabelle/layerC/pss_scratch.thy	6305	false	false			0	PSS/compat-unreached	PSS/pre-5
pss_scratch.ot_finRc_LastStep_guard_bounded_lt	pss_scratch	isabelle/layerC/pss_scratch.thy	6328	true	false		5,6	0	PSS/compat-unreached	PSS/after-6
pss_scratch.ox7_RightNodes_body_ge_v1	pss_scratch	isabelle/layerC/pss_scratch.thy	6382	true	false	8	5,6,7,8	5	chapter-8/local	PSS/after-8
pss_scratch.wcl_min_bad_secured	pss_scratch	isabelle/layerC/pss_scratch.thy	6503	true	false			0	PSS/compat-unreached	PSS/pre-5
pss_scratch.wcl_core_iff_no_bad_secured	pss_scratch	isabelle/layerC/pss_scratch.thy	6552	false	false			0	PSS/compat-unreached	PSS/pre-5
pss_scratch.wcl_accfrag_downclosed	pss_scratch	isabelle/layerC/pss_scratch.thy	6581	true	false			0	PSS/compat-unreached	PSS/pre-5
pss_scratch.wcl_accfrag_relacc	pss_scratch	isabelle/layerC/pss_scratch.thy	6592	false	false			0	PSS/compat-unreached	PSS/pre-5
pss_scratch.wcl_accfrag_prog_of_core	pss_scratch	isabelle/layerC/pss_scratch.thy	6602	true	false			0	PSS/compat-unreached	PSS/pre-5
pss_scratch.wcl_accfrag_distinguished_of_core	pss_scratch	isabelle/layerC/pss_scratch.thy	6631	true	false			0	PSS/compat-unreached	PSS/pre-5
pss_scratch.wcl_Mset_distinguished_of_core	pss_scratch	isabelle/layerC/pss_scratch.thy	6654	true	false			0	PSS/compat-unreached	PSS/pre-5
pss_scratch.wcl_Mset_eq_accfrag_of_core	pss_scratch	isabelle/layerC/pss_scratch.thy	6659	true	false			0	PSS/compat-unreached	PSS/pre-5
pss_scratch.wcl_collapse_of_core	pss_scratch	isabelle/layerC/pss_scratch.thy	6676	true	false			0	PSS/compat-unreached	PSS/pre-5
pss_scratch.wcl_min_bad_body_acc	pss_scratch	isabelle/layerC/pss_scratch.thy	6690	true	false			0	PSS/compat-unreached	PSS/pre-5
pss_scratch.wcl_lower_head_bad_exists	pss_scratch	isabelle/layerC/pss_scratch.thy	6744	true	false			0	PSS/compat-unreached	PSS/pre-5
pss_scratch.wcl_min_bad_lex	pss_scratch	isabelle/layerC/pss_scratch.thy	6798	true	false			0	PSS/compat-unreached	PSS/pre-5
pss_scratch.wcl_wf_of_upper	pss_scratch	isabelle/layerC/pss_scratch.thy	6903	true	false			0	PSS/compat-unreached	PSS/pre-5
pss_scratch.wcl_upper_of_wf	pss_scratch	isabelle/layerC/pss_scratch.thy	6985	false	false			0	PSS/compat-unreached	PSS/pre-5
pss_scratch.wcl_upper_iff_wf	pss_scratch	isabelle/layerC/pss_scratch.thy	6992	true	false			0	PSS/compat-unreached	PSS/pre-5
pss_scratch.wcl_collapse_of_upper	pss_scratch	isabelle/layerC/pss_scratch.thy	6995	true	false			0	PSS/compat-unreached	PSS/pre-5
pss_scratch.wcl_buc1_2_2_of_upper	pss_scratch	isabelle/layerC/pss_scratch.thy	6999	true	false			0	PSS/compat-unreached	PSS/pre-5
pss_scratch.ox7_slice_TransOT	pss_scratch	isabelle/layerC/pss_scratch.thy	7066	true	false		5,6,7,8	0	PSS/compat-unreached	PSS/after-8
pss_scratch.ox7_bpHeadV_body_ge_v1	pss_scratch	isabelle/layerC/pss_scratch.thy	7146	true	false		5,6,7,8	0	PSS/compat-unreached	PSS/after-8
pss_scratch.ox7_ub_lt_bpHeadV_body	pss_scratch	isabelle/layerC/pss_scratch.thy	7255	true	false		5,6,7,8	0	PSS/compat-unreached	PSS/after-8
pss_scratch.wtw_core_step	pss_scratch	isabelle/layerC/pss_scratch.thy	7307	true	false			0	PSS/compat-unreached	PSS/pre-5
pss_scratch.wcl_high_comp_bad_pred	pss_scratch	isabelle/layerC/pss_scratch.thy	7360	true	false			0	PSS/compat-unreached	PSS/pre-5
pss_scratch.wcl_high_comp_not_acc	pss_scratch	isabelle/layerC/pss_scratch.thy	7377	true	false			0	PSS/compat-unreached	PSS/pre-5
pss_scratch.wcl_wf_of_upper_via_step	pss_scratch	isabelle/layerC/pss_scratch.thy	7399	true	false			0	PSS/compat-unreached	PSS/pre-5
pss_scratch.ox7_headlt_lessBT	pss_scratch	isabelle/layerC/pss_scratch.thy	7542	true	false			0	PSS/compat-unreached	PSS/pre-5
pss_scratch.ox7_bpHeadV_share	pss_scratch	isabelle/layerC/pss_scratch.thy	7576	true	false			0	PSS/compat-unreached	PSS/pre-5
pss_scratch.ot7_SETLE1_ltJ_of_head	pss_scratch	isabelle/layerC/pss_scratch.thy	7617	true	false		5,6,7,8	0	PSS/compat-unreached	PSS/after-8
pss_scratch.bwo_all_OT_principal_acc_of_Wstar_total	pss_scratch	isabelle/layerC/pss_scratch.thy	7816	true	false			0	PSS/compat-unreached	PSS/pre-5
pss_scratch.bwo_2_2_wf	pss_scratch	isabelle/layerC/pss_scratch.thy	7834	true	false			0	PSS/compat-unreached	PSS/pre-5
pss_scratch.bwo_Wstar_total_of_wf	pss_scratch	isabelle/layerC/pss_scratch.thy	7862	false	false			0	PSS/compat-unreached	PSS/pre-5
pss_scratch.bwo_2_2_wf_iff	pss_scratch	isabelle/layerC/pss_scratch.thy	7871	true	false			0	PSS/compat-unreached	PSS/pre-5
pss_scratch.bwo_domB_Nil	pss_scratch	isabelle/layerC/pss_scratch.thy	7997	true	false	8		1	chapter-8/local	PSS/pre-5
pss_scratch.bwo_addBT_Nil_right	pss_scratch	isabelle/layerC/pss_scratch.thy	8002	true	false	8		1	chapter-8/local	PSS/pre-5
pss_scratch.bwo_addBT_Nil_left	pss_scratch	isabelle/layerC/pss_scratch.thy	8005	true	false	8		1	chapter-8/local	PSS/pre-5
pss_scratch.bwo_addBT_assoc	pss_scratch	isabelle/layerC/pss_scratch.thy	8008	true	false	8		1	chapter-8/local	PSS/pre-5
pss_scratch.bwo_addBT_domB	pss_scratch	isabelle/layerC/pss_scratch.thy	8014	true	false	8		1	chapter-8/local	PSS/pre-5
pss_scratch.bwo_operB_split	pss_scratch	isabelle/layerC/pss_scratch.thy	8032	true	false	8		1	chapter-8/local	PSS/pre-5
pss_scratch.bwo_addBT_operB	pss_scratch	isabelle/layerC/pss_scratch.thy	8048	true	false	8		1	chapter-8/local	PSS/pre-5
pss_scratch.bwo_Aop_mono_nv	pss_scratch	isabelle/layerC/pss_scratch.thy	8080	true	false			0	PSS/compat-unreached	PSS/pre-5
pss_scratch.bwo_2_4a_shift_closure	pss_scratch	isabelle/layerC/pss_scratch.thy	8108	true	false			0	PSS/compat-unreached	PSS/pre-5
pss_scratch.bwo_domB_Dsucc0	pss_scratch	isabelle/layerC/pss_scratch.thy	8181	true	false	8		1	chapter-8/local	PSS/pre-5
pss_scratch.bwo_operB_Dsucc0	pss_scratch	isabelle/layerC/pss_scratch.thy	8184	true	false	8		1	chapter-8/local	PSS/pre-5
pss_scratch.bwo_2_5_sub1	pss_scratch	isabelle/layerC/pss_scratch.thy	8201	true	false			0	PSS/compat-unreached	PSS/pre-5
pss_scratch.ox8_lastT_GBT	pss_scratch	isabelle/layerC/pss_scratch.thy	8323	true	false	8		5	chapter-8/local	PSS/pre-5
pss_scratch.ox8_rsub_GBT	pss_scratch	isabelle/layerC/pss_scratch.thy	8344	true	false	8		5	chapter-8/local	PSS/pre-5
pss_scratch.ox8_rsub_lessBT_of_OTP	pss_scratch	isabelle/layerC/pss_scratch.thy	8391	true	false	8		5	chapter-8/local	PSS/pre-5
pss_scratch.ox8_RightNodes_cons	pss_scratch	isabelle/layerC/pss_scratch.thy	8404	true	false	8		5	chapter-8/local	PSS/pre-5
pss_scratch.ox8_rsub_head_RN	pss_scratch	isabelle/layerC/pss_scratch.thy	8425	true	false	8		5	chapter-8/local	PSS/pre-5
pss_scratch.ox8_dfree_lastT	pss_scratch	isabelle/layerC/pss_scratch.thy	8453	true	false	8		5	chapter-8/local	PSS/pre-5
pss_scratch.ox8_dfree_rsub	pss_scratch	isabelle/layerC/pss_scratch.thy	8471	true	false	8		5	chapter-8/local	PSS/pre-5
pss_scratch.ox8_dfree_lastV	pss_scratch	isabelle/layerC/pss_scratch.thy	8480	true	false	8		5	chapter-8/local	PSS/pre-5
pss_scratch.ox8_OTP_e3_body	pss_scratch	isabelle/layerC/pss_scratch.thy	8503	true	false	8	5,6,7,8	5	chapter-8/local	PSS/after-8
pss_scratch.ox8_body_rspine_lessBT	pss_scratch	isabelle/layerC/pss_scratch.thy	8539	true	false	8	5,6,7,8	5	chapter-8/local	PSS/after-8
pss_scratch.bwl_Aop_mono_X	pss_scratch	isabelle/layerC/pss_scratch.thy	8704	false	false	8		1	chapter-8/local	PSS/pre-5
pss_scratch.bwl_Aset_mono	pss_scratch	isabelle/layerC/pss_scratch.thy	8709	false	false	8		1	chapter-8/local	PSS/pre-5
pss_scratch.bwl_Aop_mono_nv	pss_scratch	isabelle/layerC/pss_scratch.thy	8719	true	false	8		1	chapter-8/local	PSS/pre-5
pss_scratch.bwl_Aop_cong	pss_scratch	isabelle/layerC/pss_scratch.thy	8726	false	false	8		1	chapter-8/local	PSS/pre-5
pss_scratch.bwl_Wf_coh	pss_scratch	isabelle/layerC/pss_scratch.thy	8753	true	false	8		1	chapter-8/local	PSS/pre-5
pss_scratch.bwl_Wf_eq_W	pss_scratch	isabelle/layerC/pss_scratch.thy	8770	true	false	8		1	chapter-8/local	PSS/pre-5
pss_scratch.bwl_W_unfold	pss_scratch	isabelle/layerC/pss_scratch.thy	8776	true	false	8		1	chapter-8/local	PSS/pre-5
pss_scratch.bwl_A1	pss_scratch	isabelle/layerC/pss_scratch.thy	8800	true	false	8		1	chapter-8/local	PSS/pre-5
pss_scratch.bwl_A2	pss_scratch	isabelle/layerC/pss_scratch.thy	8807	true	false	8		1	chapter-8/local	PSS/pre-5
pss_scratch.bwl_A1_intro	pss_scratch	isabelle/layerC/pss_scratch.thy	8818	true	false	8		1	chapter-8/local	PSS/pre-5
pss_scratch.bwl_A1_dest	pss_scratch	isabelle/layerC/pss_scratch.thy	8827	true	false			0	PSS/compat-unreached	PSS/pre-5
pss_scratch.bwl_A2'	pss_scratch	isabelle/layerC/pss_scratch.thy	8835	true	false	8		1	chapter-8/local	PSS/pre-5
pss_scratch.bwl_W_zero	pss_scratch	isabelle/layerC/pss_scratch.thy	8846	true	false	8		1	chapter-8/local	PSS/pre-5
pss_scratch.bwl_W2	pss_scratch	isabelle/layerC/pss_scratch.thy	8851	true	false	8		1	chapter-8/local	PSS/pre-5
pss_scratch.bwl_W3	pss_scratch	isabelle/layerC/pss_scratch.thy	8860	true	false	8		1	chapter-8/local	PSS/pre-5
pss_scratch.bwl_W_level_mono	pss_scratch	isabelle/layerC/pss_scratch.thy	8874	true	false	8		1	chapter-8/local	PSS/pre-5
pss_scratch.bwl_2_4a_shift	pss_scratch	isabelle/layerC/pss_scratch.thy	8892	true	false	8		1	chapter-8/local	PSS/pre-5
pss_scratch.bwl_2_4b_add	pss_scratch	isabelle/layerC/pss_scratch.thy	8965	true	false	8		1	chapter-8/local	PSS/pre-5
pss_scratch.bwl_2_4b_mult	pss_scratch	isabelle/layerC/pss_scratch.thy	8981	true	false	8		1	chapter-8/local	PSS/pre-5
pss_scratch.bwl_domB_one	pss_scratch	isabelle/layerC/pss_scratch.thy	8993	true	false	8		1	chapter-8/local	PSS/pre-5
pss_scratch.bwl_one_W	pss_scratch	isabelle/layerC/pss_scratch.thy	8996	true	false	8		1	chapter-8/local	PSS/pre-5
pss_scratch.bwl_numBT_W	pss_scratch	isabelle/layerC/pss_scratch.thy	9006	true	false			0	PSS/compat-unreached	PSS/pre-5
pss_scratch.bwl_2_5_sub1	pss_scratch	isabelle/layerC/pss_scratch.thy	9014	true	false			0	PSS/compat-unreached	PSS/pre-5
pss_scratch.bwl_domB_case_i	pss_scratch	isabelle/layerC/pss_scratch.thy	9056	true	false	8		1	chapter-8/local	PSS/pre-5
pss_scratch.bwl_TBv_neq_zero	pss_scratch	isabelle/layerC/pss_scratch.thy	9061	true	false	8		1	chapter-8/local	PSS/pre-5
pss_scratch.bwl_case_iii_guard_TBv	pss_scratch	isabelle/layerC/pss_scratch.thy	9072	true	false	8		1	chapter-8/local	PSS/pre-5
pss_scratch.bwl_D_zero_W	pss_scratch	isabelle/layerC/pss_scratch.thy	9086	true	false	8		1	chapter-8/local	PSS/pre-5
pss_scratch.bwl_key_collapse_sub	pss_scratch	isabelle/layerC/pss_scratch.thy	9115	true	false			0	PSS/compat-unreached	PSS/pre-5
pss_scratch.bwl_key_collapse	pss_scratch	isabelle/layerC/pss_scratch.thy	9213	true	false			0	PSS/compat-unreached	PSS/pre-5
pss_scratch.bwl_W_Dself	pss_scratch	isabelle/layerC/pss_scratch.thy	9221	true	false			0	PSS/compat-unreached	PSS/pre-5
pss_scratch.bwl_numNat_numBT	pss_scratch	isabelle/layerC/pss_scratch.thy	9228	true	false	8		1	chapter-8/local	PSS/pre-5
pss_scratch.bwl_tbvIdx	pss_scratch	isabelle/layerC/pss_scratch.thy	9231	true	false	8		1	chapter-8/local	PSS/pre-5
pss_scratch.bwl_domB_case_ii	pss_scratch	isabelle/layerC/pss_scratch.thy	9241	true	false	8		1	chapter-8/local	PSS/pre-5
pss_scratch.bwl_operB_case_ii	pss_scratch	isabelle/layerC/pss_scratch.thy	9252	true	false	8		1	chapter-8/local	PSS/pre-5
pss_scratch.bwl_DC	pss_scratch	isabelle/layerC/pss_scratch.thy	9278	true	false			0	PSS/compat-unreached	PSS/pre-5
pss_scratch.bwl_W_subset_star	pss_scratch	isabelle/layerC/pss_scratch.thy	9441	true	false			0	PSS/compat-unreached	PSS/pre-5
pss_scratch.bwl_WstarI	pss_scratch	isabelle/layerC/pss_scratch.thy	9461	false	false	8		1	chapter-8/local	PSS/pre-5
pss_scratch.bwl_WstarD	pss_scratch	isabelle/layerC/pss_scratch.thy	9464	false	false	8		1	chapter-8/local	PSS/pre-5
pss_scratch.bwl_W_in_Wstar	pss_scratch	isabelle/layerC/pss_scratch.thy	9469	true	false			0	PSS/compat-unreached	PSS/pre-5
pss_scratch.bwl_zero_Wstar	pss_scratch	isabelle/layerC/pss_scratch.thy	9472	true	false			0	PSS/compat-unreached	PSS/pre-5
pss_scratch.bwl_2_6	pss_scratch	isabelle/layerC/pss_scratch.thy	9477	true	false	8		1	chapter-8/local	PSS/pre-5
pss_scratch.bwl_size_list_butlast	pss_scratch	isabelle/layerC/pss_scratch.thy	9629	false	false	8		1	chapter-8/local	PSS/pre-5
pss_scratch.bwl_size_butlast_lt	pss_scratch	isabelle/layerC/pss_scratch.thy	9633	true	false	8		1	chapter-8/local	PSS/pre-5
pss_scratch.bwl_2_7_aux	pss_scratch	isabelle/layerC/pss_scratch.thy	9647	true	false	8		1	chapter-8/local	PSS/pre-5
pss_scratch.bwl_2_8_dfree_Wstar	pss_scratch	isabelle/layerC/pss_scratch.thy	9724	true	false	8		1	chapter-8/local	PSS/pre-5
pss_scratch.bwl_2_8_principal	pss_scratch	isabelle/layerC/pss_scratch.thy	9733	true	false	8		1	chapter-8/local	PSS/pre-5
pss_scratch.bwl_not_lessBT_zero	pss_scratch	isabelle/layerC/pss_scratch.thy	9771	true	false	8		1	chapter-8/local	PSS/pre-5
pss_scratch.bwl_acc_BP_of_BT_aux	pss_scratch	isabelle/layerC/pss_scratch.thy	9779	true	false			0	PSS/compat-unreached	PSS/pre-5
pss_scratch.bwl_acc_BP_of_BT	pss_scratch	isabelle/layerC/pss_scratch.thy	9800	true	false			0	PSS/compat-unreached	PSS/pre-5
pss_scratch.bwl_acc_of_W	pss_scratch	isabelle/layerC/pss_scratch.thy	9808	true	false		8	0	PSS/compat-unreached	PSS/after-8
pss_scratch.bwl_Wstar_total_of_cof	pss_scratch	isabelle/layerC/pss_scratch.thy	9927	true	false		8	0	PSS/compat-unreached	PSS/after-8
pss_scratch.bwl_wf_RPrel_of_cof	pss_scratch	isabelle/layerC/pss_scratch.thy	9942	true	false		8	0	PSS/compat-unreached	PSS/after-8
pss_scratch.ot9_LastStep_A9_faithful	pss_scratch	isabelle/layerC/pss_scratch.thy	9986	false	false			0	PSS/compat-unreached	PSS/pre-5
pss_scratch.ot9_FINRC	pss_scratch	isabelle/layerC/pss_scratch.thy	10032	false	false	8		5	chapter-8/local	PSS/pre-5
pss_scratch.oi8_census_FINRC	pss_scratch	isabelle/layerC/pss_scratch.thy	10041	true	false		5,6,7,8	0	PSS/compat-unreached	PSS/after-8
pss_scratch.ox9_ok_of_hge	pss_scratch	isabelle/layerC/pss_scratch.thy	10139	true	false			0	PSS/compat-unreached	PSS/pre-5
pss_scratch.ox9_holeD_0E	pss_scratch	isabelle/layerC/pss_scratch.thy	10154	true	false	8		5	chapter-8/local	PSS/pre-5
pss_scratch.ox9_holeD_SucE	pss_scratch	isabelle/layerC/pss_scratch.thy	10159	true	false	8		5	chapter-8/local	PSS/pre-5
pss_scratch.ox9_holeD_ne	pss_scratch	isabelle/layerC/pss_scratch.thy	10165	true	false	8		5	chapter-8/local	PSS/pre-5
pss_scratch.ox9_lessBT_zero	pss_scratch	isabelle/layerC/pss_scratch.thy	10173	true	false	8		5	chapter-8/local	PSS/pre-5
pss_scratch.ox9_lessBP_iff	pss_scratch	isabelle/layerC/pss_scratch.thy	10178	true	false			0	PSS/compat-unreached	PSS/pre-5
pss_scratch.ox9_lessBP_trans	pss_scratch	isabelle/layerC/pss_scratch.thy	10180	true	false			0	PSS/compat-unreached	PSS/pre-5
pss_scratch.ox9_snoc_lessBT	pss_scratch	isabelle/layerC/pss_scratch.thy	10186	true	false	8		5	chapter-8/local	PSS/pre-5
pss_scratch.ox9_holeD_lessBT	pss_scratch	isabelle/layerC/pss_scratch.thy	10189	true	false	8		5	chapter-8/local	PSS/pre-5
pss_scratch.ox9_lexP	pss_scratch	isabelle/layerC/pss_scratch.thy	10210	true	false			0	PSS/compat-unreached	PSS/pre-5
pss_scratch.ox9_TT_aux	pss_scratch	isabelle/layerC/pss_scratch.thy	10260	true	false			0	PSS/compat-unreached	PSS/pre-5
pss_scratch.ox9_TT	pss_scratch	isabelle/layerC/pss_scratch.thy	10299	true	false			0	PSS/compat-unreached	PSS/pre-5
pss_scratch.ox9_lexM	pss_scratch	isabelle/layerC/pss_scratch.thy	10317	true	false			0	PSS/compat-unreached	PSS/pre-5
pss_scratch.ox9_MAIN	pss_scratch	isabelle/layerC/pss_scratch.thy	10381	true	false			0	PSS/compat-unreached	PSS/pre-5
pss_scratch.ox9_holeD_of_flat3	pss_scratch	isabelle/layerC/pss_scratch.thy	10507	true	false	8	7	5	chapter-8/local	PSS/after-7
pss_scratch.ox9_rsub_Suc	pss_scratch	isabelle/layerC/pss_scratch.thy	10542	true	false	8		5	chapter-8/local	PSS/pre-5
pss_scratch.ox9_holeD_lastT	pss_scratch	isabelle/layerC/pss_scratch.thy	10553	true	false	8		5	chapter-8/local	PSS/pre-5
pss_scratch.ox9_holeD_rsub	pss_scratch	isabelle/layerC/pss_scratch.thy	10565	true	false	8		5	chapter-8/local	PSS/pre-5
pss_scratch.ox9_ok_lastT	pss_scratch	isabelle/layerC/pss_scratch.thy	10585	true	false			0	PSS/compat-unreached	PSS/pre-5
pss_scratch.ox9_ok_rsub	pss_scratch	isabelle/layerC/pss_scratch.thy	10604	true	false			0	PSS/compat-unreached	PSS/pre-5
pss_scratch.ox9_engine	pss_scratch	isabelle/layerC/pss_scratch.thy	10624	true	false			0	PSS/compat-unreached	PSS/pre-5
pss_scratch.ox10_cex_not_ok	pss_scratch	isabelle/layerC/pss_scratch.thy	10840	true	false			0	PSS/compat-unreached	PSS/pre-5
pss_scratch.ox10_cex_not_hge	pss_scratch	isabelle/layerC/pss_scratch.thy	10843	true	false			0	PSS/compat-unreached	PSS/pre-5
pss_scratch.ox10_engine	pss_scratch	isabelle/layerC/pss_scratch.thy	10863	true	false	8		5	chapter-8/local	PSS/pre-5
pss_scratch.ox10_SETLE1_ltJ	pss_scratch	isabelle/layerC/pss_scratch.thy	10995	true	false	8	5,6,7,8	5	chapter-8/local	PSS/after-8
pss_scratch.oi10_census_KK	pss_scratch	isabelle/layerC/pss_scratch.thy	11096	true	false	8	5,6,7,8	1	chapter-8/local	PSS/after-8
pss_scratch.ox10_lexP	pss_scratch	isabelle/layerC/pss_scratch.thy	11171	true	false	8		5	chapter-8/local	PSS/pre-5
pss_scratch.ox10_lexP_subsumes_ox9	pss_scratch	isabelle/layerC/pss_scratch.thy	11224	true	false			0	PSS/compat-unreached	PSS/pre-5
pss_scratch.y3_W_mono	pss_scratch	isabelle/layerC/pss_scratch.thy	11280	true	false	8		1	chapter-8/local	PSS/pre-5
pss_scratch.y3_TBv_dfree_W_aux	pss_scratch	isabelle/layerC/pss_scratch.thy	11295	true	false	8		1	chapter-8/local	PSS/pre-5
pss_scratch.y3_TBv_dfree_W	pss_scratch	isabelle/layerC/pss_scratch.thy	11320	true	false	8		1	chapter-8/local	PSS/pre-5
pss_scratch.y3_dfree_ex_lev_aux	pss_scratch	isabelle/layerC/pss_scratch.thy	11333	true	false	8		1	chapter-8/local	PSS/pre-5
pss_scratch.y3_dfree_ex_lev	pss_scratch	isabelle/layerC/pss_scratch.thy	11370	true	false	8		1	chapter-8/local	PSS/pre-5
pss_scratch.y3_dfree_W_ex	pss_scratch	isabelle/layerC/pss_scratch.thy	11382	true	false	8		1	chapter-8/local	PSS/pre-5
pss_scratch.y3_Trans_dfree	pss_scratch	isabelle/layerC/pss_scratch.thy	11390	true	false	8	5,6,7	1	chapter-8/local	PSS/after-7
pss_scratch.y3_Trans_W	pss_scratch	isabelle/layerC/pss_scratch.thy	11395	true	false	8	5,6,7	1	chapter-8/local	PSS/after-7
pss_scratch.y3_one_in_TBv	pss_scratch	isabelle/layerC/pss_scratch.thy	11403	true	false			0	PSS/compat-unreached	PSS/pre-5
pss_scratch.y3_D0one_not_NatSet	pss_scratch	isabelle/layerC/pss_scratch.thy	11406	true	false			0	PSS/compat-unreached	PSS/pre-5
pss_scratch.y3_TBv_ne_zeroset	pss_scratch	isabelle/layerC/pss_scratch.thy	11416	true	false			0	PSS/compat-unreached	PSS/pre-5
pss_scratch.y3_TBv_ne_NatSet	pss_scratch	isabelle/layerC/pss_scratch.thy	11424	true	false			0	PSS/compat-unreached	PSS/pre-5
pss_scratch.y3_TBv_inj	pss_scratch	isabelle/layerC/pss_scratch.thy	11432	true	false	8		1	chapter-8/local	PSS/pre-5
pss_scratch.y3_cof0_imp_bwl_cof	pss_scratch	isabelle/layerC/pss_scratch.thy	11463	true	false	8		1	chapter-8/local	PSS/pre-5
pss_scratch.y3_wf_RPrel_of_cof0	pss_scratch	isabelle/layerC/pss_scratch.thy	11507	true	false		8	0	PSS/compat-unreached	PSS/after-8
pss_scratch.y3_W_acc	pss_scratch	isabelle/layerC/pss_scratch.thy	11528	true	false			0	PSS/compat-unreached	PSS/pre-5
pss_scratch.y3_cofimg_of_bwl_cof	pss_scratch	isabelle/layerC/pss_scratch.thy	11620	false	false	8		1	chapter-8/local	PSS/pre-5
pss_scratch.y3_PSS_acc_of_cofimg	pss_scratch	isabelle/layerC/pss_scratch.thy	11653	true	false	8	5,6,7,8	1	chapter-8/local	PSS/after-8
pss_scratch.y3_PSS_acc_of_KK_cofimg	pss_scratch	isabelle/layerC/pss_scratch.thy	11824	true	false	8	5,6,7,8	1	chapter-8/local	PSS/after-8
pss_scratch.ox11_snoc_le	pss_scratch	isabelle/layerC/pss_scratch.thy	11890	true	false			0	PSS/compat-unreached	PSS/pre-5
pss_scratch.ox11_TT	pss_scratch	isabelle/layerC/pss_scratch.thy	11950	true	false	8		5	chapter-8/local	PSS/pre-5
pss_scratch.ox11_safe_of_ok_aux	pss_scratch	isabelle/layerC/pss_scratch.thy	12001	true	false			0	PSS/compat-unreached	PSS/pre-5
pss_scratch.ox11_safe_of_ok	pss_scratch	isabelle/layerC/pss_scratch.thy	12039	true	false			0	PSS/compat-unreached	PSS/pre-5
pss_scratch.ox11_spge_of_rsub	pss_scratch	isabelle/layerC/pss_scratch.thy	12056	true	false			0	PSS/compat-unreached	PSS/pre-5
pss_scratch.ox11_safe_of_set	pss_scratch	isabelle/layerC/pss_scratch.thy	12099	true	false			0	PSS/compat-unreached	PSS/pre-5
pss_scratch.ox11_holeD_ne2	pss_scratch	isabelle/layerC/pss_scratch.thy	12158	true	false			0	PSS/compat-unreached	PSS/pre-5
pss_scratch.ox11_KK_of_BG	pss_scratch	isabelle/layerC/pss_scratch.thy	12183	true	false		5,6,7,8	0	PSS/compat-unreached	PSS/after-8
pss_scratch.oi11_census_BG	pss_scratch	isabelle/layerC/pss_scratch.thy	12370	true	false		5,6,7,8	0	PSS/compat-unreached	PSS/after-8
pss_scratch.y4_xseq_Dpt	pss_scratch	isabelle/layerC/pss_scratch.thy	12493	true	false	8		1	chapter-8/local	PSS/pre-5
pss_scratch.y4_xseq_TBv	pss_scratch	isabelle/layerC/pss_scratch.thy	12502	true	false	8		1	chapter-8/local	PSS/pre-5
pss_scratch.y4_xseq_lt	pss_scratch	isabelle/layerC/pss_scratch.thy	12509	true	false	8		1	chapter-8/local	PSS/pre-5
pss_scratch.y4_xseq_mono	pss_scratch	isabelle/layerC/pss_scratch.thy	12538	true	false			0	PSS/compat-unreached	PSS/pre-5
pss_scratch.y4_xseq_le_mono	pss_scratch	isabelle/layerC/pss_scratch.thy	12558	true	false			0	PSS/compat-unreached	PSS/pre-5
pss_scratch.y4_leBT_addBT_self	pss_scratch	isabelle/layerC/pss_scratch.thy	12568	true	false	8		1	chapter-8/local	PSS/pre-5
pss_scratch.y4_leBT_addBT_mono_right	pss_scratch	isabelle/layerC/pss_scratch.thy	12578	true	false	8		1	chapter-8/local	PSS/pre-5
pss_scratch.y4_prefix_split	pss_scratch	isabelle/layerC/pss_scratch.thy	12587	true	false	8		1	chapter-8/local	PSS/pre-5
pss_scratch.y4_descP_suffix	pss_scratch	isabelle/layerC/pss_scratch.thy	12640	true	false	8		1	chapter-8/local	PSS/pre-5
pss_scratch.y4_OT_suffix	pss_scratch	isabelle/layerC/pss_scratch.thy	12643	true	false	8		1	chapter-8/local	PSS/pre-5
pss_scratch.y4_GBT_suffix	pss_scratch	isabelle/layerC/pss_scratch.thy	12647	true	false	8		1	chapter-8/local	PSS/pre-5
pss_scratch.y4_inner	pss_scratch	isabelle/layerC/pss_scratch.thy	12661	true	false	8		1	chapter-8/local	PSS/pre-5
pss_scratch.y4_xseq_cof	pss_scratch	isabelle/layerC/pss_scratch.thy	12883	true	false	8		1	chapter-8/local	PSS/pre-5
pss_scratch.y4_N_mono	pss_scratch	isabelle/layerC/pss_scratch.thy	12912	true	false	8		1	chapter-8/local	PSS/pre-5
pss_scratch.y4_N_mono_le	pss_scratch	isabelle/layerC/pss_scratch.thy	13034	true	false			0	PSS/compat-unreached	PSS/pre-5
pss_scratch.y4_descP_all_le_hd	pss_scratch	isabelle/layerC/pss_scratch.thy	13060	true	false	8		1	chapter-8/local	PSS/pre-5
pss_scratch.y4_TBv_of_head	pss_scratch	isabelle/layerC/pss_scratch.thy	13084	true	false	8		1	chapter-8/local	PSS/pre-5
pss_scratch.y4_leBT_min	pss_scratch	isabelle/layerC/pss_scratch.thy	13102	true	false	8		1	chapter-8/local	PSS/pre-5
pss_scratch.y4_bump	pss_scratch	isabelle/layerC/pss_scratch.thy	13128	true	false	8		1	chapter-8/local	PSS/pre-5
pss_scratch.y4_operB_domzero_const	pss_scratch	isabelle/layerC/pss_scratch.thy	13154	true	false	8		1	chapter-8/local	PSS/pre-5
pss_scratch.y4_le_replicate	pss_scratch	isabelle/layerC/pss_scratch.thy	13221	true	false	8		1	chapter-8/local	PSS/pre-5
pss_scratch.y4_dfree_suffix	pss_scratch	isabelle/layerC/pss_scratch.thy	13242	true	false			0	PSS/compat-unreached	PSS/pre-5
pss_scratch.y4_bachmann	pss_scratch	isabelle/layerC/pss_scratch.thy	13261	true	false	8		1	chapter-8/local	PSS/pre-5
pss_scratch.y4_cof0	pss_scratch	isabelle/layerC/pss_scratch.thy	13678	true	false	8		1	chapter-8/local	PSS/pre-5
pss_scratch.y4_wf_RPrel	pss_scratch	isabelle/layerC/pss_scratch.thy	13689	true	false		8	0	PSS/compat-unreached	PSS/after-8
pss_scratch.y4_bwl_cof	pss_scratch	isabelle/layerC/pss_scratch.thy	13692	true	false	8		1	chapter-8/local	PSS/pre-5
pss_scratch.y4_buc1_2_2_OT_B_wf	pss_scratch	isabelle/layerC/pss_scratch.thy	13700	true	false		8	0	PSS/compat-unreached	PSS/after-8
pss_scratch.y4_cofimg	pss_scratch	isabelle/layerC/pss_scratch.thy	13706	true	false	8		1	chapter-8/local	PSS/pre-5
pss_scratch.y4_PSS_acc_of_KK	pss_scratch	isabelle/layerC/pss_scratch.thy	13716	true	false	8	5,6,7,8	1	chapter-8/local	PSS/after-8
pss_scratch.y4_PSS_wf_of_KK	pss_scratch	isabelle/layerC/pss_scratch.thy	13806	true	false		5,6,7,8	0	PSS/compat-unreached	PSS/after-8
pss_scratch.y4_PSS_acc_of_KK_wf	pss_scratch	isabelle/layerC/pss_scratch.thy	13847	true	false		5,6,7,8	0	PSS/compat-unreached	PSS/after-8
pss_scratch.ox12_szP_pos	pss_scratch	isabelle/layerC/pss_scratch.thy	13910	true	false	8		5	chapter-8/local	PSS/pre-5
pss_scratch.ox12_szT_zero	pss_scratch	isabelle/layerC/pss_scratch.thy	13913	true	false			0	PSS/compat-unreached	PSS/pre-5
pss_scratch.ox12_szP_Dzero	pss_scratch	isabelle/layerC/pss_scratch.thy	13919	true	false	8		5	chapter-8/local	PSS/pre-5
pss_scratch.ox12_safe_of_size_aux	pss_scratch	isabelle/layerC/pss_scratch.thy	13931	true	false	8		5	chapter-8/local	PSS/pre-5
pss_scratch.ox12_safe_of_size	pss_scratch	isabelle/layerC/pss_scratch.thy	13980	true	false	8		5	chapter-8/local	PSS/pre-5
pss_scratch.ox12_sz_lastT_lt	pss_scratch	isabelle/layerC/pss_scratch.thy	13988	true	false	8		5	chapter-8/local	PSS/pre-5
pss_scratch.ox12_sz_rsub_le	pss_scratch	isabelle/layerC/pss_scratch.thy	14003	true	false	8		5	chapter-8/local	PSS/pre-5
pss_scratch.ox12_sz_rsub_lt	pss_scratch	isabelle/layerC/pss_scratch.thy	14024	true	false	8		5	chapter-8/local	PSS/pre-5
pss_scratch.ox12_KK	pss_scratch	isabelle/layerC/pss_scratch.thy	14046	true	false	8	5,6,7,8	5	chapter-8/local	PSS/after-8
pss_scratch.oi12_census	pss_scratch	isabelle/layerC/pss_scratch.thy	14102	true	false	8	5,6,7,8	5	chapter-8/local	PSS/after-8
pss_scratch.ox12_KK_free	pss_scratch	isabelle/layerC/pss_scratch.thy	14166	true	false	8	5,6,7,8	1	chapter-8/local	PSS/after-8
pss_scratch.y5_PSS_wf	pss_scratch	isabelle/layerC/pss_scratch.thy	14197	true	false		5,6,7,8	0	PSS/compat-unreached	PSS/after-8
pss_scratch.y5_PSS_acc	pss_scratch	isabelle/layerC/pss_scratch.thy	14200	true	false	8	5,6,7,8	1	chapter-8/local	PSS/after-8
pss_scratch.y5_Trans_OT_B	pss_scratch	isabelle/layerC/pss_scratch.thy	14205	true	false	8	5,6,7,8	2	chapter-8/local	PSS/after-8
pss_scratch.y5_Trans_descend	pss_scratch	isabelle/layerC/pss_scratch.thy	14208	true	false	8	5,6,7,8	2	chapter-8/local	PSS/after-8
pss_scratch.y5_take_concat_ne	pss_scratch	isabelle/layerC/pss_scratch.thy	14228	true	false	8		1	chapter-8/local	PSS/pre-5
pss_scratch.y5_Lng_Pred_pos	pss_scratch	isabelle/layerC/pss_scratch.thy	14252	false	false	8		1	chapter-8/local	PSS/pre-5
pss_scratch.y5_Lng_oper_pos	pss_scratch	isabelle/layerC/pss_scratch.thy	14266	true	false	8		1	chapter-8/local	PSS/pre-5
pss_scratch.y5_ST_PS_Lng_pos	pss_scratch	isabelle/layerC/pss_scratch.thy	14327	true	false	8		1	chapter-8/local	PSS/pre-5
pss_scratch.y5_Fdom	pss_scratch	isabelle/layerC/pss_scratch.thy	14344	true	false	8	5,6,7,8	1	chapter-8/local	PSS/after-8
pss_scratch.y5_8_1_condI_OT	pss_scratch	isabelle/layerC/pss_scratch.thy	14410	true	false		5,6,7,8	0	PSS/compat-unreached	PSS/after-8
pss_scratch.y5_8_3_condII_OT	pss_scratch	isabelle/layerC/pss_scratch.thy	14420	true	false		5,6,7,8	0	PSS/compat-unreached	PSS/after-8
pss_scratch.y5_8_3_TransCondII_oper_descend	pss_scratch	isabelle/layerC/pss_scratch.thy	14432	true	false	8	5,6,7,8	1	chapter-8/local	PSS/after-8
pss_scratch.y3_Br_last_head_coeff	pss_scratch	isabelle/layerC/pss_scratch.thy	14458	true	false		5,6	0	PSS/compat-unreached	PSS/after-6
pss_scratch.y3_LastStep_gt	pss_scratch	isabelle/layerC/pss_scratch.thy	14478	true	false		5,6	0	PSS/compat-unreached	PSS/after-6
pss_scratch.y3_LastStep_J1_mem	pss_scratch	isabelle/layerC/pss_scratch.thy	14486	true	false		5,6	0	PSS/compat-unreached	PSS/after-6
pss_scratch.y3_LastStep_set_nonempty	pss_scratch	isabelle/layerC/pss_scratch.thy	14500	true	false		5,6	0	PSS/compat-unreached	PSS/after-6
pss_scratch.y3_LastStep_bounded_lt_neq	pss_scratch	isabelle/layerC/pss_scratch.thy	14512	true	false		5,6	0	PSS/compat-unreached	PSS/after-6
pss_scratch.y3_LastStep_lt_Lng_Br	pss_scratch	isabelle/layerC/pss_scratch.thy	14526	true	false		5,6	0	PSS/compat-unreached	PSS/after-6
pss_scratch.y3_LastStep_lt_Lng_Br_DT	pss_scratch	isabelle/layerC/pss_scratch.thy	14550	true	false		5,6	0	PSS/compat-unreached	PSS/after-6
pss_scratch.y3_nextAdm_unique	pss_scratch	isabelle/layerC/pss_scratch.thy	14568	false	false			0	PSS/compat-unreached	PSS/pre-5
pss_scratch.y3_nextAdm_ex	pss_scratch	isabelle/layerC/pss_scratch.thy	14594	true	false			0	PSS/compat-unreached	PSS/pre-5
pss_scratch.y3_nextAdm_ex1	pss_scratch	isabelle/layerC/pss_scratch.thy	14626	true	false			0	PSS/compat-unreached	PSS/pre-5
pss_scratch.y3_7_4_Trans_nextAdm	pss_scratch	isabelle/layerC/pss_scratch.thy	14634	true	false		5,6,7	0	PSS/compat-unreached	PSS/after-7
pss_scratch.y3_7_4_Mark_nextAdm	pss_scratch	isabelle/layerC/pss_scratch.thy	14643	true	false		5,6,7	0	PSS/compat-unreached	PSS/after-7
pss_scratch.y3g_condI_exchange1_rtps	pss_scratch	isabelle/layerC/pss_scratch.thy	14693	true	false	8	5,6,7,8	1	chapter-8/local	PSS/after-8
pss_scratch.y3g_condI_descent_rtps	pss_scratch	isabelle/layerC/pss_scratch.thy	14740	true	false	8	5,6,7,8	1	chapter-8/local	PSS/after-8
pss_scratch.y3g_p_8_1_Trans_fseq_condI	pss_scratch	isabelle/layerC/pss_scratch.thy	14826	true	false	8	5,6,7,8	1	chapter-8/local	PSS/after-8
pss_scratch.y3h_W_seed_mono0	pss_scratch	isabelle/layerC/pss_scratch.thy	14877	true	false	8		1	chapter-8/local	PSS/pre-5
pss_scratch.y3h_bodyM_lt_bodyO_tight	pss_scratch	isabelle/layerC/pss_scratch.thy	14888	true	false	8		1	chapter-8/local	PSS/pre-5
pss_scratch.y3h_bodyO_lt_bodyM	pss_scratch	isabelle/layerC/pss_scratch.thy	14909	true	false	8		1	chapter-8/local	PSS/pre-5
pss_scratch.y3h_exchange_condV_nonadm	pss_scratch	isabelle/layerC/pss_scratch.thy	14926	true	false	8	5,6,7,8	1	chapter-8/local	PSS/after-8
pss_scratch.y3h_M_lt_prev_condV_adm	pss_scratch	isabelle/layerC/pss_scratch.thy	14981	true	false	8	5,6,7,8	1	chapter-8/local	PSS/after-8
pss_scratch.y3h_p_8_5_Trans_oper_exchange	pss_scratch	isabelle/layerC/pss_scratch.thy	15072	true	false	8	5,6,7,8	1	chapter-8/local	PSS/after-8
pss_scratch.y3h_scbext_reflect	pss_scratch	isabelle/layerC/pss_scratch.thy	15157	true	false	8	7	1	chapter-8/local	PSS/after-7
pss_scratch.y3h_core_TB_of_flat	pss_scratch	isabelle/layerC/pss_scratch.thy	15185	true	false	8		1	chapter-8/local	PSS/pre-5
pss_scratch.y3h_part3_of_forms	pss_scratch	isabelle/layerC/pss_scratch.thy	15206	true	false	8	5,6,7	1	chapter-8/local	PSS/after-7
pss_scratch.y3h_part3_jm3anchor	pss_scratch	isabelle/layerC/pss_scratch.thy	15245	true	false	8	5,6,7,8	1	chapter-8/local	PSS/after-8
pss_scratch.y3h_LbaseH_uncond	pss_scratch	isabelle/layerC/pss_scratch.thy	15342	true	false	8	5,6,7,8	1	chapter-8/local	PSS/after-8
pss_scratch.y3h_p_8_4_oper_basic_part3_condIII	pss_scratch	isabelle/layerC/pss_scratch.thy	15354	true	false	8	5,6,7,8	1	chapter-8/local	PSS/after-8
pss_scratch.y3h_p_8_4_oper_basic_part3_condIV_nonadmeq	pss_scratch	isabelle/layerC/pss_scratch.thy	15383	true	false	8	5,6,7,8	1	chapter-8/local	PSS/after-8
pss_scratch.y3h_p_8_4_oper_basic_part3_condIV_admeq	pss_scratch	isabelle/layerC/pss_scratch.thy	15414	true	false	8	5,6,7,8	1	chapter-8/local	PSS/after-8
pss_scratch.y3h_p_8_4_oper_basic	pss_scratch	isabelle/layerC/pss_scratch.thy	15527	true	false	8	5,6,7,8	1	chapter-8/local	PSS/after-8
pss_scratch.y3s_Red_T_PS	pss_scratch	isabelle/layerC/pss_scratch.thy	15636	true	false	7	5,6	3	chapter-7/local	PSS/after-6
pss_scratch.y3s_Red_funpow_T_PS	pss_scratch	isabelle/layerC/pss_scratch.thy	15645	true	false	7	5,6	3	chapter-7/local	PSS/after-6
pss_scratch.y3s_Lng_funpow_Red	pss_scratch	isabelle/layerC/pss_scratch.thy	15649	true	false	7	5,6	1	chapter-7/local	PSS/after-6
pss_scratch.y3s_zeroT_funpow_Red	pss_scratch	isabelle/layerC/pss_scratch.thy	15661	true	false	7	5,6	2	chapter-7/local	PSS/after-6
pss_scratch.y3s_Pred_T_PS	pss_scratch	isabelle/layerC/pss_scratch.thy	15675	false	false	7		1	chapter-7/local	PSS/pre-5
pss_scratch.y3s_Pred_funpow_Red	pss_scratch	isabelle/layerC/pss_scratch.thy	15687	true	false	7	5,6	1	chapter-7/local	PSS/after-6
pss_scratch.y3s_Pred_RT_PS	pss_scratch	isabelle/layerC/pss_scratch.thy	15703	true	false	7	5,6	1	chapter-7/local	PSS/after-6
pss_scratch.y3s_RedStab_RT	pss_scratch	isabelle/layerC/pss_scratch.thy	15719	false	false			0	PSS/compat-unreached	PSS/pre-5
pss_scratch.y3s_RedStab_nonmulti	pss_scratch	isabelle/layerC/pss_scratch.thy	15722	true	false		5,6	0	PSS/compat-unreached	PSS/after-6
pss_scratch.y3s_RedStab_of_Red2	pss_scratch	isabelle/layerC/pss_scratch.thy	15734	false	false	7		4	chapter-7/local	PSS/pre-5
pss_scratch.y3s_Trans_dom_iter	pss_scratch	isabelle/layerC/pss_scratch.thy	15738	true	false	7	5,6,7	4	chapter-7/local	PSS/after-7
pss_scratch.y3s_Mark_dom_iter	pss_scratch	isabelle/layerC/pss_scratch.thy	15755	true	false		5,6,7	0	PSS/compat-unreached	PSS/after-7
pss_scratch.y3s_Trans_funpow_Red	pss_scratch	isabelle/layerC/pss_scratch.thy	15772	true	false	7	5,6,7	4	chapter-7/local	PSS/after-7
pss_scratch.y3s_Mark_funpow_Red	pss_scratch	isabelle/layerC/pss_scratch.thy	15793	true	false		5,6,7	0	PSS/compat-unreached	PSS/after-7
pss_scratch.y3s_RightAnces_dom_iter	pss_scratch	isabelle/layerC/pss_scratch.thy	15814	true	false	7	5,6	2	chapter-7/local	PSS/after-6
pss_scratch.y3s_RightAnces_funpow_Red	pss_scratch	isabelle/layerC/pss_scratch.thy	15831	true	false	7	5,6	2	chapter-7/local	PSS/after-6
pss_scratch.y3s_7_3_Trans_zeroT_TPS	pss_scratch	isabelle/layerC/pss_scratch.thy	15858	true	false	7	5,6,7	2	chapter-7/local	PSS/after-7
pss_scratch.y3s_7_3_Pred_Trans_descend_TPS	pss_scratch	isabelle/layerC/pss_scratch.thy	15875	true	false	7	5,6,7	1	chapter-7/local	PSS/after-7
pss_scratch.y3s_7_4_RightAnces_RightNodes_TPS	pss_scratch	isabelle/layerC/pss_scratch.thy	15895	true	false	7	5,6,7	2	chapter-7/local	PSS/after-7
pss_scratch.y3s_7_4_RightAnces_zeroT_TPS	pss_scratch	isabelle/layerC/pss_scratch.thy	15909	true	false	7	5,6,7	1	chapter-7/local	PSS/after-7
pss_scratch.y3s_7_4_Mark_nextAdm_TPS_reduct	pss_scratch	isabelle/layerC/pss_scratch.thy	15931	true	false		5,6,7	0	PSS/compat-unreached	PSS/after-7
pss_scratch.y3i_transC2_branches	pss_scratch	isabelle/layerC/pss_scratch.thy	16009	true	false			0	PSS/compat-unreached	PSS/pre-5
pss_scratch.y3i_Trans_s1_c2_b1	pss_scratch	isabelle/layerC/pss_scratch.thy	16033	true	false		5,6,7,8	0	PSS/compat-unreached	PSS/after-8
pss_scratch.y3i_branch_of_guard	pss_scratch	isabelle/layerC/pss_scratch.thy	16057	true	false		5,6,7	0	PSS/compat-unreached	PSS/after-7
pss_scratch.y3i_REGS	pss_scratch	isabelle/layerC/pss_scratch.thy	16085	true	false		5,6,7,8	0	PSS/compat-unreached	PSS/after-8
pss_scratch.y3i_REGSP	pss_scratch	isabelle/layerC/pss_scratch.thy	16098	true	false		5,6,7,8	0	PSS/compat-unreached	PSS/after-8
pss_scratch.y3i_L1_rightend_Trans	pss_scratch	isabelle/layerC/pss_scratch.thy	16123	true	false		5,6,7,8	0	PSS/compat-unreached	PSS/after-8
pss_scratch.y3i_L2_oper_props	pss_scratch	isabelle/layerC/pss_scratch.thy	16142	true	false		5,6,7,8	0	PSS/compat-unreached	PSS/after-8
pss_scratch.y3i_L3_Trans_scb	pss_scratch	isabelle/layerC/pss_scratch.thy	16179	true	false		5,6,7,8	0	PSS/compat-unreached	PSS/after-8
pss_scratch.y3i_L4_slice_scb	pss_scratch	isabelle/layerC/pss_scratch.thy	16198	true	false		5,6,7,8	0	PSS/compat-unreached	PSS/after-8
pss_scratch.y3i_L5_various_scb_IIIV	pss_scratch	isabelle/layerC/pss_scratch.thy	16270	true	false		5,6,7,8	0	PSS/compat-unreached	PSS/after-8
pss_scratch.y3i_L6_various_scb_IIIIV	pss_scratch	isabelle/layerC/pss_scratch.thy	16321	true	false		5,6,7,8	0	PSS/compat-unreached	PSS/after-8
pss_scratch.y3r_Red_TPS	pss_scratch	isabelle/layerC/pss_scratch.thy	16401	true	false	7	5,6	4	chapter-7/local	PSS/after-6
pss_scratch.y3r_Red_nonmulti	pss_scratch	isabelle/layerC/pss_scratch.thy	16413	true	false	7	5,6	4	chapter-7/local	PSS/after-6
pss_scratch.y3r_P_nonmulti	pss_scratch	isabelle/layerC/pss_scratch.thy	16428	true	false	7	6	4	chapter-7/local	PSS/after-6
pss_scratch.y3r_nonmulti_lmin0	pss_scratch	isabelle/layerC/pss_scratch.thy	16443	true	false	7	5,6	4	chapter-7/local	PSS/after-6
pss_scratch.y3r_Red_head	pss_scratch	isabelle/layerC/pss_scratch.thy	16461	true	false	7	5,6	4	chapter-7/local	PSS/after-6
pss_scratch.y3r_Red_strict_min	pss_scratch	isabelle/layerC/pss_scratch.thy	16481	true	false	7	5,6	4	chapter-7/local	PSS/after-6
pss_scratch.y3r_P_concat	pss_scratch	isabelle/layerC/pss_scratch.thy	16517	true	false	7	5,6	4	chapter-7/local	PSS/after-6
pss_scratch.y3r_concat_lmin_diag	pss_scratch	isabelle/layerC/pss_scratch.thy	16618	true	false	7		4	chapter-7/local	PSS/pre-5
pss_scratch.y3r_comp_head	pss_scratch	isabelle/layerC/pss_scratch.thy	16694	true	false	7	5,6	4	chapter-7/local	PSS/after-6
pss_scratch.y3r_Red_comp_diag	pss_scratch	isabelle/layerC/pss_scratch.thy	16719	true	false	7	5,6	4	chapter-7/local	PSS/after-6
pss_scratch.y3r_Red_reduced_of_diag	pss_scratch	isabelle/layerC/pss_scratch.thy	16804	true	false	7	5,6	4	chapter-7/local	PSS/after-6
pss_scratch.y3r_RED2	pss_scratch	isabelle/layerC/pss_scratch.thy	16879	true	false	7	5,6	4	chapter-7/local	PSS/after-6
pss_scratch.y3r_Red3_eq_Red2	pss_scratch	isabelle/layerC/pss_scratch.thy	16884	true	false		5,6	0	PSS/compat-unreached	PSS/after-6
pss_scratch.y3r_RedStab_TPS	pss_scratch	isabelle/layerC/pss_scratch.thy	16892	true	false	7	5,6	4	chapter-7/local	PSS/after-6
pss_scratch.y3r_7_3_Trans_zeroT_TPS	pss_scratch	isabelle/layerC/pss_scratch.thy	16899	true	false	7	5,6,7	1	chapter-7/local	PSS/after-7
pss_scratch.y3r_7_3_Pred_Trans_descend_TPS	pss_scratch	isabelle/layerC/pss_scratch.thy	16904	true	false	7	5,6,7	1	chapter-7/local	PSS/after-7
pss_scratch.y3r_7_4_RightAnces_RightNodes_TPS	pss_scratch	isabelle/layerC/pss_scratch.thy	16909	true	false	7	5,6,7	1	chapter-7/local	PSS/after-7
pss_scratch.y3r_7_4_RightAnces_zeroT_TPS	pss_scratch	isabelle/layerC/pss_scratch.thy	16914	true	false	7	5,6,7	1	chapter-7/local	PSS/after-7
pss_scratch.y3q_6_5_monoT_Red	pss_scratch	isabelle/layerC/pss_scratch.thy	16944	true	false		5,6	0	PSS/compat-unreached	PSS/after-6
pss_scratch.y3j_mn_unfold	pss_scratch	isabelle/layerC/pss_scratch.thy	17049	false	false			0	PSS/compat-unreached	PSS/pre-5
pss_scratch.y3j_mnp1_Suc	pss_scratch	isabelle/layerC/pss_scratch.thy	17052	false	false			0	PSS/compat-unreached	PSS/pre-5
pss_scratch.y3j_ldj_eq	pss_scratch	isabelle/layerC/pss_scratch.thy	17060	false	false			0	PSS/compat-unreached	PSS/pre-5
pss_scratch.y3j_t3_eq	pss_scratch	isabelle/layerC/pss_scratch.thy	17063	false	false			0	PSS/compat-unreached	PSS/pre-5
pss_scratch.y3j_t4_eq	pss_scratch	isabelle/layerC/pss_scratch.thy	17066	false	false			0	PSS/compat-unreached	PSS/pre-5
pss_scratch.y3j_condII_tailval	pss_scratch	isabelle/layerC/pss_scratch.thy	17076	true	false		5,6,7,8	0	PSS/compat-unreached	PSS/after-8
pss_scratch.y3j_condII_INV	pss_scratch	isabelle/layerC/pss_scratch.thy	17089	true	false		5,6,7,8	0	PSS/compat-unreached	PSS/after-8
pss_scratch.y3j_condII_count	pss_scratch	isabelle/layerC/pss_scratch.thy	17177	true	false		5,6,7,8	0	PSS/compat-unreached	PSS/after-8
pss_scratch.y3j_condII_dM	pss_scratch	isabelle/layerC/pss_scratch.thy	17210	true	false		5,6,7,8	0	PSS/compat-unreached	PSS/after-8
pss_scratch.y3j_p_8_3_condII_exchange_1	pss_scratch	isabelle/layerC/pss_scratch.thy	17233	true	false		5,6,7,8	0	PSS/compat-unreached	PSS/after-8
pss_scratch.y3j_p_8_3_condII_exchange_2	pss_scratch	isabelle/layerC/pss_scratch.thy	17273	true	false		5,6,7,8	0	PSS/compat-unreached	PSS/after-8
pss_scratch.y3j_p_8_3_condII_exchange_3	pss_scratch	isabelle/layerC/pss_scratch.thy	17335	true	false		5,6,7,8	0	PSS/compat-unreached	PSS/after-8
pss_scratch.y3j_p_8_3_TransCondII_oper_exchange	pss_scratch	isabelle/layerC/pss_scratch.thy	17365	true	false		5,6,7,8	0	PSS/compat-unreached	PSS/after-8
pss_scratch.y3k_jm2_lt_Lm2	pss_scratch	isabelle/layerC/pss_scratch.thy	17436	true	false		5,6,7	0	PSS/compat-unreached	PSS/after-7
pss_scratch.y3k_d_le_last_joint	pss_scratch	isabelle/layerC/pss_scratch.thy	17477	true	false		5,6,8	0	PSS/compat-unreached	PSS/after-8
pss_scratch.y3k_MCOND_RN	pss_scratch	isabelle/layerC/pss_scratch.thy	17604	true	false		5,6,8	0	PSS/compat-unreached	PSS/after-8
pss_scratch.y3k_regS_red_of_mcond	pss_scratch	isabelle/layerC/pss_scratch.thy	17823	true	false		5,6,8	0	PSS/compat-unreached	PSS/after-8
pss_scratch.y3k_regS	pss_scratch	isabelle/layerC/pss_scratch.thy	17918	true	false		5,6,8	0	PSS/compat-unreached	PSS/after-8
pss_scratch.y3k_regSP_of_diag	pss_scratch	isabelle/layerC/pss_scratch.thy	17929	true	false		5,6,7,8	0	PSS/compat-unreached	PSS/after-8
pss_scratch.y3k_regSP_diag_of_lt	pss_scratch	isabelle/layerC/pss_scratch.thy	18089	true	false		5,6,7,8	0	PSS/compat-unreached	PSS/after-8
pss_scratch.y3k_regSP_of_lt_eqd	pss_scratch	isabelle/layerC/pss_scratch.thy	18230	true	false		5,6,7,8	0	PSS/compat-unreached	PSS/after-8
pss_scratch.y3k_strictlt_eqd	pss_scratch	isabelle/layerC/pss_scratch.thy	18274	true	false		5,6,7,8	0	PSS/compat-unreached	PSS/after-8
pss_scratch.y3k_regSP_uncond	pss_scratch	isabelle/layerC/pss_scratch.thy	18544	true	false		5,6,7,8	0	PSS/compat-unreached	PSS/after-8
pss_scratch.y3k_REGS	pss_scratch	isabelle/layerC/pss_scratch.thy	18558	true	false		5,6,7,8	0	PSS/compat-unreached	PSS/after-8
pss_scratch.y3k_REGSP	pss_scratch	isabelle/layerC/pss_scratch.thy	18569	true	false		5,6,7,8	0	PSS/compat-unreached	PSS/after-8
pss_scratch.y3k_L4_slice_scb	pss_scratch	isabelle/layerC/pss_scratch.thy	18590	true	false		5,6,7,8	0	PSS/compat-unreached	PSS/after-8
pss_scratch.y3l_nVI_of_branch	pss_scratch	isabelle/layerC/pss_scratch.thy	18674	true	false			0	PSS/compat-unreached	PSS/pre-5
pss_scratch.y3l_op1pow_take	pss_scratch	isabelle/layerC/pss_scratch.thy	18682	true	false		5,6,8	0	PSS/compat-unreached	PSS/after-8
pss_scratch.y3l_L_eq_op1pow	pss_scratch	isabelle/layerC/pss_scratch.thy	18706	true	false		5,6,8	0	PSS/compat-unreached	PSS/after-8
pss_scratch.y3l_princN	pss_scratch	isabelle/layerC/pss_scratch.thy	18736	true	false		5,6,7,8	0	PSS/compat-unreached	PSS/after-8
pss_scratch.y3l_e2_eq_ub	pss_scratch	isabelle/layerC/pss_scratch.thy	18761	true	false		5,6	0	PSS/compat-unreached	PSS/after-6
pss_scratch.y3l_p_8_4_oper_basic_part2	pss_scratch	isabelle/layerC/pss_scratch.thy	18777	true	false		5,6,7,8	0	PSS/compat-unreached	PSS/after-8
pss_scratch.y3l_ltJ_of_condIII	pss_scratch	isabelle/layerC/pss_scratch.thy	18901	true	false		5,8	0	PSS/compat-unreached	PSS/after-8
pss_scratch.y3l_p_8_4_oper_basic_part2_condIII	pss_scratch	isabelle/layerC/pss_scratch.thy	18921	true	false		5,6,7,8	0	PSS/compat-unreached	PSS/after-8
pss_scratch.y3m_c2_principal	pss_scratch	isabelle/layerC/pss_scratch.thy	18965	true	false		5,6,7,8	0	PSS/compat-unreached	PSS/after-8
pss_scratch.y3m_N_eq_c2	pss_scratch	isabelle/layerC/pss_scratch.thy	18987	true	false		5,6,7	0	PSS/compat-unreached	PSS/after-7
pss_scratch.y3m_p_8_4_oper_basic_part2_condIV_admeq	pss_scratch	isabelle/layerC/pss_scratch.thy	19021	true	false		5,6,7,8	0	PSS/compat-unreached	PSS/after-8
pss_scratch.y3m_p_8_4_oper_basic_part2_full	pss_scratch	isabelle/layerC/pss_scratch.thy	19105	true	false		5,6,7,8	0	PSS/compat-unreached	PSS/after-8
pss_scratch.y3u_p_7_2_scb_replaceable	pss_scratch	isabelle/layerC/pss_scratch.thy	19166	true	false	7	7	1	chapter-7/local	PSS/after-7
pss_scratch.y3t_toplevel_OT_tail_annihilate	pss_scratch	isabelle/layerC/pss_scratch.thy	19355	true	false		8	0	PSS/compat-unreached	PSS/after-8
pss_scratch.y3t_7_4_Mark_nextAdm_TPS_of_bricks	pss_scratch	isabelle/layerC/pss_scratch.thy	19413	true	false		5,6,7	0	PSS/compat-unreached	PSS/after-7
pss_scratch.y3w_le0_bounds	pss_scratch	isabelle/layerC/pss_scratch.thy	19519	false	false			0	PSS/compat-unreached	PSS/pre-5
pss_scratch.y3w_le0_iff	pss_scratch	isabelle/layerC/pss_scratch.thy	19523	true	false		5	0	PSS/compat-unreached	PSS/after-5
pss_scratch.y3w_le0_window	pss_scratch	isabelle/layerC/pss_scratch.thy	19552	true	false		5	0	PSS/compat-unreached	PSS/after-5
pss_scratch.y3w_nonmulti_le0_from0	pss_scratch	isabelle/layerC/pss_scratch.thy	19592	true	false		5,6	0	PSS/compat-unreached	PSS/after-6
pss_scratch.y3w_concat_bound	pss_scratch	isabelle/layerC/pss_scratch.thy	19604	true	false			0	PSS/compat-unreached	PSS/pre-5
pss_scratch.y3w_entry_concat	pss_scratch	isabelle/layerC/pss_scratch.thy	19619	true	false			0	PSS/compat-unreached	PSS/pre-5
pss_scratch.y3w_maplen_eq	pss_scratch	isabelle/layerC/pss_scratch.thy	19628	false	false			0	PSS/compat-unreached	PSS/pre-5
pss_scratch.y3w_Br_tne	pss_scratch	isabelle/layerC/pss_scratch.thy	19636	true	false			0	PSS/compat-unreached	PSS/pre-5
pss_scratch.y3w_Br_concat	pss_scratch	isabelle/layerC/pss_scratch.thy	19644	true	false			0	PSS/compat-unreached	PSS/pre-5
pss_scratch.y3w_entry_block	pss_scratch	isabelle/layerC/pss_scratch.thy	19649	true	false			0	PSS/compat-unreached	PSS/pre-5
pss_scratch.y3w_block_locate	pss_scratch	isabelle/layerC/pss_scratch.thy	19674	true	false			0	PSS/compat-unreached	PSS/pre-5
pss_scratch.y3w_block_leftmin	pss_scratch	isabelle/layerC/pss_scratch.thy	19695	true	false		5,6	0	PSS/compat-unreached	PSS/after-6
pss_scratch.y3w_entry_Red_block	pss_scratch	isabelle/layerC/pss_scratch.thy	19735	true	false		5,6	0	PSS/compat-unreached	PSS/after-6
pss_scratch.y3w_Red_le0	pss_scratch	isabelle/layerC/pss_scratch.thy	19812	true	false		5,6	0	PSS/compat-unreached	PSS/after-6
pss_scratch.y3w_Red2_le0	pss_scratch	isabelle/layerC/pss_scratch.thy	20289	true	false		5,6	0	PSS/compat-unreached	PSS/after-6
pss_scratch.y3w_Red2_leR0	pss_scratch	isabelle/layerC/pss_scratch.thy	20297	true	false		5,6	0	PSS/compat-unreached	PSS/after-6
pss_scratch.y3w_le0_adj	pss_scratch	isabelle/layerC/pss_scratch.thy	20310	true	false		5	0	PSS/compat-unreached	PSS/after-5
pss_scratch.y3w_nextrel1_adj	pss_scratch	isabelle/layerC/pss_scratch.thy	20334	true	false		5	0	PSS/compat-unreached	PSS/after-5
pss_scratch.y3w_nadm_local	pss_scratch	isabelle/layerC/pss_scratch.thy	20362	true	false		5	0	PSS/compat-unreached	PSS/after-5
pss_scratch.y3w_adm_0	pss_scratch	isabelle/layerC/pss_scratch.thy	20380	true	false			0	PSS/compat-unreached	PSS/pre-5
pss_scratch.y3w_7_4_Mark_nextAdm_TPS_of_adm	pss_scratch	isabelle/layerC/pss_scratch.thy	20386	true	false		5,6,7	0	PSS/compat-unreached	PSS/after-7
pss_scratch.y3x_adm_last	pss_scratch	isabelle/layerC/pss_scratch.thy	20463	false	false			0	PSS/compat-unreached	PSS/pre-5
pss_scratch.y3x_TrMax_le_of_adm	pss_scratch	isabelle/layerC/pss_scratch.thy	20472	true	false			0	PSS/compat-unreached	PSS/pre-5
pss_scratch.y3x_entry_NJ_hi	pss_scratch	isabelle/layerC/pss_scratch.thy	20488	false	false			0	PSS/compat-unreached	PSS/pre-5
pss_scratch.y3x_entry_Red_block	pss_scratch	isabelle/layerC/pss_scratch.thy	20497	true	false		5,6	0	PSS/compat-unreached	PSS/after-6
pss_scratch.y3x_npJ_parent	pss_scratch	isabelle/layerC/pss_scratch.thy	20556	true	false		5,6	0	PSS/compat-unreached	PSS/after-6
pss_scratch.cexM_Lng	pss_scratch	isabelle/layerC/pss_scratch.thy	20619	false	false			0	PSS/compat-unreached	PSS/pre-5
pss_scratch.cexM_TPS	pss_scratch	isabelle/layerC/pss_scratch.thy	20621	false	false			0	PSS/compat-unreached	PSS/pre-5
pss_scratch.cexM_row0	pss_scratch	isabelle/layerC/pss_scratch.thy	20623	false	false			0	PSS/compat-unreached	PSS/pre-5
pss_scratch.cexM_row1	pss_scratch	isabelle/layerC/pss_scratch.thy	20630	false	false			0	PSS/compat-unreached	PSS/pre-5
pss_scratch.cexM_le0I	pss_scratch	isabelle/layerC/pss_scratch.thy	20637	true	false		5	0	PSS/compat-unreached	PSS/after-5
pss_scratch.cexM_le0D	pss_scratch	isabelle/layerC/pss_scratch.thy	20651	false	false			0	PSS/compat-unreached	PSS/pre-5
pss_scratch.cexM_nx1	pss_scratch	isabelle/layerC/pss_scratch.thy	20654	true	false		5	0	PSS/compat-unreached	PSS/after-5
pss_scratch.cexM_monoT	pss_scratch	isabelle/layerC/pss_scratch.thy	20662	true	false		5	0	PSS/compat-unreached	PSS/after-5
pss_scratch.cexM_nmulti	pss_scratch	isabelle/layerC/pss_scratch.thy	20668	true	false		5	0	PSS/compat-unreached	PSS/after-5
pss_scratch.cexM_nzero	pss_scratch	isabelle/layerC/pss_scratch.thy	20669	false	false			0	PSS/compat-unreached	PSS/pre-5
pss_scratch.cexM_PT	pss_scratch	isabelle/layerC/pss_scratch.thy	20670	true	false		5	0	PSS/compat-unreached	PSS/after-5
pss_scratch.cexM_TrMax	pss_scratch	isabelle/layerC/pss_scratch.thy	20674	true	false		5	0	PSS/compat-unreached	PSS/after-5
pss_scratch.cexM_tail_monoT	pss_scratch	isabelle/layerC/pss_scratch.thy	20686	true	false		5	0	PSS/compat-unreached	PSS/after-5
pss_scratch.cexM_Br	pss_scratch	isabelle/layerC/pss_scratch.thy	20707	true	false		5,6	0	PSS/compat-unreached	PSS/after-6
pss_scratch.cexM_LngBr	pss_scratch	isabelle/layerC/pss_scratch.thy	20722	true	false		5,6	0	PSS/compat-unreached	PSS/after-6
pss_scratch.cexM_FirstNodes	pss_scratch	isabelle/layerC/pss_scratch.thy	20724	true	false		5,6	0	PSS/compat-unreached	PSS/after-6
pss_scratch.cexM_nx0_2	pss_scratch	isabelle/layerC/pss_scratch.thy	20732	false	false			0	PSS/compat-unreached	PSS/pre-5
pss_scratch.cexM_Joints	pss_scratch	isabelle/layerC/pss_scratch.thy	20749	true	false		5,6	0	PSS/compat-unreached	PSS/after-6
pss_scratch.cexM_nx1_2	pss_scratch	isabelle/layerC/pss_scratch.thy	20759	true	false		5	0	PSS/compat-unreached	PSS/after-5
pss_scratch.cexM_npJ	pss_scratch	isabelle/layerC/pss_scratch.thy	20784	true	false		5,6	0	PSS/compat-unreached	PSS/after-6
pss_scratch.cexM_NJ	pss_scratch	isabelle/layerC/pss_scratch.thy	20795	true	false		5,6	0	PSS/compat-unreached	PSS/after-6
pss_scratch.cexM_redA	pss_scratch	isabelle/layerC/pss_scratch.thy	20803	true	false		5,6	0	PSS/compat-unreached	PSS/after-6
pss_scratch.cexM_redNJ	pss_scratch	isabelle/layerC/pss_scratch.thy	20859	true	false		5,6	0	PSS/compat-unreached	PSS/after-6
pss_scratch.cexM_Red	pss_scratch	isabelle/layerC/pss_scratch.thy	20931	true	false		5,6	0	PSS/compat-unreached	PSS/after-6
pss_scratch.cexM_Red2	pss_scratch	isabelle/layerC/pss_scratch.thy	20953	true	false		5,6	0	PSS/compat-unreached	PSS/after-6
pss_scratch.cexM_adm3	pss_scratch	isabelle/layerC/pss_scratch.thy	20964	true	false		5	0	PSS/compat-unreached	PSS/after-5
pss_scratch.cexM_marked3	pss_scratch	isabelle/layerC/pss_scratch.thy	20971	true	false		5	0	PSS/compat-unreached	PSS/after-5
pss_scratch.cexM_anc3	pss_scratch	isabelle/layerC/pss_scratch.thy	20977	true	false		5	0	PSS/compat-unreached	PSS/after-5
pss_scratch.cexM_Red2_nadm3	pss_scratch	isabelle/layerC/pss_scratch.thy	20983	true	false		5,6	0	PSS/compat-unreached	PSS/after-6
pss_scratch.y3z_C4_false	pss_scratch	isabelle/layerC/pss_scratch.thy	20994	true	false		5,6	0	PSS/compat-unreached	PSS/after-6
pss_scratch.cexM_adm	pss_scratch	isabelle/layerC/pss_scratch.thy	21002	true	false		5	0	PSS/compat-unreached	PSS/after-5
pss_scratch.cexM_nextAdm3	pss_scratch	isabelle/layerC/pss_scratch.thy	21026	true	false		5	0	PSS/compat-unreached	PSS/after-5
pss_scratch.cexM_nextAdm_only3	pss_scratch	isabelle/layerC/pss_scratch.thy	21045	true	false		5	0	PSS/compat-unreached	PSS/after-5
pss_scratch.cexM_nextAdm_ex1	pss_scratch	isabelle/layerC/pss_scratch.thy	21060	true	false		5	0	PSS/compat-unreached	PSS/after-5
pss_scratch.cexM_nextAdm_unique	pss_scratch	isabelle/layerC/pss_scratch.thy	21063	true	false		5	0	PSS/compat-unreached	PSS/after-5
pss_scratch.y3z_brickA_false	pss_scratch	isabelle/layerC/pss_scratch.thy	21066	true	false		5,6	0	PSS/compat-unreached	PSS/after-6
pss_scratch.y3y_Mark_princ_aux	pss_scratch	isabelle/layerC/pss_scratch.thy	21137	true	false		5,6,7	0	PSS/compat-unreached	PSS/after-7
pss_scratch.y3y_Mark_princ	pss_scratch	isabelle/layerC/pss_scratch.thy	21407	true	false		5,6,7	0	PSS/compat-unreached	PSS/after-7
pss_scratch.y3y_Mark_isPTB	pss_scratch	isabelle/layerC/pss_scratch.thy	21413	true	false		5,6,7	0	PSS/compat-unreached	PSS/after-7
pss_scratch.y4a_Mark_self_decomp	pss_scratch	isabelle/layerC/pss_scratch.thy	21460	true	false		5,6,7	0	PSS/compat-unreached	PSS/after-7
pss_scratch.y4a_MarkedB_self	pss_scratch	isabelle/layerC/pss_scratch.thy	21465	true	false		5,6,7	0	PSS/compat-unreached	PSS/after-7
pss_scratch.y4b_Mark_nest_free_aux	pss_scratch	isabelle/layerC/pss_scratch.thy	21493	true	false		5,6,7	0	PSS/compat-unreached	PSS/after-7
pss_scratch.y4b_Mark_nest_free	pss_scratch	isabelle/layerC/pss_scratch.thy	21941	true	false		5,6,7	0	PSS/compat-unreached	PSS/after-7
pss_scratch.y4c_Mark_nest_free_ex1	pss_scratch	isabelle/layerC/pss_scratch.thy	21955	true	false		5,6,7	0	PSS/compat-unreached	PSS/after-7
pss_scratch.y4d_Mark_nest_Pred_aux	pss_scratch	isabelle/layerC/pss_scratch.thy	22029	true	false		5,6,7	0	PSS/compat-unreached	PSS/after-7
pss_scratch.y4d_Mark_nest_Pred_joint	pss_scratch	isabelle/layerC/pss_scratch.thy	22417	true	false		5,6,7	0	PSS/compat-unreached	PSS/after-7
pss_scratch.y4e_Mark_nest_relaxed	pss_scratch	isabelle/layerC/pss_scratch.thy	22458	true	false		5,6,7	0	PSS/compat-unreached	PSS/after-7
pss_scratch.y4e_Mark_nest_relaxed_Pred	pss_scratch	isabelle/layerC/pss_scratch.thy	22464	true	false		5,6,7	0	PSS/compat-unreached	PSS/after-7
pss_scratch.y4f_surg_guard_of_jm1	pss_scratch	isabelle/layerC/pss_scratch.thy	22532	true	false		5,6,7	0	PSS/compat-unreached	PSS/after-7
pss_scratch.y4f_Mark_nest_Pred_joint_sharp_aux	pss_scratch	isabelle/layerC/pss_scratch.thy	22544	true	false		5,6,7	0	PSS/compat-unreached	PSS/after-7
pss_scratch.y4f_Mark_nest_Pred_joint_sharp	pss_scratch	isabelle/layerC/pss_scratch.thy	22796	true	false		5,6,7	0	PSS/compat-unreached	PSS/after-7
pss_scratch.y6_scb_self_unique	pss_scratch	isabelle/layerC/pss_scratch.thy	22883	true	false			0	PSS/compat-unreached	PSS/pre-5
pss_scratch.y6_scb_self	pss_scratch	isabelle/layerC/pss_scratch.thy	22895	false	false			0	PSS/compat-unreached	PSS/pre-5
pss_scratch.y6_Mark_selfnest_RT	pss_scratch	isabelle/layerC/pss_scratch.thy	22908	true	false		5,6,7	0	PSS/compat-unreached	PSS/after-7
pss_scratch.y6_Mark_selfnest_TPS	pss_scratch	isabelle/layerC/pss_scratch.thy	22940	true	false		5,6,7	0	PSS/compat-unreached	PSS/after-7
pss_scratch.y6_7_4_Mark_nextAdm_TPS	pss_scratch	isabelle/layerC/pss_scratch.thy	22982	true	false		5,6,7	0	PSS/compat-unreached	PSS/after-7
pss_scratch.y6z_no_common_position	pss_scratch	isabelle/layerC/pss_scratch.thy	23086	true	false		7	0	PSS/compat-unreached	PSS/after-7
pss_scratch.y6z_nest_false_at	pss_scratch	isabelle/layerC/pss_scratch.thy	23106	true	false		7	0	PSS/compat-unreached	PSS/after-7
pss_scratch.y6x_Trans_t1z	pss_scratch	isabelle/layerC/pss_scratch.thy	23208	true	false		5,6,7	0	PSS/compat-unreached	PSS/after-7
pss_scratch.y6x_Mark_t1z	pss_scratch	isabelle/layerC/pss_scratch.thy	23219	true	false		5,6,7	0	PSS/compat-unreached	PSS/after-7
pss_scratch.y6x_Mark_ge	pss_scratch	isabelle/layerC/pss_scratch.thy	23231	true	false		5,6,7	0	PSS/compat-unreached	PSS/after-7
pss_scratch.y6x_Mark_surg	pss_scratch	isabelle/layerC/pss_scratch.thy	23243	true	false		5,6,7	0	PSS/compat-unreached	PSS/after-7
pss_scratch.y6x_Trans_surg	pss_scratch	isabelle/layerC/pss_scratch.thy	23301	true	false		5,6,7	0	PSS/compat-unreached	PSS/after-7
pss_scratch.y6x_SOME_scb	pss_scratch	isabelle/layerC/pss_scratch.thy	23360	true	false		7	0	PSS/compat-unreached	PSS/after-7
pss_scratch.y6x_scb_I	pss_scratch	isabelle/layerC/pss_scratch.thy	23372	false	false			0	PSS/compat-unreached	PSS/pre-5
pss_scratch.y6x_MarkedB_I	pss_scratch	isabelle/layerC/pss_scratch.thy	23379	false	false			0	PSS/compat-unreached	PSS/pre-5
pss_scratch.y6x_MarkedB_len	pss_scratch	isabelle/layerC/pss_scratch.thy	23387	true	false			0	PSS/compat-unreached	PSS/pre-5
pss_scratch.y6x_not_MarkedB	pss_scratch	isabelle/layerC/pss_scratch.thy	23396	true	false			0	PSS/compat-unreached	PSS/pre-5
pss_scratch.y6x_Adm_pred	pss_scratch	isabelle/layerC/pss_scratch.thy	23402	false	false			0	PSS/compat-unreached	PSS/pre-5
pss_scratch.y6x_Adm_self	pss_scratch	isabelle/layerC/pss_scratch.thy	23414	false	false			0	PSS/compat-unreached	PSS/pre-5
pss_scratch.y6x_scb_right	pss_scratch	isabelle/layerC/pss_scratch.thy	23419	true	false			0	PSS/compat-unreached	PSS/pre-5
pss_scratch.y6x_scb_self	pss_scratch	isabelle/layerC/pss_scratch.thy	23436	true	false			0	PSS/compat-unreached	PSS/pre-5
pss_scratch.y6_Lng	pss_scratch	isabelle/layerC/pss_scratch.thy	23459	false	false			0	PSS/compat-unreached	PSS/pre-5
pss_scratch.y6_TPS	pss_scratch	isabelle/layerC/pss_scratch.thy	23464	false	false			0	PSS/compat-unreached	PSS/pre-5
pss_scratch.y6_Pred	pss_scratch	isabelle/layerC/pss_scratch.thy	23469	true	false			0	PSS/compat-unreached	PSS/pre-5
pss_scratch.y6_L	pss_scratch	isabelle/layerC/pss_scratch.thy	23474	false	false			0	PSS/compat-unreached	PSS/pre-5
pss_scratch.y6B2_le0	pss_scratch	isabelle/layerC/pss_scratch.thy	23481	true	false		5	0	PSS/compat-unreached	PSS/after-5
pss_scratch.y6B3_le0	pss_scratch	isabelle/layerC/pss_scratch.thy	23492	true	false		5	0	PSS/compat-unreached	PSS/after-5
pss_scratch.y6B4_le0	pss_scratch	isabelle/layerC/pss_scratch.thy	23503	true	false		5	0	PSS/compat-unreached	PSS/after-5
pss_scratch.y6B5_le0	pss_scratch	isabelle/layerC/pss_scratch.thy	23514	true	false		5	0	PSS/compat-unreached	PSS/after-5
pss_scratch.y6B6_le0	pss_scratch	isabelle/layerC/pss_scratch.thy	23525	true	false		5	0	PSS/compat-unreached	PSS/after-5
pss_scratch.y6_monoT	pss_scratch	isabelle/layerC/pss_scratch.thy	23536	true	false		5	0	PSS/compat-unreached	PSS/after-5
pss_scratch.y6B3_par	pss_scratch	isabelle/layerC/pss_scratch.thy	23543	false	false			0	PSS/compat-unreached	PSS/pre-5
pss_scratch.y6B4_par	pss_scratch	isabelle/layerC/pss_scratch.thy	23572	true	false			0	PSS/compat-unreached	PSS/pre-5
pss_scratch.y6B5_par	pss_scratch	isabelle/layerC/pss_scratch.thy	23597	true	false			0	PSS/compat-unreached	PSS/pre-5
pss_scratch.y6B6_par	pss_scratch	isabelle/layerC/pss_scratch.thy	23622	false	false			0	PSS/compat-unreached	PSS/pre-5
pss_scratch.y6B3_jp	pss_scratch	isabelle/layerC/pss_scratch.thy	23671	false	false			0	PSS/compat-unreached	PSS/pre-5
pss_scratch.y6B4_jp	pss_scratch	isabelle/layerC/pss_scratch.thy	23672	true	false			0	PSS/compat-unreached	PSS/pre-5
pss_scratch.y6B5_jp	pss_scratch	isabelle/layerC/pss_scratch.thy	23673	true	false			0	PSS/compat-unreached	PSS/pre-5
pss_scratch.y6B6_jp	pss_scratch	isabelle/layerC/pss_scratch.thy	23674	false	false			0	PSS/compat-unreached	PSS/pre-5
pss_scratch.y6B4_adm2	pss_scratch	isabelle/layerC/pss_scratch.thy	23680	true	false		5	0	PSS/compat-unreached	PSS/after-5
pss_scratch.y6B5_adm2	pss_scratch	isabelle/layerC/pss_scratch.thy	23687	true	false		5	0	PSS/compat-unreached	PSS/after-5
pss_scratch.y6B5_nadm3	pss_scratch	isabelle/layerC/pss_scratch.thy	23694	true	false		5	0	PSS/compat-unreached	PSS/after-5
pss_scratch.y6B6_adm2	pss_scratch	isabelle/layerC/pss_scratch.thy	23701	true	false		5	0	PSS/compat-unreached	PSS/after-5
pss_scratch.y6B6_nadm3	pss_scratch	isabelle/layerC/pss_scratch.thy	23708	true	false		5	0	PSS/compat-unreached	PSS/after-5
pss_scratch.y6B5_Adm3	pss_scratch	isabelle/layerC/pss_scratch.thy	23715	true	false		5	0	PSS/compat-unreached	PSS/after-5
pss_scratch.y6B6_Adm3	pss_scratch	isabelle/layerC/pss_scratch.thy	23722	true	false		5	0	PSS/compat-unreached	PSS/after-5
pss_scratch.y6B4_Adm2	pss_scratch	isabelle/layerC/pss_scratch.thy	23729	true	false		5	0	PSS/compat-unreached	PSS/after-5
pss_scratch.y6B3_Adm0	pss_scratch	isabelle/layerC/pss_scratch.thy	23730	true	false			0	PSS/compat-unreached	PSS/pre-5
pss_scratch.y6M_le0_05	pss_scratch	isabelle/layerC/pss_scratch.thy	23735	true	false		5	0	PSS/compat-unreached	PSS/after-5
pss_scratch.y6M_le0_03	pss_scratch	isabelle/layerC/pss_scratch.thy	23746	true	false		5	0	PSS/compat-unreached	PSS/after-5
pss_scratch.y6M_le0_35	pss_scratch	isabelle/layerC/pss_scratch.thy	23757	true	false		5	0	PSS/compat-unreached	PSS/after-5
pss_scratch.y6M_le0_02	pss_scratch	isabelle/layerC/pss_scratch.thy	23768	true	false		5	0	PSS/compat-unreached	PSS/after-5
pss_scratch.y6M_nle0_45	pss_scratch	isabelle/layerC/pss_scratch.thy	23779	true	false		5	0	PSS/compat-unreached	PSS/after-5
pss_scratch.y6M_nle0_12	pss_scratch	isabelle/layerC/pss_scratch.thy	23788	true	false		5	0	PSS/compat-unreached	PSS/after-5
pss_scratch.y6M_monoT	pss_scratch	isabelle/layerC/pss_scratch.thy	23797	true	false		5	0	PSS/compat-unreached	PSS/after-5
pss_scratch.y6M_nmulti	pss_scratch	isabelle/layerC/pss_scratch.thy	23800	true	false		5	0	PSS/compat-unreached	PSS/after-5
pss_scratch.y6M_nzero	pss_scratch	isabelle/layerC/pss_scratch.thy	23801	false	false			0	PSS/compat-unreached	PSS/pre-5
pss_scratch.y6M_adm	pss_scratch	isabelle/layerC/pss_scratch.thy	23806	true	false		5	0	PSS/compat-unreached	PSS/after-5
pss_scratch.y6M_adm3	pss_scratch	isabelle/layerC/pss_scratch.thy	23838	true	false		5	0	PSS/compat-unreached	PSS/after-5
pss_scratch.y6M_TrMax	pss_scratch	isabelle/layerC/pss_scratch.thy	23840	true	false		5	0	PSS/compat-unreached	PSS/after-5
pss_scratch.y6M_seg25	pss_scratch	isabelle/layerC/pss_scratch.thy	23853	true	false			0	PSS/compat-unreached	PSS/pre-5
pss_scratch.y6M_branch_monoT	pss_scratch	isabelle/layerC/pss_scratch.thy	23856	true	false		5	0	PSS/compat-unreached	PSS/after-5
pss_scratch.y6M_Br	pss_scratch	isabelle/layerC/pss_scratch.thy	23874	true	false		5,6	0	PSS/compat-unreached	PSS/after-6
pss_scratch.y6M_LngBr	pss_scratch	isabelle/layerC/pss_scratch.thy	23891	true	false		5,6	0	PSS/compat-unreached	PSS/after-6
pss_scratch.y6M_FirstNodes	pss_scratch	isabelle/layerC/pss_scratch.thy	23893	true	false		5,6	0	PSS/compat-unreached	PSS/after-6
pss_scratch.y6M_nx0_2	pss_scratch	isabelle/layerC/pss_scratch.thy	23901	false	false			0	PSS/compat-unreached	PSS/pre-5
pss_scratch.y6M_Joints	pss_scratch	isabelle/layerC/pss_scratch.thy	23923	true	false		5,6	0	PSS/compat-unreached	PSS/after-6
pss_scratch.y6M_nx1_2	pss_scratch	isabelle/layerC/pss_scratch.thy	23933	true	false		5	0	PSS/compat-unreached	PSS/after-5
pss_scratch.y6M_npJ	pss_scratch	isabelle/layerC/pss_scratch.thy	23956	true	false		5,6	0	PSS/compat-unreached	PSS/after-6
pss_scratch.y6M_NJ	pss_scratch	isabelle/layerC/pss_scratch.thy	23967	true	false		5,6	0	PSS/compat-unreached	PSS/after-6
pss_scratch.y6_redNarg	pss_scratch	isabelle/layerC/pss_scratch.thy	23973	true	false		5,6	0	PSS/compat-unreached	PSS/after-6
pss_scratch.y6_redNJ	pss_scratch	isabelle/layerC/pss_scratch.thy	24192	true	false		5,6	0	PSS/compat-unreached	PSS/after-6
pss_scratch.y6M_Red	pss_scratch	isabelle/layerC/pss_scratch.thy	24258	true	false		5,6	0	PSS/compat-unreached	PSS/after-6
pss_scratch.y6B6_RT	pss_scratch	isabelle/layerC/pss_scratch.thy	24276	true	false		5,6	0	PSS/compat-unreached	PSS/after-6
pss_scratch.y6B5_RT	pss_scratch	isabelle/layerC/pss_scratch.thy	24285	true	false		5,6	0	PSS/compat-unreached	PSS/after-6
pss_scratch.y6B4_RT	pss_scratch	isabelle/layerC/pss_scratch.thy	24286	true	false		5,6	0	PSS/compat-unreached	PSS/after-6
pss_scratch.y6B3_RT	pss_scratch	isabelle/layerC/pss_scratch.thy	24287	true	false		5,6	0	PSS/compat-unreached	PSS/after-6
pss_scratch.y6B2_RT	pss_scratch	isabelle/layerC/pss_scratch.thy	24288	true	false		5,6	0	PSS/compat-unreached	PSS/after-6
pss_scratch.y6_Trans_B1	pss_scratch	isabelle/layerC/pss_scratch.thy	24293	true	false		5,6,7	0	PSS/compat-unreached	PSS/after-7
pss_scratch.y6_Trans_B2	pss_scratch	isabelle/layerC/pss_scratch.thy	24296	true	false		5,6,7	0	PSS/compat-unreached	PSS/after-7
pss_scratch.y6_Mark_B2	pss_scratch	isabelle/layerC/pss_scratch.thy	24304	true	false		5,6,7	0	PSS/compat-unreached	PSS/after-7
pss_scratch.y6_Mark_B2_0	pss_scratch	isabelle/layerC/pss_scratch.thy	24314	true	false		5,6,7	0	PSS/compat-unreached	PSS/after-7
pss_scratch.y6B3_c1	pss_scratch	isabelle/layerC/pss_scratch.thy	24319	true	false		5,6,7	0	PSS/compat-unreached	PSS/after-7
pss_scratch.y6B3_condV	pss_scratch	isabelle/layerC/pss_scratch.thy	24329	false	false			0	PSS/compat-unreached	PSS/pre-5
pss_scratch.y6B3_c2	pss_scratch	isabelle/layerC/pss_scratch.thy	24332	true	false		5,6,7	0	PSS/compat-unreached	PSS/after-7
pss_scratch.y6_Trans_B3	pss_scratch	isabelle/layerC/pss_scratch.thy	24342	true	false		5,6,7	0	PSS/compat-unreached	PSS/after-7
pss_scratch.y6_Mark_B3_0	pss_scratch	isabelle/layerC/pss_scratch.thy	24360	true	false		5,6,7	0	PSS/compat-unreached	PSS/after-7
pss_scratch.y6_Mark_B3_2	pss_scratch	isabelle/layerC/pss_scratch.thy	24382	true	false		5,6,7	0	PSS/compat-unreached	PSS/after-7
pss_scratch.y6B4_c1	pss_scratch	isabelle/layerC/pss_scratch.thy	24393	true	false		5,6,7	0	PSS/compat-unreached	PSS/after-7
pss_scratch.y6B4_conds	pss_scratch	isabelle/layerC/pss_scratch.thy	24403	true	false			0	PSS/compat-unreached	PSS/pre-5
pss_scratch.y6B4_c2	pss_scratch	isabelle/layerC/pss_scratch.thy	24408	true	false		5,6,7	0	PSS/compat-unreached	PSS/after-7
pss_scratch.y6_Trans_B4	pss_scratch	isabelle/layerC/pss_scratch.thy	24418	true	false		5,6,7	0	PSS/compat-unreached	PSS/after-7
pss_scratch.y6_Mark_B4_0	pss_scratch	isabelle/layerC/pss_scratch.thy	24446	true	false		5,6,7	0	PSS/compat-unreached	PSS/after-7
pss_scratch.y6_Mark_B4_2	pss_scratch	isabelle/layerC/pss_scratch.thy	24477	true	false		5,6,7	0	PSS/compat-unreached	PSS/after-7
pss_scratch.y6_Mark_B4_3	pss_scratch	isabelle/layerC/pss_scratch.thy	24499	true	false		5,6,7	0	PSS/compat-unreached	PSS/after-7
pss_scratch.y6B5_c1	pss_scratch	isabelle/layerC/pss_scratch.thy	24513	true	false		5,6,7	0	PSS/compat-unreached	PSS/after-7
pss_scratch.y6B5_conds	pss_scratch	isabelle/layerC/pss_scratch.thy	24523	true	false			0	PSS/compat-unreached	PSS/pre-5
pss_scratch.y6B5_c2	pss_scratch	isabelle/layerC/pss_scratch.thy	24528	true	false		5,6,7	0	PSS/compat-unreached	PSS/after-7
pss_scratch.y6_Trans_B5	pss_scratch	isabelle/layerC/pss_scratch.thy	24538	true	false		5,6,7	0	PSS/compat-unreached	PSS/after-7
pss_scratch.y6_Mark_B5_0	pss_scratch	isabelle/layerC/pss_scratch.thy	24567	true	false		5,6,7	0	PSS/compat-unreached	PSS/after-7
pss_scratch.y6_Mark_B5_2	pss_scratch	isabelle/layerC/pss_scratch.thy	24599	true	false		5,6,7	0	PSS/compat-unreached	PSS/after-7
pss_scratch.y6_Mark_B5_3	pss_scratch	isabelle/layerC/pss_scratch.thy	24622	true	false		5,6,7	0	PSS/compat-unreached	PSS/after-7
pss_scratch.y6B6_c1	pss_scratch	isabelle/layerC/pss_scratch.thy	24642	true	false		5,6,7	0	PSS/compat-unreached	PSS/after-7
pss_scratch.y6B6_condV	pss_scratch	isabelle/layerC/pss_scratch.thy	24652	false	false			0	PSS/compat-unreached	PSS/pre-5
pss_scratch.y6B6_c2	pss_scratch	isabelle/layerC/pss_scratch.thy	24655	true	false		5,6,7	0	PSS/compat-unreached	PSS/after-7
pss_scratch.y6_Mark_B6_3	pss_scratch	isabelle/layerC/pss_scratch.thy	24665	true	false		5,6,7	0	PSS/compat-unreached	PSS/after-7
pss_scratch.y6_Mark_B6_0	pss_scratch	isabelle/layerC/pss_scratch.thy	24680	true	false		5,6,7	0	PSS/compat-unreached	PSS/after-7
pss_scratch.y6M_Red2	pss_scratch	isabelle/layerC/pss_scratch.thy	24717	true	false		5,6	0	PSS/compat-unreached	PSS/after-6
pss_scratch.y6M_Mark	pss_scratch	isabelle/layerC/pss_scratch.thy	24725	true	false		5,6,7	0	PSS/compat-unreached	PSS/after-7
pss_scratch.y6M_Pred_Mark	pss_scratch	isabelle/layerC/pss_scratch.thy	24731	true	false		5,6,7	0	PSS/compat-unreached	PSS/after-7
pss_scratch.y6M_nextAdm3	pss_scratch	isabelle/layerC/pss_scratch.thy	24743	true	false		5	0	PSS/compat-unreached	PSS/after-5
pss_scratch.y6M_nextAdm_only3	pss_scratch	isabelle/layerC/pss_scratch.thy	24760	true	false		5	0	PSS/compat-unreached	PSS/after-5
pss_scratch.y6M_nextAdm_ex1	pss_scratch	isabelle/layerC/pss_scratch.thy	24786	true	false		5	0	PSS/compat-unreached	PSS/after-5
pss_scratch.y6M_nextAdm_THE	pss_scratch	isabelle/layerC/pss_scratch.thy	24789	true	false		5	0	PSS/compat-unreached	PSS/after-5
pss_scratch.y6M_marked0	pss_scratch	isabelle/layerC/pss_scratch.thy	24792	true	false		5	0	PSS/compat-unreached	PSS/after-5
pss_scratch.y6M_leR_0_3	pss_scratch	isabelle/layerC/pss_scratch.thy	24798	true	false		5	0	PSS/compat-unreached	PSS/after-5
pss_scratch.y6M_cores_coincide	pss_scratch	isabelle/layerC/pss_scratch.thy	24804	true	false		5,6,7	0	PSS/compat-unreached	PSS/after-7
pss_scratch.y6M_marks_differ	pss_scratch	isabelle/layerC/pss_scratch.thy	24807	true	false		5,6,7	0	PSS/compat-unreached	PSS/after-7
pss_scratch.y6z_7_4_Mark_nextAdm_TPS_false	pss_scratch	isabelle/layerC/pss_scratch.thy	24810	true	false		5,6,7	0	PSS/compat-unreached	PSS/after-7
