rank	fact	serial	theory	source_file	source_line
1	pss_paper.p_5_1_parent_exists_1	465592	pss_paper	isabelle/pss_paper.thy	26
2	pss_paper.p_5_1_parent_exists_2	465600	pss_paper	isabelle/pss_paper.thy	32
3	pss_paper.p_5_1_parent_exists_3	465608	pss_paper	isabelle/pss_paper.thy	38
4	pss_paper.p_5_1_parent_exists_4	465616	pss_paper	isabelle/pss_paper.thy	44
5	pss_paper.p_5_1_parent_basic_1	465622	pss_paper	isabelle/pss_paper.thy	53
6	pss_paper.p_5_1_parent_basic_2	465632	pss_paper	isabelle/pss_paper.thy	59
7	pss_paper.p_5_1_ancestor_basic_1	465640	pss_paper	isabelle/pss_paper.thy	67
8	pss_paper.p_5_1_ancestor_basic_2	465648	pss_paper	isabelle/pss_paper.thy	73
9	pss_paper.p_5_1_ancestor_tree_1	465656	pss_paper	isabelle/pss_paper.thy	81
10	pss_paper.p_5_1_ancestor_tree_2	465664	pss_paper	isabelle/pss_paper.thy	86
11	pss_paper.p_5_3_pred_is_oper1	465672	pss_paper	isabelle/pss_paper.thy	96
12	pss_paper.p_5_4_F_oper_dom	465680	pss_paper	isabelle/pss_paper.thy	115
13	pss_paper.p_5_4_F_oper_val	465688	pss_paper	isabelle/pss_paper.thy	120
14	pss_paper.p_6_1_le_IncrFirst_inv	465696	pss_paper	isabelle/pss_paper.thy	132
15	pss_paper.p_6_2_multi_crit_12	465704	pss_paper	isabelle/pss_paper.thy	142
16	pss_paper.p_6_2_multi_crit_23	465712	pss_paper	isabelle/pss_paper.thy	147
17	pss_paper.p_6_2_mono_prefix	465720	pss_paper	isabelle/pss_paper.thy	155
18	pss_paper.p_6_2_mono_ancestor_slice	465728	pss_paper	isabelle/pss_paper.thy	162
19	pss_paper.p_6_2_P_IncrFirst	465736	pss_paper	isabelle/pss_paper.thy	169
20	pss_paper.p_6_2_P_components_1	465744	pss_paper	isabelle/pss_paper.thy	176
21	pss_paper.p_6_2_P_components_2	465752	pss_paper	isabelle/pss_paper.thy	181
22	pss_paper.p_6_2_P_additive	465760	pss_paper	isabelle/pss_paper.thy	188
23	pss_paper.p_6_2_P_oper_1	465768	pss_paper	isabelle/pss_paper.thy	197
24	pss_paper.p_6_2_P_oper_2	465776	pss_paper	isabelle/pss_paper.thy	203
25	pss_paper.p_6_2_nonmulti_oper_1	465784	pss_paper	isabelle/pss_paper.thy	212
26	pss_paper.p_6_2_nonmulti_oper_2	465792	pss_paper	isabelle/pss_paper.thy	218
27	pss_paper.p_6_3_adm_slice	465800	pss_paper	isabelle/pss_paper.thy	229
28	pss_paper.p_6_3_admof_slice	465808	pss_paper	isabelle/pss_paper.thy	236
29	pss_paper.p_6_3_marked_slice	465816	pss_paper	isabelle/pss_paper.thy	243
30	pss_paper.p_6_4_P_IdxSum	465824	pss_paper	isabelle/pss_paper.thy	254
31	pss_paper.p_6_4_P_IdxSum_char_1	465832	pss_paper	isabelle/pss_paper.thy	261
32	pss_paper.p_6_4_P_IdxSum_char_2	465840	pss_paper	isabelle/pss_paper.thy	266
33	pss_paper.p_6_4_P_leftend_mono	465848	pss_paper	isabelle/pss_paper.thy	273
34	pss_paper.p_6_4_mono_slice_next	465856	pss_paper	isabelle/pss_paper.thy	280
35	pss_paper.p_6_4_FirstNodes_TrMax_Joints	465864	pss_paper	isabelle/pss_paper.thy	292
36	pss_paper.p_6_4_FirstNodes_Joints_mono	465872	pss_paper	isabelle/pss_paper.thy	307
37	pss_paper.p_6_4_mono_slice	465880	pss_paper	isabelle/pss_paper.thy	316
38	pss_paper.p_6_5_Red_welldef	465888	pss_paper	isabelle/pss_paper.thy	345
39	pss_paper.p_6_5_Red_IncrFirst	465896	pss_paper	isabelle/pss_paper.thy	352
40	pss_paper.p_6_5_Lng_Red	465904	pss_paper	isabelle/pss_paper.thy	359
41	pss_paper.p_6_5_Red_zeroT	465912	pss_paper	isabelle/pss_paper.thy	366
42	pss_paper.p_6_5_Red_le	465920	pss_paper	isabelle/pss_paper.thy	373
43	pss_paper.p_6_5_Red_monoT	465928	pss_paper	isabelle/pss_paper.thy	380
44	pss_paper.p_6_5_P_Red	465936	pss_paper	isabelle/pss_paper.thy	387
45	pss_paper.p_6_5_monoT_Red	465944	pss_paper	isabelle/pss_paper.thy	404
46	pss_paper.p_6_5_Red_idem	465952	pss_paper	isabelle/pss_paper.thy	412
47	pss_paper.p_6_5_Red_Pred	465960	pss_paper	isabelle/pss_paper.thy	419
48	pss_paper.p_6_5_Red_oper	465968	pss_paper	isabelle/pss_paper.thy	426
49	pss_paper.p_6_5_Red_adm	465976	pss_paper	isabelle/pss_paper.thy	433
50	pss_paper.p_6_5_admof_Red	465984	pss_paper	isabelle/pss_paper.thy	440
51	pss_paper.p_6_5_Red_marked	465992	pss_paper	isabelle/pss_paper.thy	449
52	pss_paper.p_6_6_reduced_slice	466000	pss_paper	isabelle/pss_paper.thy	463
53	pss_paper.p_6_6_P_reduced	466008	pss_paper	isabelle/pss_paper.thy	470
54	pss_paper.p_6_6_reduced_oper	466016	pss_paper	isabelle/pss_paper.thy	477
55	pss_paper.p_6_6_reduced_iff_cond	466024	pss_paper	isabelle/pss_paper.thy	484
56	pss_paper.p_6_6_Red_leftend_1	466032	pss_paper	isabelle/pss_paper.thy	491
57	pss_paper.p_6_6_Red_leftend_2	466040	pss_paper	isabelle/pss_paper.thy	498
58	pss_paper.p_6_6_reduced_coeff	466048	pss_paper	isabelle/pss_paper.thy	506
59	pss_paper.p_6_6_reduced_leftend	466056	pss_paper	isabelle/pss_paper.thy	514
60	pss_paper.p_6_6_condAB_coeff	466064	pss_paper	isabelle/pss_paper.thy	522
61	pss_paper.p_6_6_ancestor_slice_Red_IncrFirst	466072	pss_paper	isabelle/pss_paper.thy	535
62	pss_paper.p_6_6_oneColumn	466080	pss_paper	isabelle/pss_paper.thy	545
63	pss_paper.p_6_7_standard_reduced	466088	pss_paper	isabelle/pss_paper.thy	555
64	pss_paper.p_6_7_ST_eq_Union_SkT	466094	pss_paper	isabelle/pss_paper.thy	561
65	pss_paper.p_6_7_standard_P_components	466104	pss_paper	isabelle/pss_paper.thy	567
66	pss_paper.p_6_7_standard_prefix	466112	pss_paper	isabelle/pss_paper.thy	574
67	pss_paper.p_6_8_standard_slice_Br_descending	466120	pss_paper	isabelle/pss_paper.thy	584
68	pss_paper.p_6_8_standard_P_descending	466128	pss_paper	isabelle/pss_paper.thy	591
69	pss_paper.p_7_1_lessBT_linord	467642	pss_paper	isabelle/pss_paper.thy	642
70	pss_paper.p_7_1_term_components	468840	pss_paper	isabelle/pss_paper.thy	802
71	pss_paper.buc1_2_2_OT_B_wf	468848	pss_paper	isabelle/pss_paper.thy	817
72	pss_paper.buc1_3_2a_fseq_lt	468856	pss_paper	isabelle/pss_paper.thy	822
73	pss_paper.buc1_3_2_OT_B_closed	468862	pss_paper	isabelle/pss_paper.thy	828
74	pss_paper.p_7_1_paren_balance	470154	pss_paper	isabelle/pss_paper.thy	861
75	pss_paper.p_7_2_scb_replaceable	470288	pss_paper	isabelle/pss_paper.thy	933
76	pss_paper.p_7_2_scb_compose	470296	pss_paper	isabelle/pss_paper.thy	949
77	pss_paper.p_7_2_scb_triviality	470306	pss_paper	isabelle/pss_paper.thy	965
78	pss_paper.p_7_2_scb_unique	470316	pss_paper	isabelle/pss_paper.thy	989
79	pss_paper.p_7_2_add_scb	470332	pss_paper	isabelle/pss_paper.thy	1012
80	pss_paper.p_7_2_scb_fseq	470344	pss_paper	isabelle/pss_paper.thy	1038
81	pss_paper.p_7_2_RightNodes_subexpr	470356	pss_paper	isabelle/pss_paper.thy	1071
82	pss_paper.p_7_3_twoColumn	476000	pss_paper	isabelle/pss_paper.thy	1263
83	pss_paper.p_7_3_Trans_IncrFirst_Red	476014	pss_paper	isabelle/pss_paper.thy	1273
84	pss_paper.p_7_3_Mark_IncrFirst_Red	476026	pss_paper	isabelle/pss_paper.thy	1280
85	pss_paper.p_7_3_Trans_zeroT	476036	pss_paper	isabelle/pss_paper.thy	1287
86	pss_paper.p_7_3_c1_c2	476044	pss_paper	isabelle/pss_paper.thy	1298
87	pss_paper.p_7_3_Pred_Trans_descend	476056	pss_paper	isabelle/pss_paper.thy	1306
88	pss_paper.p_7_3_Mark_rightmost1	476064	pss_paper	isabelle/pss_paper.thy	1313
89	pss_paper.p_7_3_Trans_monoT	476072	pss_paper	isabelle/pss_paper.thy	1330
90	pss_paper.p_7_4_Adm_nextAdm	476080	pss_paper	isabelle/pss_paper.thy	1343
91	pss_paper.p_7_4_Trans_nextAdm	476088	pss_paper	isabelle/pss_paper.thy	1356
92	pss_paper.p_7_4_Mark_nextAdm	476096	pss_paper	isabelle/pss_paper.thy	1371
93	pss_paper.p_7_4_Trans_Mark_Pred	476104	pss_paper	isabelle/pss_paper.thy	1387
94	pss_paper.p_7_4_Mark_Trans_repr	476112	pss_paper	isabelle/pss_paper.thy	1403
95	pss_paper.p_7_4_Trans_Mark_seg	476118	pss_paper	isabelle/pss_paper.thy	1416
96	pss_paper.p_7_4_RightNodes_Mark	476128	pss_paper	isabelle/pss_paper.thy	1432
97	pss_paper.p_7_4_RightAnces_RightNodes	476508	pss_paper	isabelle/pss_paper.thy	1464
98	pss_paper.p_7_4_RightAnces_zeroT	476514	pss_paper	isabelle/pss_paper.thy	1471
99	pss_paper.p_8_2_standard_slice_Red_strongmono	476524	pss_paper	isabelle/pss_paper.thy	1499
100	pss_paper.p_8_2_strongmono_slice	476532	pss_paper	isabelle/pss_paper.thy	1509
101	pss_paper.p_8_2_subexpr_component_Pred	476540	pss_paper	isabelle/pss_paper.thy	1523
102	pss_paper.p_8_2_subexpr_component_strongmono	476548	pss_paper	isabelle/pss_paper.thy	1563
103	pss_paper.p_8_2_condV_rightmost_parent	476556	pss_paper	isabelle/pss_paper.thy	1588
104	pss_paper.p_8_2_condV_terminal_slice_Trans	476564	pss_paper	isabelle/pss_paper.thy	1607
105	pss_paper.p_8_2_condIIIV_terminal_slice_Trans	476572	pss_paper	isabelle/pss_paper.thy	1627
106	pss_paper.p_8_1_diagSeq_Trans	476580	pss_paper	isabelle/pss_paper.thy	1658
107	pss_paper.p_8_1_Pred_diagSeq_Trans	476588	pss_paper	isabelle/pss_paper.thy	1670
108	pss_paper.p_8_1_condI_III_c1_around	476596	pss_paper	isabelle/pss_paper.thy	1710
109	pss_paper.p_8_1_Trans_fseq_condI	476604	pss_paper	isabelle/pss_paper.thy	1769
110	pss_paper.p_8_3_kind0_base_ineq	476614	pss_paper	isabelle/pss_paper.thy	1795
111	pss_paper.p_8_3_kind0_branch_rule	476622	pss_paper	isabelle/pss_paper.thy	1813
112	pss_paper.p_8_3_kind0_base_basepoint	476630	pss_paper	isabelle/pss_paper.thy	1832
113	pss_paper.p_8_3_TransCondII_oper_descend	476640	pss_paper	isabelle/pss_paper.thy	1863
114	pss_paper.p_8_4_Trans_oper_exchange	476648	pss_paper	isabelle/pss_paper.thy	1909
115	pss_paper.p_8_4_rightmost_nonadm_ancestor	476660	pss_paper	isabelle/pss_paper.thy	1931
116	pss_paper.p_8_4_oper_basic	476674	pss_paper	isabelle/pss_paper.thy	2017
117	pss_paper.p_8_5_Trans_oper_exchange	476686	pss_paper	isabelle/pss_paper.thy	2070
118	pss_paper.p_8_5_Joints_FirstNodes_basic	476698	pss_paper	isabelle/pss_paper.thy	2098
119	pss_paper.p_8_6_const2nd_Trans	476712	pss_paper	isabelle/pss_paper.thy	2162
120	pss_paper.p_8_6_diagSeq_Trans_oper	476720	pss_paper	isabelle/pss_paper.thy	2176
121	pss_paper.p_8_6_trailing_principal_annihilable	476728	pss_paper	isabelle/pss_paper.thy	2191
122	pss_paper.p_8_6_Trans_fseq_condVI	476736	pss_paper	isabelle/pss_paper.thy	2218
123	pss_paper.p_8_7_const00_Trans	476744	pss_paper	isabelle/pss_paper.thy	2243
124	pss_paper.p_8_7_fseq_descend	476752	pss_paper	isabelle/pss_paper.thy	2253
125	pss_paper.p_8_7_OT_scb_recursive	476760	pss_paper	isabelle/pss_paper.thy	2263
126	pss_paper.p_8_7_OT_dom_hereditary	476768	pss_paper	isabelle/pss_paper.thy	2273
127	pss_paper.p_8_7_OT_tail_annihilable	476776	pss_paper	isabelle/pss_paper.thy	2284
128	pss_paper.p_8_7_Pred_oper0	476784	pss_paper	isabelle/pss_paper.thy	2298
129	pss_paper.p_8_7_OT_examples	476792	pss_paper	isabelle/pss_paper.thy	2307
130	pss_paper.p_8_7_Trans_preserves_OT	476806	pss_paper	isabelle/pss_paper.thy	2317
131	pss_paper.p_8_7_termination	476814	pss_paper	isabelle/pss_paper.thy	2329
132	pss_mechanized.Pred_preserves_T_PS	476820	pss_mechanized	isabelle/pss_mechanized.thy	19
133	pss_mechanized.Lng_Pred_lt	476828	pss_mechanized	isabelle/pss_mechanized.thy	31
134	pss_mechanized.le0_refl	476850	pss_mechanized	isabelle/pss_mechanized.thy	38
135	pss_mechanized.leR_refl	476884	pss_mechanized	isabelle/pss_mechanized.thy	43
136	pss_mechanized.nextrel0_rtrancl_mono	476900	pss_mechanized	isabelle/pss_mechanized.thy	53
137	pss_mechanized.m_5_1_parent_exists_1	476928	pss_mechanized	isabelle/pss_mechanized.thy	60
138	pss_mechanized.m_5_1_parent_basic_1	476936	pss_mechanized	isabelle/pss_mechanized.thy	89
139	pss_mechanized.m_5_1_parent_basic_2	476962	pss_mechanized	isabelle/pss_mechanized.thy	102
140	pss_mechanized.le0_ances_aux	476986	pss_mechanized	isabelle/pss_mechanized.thy	118
141	pss_mechanized.m_5_1_ancestor_basic_1	477034	pss_mechanized	isabelle/pss_mechanized.thy	166
142	pss_mechanized.m_5_1_parent_exists_2	477058	pss_mechanized	isabelle/pss_mechanized.thy	176
143	pss_mechanized.le0_build	477112	pss_mechanized	isabelle/pss_mechanized.thy	214
144	pss_mechanized.m_5_1_parent_exists_3	477138	pss_mechanized	isabelle/pss_mechanized.thy	247
145	pss_mechanized.m_5_1_ancestor_tree_1	477158	pss_mechanized	isabelle/pss_mechanized.thy	259
146	pss_mechanized.nextrel1_rtrancl_mono	477174	pss_mechanized	isabelle/pss_mechanized.thy	282
147	pss_mechanized.le1_ances_aux	477250	pss_mechanized	isabelle/pss_mechanized.thy	289
148	pss_mechanized.m_5_1_ancestor_basic_2	477352	pss_mechanized	isabelle/pss_mechanized.thy	336
149	pss_mechanized.le0_trans	477422	pss_mechanized	isabelle/pss_mechanized.thy	347
150	pss_mechanized.nextrel1_imp_nextrel0_rtrancl	477490	pss_mechanized	isabelle/pss_mechanized.thy	352
151	pss_mechanized.m_le1_imp_le0	477540	pss_mechanized	isabelle/pss_mechanized.thy	365
152	pss_mechanized.le1_build	477620	pss_mechanized	isabelle/pss_mechanized.thy	372
153	pss_mechanized.m_5_1_parent_exists_4	477662	pss_mechanized	isabelle/pss_mechanized.thy	420
154	pss_mechanized.m_5_1_ancestor_tree_2	477686	pss_mechanized	isabelle/pss_mechanized.thy	438
155	pss_mechanized.take_append_map_nth	477722	pss_mechanized	isabelle/pss_mechanized.thy	480
156	pss_mechanized.entry_pair	477764	pss_mechanized	isabelle/pss_mechanized.thy	493
157	pss_mechanized.oper1_eq	478186	pss_mechanized	isabelle/pss_mechanized.thy	501
158	pss_mechanized.m_5_3_pred_is_oper1	478242	pss_mechanized	isabelle/pss_mechanized.thy	513
159	pss_mechanized.m_5_4_F_oper_dom	478312	pss_mechanized	isabelle/pss_mechanized.thy	560
160	pss_mechanized.m_5_4_F_oper_val	478408	pss_mechanized	isabelle/pss_mechanized.thy	580
161	pss_mechanized.Lng_IncrFirst	478456	pss_mechanized	isabelle/pss_mechanized.thy	588
162	pss_mechanized.entry_IncrFirst	478520	pss_mechanized	isabelle/pss_mechanized.thy	591
163	pss_mechanized.nextrel0_IncrFirst_eq	478572	pss_mechanized	isabelle/pss_mechanized.thy	596
164	pss_mechanized.le0_IncrFirst_eq	478622	pss_mechanized	isabelle/pss_mechanized.thy	603
165	pss_mechanized.nextrel1_IncrFirst_eq	478644	pss_mechanized	isabelle/pss_mechanized.thy	606
166	pss_mechanized.le1_IncrFirst_eq	478658	pss_mechanized	isabelle/pss_mechanized.thy	614
167	pss_mechanized.m_6_1_le_IncrFirst_inv	478678	pss_mechanized	isabelle/pss_mechanized.thy	619
168	pss_mechanized.T_PS_Lng_gt1	478702	pss_mechanized	isabelle/pss_mechanized.thy	627
169	pss_mechanized.m_6_2_not_multi_iff_le	478754	pss_mechanized	isabelle/pss_mechanized.thy	634
170	pss_mechanized.m_6_2_multi_crit_23	478868	pss_mechanized	isabelle/pss_mechanized.thy	663
171	pss_mechanized.m_6_2_multi_crit_12	478940	pss_mechanized	isabelle/pss_mechanized.thy	696
172	pss_mechanized.Lng_seg	478982	pss_mechanized	isabelle/pss_mechanized.thy	703
173	pss_mechanized.entry_seg	479150	pss_mechanized	isabelle/pss_mechanized.thy	706
174	pss_mechanized.m_6_2_mono_ancestor_slice	479374	pss_mechanized	isabelle/pss_mechanized.thy	720
175	pss_mechanized.m_6_2_mono_prefix	479504	pss_mechanized	isabelle/pss_mechanized.thy	749
176	pss_mechanized.multiT_imp_Lng_gt1	479528	pss_mechanized	isabelle/pss_mechanized.thy	766
177	pss_mechanized.P_nonempty	479566	pss_mechanized	isabelle/pss_mechanized.thy	779
178	pss_mechanized.m_6_2_P_components_2	479644	pss_mechanized	isabelle/pss_mechanized.thy	784
179	pss_mechanized.IncrFirst_zeroT_eq	479724	pss_mechanized	isabelle/pss_mechanized.thy	809
180	pss_mechanized.IncrFirst_monoT_eq	479812	pss_mechanized	isabelle/pss_mechanized.thy	818
181	pss_mechanized.IncrFirst_multiT_eq	479882	pss_mechanized	isabelle/pss_mechanized.thy	821
182	pss_mechanized.IncrFirst_Pcut_eq	479968	pss_mechanized	isabelle/pss_mechanized.thy	824
183	pss_mechanized.IncrFirst_take	480022	pss_mechanized	isabelle/pss_mechanized.thy	827
184	pss_mechanized.IncrFirst_drop	480044	pss_mechanized	isabelle/pss_mechanized.thy	830
185	pss_mechanized.m_6_2_P_IncrFirst	480108	pss_mechanized	isabelle/pss_mechanized.thy	833
186	pss_mechanized.P_funpow_IncrFirst	480144	pss_mechanized	isabelle/pss_mechanized.thy	865
187	pss_mechanized.drop_eq_map_nth	480246	pss_mechanized	isabelle/pss_mechanized.thy	887
188	pss_mechanized.seg_0_eq_take	480300	pss_mechanized	isabelle/pss_mechanized.thy	890
189	pss_mechanized.seg_to_last_eq_drop	480370	pss_mechanized	isabelle/pss_mechanized.thy	896
190	pss_mechanized.P_add_drop_eq_map_nth	480422	pss_mechanized	isabelle/pss_mechanized.thy	907
191	pss_mechanized.P_add_seg_0_eq_take	480462	pss_mechanized	isabelle/pss_mechanized.thy	911
192	pss_mechanized.P_add_seg_to_last_eq_drop	480500	pss_mechanized	isabelle/pss_mechanized.thy	917
193	pss_mechanized.P_add_Pcut_props	480548	pss_mechanized	isabelle/pss_mechanized.thy	932
194	pss_mechanized.P_add_Pcut_left_min	480642	pss_mechanized	isabelle/pss_mechanized.thy	949
195	pss_mechanized.P_add_drop_ancestor	480730	pss_mechanized	isabelle/pss_mechanized.thy	994
196	pss_mechanized.m_6_2_P_additive	480978	pss_mechanized	isabelle/pss_mechanized.thy	1033
197	pss_mechanized.Pcut_le	481020	pss_mechanized	isabelle/pss_mechanized.thy	1163
198	pss_mechanized.drop_eq_seg	481098	pss_mechanized	isabelle/pss_mechanized.thy	1177
199	pss_mechanized.m_6_2_P_components_1	481216	pss_mechanized	isabelle/pss_mechanized.thy	1191
200	pss_mechanized.adm_nextrel0_seg	481310	pss_mechanized	isabelle/pss_mechanized.thy	1280
201	pss_mechanized.adm_le0_seg_M_to_N	481416	pss_mechanized	isabelle/pss_mechanized.thy	1333
202	pss_mechanized.adm_le0_seg_N_to_M	481544	pss_mechanized	isabelle/pss_mechanized.thy	1357
203	pss_mechanized.adm_le0_seg	481600	pss_mechanized	isabelle/pss_mechanized.thy	1379
204	pss_mechanized.adm_nextrel1_seg	481698	pss_mechanized	isabelle/pss_mechanized.thy	1411
205	pss_mechanized.adm_nextR1_seg	481770	pss_mechanized	isabelle/pss_mechanized.thy	1485
206	pss_mechanized.m_6_3_adm_slice	481882	pss_mechanized	isabelle/pss_mechanized.thy	1492
207	pss_mechanized.adm_zero	481896	pss_mechanized	isabelle/pss_mechanized.thy	1560
208	pss_mechanized.adm_below_set_finite	481920	pss_mechanized	isabelle/pss_mechanized.thy	1569
209	pss_mechanized.adm_below_set_nonempty	481956	pss_mechanized	isabelle/pss_mechanized.thy	1572
210	pss_mechanized.adm_Adm_adm	481974	pss_mechanized	isabelle/pss_mechanized.thy	1587
211	pss_mechanized.adm_Adm_le	481992	pss_mechanized	isabelle/pss_mechanized.thy	1601
212	pss_mechanized.adm_Adm_max	482052	pss_mechanized	isabelle/pss_mechanized.thy	1615
213	pss_mechanized.m_6_3_admof_slice	482116	pss_mechanized	isabelle/pss_mechanized.thy	1631
214	pss_mechanized.m_6_3_marked_slice	482200	pss_mechanized	isabelle/pss_mechanized.thy	1691
215	pss_mechanized.poper_P_multi	482312	pss_mechanized	isabelle/pss_mechanized.thy	1735
216	pss_mechanized.poper_P_nonmulti	482394	pss_mechanized	isabelle/pss_mechanized.thy	1740
217	pss_mechanized.poper_concat_P	482450	pss_mechanized	isabelle/pss_mechanized.thy	1745
218	pss_mechanized.poper_last_P_multi	482506	pss_mechanized	isabelle/pss_mechanized.thy	1768
219	pss_mechanized.poper_entry_drop	482564	pss_mechanized	isabelle/pss_mechanized.thy	1779
220	pss_mechanized.poper_nextrel0_drop	482700	pss_mechanized	isabelle/pss_mechanized.thy	1786
221	pss_mechanized.poper_le0_drop_fwd	482740	pss_mechanized	isabelle/pss_mechanized.thy	1841
222	pss_mechanized.poper_le0_drop_bwd	482802	pss_mechanized	isabelle/pss_mechanized.thy	1856
223	pss_mechanized.poper_le0_drop	482904	pss_mechanized	isabelle/pss_mechanized.thy	1878
224	pss_mechanized.poper_nextrel1_drop	482958	pss_mechanized	isabelle/pss_mechanized.thy	1900
225	pss_mechanized.poper_le1_drop_fwd	483016	pss_mechanized	isabelle/pss_mechanized.thy	1964
226	pss_mechanized.poper_le1_drop_bwd	483182	pss_mechanized	isabelle/pss_mechanized.thy	1979
227	pss_mechanized.poper_le1_drop	483376	pss_mechanized	isabelle/pss_mechanized.thy	2001
228	pss_mechanized.poper_nextR_drop	483542	pss_mechanized	isabelle/pss_mechanized.thy	2023
229	pss_mechanized.poper_leR_drop	483700	pss_mechanized	isabelle/pss_mechanized.thy	2029
230	pss_mechanized.poper_nextR_imp_le0	483834	pss_mechanized	isabelle/pss_mechanized.thy	2037
231	pss_mechanized.poper_parent_ge_c	483978	pss_mechanized	isabelle/pss_mechanized.thy	2058
232	pss_mechanized.poper_parent_set_drop	484142	pss_mechanized	isabelle/pss_mechanized.thy	2091
233	pss_mechanized.poper_hasParent_drop	484288	pss_mechanized	isabelle/pss_mechanized.thy	2130
234	pss_mechanized.poper_parent_drop	484436	pss_mechanized	isabelle/pss_mechanized.thy	2171
235	pss_mechanized.poper_oper_expand	484954	pss_mechanized	isabelle/pss_mechanized.thy	2203
236	pss_mechanized.poper_oper_nth0	485304	pss_mechanized	isabelle/pss_mechanized.thy	2227
237	pss_mechanized.poper_take_append_take_drop	485378	pss_mechanized	isabelle/pss_mechanized.thy	2297
238	pss_mechanized.poper_Pred_split	485486	pss_mechanized	isabelle/pss_mechanized.thy	2302
239	pss_mechanized.poper_oper_drop	485896	pss_mechanized	isabelle/pss_mechanized.thy	2324
240	pss_mechanized.m_6_2_P_oper_1	486548	pss_mechanized	isabelle/pss_mechanized.thy	2470
241	pss_mechanized.m_6_2_P_oper_2	487142	pss_mechanized	isabelle/pss_mechanized.thy	2539
242	pss_mechanized.idxsum_concat_P	487196	pss_mechanized	isabelle/pss_mechanized.thy	2658
243	pss_mechanized.idxsum_nth	487242	pss_mechanized	isabelle/pss_mechanized.thy	2682
244	pss_mechanized.idxsum_sum_take_mono	487348	pss_mechanized	isabelle/pss_mechanized.thy	2695
245	pss_mechanized.idxsum_diff	487440	pss_mechanized	isabelle/pss_mechanized.thy	2709
246	pss_mechanized.idxsum_concat_block	487566	pss_mechanized	isabelle/pss_mechanized.thy	2727
247	pss_mechanized.map_nth_range_eq_take_drop	487644	pss_mechanized	isabelle/pss_mechanized.thy	2748
248	pss_mechanized.idxsum_P_component_nonempty	487716	pss_mechanized	isabelle/pss_mechanized.thy	2755
249	pss_mechanized.m_6_4_P_IdxSum	487918	pss_mechanized	isabelle/pss_mechanized.thy	2776
250	pss_mechanized.idxsum_parent0_unique	488004	pss_mechanized	isabelle/pss_mechanized.thy	2823
251	pss_mechanized.idxsum_ex1_parent0_iff	488038	pss_mechanized	isabelle/pss_mechanized.thy	2854
252	pss_mechanized.idxsum_no_parent0_iff	488114	pss_mechanized	isabelle/pss_mechanized.thy	2860
253	pss_mechanized.idxsum_leftend_lmin	488282	pss_mechanized	isabelle/pss_mechanized.thy	2888
254	pss_mechanized.idxsum_lmin_leftend	488506	pss_mechanized	isabelle/pss_mechanized.thy	2983
255	pss_mechanized.m_6_4_P_IdxSum_char_1	488542	pss_mechanized	isabelle/pss_mechanized.thy	3097
256	pss_mechanized.m_6_4_P_IdxSum_char_2	488682	pss_mechanized	isabelle/pss_mechanized.thy	3117
257	pss_mechanized.idxsum_mono	488728	pss_mechanized	isabelle/pss_mechanized.thy	3133
258	pss_mechanized.m_6_4_P_leftend_mono	488762	pss_mechanized	isabelle/pss_mechanized.thy	3149
259	pss_mechanized.nonmulti_Pred	488798	pss_mechanized	isabelle/pss_mechanized.thy	3217
260	pss_mechanized.entry_concat_replicate_lt	488848	pss_mechanized	isabelle/pss_mechanized.thy	3243
261	pss_mechanized.P_concat_replicate_nonmulti	488904	pss_mechanized	isabelle/pss_mechanized.thy	3254
262	pss_mechanized.m_6_2_nonmulti_oper_1	489002	pss_mechanized	isabelle/pss_mechanized.thy	3329
263	pss_mechanized.m_6_2_nonmulti_oper_2	489204	pss_mechanized	isabelle/pss_mechanized.thy	3399
264	pss_mechanized.m_6_4_mono_slice_next	489440	pss_mechanized	isabelle/pss_mechanized.thy	3633
265	pss_mechanized.TrMax_bound	489582	pss_mechanized	isabelle/pss_mechanized.thy	3706
266	pss_mechanized.m_6_4_FirstNodes_TrMax_Joints	489672	pss_mechanized	isabelle/pss_mechanized.thy	3744
267	pss_mechanized.FirstNodes_nth	489774	pss_mechanized	isabelle/pss_mechanized.thy	3786
268	pss_mechanized.Joints_nth	489868	pss_mechanized	isabelle/pss_mechanized.thy	3794
269	pss_mechanized.nextR0_largest_below	489878	pss_mechanized	isabelle/pss_mechanized.thy	3802
270	pss_mechanized.entry_FirstNodes_eq_component	490000	pss_mechanized	isabelle/pss_mechanized.thy	3817
271	pss_mechanized.m_6_4_FirstNodes_Joints_mono_aux	490146	pss_mechanized	isabelle/pss_mechanized.thy	3871
272	pss_mechanized.m_6_4_FirstNodes_Joints_mono	490306	pss_mechanized	isabelle/pss_mechanized.thy	3977
273	pss_mechanized.TrMax_trunk_step	490364	pss_mechanized	isabelle/pss_mechanized.thy	3987
274	pss_mechanized.trunk_le1	490452	pss_mechanized	isabelle/pss_mechanized.thy	4016
275	pss_mechanized.trunk_le0	490496	pss_mechanized	isabelle/pss_mechanized.thy	4047
276	pss_mechanized.idxsum_locate	490538	pss_mechanized	isabelle/pss_mechanized.thy	4055
277	pss_mechanized.branch_component_le0	490672	pss_mechanized	isabelle/pss_mechanized.thy	4090
278	pss_mechanized.le0_monoT_seg_into_list	490796	pss_mechanized	isabelle/pss_mechanized.thy	4206
279	pss_mechanized.slice_le0_to_index	490996	pss_mechanized	isabelle/pss_mechanized.thy	4240
280	pss_mechanized.m_6_4_mono_slice	491096	pss_mechanized	isabelle/pss_mechanized.thy	4321
281	pss_mechanized.nextR1_unique	491128	pss_mechanized	isabelle/pss_mechanized.thy	4370
282	pss_mechanized.condAB_row1_noparent_zero	491238	pss_mechanized	isabelle/pss_mechanized.thy	4407
283	pss_mechanized.m_6_6_condAB_coeff	491404	pss_mechanized	isabelle/pss_mechanized.thy	4551
284	pss_mechanized.le1_trans	491488	pss_mechanized	isabelle/pss_mechanized.thy	4870
285	pss_mechanized.leR_trans	491536	pss_mechanized	isabelle/pss_mechanized.thy	4875
286	pss_mechanized.nextR_imp_leR	491614	pss_mechanized	isabelle/pss_mechanized.thy	4882
287	pss_mechanized.nextrel1_chain	491672	pss_mechanized	isabelle/pss_mechanized.thy	4902
288	pss_mechanized.adm_row1_ancestry	491746	pss_mechanized	isabelle/pss_mechanized.thy	4935
289	pss_mechanized.parent_max	491786	pss_mechanized	isabelle/pss_mechanized.thy	4969
290	pss_mechanized.m_7_4_Adm_nextAdm	491846	pss_mechanized	isabelle/pss_mechanized.thy	4998
291	pss_mechanized.chain_imp_rtranclp	491896	pss_mechanized	isabelle/pss_mechanized.thy	5068
292	pss_mechanized.rtranclp_imp_chain	491976	pss_mechanized	isabelle/pss_mechanized.thy	5100
293	pss_mechanized.rtranclp_iff_chain	492070	pss_mechanized	isabelle/pss_mechanized.thy	5134
294	pss_mechanized.leR_eq_chain	492212	pss_mechanized	isabelle/pss_mechanized.thy	5144
295	pss_mechanized.oper_degenerate_eq_Pred	492408	pss_mechanized	isabelle/pss_mechanized.thy	5169
296	pss_mechanized.Lng_diagSeq	492486	pss_mechanized	isabelle/pss_mechanized.thy	5200
297	pss_mechanized.diagSeq_nth	492498	pss_mechanized	isabelle/pss_mechanized.thy	5203
298	pss_mechanized.entry_diagSeq	492512	pss_mechanized	isabelle/pss_mechanized.thy	5212
299	pss_mechanized.length_nth_le_concat	492522	pss_mechanized	isabelle/pss_mechanized.thy	5221
300	pss_mechanized.Lng_Br_le	492528	pss_mechanized	isabelle/pss_mechanized.thy	5237
301	pss_mechanized.nextR1_diagSeq	492554	pss_mechanized	isabelle/pss_mechanized.thy	5264
302	pss_mechanized.TrMax_diagSeq	492598	pss_mechanized	isabelle/pss_mechanized.thy	5296
303	pss_mechanized.nextrel0_diagSeq_step	492646	pss_mechanized	isabelle/pss_mechanized.thy	5348
304	pss_mechanized.nextrel0_diagSeq_rtrancl	492714	pss_mechanized	isabelle/pss_mechanized.thy	5362
305	pss_mechanized.nextrel1_diagSeq_rtrancl	492740	pss_mechanized	isabelle/pss_mechanized.thy	5386
306	pss_mechanized.le0_diagSeq	492780	pss_mechanized	isabelle/pss_mechanized.thy	5408
307	pss_mechanized.le1_diagSeq	492884	pss_mechanized	isabelle/pss_mechanized.thy	5424
308	pss_mechanized.leR_diagSeq	492922	pss_mechanized	isabelle/pss_mechanized.thy	5443
309	pss_mechanized.TrMax_IncrFirst	492960	pss_mechanized	isabelle/pss_mechanized.thy	5455
310	pss_mechanized.Lng_funpow_IncrFirst	493008	pss_mechanized	isabelle/pss_mechanized.thy	5458
311	pss_mechanized.TrMax_funpow_IncrFirst	493034	pss_mechanized	isabelle/pss_mechanized.thy	5461
312	pss_mechanized.nextR1_consecutive	493102	pss_mechanized	isabelle/pss_mechanized.thy	5471
313	pss_mechanized.entry_diagSeq_append_lo	493132	pss_mechanized	isabelle/pss_mechanized.thy	5496
314	pss_mechanized.entry_diagSeq_append_junction	493160	pss_mechanized	isabelle/pss_mechanized.thy	5507
315	pss_mechanized.nextrel0_diagSeq_append_step	493174	pss_mechanized	isabelle/pss_mechanized.thy	5520
316	pss_mechanized.nextrel0_diagSeq_append_rtrancl	493200	pss_mechanized	isabelle/pss_mechanized.thy	5533
317	pss_mechanized.le0_diagSeq_append_prefix	493246	pss_mechanized	isabelle/pss_mechanized.thy	5554
318	pss_mechanized.nextR1_diagSeq_append	493296	pss_mechanized	isabelle/pss_mechanized.thy	5573
319	pss_mechanized.le_TrMax_intro	493308	pss_mechanized	isabelle/pss_mechanized.thy	5600
320	pss_mechanized.TrMax_diagSeq_append_ge	493322	pss_mechanized	isabelle/pss_mechanized.thy	5625
321	pss_mechanized.entry_funpow_IncrFirst0	493348	pss_mechanized	isabelle/pss_mechanized.thy	5644
322	pss_mechanized.entry_funpow_IncrFirst1	493368	pss_mechanized	isabelle/pss_mechanized.thy	5658
323	pss_mechanized.coreReduce_core	493534	pss_mechanized	isabelle/pss_mechanized.thy	5690
324	pss_mechanized.betaM_coreReduce_le	493572	pss_mechanized	isabelle/pss_mechanized.thy	5713
325	pss_mechanized.P_blocks_nonempty	493628	pss_mechanized	isabelle/pss_mechanized.thy	5750
326	pss_mechanized.monoT_row0_min	493652	pss_mechanized	isabelle/pss_mechanized.thy	5787
327	pss_mechanized.Lng_shiftRow0	493668	pss_mechanized	isabelle/pss_mechanized.thy	5804
328	pss_mechanized.entry_shiftRow0_0	493674	pss_mechanized	isabelle/pss_mechanized.thy	5807
329	pss_mechanized.entry_shiftRow0_1	493682	pss_mechanized	isabelle/pss_mechanized.thy	5811
330	pss_mechanized.entry0_ge_min	493692	pss_mechanized	isabelle/pss_mechanized.thy	5815
331	pss_mechanized.nextrel0_shiftRow0_eq	493704	pss_mechanized	isabelle/pss_mechanized.thy	5826
332	pss_mechanized.le0_shiftRow0_eq	493734	pss_mechanized	isabelle/pss_mechanized.thy	5859
333	pss_mechanized.nextrel1_shiftRow0_eq	493750	pss_mechanized	isabelle/pss_mechanized.thy	5871
334	pss_mechanized.le1_shiftRow0_eq	493790	pss_mechanized	isabelle/pss_mechanized.thy	5923
335	pss_mechanized.leR_shiftRow0_eq	493914	pss_mechanized	isabelle/pss_mechanized.thy	5935
336	pss_mechanized.monoT_shiftRow0	493976	pss_mechanized	isabelle/pss_mechanized.thy	5940
337	pss_mechanized.coreReduce_monoT_m10_0	494046	pss_mechanized	isabelle/pss_mechanized.thy	5967
338	pss_mechanized.entry_diagSeq_append_hi	494112	pss_mechanized	isabelle/pss_mechanized.thy	5977
339	pss_mechanized.monoT_funpow_IncrFirst	494124	pss_mechanized	isabelle/pss_mechanized.thy	5985
340	pss_mechanized.monoT_diagSeq_append	494152	pss_mechanized	isabelle/pss_mechanized.thy	5994
341	pss_mechanized.coreReduce_monoT_m10_pos	494214	pss_mechanized	isabelle/pss_mechanized.thy	6038
342	pss_mechanized.coreReduce_nonmulti	494308	pss_mechanized	isabelle/pss_mechanized.thy	6058
343	pss_mechanized.TrMax_in_S	494368	pss_mechanized	isabelle/pss_mechanized.thy	6074
344	pss_mechanized.trunk_row0_inc	494434	pss_mechanized	isabelle/pss_mechanized.thy	6104
345	pss_mechanized.trunk_step_lt	494510	pss_mechanized	isabelle/pss_mechanized.thy	6125
346	pss_mechanized.trunk_lt	494526	pss_mechanized	isabelle/pss_mechanized.thy	6144
347	pss_mechanized.Joints_parent_nextR	494574	pss_mechanized	isabelle/pss_mechanized.thy	6170
348	pss_mechanized.joints_lt_branch_first	494632	pss_mechanized	isabelle/pss_mechanized.thy	6205
349	pss_mechanized.Br_component_nonempty	494732	pss_mechanized	isabelle/pss_mechanized.thy	6228
350	pss_mechanized.Br_component_nonmulti	494794	pss_mechanized	isabelle/pss_mechanized.thy	6250
351	pss_mechanized.nth_Cons_tl	494890	pss_mechanized	isabelle/pss_mechanized.thy	6275
352	pss_mechanized.Lng_NJ	495134	pss_mechanized	isabelle/pss_mechanized.thy	6295
353	pss_mechanized.entry_NJ_0_0	495148	pss_mechanized	isabelle/pss_mechanized.thy	6298
354	pss_mechanized.entry_NJ_1_0	495158	pss_mechanized	isabelle/pss_mechanized.thy	6301
355	pss_mechanized.entry_NJ_hi	495176	pss_mechanized	isabelle/pss_mechanized.thy	6304
356	pss_mechanized.NJ_nonmulti	495214	pss_mechanized	isabelle/pss_mechanized.thy	6319
357	pss_mechanized.betaM_pos	495254	pss_mechanized	isabelle/pss_mechanized.thy	6398
358	pss_mechanized.nu_Pblock_lt	495294	pss_mechanized	isabelle/pss_mechanized.thy	6409
359	pss_mechanized.nu_coreReduce_lt	495384	pss_mechanized	isabelle/pss_mechanized.thy	6421
360	pss_mechanized.nu_NJ_lt	495502	pss_mechanized	isabelle/pss_mechanized.thy	6438
361	pss_mechanized.m_6_5_Red_welldef	495596	pss_mechanized	isabelle/pss_mechanized.thy	6471
362	pss_mechanized.m_6_5_Lng_Red	495636	pss_mechanized	isabelle/pss_mechanized.thy	6570
363	pss_mechanized.m_6_5_monoT_Red_fact1_Lng	495658	pss_mechanized	isabelle/pss_mechanized.thy	6867
364	pss_mechanized.le0_funpow_IncrFirst_eq	495674	pss_mechanized	isabelle/pss_mechanized.thy	6888
365	pss_mechanized.le1_funpow_IncrFirst_eq	495696	pss_mechanized	isabelle/pss_mechanized.thy	6891
366	pss_mechanized.adm_le1_seg_M_to_N	495708	pss_mechanized	isabelle/pss_mechanized.thy	6898
367	pss_mechanized.adm_le1_seg_N_to_M	495720	pss_mechanized	isabelle/pss_mechanized.thy	6920
368	pss_mechanized.adm_le1_seg	495738	pss_mechanized	isabelle/pss_mechanized.thy	6937
369	pss_mechanized.m_6_5_monoT_Red_fact2a_leR_shift	495856	pss_mechanized	isabelle/pss_mechanized.thy	6972
370	pss_mechanized.Lng_rebaseRow0	495998	pss_mechanized	isabelle/pss_mechanized.thy	7047
371	pss_mechanized.entry_rebaseRow0_0	496064	pss_mechanized	isabelle/pss_mechanized.thy	7050
372	pss_mechanized.entry_rebaseRow0_1	496146	pss_mechanized	isabelle/pss_mechanized.thy	7054
373	pss_mechanized.nextrel0_rebaseRow0_eq	496232	pss_mechanized	isabelle/pss_mechanized.thy	7061
374	pss_mechanized.le0_rebaseRow0_eq	496280	pss_mechanized	isabelle/pss_mechanized.thy	7096
375	pss_mechanized.nextrel1_rebaseRow0_eq	496336	pss_mechanized	isabelle/pss_mechanized.thy	7108
376	pss_mechanized.le1_rebaseRow0_eq	496424	pss_mechanized	isabelle/pss_mechanized.thy	7148
377	pss_mechanized.leR_rebaseRow0_eq	496480	pss_mechanized	isabelle/pss_mechanized.thy	7157
378	pss_mechanized.redle_branch5_rebase	496598	pss_mechanized	isabelle/pss_mechanized.thy	7168
379	pss_mechanized.anchored_slice_imp_T_PS	496630	pss_mechanized	isabelle/pss_mechanized.thy	7236
380	pss_mechanized.rz_Red_entry1_nz	496742	pss_mechanized	isabelle/pss_mechanized.thy	7250
381	pss_mechanized.m_6_5_Red_zeroT	496810	pss_mechanized	isabelle/pss_mechanized.thy	7324
382	pss_mechanized.SkT_PS_subset_ST_PS	496836	pss_mechanized	isabelle/pss_mechanized.thy	7358
383	pss_mechanized.ST_PS_in_some_SkT	497006	pss_mechanized	isabelle/pss_mechanized.thy	7395
384	pss_mechanized.ST_PS_subset_Union_SkT	497042	pss_mechanized	isabelle/pss_mechanized.thy	7412
385	pss_mechanized.m_6_7_ST_eq_Union_SkT	497064	pss_mechanized	isabelle/pss_mechanized.thy	7416
386	pss_mechanized.m_6_6_Red_leftend_1	497148	pss_mechanized	isabelle/pss_mechanized.thy	7435
387	pss_mechanized.m_6_5_Red_leftend_row0_min	497280	pss_mechanized	isabelle/pss_mechanized.thy	7776
388	pss_mechanized.ST_PS_T_PS	497364	pss_mechanized	isabelle/pss_mechanized.thy	7967
389	pss_mechanized.seg_0_diagSeq	497464	pss_mechanized	isabelle/pss_mechanized.thy	7999
390	pss_mechanized.ST_PS_seg_0_inner	497530	pss_mechanized	isabelle/pss_mechanized.thy	8041
391	pss_mechanized.ST_PS_seg_0_aux	497594	pss_mechanized	isabelle/pss_mechanized.thy	8115
392	pss_mechanized.m_6_7_standard_prefix	497648	pss_mechanized	isabelle/pss_mechanized.thy	8126
393	pss_mechanized.Row1Zero_iff_entry	497796	pss_mechanized	isabelle/pss_mechanized.thy	8152
394	pss_mechanized.row1z_P_component	497808	pss_mechanized	isabelle/pss_mechanized.thy	8168
395	pss_mechanized.diagSeq_Suc_snoc	497860	pss_mechanized	isabelle/pss_mechanized.thy	8190
396	pss_mechanized.Pred_diagSeq_Suc	497916	pss_mechanized	isabelle/pss_mechanized.thy	8195
397	pss_mechanized.not_multiT_diagSeq	497976	pss_mechanized	isabelle/pss_mechanized.thy	8210
398	pss_mechanized.SkT_PS_mono	498044	pss_mechanized	isabelle/pss_mechanized.thy	8241
399	pss_mechanized.SkT_P_comp	498100	pss_mechanized	isabelle/pss_mechanized.thy	8281
400	pss_mechanized.m_6_7_standard_P_components	498172	pss_mechanized	isabelle/pss_mechanized.thy	8400
401	pss_mechanized.oper_entry_0	498290	pss_mechanized	isabelle/pss_mechanized.thy	8416
402	pss_mechanized.nonmulti_oper_components_leftcol	498360	pss_mechanized	isabelle/pss_mechanized.thy	8430
403	pss_mechanized.SkT_P_descending	498574	pss_mechanized	isabelle/pss_mechanized.thy	8466
404	pss_mechanized.m_6_8_standard_P_descending	498610	pss_mechanized	isabelle/pss_mechanized.thy	8641
405	pss_mechanized.descending_P_of_ST	498646	pss_mechanized	isabelle/pss_mechanized.thy	8658
406	pss_mechanized.entry_FirstNodes_eq_component_gen	498706	pss_mechanized	isabelle/pss_mechanized.thy	8683
407	pss_mechanized.descending_Br_of_FN_tiebreak	498870	pss_mechanized	isabelle/pss_mechanized.thy	8735
408	pss_mechanized.seg_nth_eq	498948	pss_mechanized	isabelle/pss_mechanized.thy	8799
409	pss_mechanized.seg_of_seg	499018	pss_mechanized	isabelle/pss_mechanized.thy	8804
410	pss_mechanized.descendingD	499126	pss_mechanized	isabelle/pss_mechanized.thy	8827
411	pss_mechanized.descending_snoc	499256	pss_mechanized	isabelle/pss_mechanized.thy	8839
412	pss_mechanized.slice_P_descending_of_drop	499382	pss_mechanized	isabelle/pss_mechanized.thy	8908
413	pss_mechanized.m_6_8_standard_slice_Br_descending_of_drop	499468	pss_mechanized	isabelle/pss_mechanized.thy	8932
414	pss_mechanized.take_seg	499516	pss_mechanized	isabelle/pss_mechanized.thy	8981
415	pss_mechanized.P_seg_butlast_bridge	499598	pss_mechanized	isabelle/pss_mechanized.thy	9005
416	pss_mechanized.drop_seg	499634	pss_mechanized	isabelle/pss_mechanized.thy	9023
417	pss_mechanized.seg_diagSeq	499700	pss_mechanized	isabelle/pss_mechanized.thy	9036
418	pss_mechanized.not_multiT_seg_diagSeq	499776	pss_mechanized	isabelle/pss_mechanized.thy	9055
419	pss_mechanized.oper_nth_lt	499924	pss_mechanized	isabelle/pss_mechanized.thy	9070
420	pss_mechanized.Br_diagSeq	499992	pss_mechanized	isabelle/pss_mechanized.thy	9144
421	pss_mechanized.cdom_refl	500166	pss_mechanized	isabelle/pss_mechanized.thy	9164
422	pss_mechanized.cdom_trans	500218	pss_mechanized	isabelle/pss_mechanized.thy	9166
423	pss_mechanized.descending_via_cdom	500316	pss_mechanized	isabelle/pss_mechanized.thy	9186
424	pss_mechanized.descendingI_cdom	500342	pss_mechanized	isabelle/pss_mechanized.thy	9199
425	pss_mechanized.descending_cdomD	500386	pss_mechanized	isabelle/pss_mechanized.thy	9204
426	pss_mechanized.descending_append	500474	pss_mechanized	isabelle/pss_mechanized.thy	9213
427	pss_mechanized.descending_take	500486	pss_mechanized	isabelle/pss_mechanized.thy	9259
428	pss_mechanized.descending_const_head	500528	pss_mechanized	isabelle/pss_mechanized.thy	9274
429	pss_mechanized.descending_replicate	500548	pss_mechanized	isabelle/pss_mechanized.thy	9289
430	pss_mechanized.descending_map_IncrFirst	500620	pss_mechanized	isabelle/pss_mechanized.thy	9305
431	pss_mechanized.descending_shift_append	500806	pss_mechanized	isabelle/pss_mechanized.thy	9346
432	pss_mechanized.nth_concat_replicate	500864	pss_mechanized	isabelle/pss_mechanized.thy	9423
433	pss_mechanized.oper_d0zero_expand	500894	pss_mechanized	isabelle/pss_mechanized.thy	9444
434	pss_mechanized.oper_d1pos_expand	500990	pss_mechanized	isabelle/pss_mechanized.thy	9478
435	pss_mechanized.oper_d1pos_LngM	501078	pss_mechanized	isabelle/pss_mechanized.thy	9514
436	pss_mechanized.nth_concat_map_const_len	501120	pss_mechanized	isabelle/pss_mechanized.thy	9545
437	pss_mechanized.oper_d1pos_nth	501310	pss_mechanized	isabelle/pss_mechanized.thy	9595
438	pss_mechanized.oper_d1pos_entry0	501554	pss_mechanized	isabelle/pss_mechanized.thy	9630
439	pss_mechanized.oper_d1pos_entry1	501806	pss_mechanized	isabelle/pss_mechanized.thy	9656
440	pss_mechanized.oper_d1pos_nth_prefix	501900	pss_mechanized	isabelle/pss_mechanized.thy	9681
441	pss_mechanized.oper_d1pos_seg_period_reduce	502006	pss_mechanized	isabelle/pss_mechanized.thy	9712
442	pss_mechanized.oper_d1pos_LOW_source_eq	502180	pss_mechanized	isabelle/pss_mechanized.thy	9780
443	pss_mechanized.oper_d0zero_nth	502360	pss_mechanized	isabelle/pss_mechanized.thy	9855
444	pss_mechanized.oper_d0zero_entry0	502504	pss_mechanized	isabelle/pss_mechanized.thy	9887
445	pss_mechanized.parent_block_entry0_min	502572	pss_mechanized	isabelle/pss_mechanized.thy	9917
446	pss_mechanized.parent_block_le0	502650	pss_mechanized	isabelle/pss_mechanized.thy	9944
447	pss_mechanized.nextrel0_above_parent_trivial	502712	pss_mechanized	isabelle/pss_mechanized.thy	10034
448	pss_mechanized.oper_d0zero_le0_confined	502942	pss_mechanized	isabelle/pss_mechanized.thy	10068
449	pss_mechanized.nextrel0_rtrancl_entry0_mono	502984	pss_mechanized	isabelle/pss_mechanized.thy	10203
450	pss_mechanized.oper_d1pos_le0_confined	503210	pss_mechanized	isabelle/pss_mechanized.thy	10234
451	pss_mechanized.oper_d1pos_entry0_boundary	503450	pss_mechanized	isabelle/pss_mechanized.thy	10266
452	pss_mechanized.oper_d1pos_nextrel0_transfer	503668	pss_mechanized	isabelle/pss_mechanized.thy	10313
453	pss_mechanized.oper_d1pos_block_chain	503986	pss_mechanized	isabelle/pss_mechanized.thy	10443
454	pss_mechanized.oper_d1pos_le0_blockstarts	504096	pss_mechanized	isabelle/pss_mechanized.thy	10538
455	pss_mechanized.oper_d1pos_seg_mono	504188	pss_mechanized	isabelle/pss_mechanized.thy	10593
456	pss_mechanized.oper_gen_block_nth	504310	pss_mechanized	isabelle/pss_mechanized.thy	10658
457	pss_mechanized.oper_gen_block_entry0	504632	pss_mechanized	isabelle/pss_mechanized.thy	10697
458	pss_mechanized.oper_gen_block_entry1	504874	pss_mechanized	isabelle/pss_mechanized.thy	10713
459	pss_mechanized.oper_gen_nth_prefix	504992	pss_mechanized	isabelle/pss_mechanized.thy	10728
460	pss_mechanized.nlocal_adj_tie	505194	pss_mechanized	isabelle/pss_mechanized.thy	10761
461	pss_mechanized.oper_d1pos_Br_comp_mono	505328	pss_mechanized	isabelle/pss_mechanized.thy	11066
462	pss_mechanized.oper_d0zero_nth_prefix	505416	pss_mechanized	isabelle/pss_mechanized.thy	11087
463	pss_mechanized.oper_d0zero_nth_le_parent	505520	pss_mechanized	isabelle/pss_mechanized.thy	11110
464	pss_mechanized.oper_d0zero_seg_period_reduce	505608	pss_mechanized	isabelle/pss_mechanized.thy	11137
465	pss_mechanized.nextrel0_prefix_imp	505732	pss_mechanized	isabelle/pss_mechanized.thy	11192
466	pss_mechanized.le0_prefix_agree	505794	pss_mechanized	isabelle/pss_mechanized.thy	11218
467	pss_mechanized.nextrel1_prefix_imp	505852	pss_mechanized	isabelle/pss_mechanized.thy	11255
468	pss_mechanized.TrMax_eqI	505860	pss_mechanized	isabelle/pss_mechanized.thy	11295
469	pss_mechanized.TrMax_eq_of_prefix_agree	505956	pss_mechanized	isabelle/pss_mechanized.thy	11347
470	pss_mechanized.TrMax_eq_of_prefix_agree_sym	506132	pss_mechanized	isabelle/pss_mechanized.thy	11378
471	pss_mechanized.TrMax_stop	506174	pss_mechanized	isabelle/pss_mechanized.thy	11421
472	pss_mechanized.TrMax_lt_last_of_row1_zero	506226	pss_mechanized	isabelle/pss_mechanized.thy	11460
473	pss_mechanized.le1_imp_entry1_le	506268	pss_mechanized	isabelle/pss_mechanized.thy	11486
474	pss_mechanized.nextR1_boundary_stop_of_prefix	506332	pss_mechanized	isabelle/pss_mechanized.thy	11525
475	pss_mechanized.nextR1_boundary_stop_d0zero_caseA	506608	pss_mechanized	isabelle/pss_mechanized.thy	11568
476	pss_mechanized.nextR1_boundary_stop_d1pos	506704	pss_mechanized	isabelle/pss_mechanized.thy	11771
477	pss_mechanized.TrMax_seg_oper_d0zero_eq	506800	pss_mechanized	isabelle/pss_mechanized.thy	12005
478	pss_mechanized.TrMax_seg_oper_d0zero_eq_caseA	507030	pss_mechanized	isabelle/pss_mechanized.thy	12073
479	pss_mechanized.TrMax_seg_oper_d1pos_eq	507164	pss_mechanized	isabelle/pss_mechanized.thy	12118
480	pss_mechanized.TrMax_seg_oper_d1pos_eq_span	507564	pss_mechanized	isabelle/pss_mechanized.thy	12253
481	pss_mechanized.TrMax_seg_oper_d1pos_eq_notbrle_uncapped	508024	pss_mechanized	isabelle/pss_mechanized.thy	12385
482	pss_mechanized.TrMax_seg_oper_d1pos_brle_uncapped	508922	pss_mechanized	isabelle/pss_mechanized.thy	12522
483	pss_mechanized.oper_d1pos_nextrel0_within	509478	pss_mechanized	isabelle/pss_mechanized.thy	12605
484	pss_mechanized.oper_d1pos_le0_within	509790	pss_mechanized	isabelle/pss_mechanized.thy	12702
485	pss_mechanized.oper_d1pos_le0_start_to_start	510044	pss_mechanized	isabelle/pss_mechanized.thy	12809
486	pss_mechanized.oper_d1pos_le0_start_to_any	510524	pss_mechanized	isabelle/pss_mechanized.thy	12869
487	pss_mechanized.oper_d1pos_seg_le0_boundary	510962	pss_mechanized	isabelle/pss_mechanized.thy	12927
488	pss_mechanized.oper_d1pos_b3n_boundary	511058	pss_mechanized	isabelle/pss_mechanized.thy	13051
489	pss_mechanized.oper_d1pos_ctx_b3n	511198	pss_mechanized	isabelle/pss_mechanized.thy	13155
490	pss_mechanized.oper_d1pos_ctx_tnc	511246	pss_mechanized	isabelle/pss_mechanized.thy	13206
491	pss_mechanized.TrMax_seg_oper_d1pos_brle_capped	511572	pss_mechanized	isabelle/pss_mechanized.thy	13278
492	pss_mechanized.oper_d1pos_ctx_tnc_capped	511922	pss_mechanized	isabelle/pss_mechanized.thy	13593
493	pss_mechanized.oper_d0zero_entry0_min	512218	pss_mechanized	isabelle/pss_mechanized.thy	13652
494	pss_mechanized.oper_d0zero_seg_P_split	512564	pss_mechanized	isabelle/pss_mechanized.thy	13686
495	pss_mechanized.oper_d0zero_seg_P_hfold	512730	pss_mechanized	isabelle/pss_mechanized.thy	13830
496	pss_mechanized.oper_d0zero_seg_P_blk1fold	513126	pss_mechanized	isabelle/pss_mechanized.thy	13928
497	pss_mechanized.oper_d0zero_seg_P_blk0fold	513456	pss_mechanized	isabelle/pss_mechanized.thy	14079
498	pss_mechanized.monoT_seg_of_le0	513506	pss_mechanized	isabelle/pss_mechanized.thy	14337
499	pss_mechanized.oper_d1pos_notbrle_P_split	513532	pss_mechanized	isabelle/pss_mechanized.thy	14393
500	pss_mechanized.oper_d1pos_notbrle_LOW_eq	513622	pss_mechanized	isabelle/pss_mechanized.thy	14428
501	pss_mechanized.oper_d1pos_notbrle_take_map	513638	pss_mechanized	isabelle/pss_mechanized.thy	14466
502	pss_mechanized.oper_d1pos_collapse	513760	pss_mechanized	isabelle/pss_mechanized.thy	14510
503	pss_mechanized.oper_d1pos_branch_anchor	513900	pss_mechanized	isabelle/pss_mechanized.thy	14553
504	pss_mechanized.oper_d1pos_branch_collapse_concrete	513962	pss_mechanized	isabelle/pss_mechanized.thy	14656
505	pss_mechanized.oper_d1pos_branch_butl	513988	pss_mechanized	isabelle/pss_mechanized.thy	14688
506	pss_mechanized.oper_d1pos_branch_lowshift_regB	514228	pss_mechanized	isabelle/pss_mechanized.thy	14724
507	pss_mechanized.oper_d1pos_anchor_tail_entry	514250	pss_mechanized	isabelle/pss_mechanized.thy	14790
508	pss_mechanized.oper_d1pos_tail_junction	514354	pss_mechanized	isabelle/pss_mechanized.thy	14825
509	pss_mechanized.Br_seg_reshape	514410	pss_mechanized	isabelle/pss_mechanized.thy	14861
510	pss_mechanized.oper_d1pos_notbrle_Br_align	514976	pss_mechanized	isabelle/pss_mechanized.thy	14900
511	pss_mechanized.oper_d1pos_nth_low_verbatim	515126	pss_mechanized	isabelle/pss_mechanized.thy	14977
512	pss_mechanized.oper_d1pos_ctx_tnc_prefix	515384	pss_mechanized	isabelle/pss_mechanized.thy	15041
513	pss_mechanized.TrMax_seg_oper_d1pos_eq_regA	515512	pss_mechanized	isabelle/pss_mechanized.thy	15332
514	pss_mechanized.oper_d1pos_notbrle_Br_align_regA	516208	pss_mechanized	isabelle/pss_mechanized.thy	15399
515	pss_mechanized.oper_d1pos_seg_low_verbatim	516336	pss_mechanized	isabelle/pss_mechanized.thy	15460
516	pss_mechanized.notmulti_seg_prefix	516374	pss_mechanized	isabelle/pss_mechanized.thy	15500
517	pss_mechanized.P_butlast_take_at_anchor	516466	pss_mechanized	isabelle/pss_mechanized.thy	15535
518	pss_mechanized.oper_d1pos_branch_lowshift_regA	516562	pss_mechanized	isabelle/pss_mechanized.thy	15654
519	pss_mechanized.oper_d1pos_anchor_coincide_regA	516662	pss_mechanized	isabelle/pss_mechanized.thy	15714
520	pss_mechanized.anchor_lt_of_uniform_witness	516764	pss_mechanized	isabelle/pss_mechanized.thy	15865
521	pss_mechanized.oper_d1pos_cNlt_of_Ajm2	516814	pss_mechanized	isabelle/pss_mechanized.thy	15902
522	pss_mechanized.oper_d1pos_period_row0_floor	516856	pss_mechanized	isabelle/pss_mechanized.thy	15971
523	pss_mechanized.oper_d1pos_strict_period_floor	516886	pss_mechanized	isabelle/pss_mechanized.thy	16017
524	pss_mechanized.oper_d1pos_clt_regA	517158	pss_mechanized	isabelle/pss_mechanized.thy	16068
525	pss_mechanized.oper_d1pos_clt_regB	517588	pss_mechanized	isabelle/pss_mechanized.thy	16200
526	pss_mechanized.oper_d1pos_anchor_coincide_regA2	518088	pss_mechanized	isabelle/pss_mechanized.thy	16390
527	pss_mechanized.oper_d1pos_anchor_coincide_regB	518286	pss_mechanized	isabelle/pss_mechanized.thy	16463
528	pss_mechanized.anchor_ge_of_leftmin	518342	pss_mechanized	isabelle/pss_mechanized.thy	16580
529	pss_mechanized.oper_d1pos_anchor_coincide_regB2	518684	pss_mechanized	isabelle/pss_mechanized.thy	16617
530	pss_mechanized.oper_d1pos_branch_lowshift_regB_plug	519146	pss_mechanized	isabelle/pss_mechanized.thy	16760
531	pss_mechanized.descending_Br_of_branch_le0	519238	pss_mechanized	isabelle/pss_mechanized.thy	16788
532	pss_mechanized.oper_d1pos_ctx_dpos	519370	pss_mechanized	isabelle/pss_mechanized.thy	16864
533	pss_mechanized.oper_d1pos_ctx_r1le	519448	pss_mechanized	isabelle/pss_mechanized.thy	16879
534	pss_mechanized.oper_d1pos_ctx_j0lt	519540	pss_mechanized	isabelle/pss_mechanized.thy	16904
535	pss_mechanized.oper_d1pos_ctx_multiM	519752	pss_mechanized	isabelle/pss_mechanized.thy	16927
536	pss_mechanized.oper_d1pos_row0_agree	520018	pss_mechanized	isabelle/pss_mechanized.thy	17021
537	pss_mechanized.nextrel0_prefix_row0	520128	pss_mechanized	isabelle/pss_mechanized.thy	17090
538	pss_mechanized.le0_prefix_row0	520236	pss_mechanized	isabelle/pss_mechanized.thy	17117
539	pss_mechanized.oper_d1pos_ctx_le0Np	520540	pss_mechanized	isabelle/pss_mechanized.thy	17159
540	pss_mechanized.oper_d1pos_nth_below	520760	pss_mechanized	isabelle/pss_mechanized.thy	17207
541	pss_mechanized.oper_d1pos_ctx_stop_of_tnc	520942	pss_mechanized	isabelle/pss_mechanized.thy	17277
542	pss_mechanized.oper_d1pos_anchor_coincide_period_unified	521186	pss_mechanized	isabelle/pss_mechanized.thy	17364
543	pss_mechanized.idxsum_lastcut_lmin_at	521246	pss_mechanized	isabelle/pss_mechanized.thy	17563
544	pss_mechanized.oper_d1pos_lenPSeq_unified	521422	pss_mechanized	isabelle/pss_mechanized.thy	17601
545	pss_mechanized.oper_d1pos_notbrle_LOW_take_eq_regA	522036	pss_mechanized	isabelle/pss_mechanized.thy	17737
546	pss_mechanized.oper_d1pos_notbrle_LOW_take_eq_regB	523244	pss_mechanized	isabelle/pss_mechanized.thy	18008
547	pss_mechanized.oper_d1pos_notbrle_LOW_take_eq_boundary	524326	pss_mechanized	isabelle/pss_mechanized.thy	18323
548	pss_mechanized.seg_IncrFirst0	524446	pss_mechanized	isabelle/pss_mechanized.thy	18619
549	pss_mechanized.seg_funpow_IncrFirst0	524484	pss_mechanized	isabelle/pss_mechanized.thy	18644
550	pss_mechanized.oper_d1pos_anchor_coincide_period_interior	524622	pss_mechanized	isabelle/pss_mechanized.thy	18671
551	pss_mechanized.oper_d1pos_anchor_coincide_period_boundary	524740	pss_mechanized	isabelle/pss_mechanized.thy	18732
552	pss_mechanized.oper_d1pos_notbrle_period_fullShift	525070	pss_mechanized	isabelle/pss_mechanized.thy	18791
553	pss_mechanized.oper_d1pos_notbrle_period_boundary_geom	525948	pss_mechanized	isabelle/pss_mechanized.thy	18956
554	pss_mechanized.oper_d1pos_period_row0_unif	526188	pss_mechanized	isabelle/pss_mechanized.thy	19267
555	pss_mechanized.nextrel0_prefix_row0_shift	526266	pss_mechanized	isabelle/pss_mechanized.thy	19378
556	pss_mechanized.le0_prefix_row0_shift	526282	pss_mechanized	isabelle/pss_mechanized.thy	19402
557	pss_mechanized.oper_d1pos_ctx_period_le0Np	526316	pss_mechanized	isabelle/pss_mechanized.thy	19442
558	pss_mechanized.oper_d1pos_ctx_stop_direct	526704	pss_mechanized	isabelle/pss_mechanized.thy	19581
559	pss_mechanized.oper_d1pos_ctx_stop_direct_strict	526890	pss_mechanized	isabelle/pss_mechanized.thy	19891
560	pss_mechanized.oper_d1pos_ctx_period_tncstrict_uncapped	527116	pss_mechanized	isabelle/pss_mechanized.thy	20019
561	pss_mechanized.nextrel0_prefix_row0_shift_rev	527138	pss_mechanized	isabelle/pss_mechanized.thy	20093
562	pss_mechanized.le0_prefix_row0_shift_rev	527154	pss_mechanized	isabelle/pss_mechanized.thy	20117
563	pss_mechanized.oper_d1pos_ctx_notbrleNp	527348	pss_mechanized	isabelle/pss_mechanized.thy	20172
564	pss_mechanized.oper_d1pos_ctx_notbrleNp_verbatim	527752	pss_mechanized	isabelle/pss_mechanized.thy	20322
565	pss_mechanized.oper_d1pos_ctx_period_multiNp	527908	pss_mechanized	isabelle/pss_mechanized.thy	20469
566	pss_mechanized.oper_d1pos_period_boundary_undercut	528058	pss_mechanized	isabelle/pss_mechanized.thy	20488
567	pss_mechanized.oper_d1pos_period_boundary_mLmin	528262	pss_mechanized	isabelle/pss_mechanized.thy	20513
568	pss_mechanized.oper_d1pos_period_boundary_cle	528514	pss_mechanized	isabelle/pss_mechanized.thy	20557
569	pss_mechanized.oper_d1pos_notbrle_LOW_take_eq_periodic	529576	pss_mechanized	isabelle/pss_mechanized.thy	20584
570	pss_mechanized.oper_d1pos_low_anchor_shamt0	530034	pss_mechanized	isabelle/pss_mechanized.thy	20904
571	pss_mechanized.oper_d1pos_period_boundary_cleMB	530332	pss_mechanized	isabelle/pss_mechanized.thy	21135
572	pss_mechanized.oper_d1pos_notbrle_LOW_take_eq	530620	pss_mechanized	isabelle/pss_mechanized.thy	21497
573	pss_mechanized.m_6_8_slice_Br_descending_monoT	530980	pss_mechanized	isabelle/pss_mechanized.thy	21961
574	pss_mechanized.m_6_8_standard_slice_Br_descending	531020	pss_mechanized	isabelle/pss_mechanized.thy	24002
575	pss_mechanized.m_7_1_term_components	531050	pss_mechanized	isabelle/pss_mechanized.thy	24124
576	pss_mechanized.filter_concat_bal	531100	pss_mechanized	isabelle/pss_mechanized.thy	24142
577	pss_mechanized.flatBT_paren_balance	531134	pss_mechanized	isabelle/pss_mechanized.thy	24148
578	pss_mechanized.m_7_1_paren_balance	531146	pss_mechanized	isabelle/pss_mechanized.thy	24198
579	pss_mechanized.lessBT_list_irrefl	531192	pss_mechanized	isabelle/pss_mechanized.thy	24221
580	pss_mechanized.lessBT_lessBP_irrefl	531200	pss_mechanized	isabelle/pss_mechanized.thy	24232
581	pss_mechanized.lessBT_irrefl	531210	pss_mechanized	isabelle/pss_mechanized.thy	24248
582	pss_mechanized.lessBP_irrefl	531216	pss_mechanized	isabelle/pss_mechanized.thy	24251
583	pss_mechanized.lessBT_trans	531278	pss_mechanized	isabelle/pss_mechanized.thy	24260
584	pss_mechanized.lessBT_list_total	531330	pss_mechanized	isabelle/pss_mechanized.thy	24365
585	pss_mechanized.lessBT_lessBP_total	531380	pss_mechanized	isabelle/pss_mechanized.thy	24394
586	pss_mechanized.lessBT_total	531398	pss_mechanized	isabelle/pss_mechanized.thy	24424
587	pss_mechanized.m_7_1_lessBT_linord	531422	pss_mechanized	isabelle/pss_mechanized.thy	24429
588	pss_mechanized.otb_Dpt_0	531460	pss_mechanized	isabelle/pss_mechanized.thy	24442
589	pss_mechanized.otb_tower_Suc	531500	pss_mechanized	isabelle/pss_mechanized.thy	24446
590	pss_mechanized.otb_tower_dfree	531516	pss_mechanized	isabelle/pss_mechanized.thy	24451
591	pss_mechanized.otb_tower_lessBT	531582	pss_mechanized	isabelle/pss_mechanized.thy	24456
592	pss_mechanized.otb_tower_G_and_OT	531606	pss_mechanized	isabelle/pss_mechanized.thy	24481
593	pss_mechanized.otb_descP_replicate	531624	pss_mechanized	isabelle/pss_mechanized.thy	24516
594	pss_mechanized.otb_mult_eq_replicate	531672	pss_mechanized	isabelle/pss_mechanized.thy	24532
595	pss_mechanized.m_6_6_rebase_row0_ge_row1	531922	pss_mechanized	isabelle/pss_mechanized.thy	24603
596	pss_mechanized.le0_diagSeq_junction_into_block	532016	pss_mechanized	isabelle/pss_mechanized.thy	24658
597	pss_mechanized.nth_concat_block	532064	pss_mechanized	isabelle/pss_mechanized.thy	24701
598	pss_mechanized.Red_leftend_ge_row1	532158	pss_mechanized	isabelle/pss_mechanized.thy	24736
599	pss_mechanized.joints_coreReduce_ge_m10	532346	pss_mechanized	isabelle/pss_mechanized.thy	24956
600	pss_mechanized.npJ_le_Joints_Suc	532410	pss_mechanized	isabelle/pss_mechanized.thy	25040
601	pss_mechanized.redB_tail_row0_above_anchor	532520	pss_mechanized	isabelle/pss_mechanized.thy	25114
602	pss_mechanized.coreReduce_m10_le_TrMax	532576	pss_mechanized	isabelle/pss_mechanized.thy	25335
603	pss_mechanized.redB_prefix_diag	532682	pss_mechanized	isabelle/pss_mechanized.thy	25366
604	pss_mechanized.redB_row0_strict_above_anchor	532846	pss_mechanized	isabelle/pss_mechanized.thy	25460
605	pss_mechanized.redB_row0_strict_suffix_min	532920	pss_mechanized	isabelle/pss_mechanized.thy	25533
606	pss_mechanized.redB_row1_anchor	533002	pss_mechanized	isabelle/pss_mechanized.thy	25550
607	pss_mechanized.redB_le0_anchor_jN	533138	pss_mechanized	isabelle/pss_mechanized.thy	25560
608	pss_mechanized.m_6_5_monoT_Red_m10pos	533262	pss_mechanized	isabelle/pss_mechanized.thy	25615
609	pss_mechanized.bumpv_strict_mono	533386	pss_mechanized	isabelle/pss_mechanized.thy	25708
610	pss_mechanized.bumpv_le	533420	pss_mechanized	isabelle/pss_mechanized.thy	25711
611	pss_mechanized.tail_bump.row0_lt	533566	pss_mechanized	isabelle/pss_mechanized.thy	25725
612	pss_mechanized.tail_bump.row0_ge	533636	pss_mechanized	isabelle/pss_mechanized.thy	25728
613	pss_mechanized.diag_tail_bump	533952	pss_mechanized	isabelle/pss_mechanized.thy	25846
614	pss_mechanized.coreReduce_m10pos_form	534024	pss_mechanized	isabelle/pss_mechanized.thy	25918
615	pss_mechanized.coreReduce_IncrFirst_m10pos_form	534110	pss_mechanized	isabelle/pss_mechanized.thy	25923
616	pss_mechanized.tail_bump_coreReduce	534170	pss_mechanized	isabelle/pss_mechanized.thy	25941
617	pss_mechanized.njA_TrMax_eq	534232	pss_mechanized	isabelle/pss_mechanized.thy	25972
618	pss_mechanized.njA_TrMax_ge_m10	534304	pss_mechanized	isabelle/pss_mechanized.thy	25981
619	pss_mechanized.njA_seg_IncrFirst	534376	pss_mechanized	isabelle/pss_mechanized.thy	26003
620	pss_mechanized.njA_Br_eq	534448	pss_mechanized	isabelle/pss_mechanized.thy	26057
621	pss_mechanized.njA_length_Br_eq	534500	pss_mechanized	isabelle/pss_mechanized.thy	26096
622	pss_mechanized.length_o_IncrFirst	534528	pss_mechanized	isabelle/pss_mechanized.thy	26104
623	pss_mechanized.IdxSum_map_IncrFirst	534556	pss_mechanized	isabelle/pss_mechanized.thy	26107
624	pss_mechanized.njA_FirstNodes_eq	534602	pss_mechanized	isabelle/pss_mechanized.thy	26112
625	pss_mechanized.njA_Joints_eq	534648	pss_mechanized	isabelle/pss_mechanized.thy	26127
626	pss_mechanized.njA_npJ_eq	534694	pss_mechanized	isabelle/pss_mechanized.thy	26145
627	pss_mechanized.njA_eJ_eq	534752	pss_mechanized	isabelle/pss_mechanized.thy	26180
628	pss_mechanized.m_6_6_Red_leftend_2	535024	pss_mechanized	isabelle/pss_mechanized.thy	26208
629	pss_mechanized.pred_P_decomp	535190	pss_mechanized	isabelle/pss_mechanized.thy	26539
630	pss_mechanized.butlast_diagSeq	535254	pss_mechanized	isabelle/pss_mechanized.thy	26699
631	pss_mechanized.diagSeq_in_T_PS	535286	pss_mechanized	isabelle/pss_mechanized.thy	26716
632	pss_mechanized.Red_core_diagSeq	535316	pss_mechanized	isabelle/pss_mechanized.thy	26727
633	pss_mechanized.Red_Pred_core_diagSeq	535340	pss_mechanized	isabelle/pss_mechanized.thy	26767
634	pss_mechanized.TrMax_Pred	535372	pss_mechanized	isabelle/pss_mechanized.thy	26800
635	pss_mechanized.IncrFirst_butlast	535384	pss_mechanized	isabelle/pss_mechanized.thy	26856
636	pss_mechanized.funpow_IncrFirst_butlast	535406	pss_mechanized	isabelle/pss_mechanized.thy	26859
637	pss_mechanized.entry_Pred_0	535436	pss_mechanized	isabelle/pss_mechanized.thy	26867
638	pss_mechanized.m_6_5_T4_coreArg_Pred	535486	pss_mechanized	isabelle/pss_mechanized.thy	26885
639	pss_mechanized.m_6_6_P_Pred_decomp	535514	pss_mechanized	isabelle/pss_mechanized.thy	26928
640	pss_mechanized.m_6_6_Br_Pred	535530	pss_mechanized	isabelle/pss_mechanized.thy	27017
641	pss_mechanized.nextrel0_leftmin_no_cross	535542	pss_mechanized	isabelle/pss_mechanized.thy	27111
642	pss_mechanized.le0_leftmin_ancestor_ge	535586	pss_mechanized	isabelle/pss_mechanized.thy	27144
643	pss_mechanized.m_6_4_parent_in_block	535688	pss_mechanized	isabelle/pss_mechanized.thy	27179
644	pss_mechanized.concat_eq_of_map_length_eq	535738	pss_mechanized	isabelle/pss_mechanized.thy	27216
645	pss_mechanized.m_6_6_Red_P_stable	535768	pss_mechanized	isabelle/pss_mechanized.thy	27250
646	pss_mechanized.m_6_6_RedCondA_core_diag	535808	pss_mechanized	isabelle/pss_mechanized.thy	27307
647	pss_mechanized.rcpb_block_eq	535826	pss_mechanized	isabelle/pss_mechanized.thy	27515
648	pss_mechanized.rcpb_nextR_seg	535888	pss_mechanized	isabelle/pss_mechanized.thy	27555
649	pss_mechanized.rcpb_parent_iff	536032	pss_mechanized	isabelle/pss_mechanized.thy	27575
650	pss_mechanized.rcpb_hasParent_iff	536108	pss_mechanized	isabelle/pss_mechanized.thy	27616
651	pss_mechanized.m_6_6_RedCond_P_block	536136	pss_mechanized	isabelle/pss_mechanized.thy	27723
652	pss_mechanized.clift_block_bounds	536182	pss_mechanized	isabelle/pss_mechanized.thy	27822
653	pss_mechanized.clift_nextR_lift	536238	pss_mechanized	isabelle/pss_mechanized.thy	27862
654	pss_mechanized.clift_local_imp_global_parent	536270	pss_mechanized	isabelle/pss_mechanized.thy	27897
655	pss_mechanized.clift_global_imp_local_parent	536342	pss_mechanized	isabelle/pss_mechanized.thy	27911
656	pss_mechanized.m_6_6_RedCond_concat_lift	536520	pss_mechanized	isabelle/pss_mechanized.thy	27942
657	pss_mechanized.m_6_6_P_reduced	536598	pss_mechanized	isabelle/pss_mechanized.thy	28120
658	pss_mechanized.idem_anchored_not_multi	536644	pss_mechanized	isabelle/pss_mechanized.thy	28185
659	pss_mechanized.eng_Red_IncrFirst_zeroT	536660	pss_mechanized	isabelle/pss_mechanized.thy	28224
660	pss_mechanized.eng_Red_IncrFirst_core	536730	pss_mechanized	isabelle/pss_mechanized.thy	28242
661	pss_mechanized.eng_Red_IncrFirst_shift	536744	pss_mechanized	isabelle/pss_mechanized.thy	28291
662	pss_mechanized.eng_Red_IncrFirst_multi_reduce	536774	pss_mechanized	isabelle/pss_mechanized.thy	28339
663	pss_mechanized.eng_Red_IncrFirst_m10pos_reduce	536818	pss_mechanized	isabelle/pss_mechanized.thy	28380
664	pss_mechanized.eng_Red_IncrFirst_modB2	536872	pss_mechanized	isabelle/pss_mechanized.thy	28451
665	pss_mechanized.Lng_bumpAt	536900	pss_mechanized	isabelle/pss_mechanized.thy	28529
666	pss_mechanized.entry_bumpAt0	536908	pss_mechanized	isabelle/pss_mechanized.thy	28532
667	pss_mechanized.entry_bumpAt1	536918	pss_mechanized	isabelle/pss_mechanized.thy	28536
668	pss_mechanized.tail_bump_bumpAt	536942	pss_mechanized	isabelle/pss_mechanized.thy	28544
669	pss_mechanized.cut_bump.cb_branch_entry0	537024	pss_mechanized	isabelle/pss_mechanized.thy	28569
670	pss_mechanized.cut_bump.cb_seg_IncrFirst	537060	pss_mechanized	isabelle/pss_mechanized.thy	28579
671	pss_mechanized.cut_bump.cb_Br_eq	537112	pss_mechanized	isabelle/pss_mechanized.thy	28616
672	pss_mechanized.cut_bump.cb_length_Br_eq	537120	pss_mechanized	isabelle/pss_mechanized.thy	28666
673	pss_mechanized.cut_bump.cb_FirstNodes_eq	537126	pss_mechanized	isabelle/pss_mechanized.thy	28669
674	pss_mechanized.cut_bump.cb_Joints_eq	537136	pss_mechanized	isabelle/pss_mechanized.thy	28676
675	pss_mechanized.cut_bump.cb_npJ_eq	537150	pss_mechanized	isabelle/pss_mechanized.thy	28679
676	pss_mechanized.cut_bump.cb_NJ_bumpAt	537196	pss_mechanized	isabelle/pss_mechanized.thy	28707
677	pss_mechanized.bumpAt_take	537202	pss_mechanized	isabelle/pss_mechanized.thy	28822
678	pss_mechanized.bumpAt_drop	537208	pss_mechanized	isabelle/pss_mechanized.thy	28825
679	pss_mechanized.bumpAt_multiT_eq	537216	pss_mechanized	isabelle/pss_mechanized.thy	28828
680	pss_mechanized.bumpAt_Pcut_eq	537224	pss_mechanized	isabelle/pss_mechanized.thy	28831
681	pss_mechanized.P_bumpAt	537230	pss_mechanized	isabelle/pss_mechanized.thy	28834
682	pss_mechanized.bumpv_shift	537236	pss_mechanized	isabelle/pss_mechanized.thy	28868
683	pss_mechanized.entry_diag_funpow_bumpAt0	537242	pss_mechanized	isabelle/pss_mechanized.thy	28871
684	pss_mechanized.bumpAt_diag_funpow	537250	pss_mechanized	isabelle/pss_mechanized.thy	28909
685	pss_mechanized.cut_bump_bumpAt	537268	pss_mechanized	isabelle/pss_mechanized.thy	28965
686	pss_mechanized.cut_bump_coreReduce	537294	pss_mechanized	isabelle/pss_mechanized.thy	28974
687	pss_mechanized.fin_shift_bumpv	537310	pss_mechanized	isabelle/pss_mechanized.thy	29007
688	pss_mechanized.fin_TrMax_shiftRow0	537448	pss_mechanized	isabelle/pss_mechanized.thy	29023
689	pss_mechanized.fin_cut_block_tail	537504	pss_mechanized	isabelle/pss_mechanized.thy	29042
690	pss_mechanized.fin_TrMax_argX_ge	537600	pss_mechanized	isabelle/pss_mechanized.thy	29145
691	pss_mechanized.fin_cut_bump_Red	537722	pss_mechanized	isabelle/pss_mechanized.thy	29214
692	pss_mechanized.fin_cutOK_coreReduce	537784	pss_mechanized	isabelle/pss_mechanized.thy	29710
693	pss_mechanized.fin_coreReduce_IncrFirst_bumpAt	537842	pss_mechanized	isabelle/pss_mechanized.thy	29728
694	pss_mechanized.m_6_5_Red_IncrFirst_B2	537904	pss_mechanized	isabelle/pss_mechanized.thy	29763
695	pss_mechanized.m_6_5_Red_IncrFirst	537922	pss_mechanized	isabelle/pss_mechanized.thy	29786
696	pss_mechanized.idem2_zeroT	537958	pss_mechanized	isabelle/pss_mechanized.thy	29801
697	pss_mechanized.idem2_core_trunk	538028	pss_mechanized	isabelle/pss_mechanized.thy	29818
698	pss_mechanized.idem2_shift_reduce	538158	pss_mechanized	isabelle/pss_mechanized.thy	29840
699	pss_mechanized.cong_struct.nextrel0_eq	538274	pss_mechanized	isabelle/pss_mechanized.thy	29887
700	pss_mechanized.cong_struct.le0_eq	538288	pss_mechanized	isabelle/pss_mechanized.thy	29889
701	pss_mechanized.cong_struct.nextrel1_eq	538308	pss_mechanized	isabelle/pss_mechanized.thy	29892
702	pss_mechanized.cong_struct.le1_eq	538328	pss_mechanized	isabelle/pss_mechanized.thy	29935
703	pss_mechanized.cong_struct.nextR_eq	538350	pss_mechanized	isabelle/pss_mechanized.thy	29938
704	pss_mechanized.cong_struct.leR_eq	538360	pss_mechanized	isabelle/pss_mechanized.thy	29941
705	pss_mechanized.cong_struct.TrMax_eq	538386	pss_mechanized	isabelle/pss_mechanized.thy	29944
706	pss_mechanized.cong_struct.zeroT_eq	538404	pss_mechanized	isabelle/pss_mechanized.thy	29947
707	pss_mechanized.cong_struct.monoT_eq	538434	pss_mechanized	isabelle/pss_mechanized.thy	29951
708	pss_mechanized.cong_struct.multiT_eq	538458	pss_mechanized	isabelle/pss_mechanized.thy	29954
709	pss_mechanized.cong_struct.Pcut_eq	538464	pss_mechanized	isabelle/pss_mechanized.thy	29957
710	pss_mechanized.congR_cong_struct	538570	pss_mechanized	isabelle/pss_mechanized.thy	29977
711	pss_mechanized.cong_struct_congR	538598	pss_mechanized	isabelle/pss_mechanized.thy	29980
712	pss_mechanized.congR_refl	538616	pss_mechanized	isabelle/pss_mechanized.thy	29992
713	pss_mechanized.congR_trans	538654	pss_mechanized	isabelle/pss_mechanized.thy	29994
714	pss_mechanized.congR_Lng	538688	pss_mechanized	isabelle/pss_mechanized.thy	29998
715	pss_mechanized.congR_nextR	538754	pss_mechanized	isabelle/pss_mechanized.thy	29999
716	pss_mechanized.congR_leR	538790	pss_mechanized	isabelle/pss_mechanized.thy	30001
717	pss_mechanized.congR_TrMax	538828	pss_mechanized	isabelle/pss_mechanized.thy	30003
718	pss_mechanized.congR_zeroT	538870	pss_mechanized	isabelle/pss_mechanized.thy	30005
719	pss_mechanized.congR_monoT	538902	pss_mechanized	isabelle/pss_mechanized.thy	30007
720	pss_mechanized.congR_multiT	538918	pss_mechanized	isabelle/pss_mechanized.thy	30009
721	pss_mechanized.congR_Pcut	538954	pss_mechanized	isabelle/pss_mechanized.thy	30011
722	pss_mechanized.congR_seg	539010	pss_mechanized	isabelle/pss_mechanized.thy	30018
723	pss_mechanized.congR_take	539070	pss_mechanized	isabelle/pss_mechanized.thy	30065
724	pss_mechanized.congR_drop	539122	pss_mechanized	isabelle/pss_mechanized.thy	30081
725	pss_mechanized.congR_P_maplen	539154	pss_mechanized	isabelle/pss_mechanized.thy	30101
726	pss_mechanized.congR_P_length	539170	pss_mechanized	isabelle/pss_mechanized.thy	30138
727	pss_mechanized.congR_P_IdxSum	539204	pss_mechanized	isabelle/pss_mechanized.thy	30141
728	pss_mechanized.congR_P_block	539296	pss_mechanized	isabelle/pss_mechanized.thy	30154
729	pss_mechanized.congR_IncrFirst	539350	pss_mechanized	isabelle/pss_mechanized.thy	30196
730	pss_mechanized.congR_funpow_IncrFirst	539384	pss_mechanized	isabelle/pss_mechanized.thy	30216
731	pss_mechanized.congR_shiftRow0	539456	pss_mechanized	isabelle/pss_mechanized.thy	30223
732	pss_mechanized.congR_brseg	539562	pss_mechanized	isabelle/pss_mechanized.thy	30257
733	pss_mechanized.congR_Br_length	539600	pss_mechanized	isabelle/pss_mechanized.thy	30265
734	pss_mechanized.congR_Br_block	539642	pss_mechanized	isabelle/pss_mechanized.thy	30288
735	pss_mechanized.congR_Br_maplen	539710	pss_mechanized	isabelle/pss_mechanized.thy	30366
736	pss_mechanized.congR_IdxSum_Br	539736	pss_mechanized	isabelle/pss_mechanized.thy	30380
737	pss_mechanized.congR_FirstNodes	539770	pss_mechanized	isabelle/pss_mechanized.thy	30391
738	pss_mechanized.congR_Joints	539782	pss_mechanized	isabelle/pss_mechanized.thy	30399
739	pss_mechanized.congR_npJ	539796	pss_mechanized	isabelle/pss_mechanized.thy	30405
740	pss_mechanized.cdn_nextrel0_suc_cong	539918	pss_mechanized	isabelle/pss_mechanized.thy	30435
741	pss_mechanized.cdn_minhead_runmin_char	540016	pss_mechanized	isabelle/pss_mechanized.thy	30466
742	pss_mechanized.cdn_nextrel0_minhead_cong	540138	pss_mechanized	isabelle/pss_mechanized.thy	30515
743	pss_mechanized.congR_NJ	540236	pss_mechanized	isabelle/pss_mechanized.thy	30575
744	pss_mechanized.cdn_entry0_diagfun	540292	pss_mechanized	isabelle/pss_mechanized.thy	30698
745	pss_mechanized.cdn_Lng_diagfun	540306	pss_mechanized	isabelle/pss_mechanized.thy	30721
746	pss_mechanized.cdn_runmin_char	540326	pss_mechanized	isabelle/pss_mechanized.thy	30732
747	pss_mechanized.cdn_nextrel0_diagfun_cong	540358	pss_mechanized	isabelle/pss_mechanized.thy	30779
748	pss_mechanized.congR_diag_funpow	540408	pss_mechanized	isabelle/pss_mechanized.thy	31028
749	pss_mechanized.cdn_shiftRow0_id	540416	pss_mechanized	isabelle/pss_mechanized.thy	31078
750	pss_mechanized.cdn_Red_shiftRow0_m10z	540432	pss_mechanized	isabelle/pss_mechanized.thy	31098
751	pss_mechanized.congR_self_shiftRow0	540450	pss_mechanized	isabelle/pss_mechanized.thy	31127
752	pss_mechanized.cdn_red_cong	540618	pss_mechanized	isabelle/pss_mechanized.thy	31150
753	pss_mechanized.b2_entry0_diag_app	540696	pss_mechanized	isabelle/pss_mechanized.thy	31393
754	pss_mechanized.b2_Lng_diag_app	540746	pss_mechanized	isabelle/pss_mechanized.thy	31409
755	pss_mechanized.b2_nextrel0_tailbump	540808	pss_mechanized	isabelle/pss_mechanized.thy	31424
756	pss_mechanized.b2_congR_tailbump	540840	pss_mechanized	isabelle/pss_mechanized.thy	31645
757	pss_mechanized.b2_RedM_eq_segN	540858	pss_mechanized	isabelle/pss_mechanized.thy	31685
758	pss_mechanized.b2_N_eq_diag_RedM	540866	pss_mechanized	isabelle/pss_mechanized.thy	31766
759	pss_mechanized.b2_idem_m10pos	540888	pss_mechanized	isabelle/pss_mechanized.thy	31821
760	pss_mechanized.s_FirstNode0_eq_TrMax_Suc	540918	pss_mechanized	isabelle/pss_mechanized.thy	31898
761	pss_mechanized.s_npJ0_le_TrMax	540940	pss_mechanized	isabelle/pss_mechanized.thy	31907
762	pss_mechanized.fl_s_TrMax_Red	540966	pss_mechanized	isabelle/pss_mechanized.thy	31977
763	pss_mechanized.d_Red_core_nontrunk_unfold	540992	pss_mechanized	isabelle/pss_mechanized.thy	32118
764	pss_mechanized.fin_Red_leftend_row0_eq_m10	541012	pss_mechanized	isabelle/pss_mechanized.thy	32179
765	pss_mechanized.fin_Red_NJ_leftend	541044	pss_mechanized	isabelle/pss_mechanized.thy	32309
766	pss_mechanized.fin_block_head	541122	pss_mechanized	isabelle/pss_mechanized.thy	32341
767	pss_mechanized.rmt_core_nontrunk_tail_pos	541186	pss_mechanized	isabelle/pss_mechanized.thy	32372
768	pss_mechanized.rmt_core_nontrunk_strict_suffix_min	541246	pss_mechanized	isabelle/pss_mechanized.thy	32502
769	pss_mechanized.m_6_5_Red_preserves_monoT	541258	pss_mechanized	isabelle/pss_mechanized.thy	32543
770	pss_mechanized.if2_P_concat_blocks	541352	pss_mechanized	isabelle/pss_mechanized.thy	32787
771	pss_mechanized.if2_multiT_funpow_IncrFirst	541374	pss_mechanized	isabelle/pss_mechanized.thy	32920
772	pss_mechanized.if2_block_props	541388	pss_mechanized	isabelle/pss_mechanized.thy	32929
773	pss_mechanized.if2_block_row0_min	541474	pss_mechanized	isabelle/pss_mechanized.thy	32972
774	pss_mechanized.if2_Br_Red	541528	pss_mechanized	isabelle/pss_mechanized.thy	33025
775	pss_mechanized.a1_Red_trunk_row0	541538	pss_mechanized	isabelle/pss_mechanized.thy	33132
776	pss_mechanized.a1_FN_hasParent	541544	pss_mechanized	isabelle/pss_mechanized.thy	33161
777	pss_mechanized.a1_FN_lt	541552	pss_mechanized	isabelle/pss_mechanized.thy	33186
778	pss_mechanized.a1_concat_locate_raw	541560	pss_mechanized	isabelle/pss_mechanized.thy	33198
779	pss_mechanized.a1_concat_locate	541624	pss_mechanized	isabelle/pss_mechanized.thy	33225
780	pss_mechanized.a1_sumlen_take_mono	541694	pss_mechanized	isabelle/pss_mechanized.thy	33240
781	pss_mechanized.a1_if_Joints_Red	541764	pss_mechanized	isabelle/pss_mechanized.thy	33254
782	pss_mechanized.a1_BrRed_row1_head	541786	pss_mechanized	isabelle/pss_mechanized.thy	33432
783	pss_mechanized.a1_if_npJ_Red_zero	541808	pss_mechanized	isabelle/pss_mechanized.thy	33467
784	pss_mechanized.a1_Red_trunk_row1	541836	pss_mechanized	isabelle/pss_mechanized.thy	33483
785	pss_mechanized.a1_Red_trunk_nextrel0_step	541846	pss_mechanized	isabelle/pss_mechanized.thy	33512
786	pss_mechanized.a1_Red_trunk_le0	541930	pss_mechanized	isabelle/pss_mechanized.thy	33531
787	pss_mechanized.a1_le0_ancestor_le_parent	541978	pss_mechanized	isabelle/pss_mechanized.thy	33570
788	pss_mechanized.a1_if_npJ_Red_pos	542110	pss_mechanized	isabelle/pss_mechanized.thy	33595
789	pss_mechanized.a1_if_npJ_Red	542150	pss_mechanized	isabelle/pss_mechanized.thy	33729
790	pss_mechanized.a1_Red_funpow_IncrFirst	542190	pss_mechanized	isabelle/pss_mechanized.thy	33745
791	pss_mechanized.a1_NJ_Red_eq	542358	pss_mechanized	isabelle/pss_mechanized.thy	33771
792	pss_mechanized.a1_Red_NJ_Red_residual	542408	pss_mechanized	isabelle/pss_mechanized.thy	33832
793	pss_mechanized.a1_idem_core_nontrunk	542510	pss_mechanized	isabelle/pss_mechanized.thy	33857
794	pss_mechanized.a1_idem_m10pos	542618	pss_mechanized	isabelle/pss_mechanized.thy	33945
795	pss_mechanized.idem_nonmulti	542658	pss_mechanized	isabelle/pss_mechanized.thy	34021
796	pss_mechanized.m_6_5_Red_idem	542676	pss_mechanized	isabelle/pss_mechanized.thy	34141
797	pss_mechanized.a3_butlast_concat	542726	pss_mechanized	isabelle/pss_mechanized.thy	34162
798	pss_mechanized.a3_map_butlast	542770	pss_mechanized	isabelle/pss_mechanized.thy	34179
799	pss_mechanized.a3_butlast_Red_len1	542800	pss_mechanized	isabelle/pss_mechanized.thy	34186
800	pss_mechanized.a3_shiftRow0_Pred	542834	pss_mechanized	isabelle/pss_mechanized.thy	34198
801	pss_mechanized.a3_Red_shiftRow0_Pred_m10z	542876	pss_mechanized	isabelle/pss_mechanized.thy	34249
802	pss_mechanized.a3_TrMax_Pred_trunk	542930	pss_mechanized	isabelle/pss_mechanized.thy	34295
803	pss_mechanized.a3_Red_Pred_cond	543208	pss_mechanized	isabelle/pss_mechanized.thy	34351
804	pss_mechanized.rpred_Br_Pred_prefix	543340	pss_mechanized	isabelle/pss_mechanized.thy	34737
805	pss_mechanized.rpred_IdxSum_prefix_append	543408	pss_mechanized	isabelle/pss_mechanized.thy	34753
806	pss_mechanized.rpred_IdxSum_butlast	543456	pss_mechanized	isabelle/pss_mechanized.thy	34770
807	pss_mechanized.rpred_FirstNodes_Pred	543654	pss_mechanized	isabelle/pss_mechanized.thy	34790
808	pss_mechanized.rpred_JBr_Pred_imp	543802	pss_mechanized	isabelle/pss_mechanized.thy	34863
809	pss_mechanized.rpred_hasParent_FirstNodes	543862	pss_mechanized	isabelle/pss_mechanized.thy	34900
810	pss_mechanized.rpred_Joints_Pred	544088	pss_mechanized	isabelle/pss_mechanized.thy	34930
811	pss_mechanized.rpred_branch_e1_Pred	544336	pss_mechanized	isabelle/pss_mechanized.thy	35025
812	pss_mechanized.rpred_npJ_Pred	544654	pss_mechanized	isabelle/pss_mechanized.thy	35084
813	pss_mechanized.rpred_block_eq_interior	544842	pss_mechanized	isabelle/pss_mechanized.thy	35190
814	pss_mechanized.rpred_NJ_interior	544938	pss_mechanized	isabelle/pss_mechanized.thy	35220
815	pss_mechanized.rpred_lastblock_Pred	545028	pss_mechanized	isabelle/pss_mechanized.thy	35244
816	pss_mechanized.rpred_NJ_lastblock	545102	pss_mechanized	isabelle/pss_mechanized.thy	35281
817	pss_mechanized.rpred_BL_nonempty	545156	pss_mechanized	isabelle/pss_mechanized.thy	35346
818	pss_mechanized.rpred_BL_lastlen1	545182	pss_mechanized	isabelle/pss_mechanized.thy	35369
819	pss_mechanized.rpred_core_nontrunk_step	545314	pss_mechanized	isabelle/pss_mechanized.thy	35392
820	pss_mechanized.m_6_5_Red_Pred	545546	pss_mechanized	isabelle/pss_mechanized.thy	35727
821	pss_mechanized.rnsub_size_arg_lt	545616	pss_mechanized	isabelle/pss_mechanized.thy	36143
822	pss_mechanized.rnsub_size_arg_lt'	545670	pss_mechanized	isabelle/pss_mechanized.thy	36155
823	pss_mechanized.rnsub_RightNodes_cons	545840	pss_mechanized	isabelle/pss_mechanized.thy	36169
824	pss_mechanized.rnsub_RightNodes_zero	545856	pss_mechanized	isabelle/pss_mechanized.thy	36174
825	pss_mechanized.rnsub_RightNodes_Dpt	545886	pss_mechanized	isabelle/pss_mechanized.thy	36177
826	pss_mechanized.rnsub_RightNodes_last	545920	pss_mechanized	isabelle/pss_mechanized.thy	36182
827	pss_mechanized.rnsub_flat_single	545982	pss_mechanized	isabelle/pss_mechanized.thy	36187
828	pss_mechanized.rnsub_flat_Dpt0	546018	pss_mechanized	isabelle/pss_mechanized.thy	36191
829	pss_mechanized.rnsub_flat_hd	546068	pss_mechanized	isabelle/pss_mechanized.thy	36195
830	pss_mechanized.rnsub_flat_nonempty	546088	pss_mechanized	isabelle/pss_mechanized.thy	36199
831	pss_mechanized.rnsub_Lng_PB	546120	pss_mechanized	isabelle/pss_mechanized.thy	36203
832	pss_mechanized.rnsub_align_lastZ	546210	pss_mechanized	isabelle/pss_mechanized.thy	36217
833	pss_mechanized.rnsub_flat_multi	546324	pss_mechanized	isabelle/pss_mechanized.thy	36256
834	pss_mechanized.rnsub_flat_pre_post	546452	pss_mechanized	isabelle/pss_mechanized.thy	36262
835	pss_mechanized.rnsub_Zsym_in_flat	546488	pss_mechanized	isabelle/pss_mechanized.thy	36321
836	pss_mechanized.rnsub_allRP_no_Zsym	546498	pss_mechanized	isabelle/pss_mechanized.thy	36327
837	pss_mechanized.rnsub_TB_last	546522	pss_mechanized	isabelle/pss_mechanized.thy	36332
838	pss_mechanized.rnsub_TB_replace_last	546538	pss_mechanized	isabelle/pss_mechanized.thy	36343
839	pss_mechanized.rnsub_spineSub_len	546988	pss_mechanized	isabelle/pss_mechanized.thy	36376
840	pss_mechanized.rnsub_RightNodes_spineSub	547010	pss_mechanized	isabelle/pss_mechanized.thy	36381
841	pss_mechanized.rnsub_flat_main	547030	pss_mechanized	isabelle/pss_mechanized.thy	36426
842	pss_mechanized.rnsub_Lng_spineSub	547090	pss_mechanized	isabelle/pss_mechanized.thy	36546
843	pss_mechanized.rnsub_RightNodes_t0_lastv	547160	pss_mechanized	isabelle/pss_mechanized.thy	36560
844	pss_mechanized.m_7_2_RightNodes_subexpr	547302	pss_mechanized	isabelle/pss_mechanized.thy	36647
845	pss_mechanized.key_reduced_iff_cond_multi	547398	pss_mechanized	isabelle/pss_mechanized.thy	36733
846	pss_mechanized.elead_Lng_diag_append	547436	pss_mechanized	isabelle/pss_mechanized.thy	36779
847	pss_mechanized.elead_entry_diag_append_lo	547464	pss_mechanized	isabelle/pss_mechanized.thy	36783
848	pss_mechanized.elead_entry_diag_append_hi	547482	pss_mechanized	isabelle/pss_mechanized.thy	36793
849	pss_mechanized.elead_monoT_N	547504	pss_mechanized	isabelle/pss_mechanized.thy	36809
850	pss_mechanized.scbuniq_isPTB_has_nonRP	547528	pss_mechanized	isabelle/pss_mechanized.thy	36905
851	pss_mechanized.scbuniq_trailRP_append_RP	547546	pss_mechanized	isabelle/pss_mechanized.thy	36916
852	pss_mechanized.scbuniq_trailRP_prefix_indep	547580	pss_mechanized	isabelle/pss_mechanized.thy	36929
853	pss_mechanized.scbuniq_all_RP_eq	547636	pss_mechanized	isabelle/pss_mechanized.thy	36942
854	pss_mechanized.m_7_2_scb_unique_sb	547650	pss_mechanized	isabelle/pss_mechanized.thy	36954
855	pss_mechanized.scbtriv_depth_append	547750	pss_mechanized	isabelle/pss_mechanized.thy	37013
856	pss_mechanized.scbtriv_depth_Nil	547756	pss_mechanized	isabelle/pss_mechanized.thy	37017
857	pss_mechanized.scbtriv_depth_Cons	547766	pss_mechanized	isabelle/pss_mechanized.thy	37020
858	pss_mechanized.scbtriv_dlt_simps	547792	pss_mechanized	isabelle/pss_mechanized.thy	37024
859	pss_mechanized.scbtriv_depth_concat_CM	547846	pss_mechanized	isabelle/pss_mechanized.thy	37029
860	pss_mechanized.scbtriv_sum_list_zero	547890	pss_mechanized	isabelle/pss_mechanized.thy	37034
861	pss_mechanized.scbtriv_flat_nonempty	547930	pss_mechanized	isabelle/pss_mechanized.thy	37040
862	pss_mechanized.scbtriv_depth_flat	547974	pss_mechanized	isabelle/pss_mechanized.thy	37046
863	pss_mechanized.scbtriv_eq_imp_trivial_decomp	548042	pss_mechanized	isabelle/pss_mechanized.thy	37072
864	pss_mechanized.roper_oper_Lng1	548080	pss_mechanized	isabelle/pss_mechanized.thy	37092
865	pss_mechanized.roper_base_Lng1	548124	pss_mechanized	isabelle/pss_mechanized.thy	37097
866	pss_mechanized.ecrux_diagSeq_split	548154	pss_mechanized	isabelle/pss_mechanized.thy	37121
867	pss_mechanized.herd_Pred_pow_T_PS	548184	pss_mechanized	isabelle/pss_mechanized.thy	37145
868	pss_mechanized.herd_Pred_pow_take	548194	pss_mechanized	isabelle/pss_mechanized.thy	37164
869	pss_mechanized.herd_Red_Pred_pow	548236	pss_mechanized	isabelle/pss_mechanized.thy	37194
870	pss_mechanized.herd_6_6_reduced_slice	548274	pss_mechanized	isabelle/pss_mechanized.thy	37227
871	pss_mechanized.flatinj_dsum_Nil	548738	pss_mechanized	isabelle/pss_mechanized.thy	37284
872	pss_mechanized.flatinj_dsum_Cons	548756	pss_mechanized	isabelle/pss_mechanized.thy	37287
873	pss_mechanized.flatinj_dsum_append	548772	pss_mechanized	isabelle/pss_mechanized.thy	37291
874	pss_mechanized.flatinj_dsum_concat_CM	548800	pss_mechanized	isabelle/pss_mechanized.thy	37297
875	pss_mechanized.flatinj_dsum_flatBT	548862	pss_mechanized	isabelle/pss_mechanized.thy	37303
876	pss_mechanized.flatinj_prefix_concat	549004	pss_mechanized	isabelle/pss_mechanized.thy	37333
877	pss_mechanized.flatinj_prefix_nonneg_BT	549128	pss_mechanized	isabelle/pss_mechanized.thy	37391
878	pss_mechanized.flatinj_flatBP_cancel	549228	pss_mechanized	isabelle/pss_mechanized.thy	37492
879	pss_mechanized.flatinj_concat_inj	549416	pss_mechanized	isabelle/pss_mechanized.thy	37541
880	pss_mechanized.list_321_cases	549530	pss_mechanized	isabelle/pss_mechanized.thy	37574
881	pss_mechanized.flatinj_flat_inj	549596	pss_mechanized	isabelle/pss_mechanized.thy	37588
882	pss_mechanized.m_7_flatBT_inj	549620	pss_mechanized	isabelle/pss_mechanized.thy	37678
883	pss_mechanized.scbcomp_compose1	549670	pss_mechanized	isabelle/pss_mechanized.thy	37699
884	pss_mechanized.scbcomp_compose2_PT	549726	pss_mechanized	isabelle/pss_mechanized.thy	37735
885	pss_mechanized.scbcomp_isPTB_Zsym_False	549772	pss_mechanized	isabelle/pss_mechanized.thy	37760
886	pss_mechanized.scbcomp_compose2_counterexample	549822	pss_mechanized	isabelle/pss_mechanized.thy	37770
887	pss_mechanized.m_7_2_scb_compose	549886	pss_mechanized	isabelle/pss_mechanized.thy	37788
888	pss_mechanized.ecrux_drop_tail	549918	pss_mechanized	isabelle/pss_mechanized.thy	37814
889	pss_mechanized.ecrux_Lng	549972	pss_mechanized	isabelle/pss_mechanized.thy	37820
890	pss_mechanized.ecrux_TrMax_diag_prefix	550058	pss_mechanized	isabelle/pss_mechanized.thy	37828
891	pss_mechanized.ecrux_branch_seg_eq	550236	pss_mechanized	isabelle/pss_mechanized.thy	37915
892	pss_mechanized.ecrux_Br_diag_prefix	550326	pss_mechanized	isabelle/pss_mechanized.thy	37949
893	pss_mechanized.ecrux_FirstNodes_diag_prefix	550412	pss_mechanized	isabelle/pss_mechanized.thy	37986
894	pss_mechanized.scbtriv_flat_append_RP_nil	550476	pss_mechanized	isabelle/pss_mechanized.thy	38033
895	pss_mechanized.m_7_2_scb_triviality	550530	pss_mechanized	isabelle/pss_mechanized.thy	38043
896	pss_mechanized.m_7_2_scb_unique_decomp	550646	pss_mechanized	isabelle/pss_mechanized.thy	38117
897	pss_mechanized.ecrux_bumpAt_diag_IncrFirst	550718	pss_mechanized	isabelle/pss_mechanized.thy	38171
898	pss_mechanized.ecrux_cutOK_diag	550748	pss_mechanized	isabelle/pss_mechanized.thy	38248
899	pss_mechanized.ecrux_Red_diag_IncrFirst_step	550796	pss_mechanized	isabelle/pss_mechanized.thy	38278
900	pss_mechanized.ecrux_Red_diag_IncrFirst_pow	550814	pss_mechanized	isabelle/pss_mechanized.thy	38297
901	pss_mechanized.ecrux_Red_diag_eq_Red_coreReduce	550832	pss_mechanized	isabelle/pss_mechanized.thy	38333
902	pss_mechanized.m_6_6_Red_diag_prefix	550896	pss_mechanized	isabelle/pss_mechanized.thy	38358
903	pss_mechanized.scbrepl_multi_not_PTB	550936	pss_mechanized	isabelle/pss_mechanized.thy	38423
904	pss_mechanized.m_7_2_scb_replaceable_counterexample	551250	pss_mechanized	isabelle/pss_mechanized.thy	38441
905	pss_mechanized.scbrepl_t0_zero_forces_trivial	551266	pss_mechanized	isabelle/pss_mechanized.thy	38486
906	pss_mechanized.m_7_2_scb_replaceable_t0zero	551300	pss_mechanized	isabelle/pss_mechanized.thy	38517
907	pss_mechanized.scbrepl_concl_from_image	551340	pss_mechanized	isabelle/pss_mechanized.thy	38566
908	pss_mechanized.m_7_2_scb_replaceable_corr_mod_image	551394	pss_mechanized	isabelle/pss_mechanized.thy	38596
909	pss_mechanized.kst_reduced_row1_le_row0	551438	pss_mechanized	isabelle/pss_mechanized.thy	38628
910	pss_mechanized.m_6_6_reduced_leftend	551516	pss_mechanized	isabelle/pss_mechanized.thy	38721
911	pss_mechanized.kst_no_parent_Lng1	551530	pss_mechanized	isabelle/pss_mechanized.thy	38847
912	pss_mechanized.kst_reduced_iff_cond_zeroT	551584	pss_mechanized	isabelle/pss_mechanized.thy	38868
913	pss_mechanized.addscb_princ_isPTB	551614	pss_mechanized	isabelle/pss_mechanized.thy	38937
914	pss_mechanized.addscb_addBT_snoc	551622	pss_mechanized	isabelle/pss_mechanized.thy	38948
915	pss_mechanized.m_7_2_add_scb_conj1	551632	pss_mechanized	isabelle/pss_mechanized.thy	38955
916	pss_mechanized.m_7_2_add_scb_conj3_counterexample	551680	pss_mechanized	isabelle/pss_mechanized.thy	38997
917	pss_mechanized.kfwd_nextR_diagSeq_parent	551694	pss_mechanized	isabelle/pss_mechanized.thy	39104
918	pss_mechanized.kfwd_condAB_diagSeq	551700	pss_mechanized	isabelle/pss_mechanized.thy	39163
919	pss_mechanized.kfwd_reduced_core_trunk_diag	551716	pss_mechanized	isabelle/pss_mechanized.thy	39231
920	pss_mechanized.kfwd_reduced_core_trunk_condAB	551722	pss_mechanized	isabelle/pss_mechanized.thy	39249
921	pss_mechanized.kfwd_Red_core_leftend00	551728	pss_mechanized	isabelle/pss_mechanized.thy	39268
922	pss_mechanized.kfwd_reduced_monoT_shift_vacuous	551736	pss_mechanized	isabelle/pss_mechanized.thy	39315
923	pss_mechanized.addscb_flat_pre_post2	551750	pss_mechanized	isabelle/pss_mechanized.thy	39357
924	pss_mechanized.m_7_2_add_scb_conj2	551758	pss_mechanized	isabelle/pss_mechanized.thy	39402
925	pss_mechanized.kfwd_reduced_core_nontrunk_initslice	551808	pss_mechanized	isabelle/pss_mechanized.thy	39467
926	pss_mechanized.m_7_2_scb_kind_unique_of_ceq	551848	pss_mechanized	isabelle/pss_mechanized.thy	39530
927	pss_mechanized.kfwd_pred_agree	551862	pss_mechanized	isabelle/pss_mechanized.thy	39567
928	pss_mechanized.kfwd_nextR_Pred_imp	551892	pss_mechanized	isabelle/pss_mechanized.thy	39577
929	pss_mechanized.kfwd_nextR_Pred_rev	551974	pss_mechanized	isabelle/pss_mechanized.thy	39607
930	pss_mechanized.kfwd_hasParent_Pred_iff	552002	pss_mechanized	isabelle/pss_mechanized.thy	39644
931	pss_mechanized.kfwd_parent_Pred_eq	552042	pss_mechanized	isabelle/pss_mechanized.thy	39688
932	pss_mechanized.kfwd_entry_Pred_eq	552050	pss_mechanized	isabelle/pss_mechanized.thy	39716
933	pss_mechanized.kfwd_monoT_hasParent_top	552076	pss_mechanized	isabelle/pss_mechanized.thy	39731
934	pss_mechanized.scbc_principal_cancel	552104	pss_mechanized	isabelle/pss_mechanized.thy	39809
935	pss_mechanized.m_7_2_scb_c_unique	552152	pss_mechanized	isabelle/pss_mechanized.thy	39820
936	pss_mechanized.m_7_2_scb_kind0_unique	552204	pss_mechanized	isabelle/pss_mechanized.thy	39855
937	pss_mechanized.m_7_2_scb_kind1_unique	552260	pss_mechanized	isabelle/pss_mechanized.thy	39868
938	pss_mechanized.flatinj_dsum_allRP	552278	pss_mechanized	isabelle/pss_mechanized.thy	39885
939	pss_mechanized.rnsub_flatBP_lastZ_split	552312	pss_mechanized	isabelle/pss_mechanized.thy	39893
940	pss_mechanized.rnsub_RN_single	552340	pss_mechanized	isabelle/pss_mechanized.thy	39927
941	pss_mechanized.rnsub_dsum_pre_eq_post	552400	pss_mechanized	isabelle/pss_mechanized.thy	39937
942	pss_mechanized.rnsub_straddle_excluded	552444	pss_mechanized	isabelle/pss_mechanized.thy	39959
943	pss_mechanized.rnsub_cut_ge_pre_dichotomy	552582	pss_mechanized	isabelle/pss_mechanized.thy	40028
944	pss_mechanized.incf_pow_Lng	552678	pss_mechanized	isabelle/pss_mechanized.thy	40141
945	pss_mechanized.incf_pow_entry0	552758	pss_mechanized	isabelle/pss_mechanized.thy	40146
946	pss_mechanized.incf_pow_entry1	552816	pss_mechanized	isabelle/pss_mechanized.thy	40162
947	pss_mechanized.nextrel0_incf_pow_eq	552866	pss_mechanized	isabelle/pss_mechanized.thy	40181
948	pss_mechanized.nextrel1_incf_pow_eq	552902	pss_mechanized	isabelle/pss_mechanized.thy	40192
949	pss_mechanized.incf_pow_nextR	552938	pss_mechanized	isabelle/pss_mechanized.thy	40203
950	pss_mechanized.incf_pow_hasParent	552970	pss_mechanized	isabelle/pss_mechanized.thy	40218
951	pss_mechanized.incf_pow_parent	553006	pss_mechanized	isabelle/pss_mechanized.thy	40223
952	pss_mechanized.concat_map_last_block_drop	553132	pss_mechanized	isabelle/pss_mechanized.thy	40249
953	pss_mechanized.kfwd_lastblock_locate	553286	pss_mechanized	isabelle/pss_mechanized.thy	40261
954	pss_mechanized.wf12_allRP_prefix	553354	pss_mechanized	isabelle/pss_mechanized.thy	40382
955	pss_mechanized.rnsub_marked_canon_lastZ	553520	pss_mechanized	isabelle/pss_mechanized.thy	40394
956	pss_mechanized.ncons_diag_prefix_entry	553614	pss_mechanized	isabelle/pss_mechanized.thy	40443
957	pss_mechanized.ncons_Pred_core	553888	pss_mechanized	isabelle/pss_mechanized.thy	40474
958	pss_mechanized.kst_reduced_imp_condAB_monoT_core_cond	554092	pss_mechanized	isabelle/pss_mechanized.thy	40529
959	pss_mechanized.flatBT_last_not_CM	554182	pss_mechanized	isabelle/pss_mechanized.thy	40674
960	pss_mechanized.flatBP_last_not_CM'	554222	pss_mechanized	isabelle/pss_mechanized.thy	40688
961	pss_mechanized.flatinj_dsum_suffix	554282	pss_mechanized	isabelle/pss_mechanized.thy	40692
962	pss_mechanized.rnsub_peel_components	554470	pss_mechanized	isabelle/pss_mechanized.thy	40703
963	pss_mechanized.flat_CM_shift	554566	pss_mechanized	isabelle/pss_mechanized.thy	40855
964	pss_mechanized.flatBP_len_ge2	554592	pss_mechanized	isabelle/pss_mechanized.thy	40865
965	pss_mechanized.rnsub_RN_of_maximal	554686	pss_mechanized	isabelle/pss_mechanized.thy	40873
966	pss_mechanized.rnsub_cut_ge_pre	554876	pss_mechanized	isabelle/pss_mechanized.thy	40887
967	pss_mechanized.rnsub_RN_occ_len_le	555050	pss_mechanized	isabelle/pss_mechanized.thy	40985
968	pss_mechanized.rnsub_RN_pins_len	555350	pss_mechanized	isabelle/pss_mechanized.thy	41053
969	pss_mechanized.m_7_2_scb_kind0_unique_uncond	555488	pss_mechanized	isabelle/pss_mechanized.thy	41178
970	pss_mechanized.m_7_2_scb_kind1_unique_uncond	555654	pss_mechanized	isabelle/pss_mechanized.thy	41223
971	pss_mechanized.wf15_lastblock_entry_transfer	556136	pss_mechanized	isabelle/pss_mechanized.thy	41274
972	pss_mechanized.wf15_inblock_N_core	556408	pss_mechanized	isabelle/pss_mechanized.thy	41358
973	pss_mechanized.rnsub_RN_occ_suffix	556590	pss_mechanized	isabelle/pss_mechanized.thy	41452
974	pss_mechanized.rnsub_kind1_drop_index_pin	556828	pss_mechanized	isabelle/pss_mechanized.thy	41525
975	pss_mechanized.rnsub_kind1_len_pin	557036	pss_mechanized	isabelle/pss_mechanized.thy	41602
976	pss_mechanized.m_7_2_scb_kind1_unique_uncond'	557106	pss_mechanized	isabelle/pss_mechanized.thy	41681
977	pss_mechanized.wf16_inblock_parent_corr	557552	pss_mechanized	isabelle/pss_mechanized.thy	41733
978	pss_mechanized.rnsub_drop_last_eq	557696	pss_mechanized	isabelle/pss_mechanized.thy	41889
979	pss_mechanized.rnsub_kind0_last0	557752	pss_mechanized	isabelle/pss_mechanized.thy	41906
980	pss_mechanized.rnsub_kind1_lastpos	557828	pss_mechanized	isabelle/pss_mechanized.thy	41948
981	pss_mechanized.m_7_2_scb_kinds_exclusive	557888	pss_mechanized	isabelle/pss_mechanized.thy	41994
982	pss_mechanized.rnsub_kind0_able_shape	557962	pss_mechanized	isabelle/pss_mechanized.thy	42049
983	pss_mechanized.rnsub_kind1_able_shape	558004	pss_mechanized	isabelle/pss_mechanized.thy	42077
984	pss_mechanized.rnsub_kindable_imp_natshape	558082	pss_mechanized	isabelle/pss_mechanized.thy	42133
985	pss_mechanized.wf17_entry_diag_tail	558130	pss_mechanized	isabelle/pss_mechanized.thy	42181
986	pss_mechanized.wf17_nextR_unique	558172	pss_mechanized	isabelle/pss_mechanized.thy	42191
987	pss_mechanized.wf17_RedCondA_diag_tail	558284	pss_mechanized	isabelle/pss_mechanized.thy	42203
988	pss_mechanized.wf17_blk_len	558422	pss_mechanized	isabelle/pss_mechanized.thy	42267
989	pss_mechanized.wf17_off_eq_firstnode	558772	pss_mechanized	isabelle/pss_mechanized.thy	42282
990	pss_mechanized.wf17_crossblock_row0	558962	pss_mechanized	isabelle/pss_mechanized.thy	42363
991	pss_mechanized.wf17_crossblock_row1	559074	pss_mechanized	isabelle/pss_mechanized.thy	42446
992	pss_mechanized.wf18_crossblock_row1_kkpos	559220	pss_mechanized	isabelle/pss_mechanized.thy	42585
993	pss_mechanized.wf19_valpin	559522	pss_mechanized	isabelle/pss_mechanized.thy	42678
994	pss_mechanized.wf19_IdxSum_pos	559574	pss_mechanized	isabelle/pss_mechanized.thy	42792
995	pss_mechanized.wf19_Lng_N_lt	559814	pss_mechanized	isabelle/pss_mechanized.thy	42816
996	pss_mechanized.wf19_inblock_entry	560030	pss_mechanized	isabelle/pss_mechanized.thy	42898
997	pss_mechanized.wf19_inblock_condA	560322	pss_mechanized	isabelle/pss_mechanized.thy	42965
998	pss_mechanized.wf19_r0_kkpos_inblock	560540	pss_mechanized	isabelle/pss_mechanized.thy	43072
999	pss_mechanized.wf19_brnz_of_r1_kk0	560896	pss_mechanized	isabelle/pss_mechanized.thy	43151
1000	pss_mechanized.wf19_RedCondA_Rs	561136	pss_mechanized	isabelle/pss_mechanized.thy	43199
1001	pss_mechanized.condAB_all_cond	561700	pss_mechanized	isabelle/pss_mechanized.thy	43227
1002	pss_mechanized.kst_reduced_imp_condAB_monoT_core_via_wf19	562324	pss_mechanized	isabelle/pss_mechanized.thy	43485
1003	pss_mechanized.condA_top_all_cond	562812	pss_mechanized	isabelle/pss_mechanized.thy	43505
1004	pss_mechanized.wf20_parpin	563460	pss_mechanized	isabelle/pss_mechanized.thy	43588
1005	pss_mechanized.wf21_rawN_core	563880	pss_mechanized	isabelle/pss_mechanized.thy	43766
1006	pss_mechanized.wf21_Red_row1zero_leftend	563986	pss_mechanized	isabelle/pss_mechanized.thy	43846
1007	pss_mechanized.wf21_Br_eq_seg	564034	pss_mechanized	isabelle/pss_mechanized.thy	43941
1008	pss_mechanized.wf21_rawN_props	564506	pss_mechanized	isabelle/pss_mechanized.thy	44015
1009	pss_mechanized.wf22_le0_off_last	564662	pss_mechanized	isabelle/pss_mechanized.thy	44158
1010	pss_mechanized.wf22_off_row1val	564934	pss_mechanized	isabelle/pss_mechanized.thy	44210
1011	pss_mechanized.wf22_r1cross_factA	565278	pss_mechanized	isabelle/pss_mechanized.thy	44298
1012	pss_mechanized.wf22_row1parent_le_joint	565540	pss_mechanized	isabelle/pss_mechanized.thy	44393
1013	pss_mechanized.wf22_r1cross	565814	pss_mechanized	isabelle/pss_mechanized.thy	44475
1014	pss_mechanized.kst_reduced_imp_condAB_monoT_core	565904	pss_mechanized	isabelle/pss_mechanized.thy	44493
1015	pss_mechanized.kfwd_P_block_shorter	565976	pss_mechanized	isabelle/pss_mechanized.thy	44527
1016	pss_mechanized.kfwd_reduced_monoT_diag00	566078	pss_mechanized	isabelle/pss_mechanized.thy	44577
1017	pss_mechanized.kfwd_monoT_hasParent_col	566136	pss_mechanized	isabelle/pss_mechanized.thy	44659
1018	pss_mechanized.kfwd_reduced_monoT_condB	566168	pss_mechanized	isabelle/pss_mechanized.thy	44679
1019	pss_mechanized.kst_reduced_imp_condAB_cond	566230	pss_mechanized	isabelle/pss_mechanized.thy	44709
1020	pss_mechanized.kst_reduced_imp_condAB	566336	pss_mechanized	isabelle/pss_mechanized.thy	44801
1021	pss_mechanized.m_6_6_no_parent_0	566386	pss_mechanized	isabelle/pss_mechanized.thy	44818
1022	pss_mechanized.m_6_6_RedCondB_row0_eq_row1_at0	566434	pss_mechanized	isabelle/pss_mechanized.thy	44836
1023	pss_mechanized.m_6_6_bwd_e00_from_e10	566504	pss_mechanized	isabelle/pss_mechanized.thy	44846
1024	pss_mechanized.Lng_rebaseNp	566790	pss_mechanized	isabelle/pss_mechanized.thy	44861
1025	pss_mechanized.rebaseNp_nth	566890	pss_mechanized	isabelle/pss_mechanized.thy	44864
1026	pss_mechanized.entry_rebaseNp	567018	pss_mechanized	isabelle/pss_mechanized.thy	44878
1027	pss_mechanized.Lng_diagPre	567192	pss_mechanized	isabelle/pss_mechanized.thy	44906
1028	pss_mechanized.diagPre_nth	567226	pss_mechanized	isabelle/pss_mechanized.thy	44909
1029	pss_mechanized.entry_diagPre	567244	pss_mechanized	isabelle/pss_mechanized.thy	44912
1030	pss_mechanized.Lng_bwdN	567336	pss_mechanized	isabelle/pss_mechanized.thy	44922
1031	pss_mechanized.Lng_bwdN_zero	567392	pss_mechanized	isabelle/pss_mechanized.thy	44925
1032	pss_mechanized.Lng_bwdN_minus1	567438	pss_mechanized	isabelle/pss_mechanized.thy	44936
1033	pss_mechanized.entry_bwdN_diag	567474	pss_mechanized	isabelle/pss_mechanized.thy	44944
1034	pss_mechanized.entry_bwdN_rebase	567530	pss_mechanized	isabelle/pss_mechanized.thy	44954
1035	pss_mechanized.bwdN_left_end	567576	pss_mechanized	isabelle/pss_mechanized.thy	44965
1036	pss_mechanized.m_6_6_monoT_hasParent0	567600	pss_mechanized	isabelle/pss_mechanized.thy	44993
1037	pss_mechanized.m_6_6_monoT_RedCondB	567654	pss_mechanized	isabelle/pss_mechanized.thy	45020
1038	pss_mechanized.bwdN_Lng_lt	567668	pss_mechanized	isabelle/pss_mechanized.thy	45048
1039	pss_mechanized.seg_eq_IncrFirst_rebaseNp	567692	pss_mechanized	isabelle/pss_mechanized.thy	45065
1040	pss_mechanized.cAm10_entry_transfer	567700	pss_mechanized	isabelle/pss_mechanized.thy	45129
1041	pss_mechanized.cAm10_entry_prefix	567706	pss_mechanized	isabelle/pss_mechanized.thy	45142
1042	pss_mechanized.cAm10_entry_junction	567712	pss_mechanized	isabelle/pss_mechanized.thy	45147
1043	pss_mechanized.cAm10_nextrel0_shift	567718	pss_mechanized	isabelle/pss_mechanized.thy	45162
1044	pss_mechanized.cAm10_nextrel0_rtrancl_M_to_N	567726	pss_mechanized	isabelle/pss_mechanized.thy	45217
1045	pss_mechanized.cAm10_nextrel0_rtrancl_N_to_M	567764	pss_mechanized	isabelle/pss_mechanized.thy	45239
1046	pss_mechanized.cAm10_le0_shift	567794	pss_mechanized	isabelle/pss_mechanized.thy	45268
1047	pss_mechanized.cAm10_nextrel1_shift	567828	pss_mechanized	isabelle/pss_mechanized.thy	45301
1048	pss_mechanized.cAm10_nextR_shift	567914	pss_mechanized	isabelle/pss_mechanized.thy	45366
1049	pss_mechanized.cAm10_monoT_row0_strict	568028	pss_mechanized	isabelle/pss_mechanized.thy	45386
1050	pss_mechanized.cAm10_junction_parent	568250	pss_mechanized	isabelle/pss_mechanized.thy	45410
1051	pss_mechanized.cAm10_no_parent_col0	568292	pss_mechanized	isabelle/pss_mechanized.thy	45505
1052	pss_mechanized.condA_m10pos	568412	pss_mechanized	isabelle/pss_mechanized.thy	45524
1053	pss_mechanized.kst_reduced_imp_condAB_uncond	568470	pss_mechanized	isabelle/pss_mechanized.thy	45594
1054	pss_mechanized.entry_rebaseNp00	568512	pss_mechanized	isabelle/pss_mechanized.thy	45608
1055	pss_mechanized.bwdN_in_T_PS	568542	pss_mechanized	isabelle/pss_mechanized.thy	45620
1056	pss_mechanized.rebaseNp_in_T_PS	568582	pss_mechanized	isabelle/pss_mechanized.thy	45627
1057	pss_mechanized.monoT_rebaseNp	568736	pss_mechanized	isabelle/pss_mechanized.thy	45634
1058	pss_mechanized.diagPre_eq_diagSeq	568802	pss_mechanized	isabelle/pss_mechanized.thy	45652
1059	pss_mechanized.monoT_bwdN	568892	pss_mechanized	isabelle/pss_mechanized.thy	45657
1060	pss_mechanized.RedCondB_bwdN	568974	pss_mechanized	isabelle/pss_mechanized.thy	45687
1061	pss_mechanized.entry_bwdN_diag_le	569068	pss_mechanized	isabelle/pss_mechanized.thy	45708
1062	pss_mechanized.RedCondA_bwdN_diag_case	569196	pss_mechanized	isabelle/pss_mechanized.thy	45742
1063	pss_mechanized.entry_bwdN_rebase_M	569322	pss_mechanized	isabelle/pss_mechanized.thy	45836
1064	pss_mechanized.nextrel0_bwdN_rebase_to_M	569712	pss_mechanized	isabelle/pss_mechanized.thy	45869
1065	pss_mechanized.nextrel0_M_to_bwdN_rebase	570040	pss_mechanized	isabelle/pss_mechanized.thy	45934
1066	pss_mechanized.le0_bwdN_rebase_to_M	570274	pss_mechanized	isabelle/pss_mechanized.thy	45987
1067	pss_mechanized.le0_M_to_bwdN_rebase	570410	pss_mechanized	isabelle/pss_mechanized.thy	46041
1068	pss_mechanized.nextrel1_bwdN_rebase_to_M	570564	pss_mechanized	isabelle/pss_mechanized.thy	46094
1069	pss_mechanized.RedCondA_bwdN_case1_and_diag	570744	pss_mechanized	isabelle/pss_mechanized.thy	46157
1070	pss_mechanized.seg_row0_strict	570750	pss_mechanized	isabelle/pss_mechanized.thy	46273
1071	pss_mechanized.le0_bwdN_junction_to_rebase	570806	pss_mechanized	isabelle/pss_mechanized.thy	46298
1072	pss_mechanized.RedCondA_bwdN_cross_case	570890	pss_mechanized	isabelle/pss_mechanized.thy	46339
1073	pss_mechanized.seg_rmono_of_monoT	570930	pss_mechanized	isabelle/pss_mechanized.thy	46435
1074	pss_mechanized.RedCondA_bwdN	570936	pss_mechanized	isabelle/pss_mechanized.thy	46457
1075	pss_mechanized.kst_condAB_imp_reduced_cond	571034	pss_mechanized	isabelle/pss_mechanized.thy	46509
1076	pss_mechanized.m_6_6_reduced_iff_cond_cond	571214	pss_mechanized	isabelle/pss_mechanized.thy	46583
1077	pss_mechanized.m_6_6_reduced_coeff	571308	pss_mechanized	isabelle/pss_mechanized.thy	46630
1078	pss_mechanized.kst_bwdcore_trunk	571402	pss_mechanized	isabelle/pss_mechanized.thy	46732
1079	pss_mechanized.kst_bwdcore_nontrunk_of_blocks	571584	pss_mechanized	isabelle/pss_mechanized.thy	46767
1080	pss_mechanized.kst_bwdcore_trunkdiag	571736	pss_mechanized	isabelle/pss_mechanized.thy	46837
1081	pss_mechanized.frontb_rebaseNp_whole	571824	pss_mechanized	isabelle/pss_mechanized.thy	46992
1082	pss_mechanized.frontb_bwdN_whole_eq_Q	571900	pss_mechanized	isabelle/pss_mechanized.thy	47014
1083	pss_mechanized.kst_condAB_imp_reduced_monoT_m10pos	571996	pss_mechanized	isabelle/pss_mechanized.thy	47029
1084	pss_mechanized.kst_condAB_imp_reduced_core_only	572002	pss_mechanized	isabelle/pss_mechanized.thy	47195
1085	pss_mechanized.kst_bwdcore_branch_head_row0	572096	pss_mechanized	isabelle/pss_mechanized.thy	47226
1086	pss_mechanized.kst_bwdcore_branch_head_row1	572170	pss_mechanized	isabelle/pss_mechanized.thy	47286
1087	pss_mechanized.kst_bwdcore_NJ_eq_Br	572212	pss_mechanized	isabelle/pss_mechanized.thy	47372
1088	pss_mechanized.kst_bwdcore_master	572282	pss_mechanized	isabelle/pss_mechanized.thy	47431
1089	pss_mechanized.kst_bwdcore_master_NJReform	572352	pss_mechanized	isabelle/pss_mechanized.thy	47461
1090	pss_mechanized.kst_bwdcore_master_via_G	572474	pss_mechanized	isabelle/pss_mechanized.thy	47511
1091	pss_mechanized.kst_bwdcore_master_of_Gstmt	572716	pss_mechanized	isabelle/pss_mechanized.thy	47566
1092	pss_mechanized.bwd_IncrFirst_m00_shiftRow0_monoT	572830	pss_mechanized	isabelle/pss_mechanized.thy	47608
1093	pss_mechanized.bwd_IncrFirst_e_rebaseRow0	572924	pss_mechanized	isabelle/pss_mechanized.thy	47656
1094	pss_mechanized.bwd_invshift_from_uniform_Red	573040	pss_mechanized	isabelle/pss_mechanized.thy	47704
1095	pss_mechanized.bwd_invshift_zeroT	573184	pss_mechanized	isabelle/pss_mechanized.thy	47723
1096	pss_mechanized.bwd_invshift_m10z_monoT	573320	pss_mechanized	isabelle/pss_mechanized.thy	47770
1097	pss_mechanized.bwd_invshift_via_rebase	573568	pss_mechanized	isabelle/pss_mechanized.thy	47829
1098	pss_mechanized.nextR_rebaseRow0_eq	573634	pss_mechanized	isabelle/pss_mechanized.thy	47872
1099	pss_mechanized.hasParent_rebaseRow0_eq	573728	pss_mechanized	isabelle/pss_mechanized.thy	47884
1100	pss_mechanized.parent_rebaseRow0_eq	573830	pss_mechanized	isabelle/pss_mechanized.thy	47889
1101	pss_mechanized.RedCondA_rebaseRow0	573934	pss_mechanized	isabelle/pss_mechanized.thy	47898
1102	pss_mechanized.monoT_rebaseRow0	574046	pss_mechanized	isabelle/pss_mechanized.thy	47938
1103	pss_mechanized.nu_diagSeq_m10pos_lt	574290	pss_mechanized	isabelle/pss_mechanized.thy	47973
1104	pss_mechanized.kst_condAB_imp_reduced_monoT_m10pos_nu	574718	pss_mechanized	isabelle/pss_mechanized.thy	48028
1105	pss_mechanized.kst_condAB_imp_reduced_monoT_core_of_Ybundle	575234	pss_mechanized	isabelle/pss_mechanized.thy	48217
1106	pss_mechanized.fa_RedCondA_seg	575404	pss_mechanized	isabelle/pss_mechanized.thy	48316
1107	pss_mechanized.fa_nonmulti_par0_pos	575480	pss_mechanized	isabelle/pss_mechanized.thy	48380
1108	pss_mechanized.fa_RedCondA_P_block	575570	pss_mechanized	isabelle/pss_mechanized.thy	48412
1109	pss_mechanized.fa_NJ_Y_facts	576046	pss_mechanized	isabelle/pss_mechanized.thy	48490
1110	pss_mechanized.fa_kst_condAB_imp_reduced_monoT_core	576330	pss_mechanized	isabelle/pss_mechanized.thy	48654
1111	pss_mechanized.fa_kst_condAB_imp_reduced_monoT_m10pos	576472	pss_mechanized	isabelle/pss_mechanized.thy	48768
1112	pss_mechanized.fa_kst_condAB_imp_reduced	576564	pss_mechanized	isabelle/pss_mechanized.thy	48785
1113	pss_mechanized.m_6_6_reduced_iff_cond	576644	pss_mechanized	isabelle/pss_mechanized.thy	48808
1114	pss_mechanized.m_6_5_congR_imp_le0_inv	576748	pss_mechanized	isabelle/pss_mechanized.thy	48855
1115	pss_mechanized.m_6_5_congR_imp_nextrel0_inv	576842	pss_mechanized	isabelle/pss_mechanized.thy	48866
1116	pss_mechanized.m_6_5_congR_imp_leR_inv	576938	pss_mechanized	isabelle/pss_mechanized.thy	48876
1117	pss_mechanized.m_6_5_congR_imp_le1_inv	577030	pss_mechanized	isabelle/pss_mechanized.thy	48887
1118	pss_mechanized.row1_le0_imp_nextrel1_eq	577158	pss_mechanized	isabelle/pss_mechanized.thy	48914
1119	pss_mechanized.row1_le0_imp_le1_eq	577296	pss_mechanized	isabelle/pss_mechanized.thy	48963
1120	pss_mechanized.row1_le0_imp_leR_eq	577504	pss_mechanized	isabelle/pss_mechanized.thy	48979
1121	pss_mechanized.m_6_5_anchored_not_multiT	577628	pss_mechanized	isabelle/pss_mechanized.thy	49014
1122	pss_mechanized.m_6_5_anchored_zeroT_or_monoT	577708	pss_mechanized	isabelle/pss_mechanized.thy	49039
1123	pss_mechanized.m_6_5_RedCondA_shiftRow0	577824	pss_mechanized	isabelle/pss_mechanized.thy	49051
1124	pss_mechanized.m_6_5_trunk_core_diag_row	578050	pss_mechanized	isabelle/pss_mechanized.thy	49092
1125	pss_mechanized.m_6_5_congR_self_Red_trunk_core	578290	pss_mechanized	isabelle/pss_mechanized.thy	49168
1126	pss_mechanized.m_6_5_anchored_reduced_imp_RedCondA	578514	pss_mechanized	isabelle/pss_mechanized.thy	49220
1127	pss_mechanized.m_6_5_anchored_imp_RedCondA	578744	pss_mechanized	isabelle/pss_mechanized.thy	49245
1128	pss_mechanized.leR_Lng1_eq	578860	pss_mechanized	isabelle/pss_mechanized.thy	49277
1129	pss_mechanized.m_6_5_Red_le_zeroT	578980	pss_mechanized	isabelle/pss_mechanized.thy	49294
1130	pss_mechanized.m_6_5_Red_le	579192	pss_mechanized	isabelle/pss_mechanized.thy	49317
1131	pss_mechanized.RedCondA_Pred	579282	pss_mechanized	isabelle/pss_mechanized.thy	49343
1132	pss_mechanized.RedCondA_oper_nontiling	579540	pss_mechanized	isabelle/pss_mechanized.thy	49369
1133	pss_mechanized.RedCondB_Pred	579630	pss_mechanized	isabelle/pss_mechanized.thy	49397
1134	pss_mechanized.RedCondB_oper_nontiling	579774	pss_mechanized	isabelle/pss_mechanized.thy	49429
1135	pss_mechanized.m_6_7_standard_RedCondAB	580384	pss_mechanized	isabelle/pss_mechanized.thy	49457
1136	pss_mechanized.m_6_7_standard_reduced	580634	pss_mechanized	isabelle/pss_mechanized.thy	49507
1137	pss_mechanized.m_6_5_ST_PS_imp_RedCondA	580880	pss_mechanized	isabelle/pss_mechanized.thy	49531
1138	pss_mechanized.operB_gen_LngM	581146	pss_mechanized	isabelle/pss_mechanized.thy	49552
1139	pss_mechanized.operB_gen_entry_prefix	581274	pss_mechanized	isabelle/pss_mechanized.thy	49581
1140	pss_mechanized.operCB_tiling_T	581416	pss_mechanized	isabelle/pss_mechanized.thy	49609
1141	pss_mechanized.operCB_tiling	581532	pss_mechanized	isabelle/pss_mechanized.thy	49755
1142	pss_mechanized.oper_gen_nextrel0_within	581970	pss_mechanized	isabelle/pss_mechanized.thy	49775
1143	pss_mechanized.oper_tiling_row0_prefix	582278	pss_mechanized	isabelle/pss_mechanized.thy	49879
1144	pss_mechanized.operCA_tiling_entry1_base	582680	pss_mechanized	isabelle/pss_mechanized.thy	49977
1145	pss_mechanized.operCA_tiling_row1_plus1_transfer	583582	pss_mechanized	isabelle/pss_mechanized.thy	50025
1146	pss_mechanized.oper_gen_strict_period_floor	583972	pss_mechanized	isabelle/pss_mechanized.thy	50052
1147	pss_mechanized.oper_gen_tiling_row0_interior	585272	pss_mechanized	isabelle/pss_mechanized.thy	50099
1148	pss_mechanized.operCA_tiling_row1_prefix	585982	pss_mechanized	isabelle/pss_mechanized.thy	50298
1149	pss_mechanized.operCA_tiling_assemble	586898	pss_mechanized	isabelle/pss_mechanized.thy	50387
1150	pss_mechanized.oper_last_row0_haspar	587042	pss_mechanized	isabelle/pss_mechanized.thy	50427
1151	pss_mechanized.parent0_eqI	587136	pss_mechanized	isabelle/pss_mechanized.thy	50474
1152	pss_mechanized.oper_gen_tiling_row0_boundary	588182	pss_mechanized	isabelle/pss_mechanized.thy	50499
1153	pss_mechanized.operCA_tiling_row1	589452	pss_mechanized	isabelle/pss_mechanized.thy	50761
1154	pss_mechanized.operCA_tiling_cond	590030	pss_mechanized	isabelle/pss_mechanized.thy	50793
1155	pss_mechanized.oper_gen_tiling_row0_boundary_i0	590286	pss_mechanized	isabelle/pss_mechanized.thy	50840
1156	pss_mechanized.oper_gen_blockfloor_min	590310	pss_mechanized	isabelle/pss_mechanized.thy	51006
1157	pss_mechanized.oper_gen_tiling_row0_blockstart0	590336	pss_mechanized	isabelle/pss_mechanized.thy	51053
1158	pss_mechanized.operCA_tiling_row0	590404	pss_mechanized	isabelle/pss_mechanized.thy	51167
1159	pss_mechanized.operCA_tiling_within1_via_reflect	590540	pss_mechanized	isabelle/pss_mechanized.thy	51262
1160	pss_mechanized.operCA_tiling_within1_ex	590686	pss_mechanized	isabelle/pss_mechanized.thy	51281
1161	pss_mechanized.operCA_tiling_entry1_base'	590856	pss_mechanized	isabelle/pss_mechanized.thy	51311
1162	pss_mechanized.operCA_tiling_within1_via_pbase	591804	pss_mechanized	isabelle/pss_mechanized.thy	51344
1163	pss_mechanized.oper_gen_le0_within_forward	592522	pss_mechanized	isabelle/pss_mechanized.thy	51400
1164	pss_mechanized.oper_d0zero_entryi_base	592966	pss_mechanized	isabelle/pss_mechanized.thy	51477
1165	pss_mechanized.oper_d0zero_nextrel0_inblock_back	593604	pss_mechanized	isabelle/pss_mechanized.thy	51532
1166	pss_mechanized.oper_d0zero_le0_inblock_back	594406	pss_mechanized	isabelle/pss_mechanized.thy	51601
1167	pss_mechanized.oper_d0zero_le0_slice_lift	595528	pss_mechanized	isabelle/pss_mechanized.thy	51723
1168	pss_mechanized.oper_d0zero_nextrel0_base	596648	pss_mechanized	isabelle/pss_mechanized.thy	51788
1169	pss_mechanized.oper_d0zero_le0_base_fwd	597466	pss_mechanized	isabelle/pss_mechanized.thy	52032
1170	pss_mechanized.oper_d0zero_nextrel0_lift	598454	pss_mechanized	isabelle/pss_mechanized.thy	52117
1171	pss_mechanized.oper_d0zero_le0_lift	599118	pss_mechanized	isabelle/pss_mechanized.thy	52265
1172	pss_mechanized.operCA_tiling_row1_charac_i0	599706	pss_mechanized	isabelle/pss_mechanized.thy	52351
1173	pss_mechanized.operCA_tiling_fb_d1pos_le0_j0_to_x	600174	pss_mechanized	isabelle/pss_mechanized.thy	52595
1174	pss_mechanized.oper_d1pos_le0_base_back	600776	pss_mechanized	isabelle/pss_mechanized.thy	52624
1175	pss_mechanized.oper_d1pos_le0_cross_back	601334	pss_mechanized	isabelle/pss_mechanized.thy	52681
1176	pss_mechanized.operCA_tiling_row1_charac_i1_cond	602972	pss_mechanized	isabelle/pss_mechanized.thy	52766
1177	pss_mechanized.operCA_tiling_within1_cond	604700	pss_mechanized	isabelle/pss_mechanized.thy	52817
1178	pss_mechanized.operCA_tiling_via_bcorr	607800	pss_mechanized	isabelle/pss_mechanized.thy	52884
1179	pss_mechanized.oper_d1pos_le0_block_lift_fwd	608634	pss_mechanized	isabelle/pss_mechanized.thy	52928
1180	pss_mechanized.oper_d1pos_le0_prefix_lift_fwd	609102	pss_mechanized	isabelle/pss_mechanized.thy	52989
1181	pss_mechanized.operCA_tiling_bcorr_reduced	614006	pss_mechanized	isabelle/pss_mechanized.thy	53072
1182	pss_mechanized.operCA_tiling_bcorr_le0pstar_slice	615200	pss_mechanized	isabelle/pss_mechanized.thy	53291
1183	pss_mechanized.operCA_tiling_bcorr_valley_reduced	615912	pss_mechanized	isabelle/pss_mechanized.thy	53376
1184	pss_mechanized.operCA_tiling_bcorr_le0pstar	616598	pss_mechanized	isabelle/pss_mechanized.thy	53488
1185	pss_mechanized.operCA_tiling_cond_hpN_valley	619898	pss_mechanized	isabelle/pss_mechanized.thy	53589
1186	pss_mechanized.operCA_tiling_hpN_valley	626048	pss_mechanized	isabelle/pss_mechanized.thy	53696
1187	pss_mechanized.m_6_7_standard_reduced_hpN_valley	629378	pss_mechanized	isabelle/pss_mechanized.thy	53789
1188	pss_mechanized.m_6_5_ST_PS_imp_RedCondA_hpN_valley	633444	pss_mechanized	isabelle/pss_mechanized.thy	53846
1189	pss_mechanized.operCA_tiling_valley_comp_reduced	635490	pss_mechanized	isabelle/pss_mechanized.thy	53923
1190	pss_mechanized.operCA_tiling_hpN_via_le0baseN	637138	pss_mechanized	isabelle/pss_mechanized.thy	54081
1191	pss_mechanized.operCA_tiling_hpN_le0baseN_sameblock	639802	pss_mechanized	isabelle/pss_mechanized.thy	54171
1192	pss_mechanized.operCA_tiling_le0_prefix_proj	640702	pss_mechanized	isabelle/pss_mechanized.thy	54273
1193	pss_mechanized.operCA_tiling_hpN_prefix	641506	pss_mechanized	isabelle/pss_mechanized.thy	54354
1194	pss_mechanized.operCA_tiling_hpN_via_sblk	642262	pss_mechanized	isabelle/pss_mechanized.thy	54402
1195	pss_mechanized.operCA_tiling_hpN_le0baseN_prefix	643176	pss_mechanized	isabelle/pss_mechanized.thy	54458
1196	pss_mechanized.operCA_tiling_hpN_le0baseN_full	644388	pss_mechanized	isabelle/pss_mechanized.thy	54596
1197	pss_mechanized.operCA_tiling_hpN_reduced_sblk	645290	pss_mechanized	isabelle/pss_mechanized.thy	54641
1198	pss_mechanized.oper_d1pos_le0_offset_within	646088	pss_mechanized	isabelle/pss_mechanized.thy	54679
1199	pss_mechanized.operCA_tiling_sblk_via_owithin	647488	pss_mechanized	isabelle/pss_mechanized.thy	54781
1200	pss_mechanized.operCA_tiling_hpN_via_owithin	648854	pss_mechanized	isabelle/pss_mechanized.thy	54913
1201	pss_mechanized.m_6_7_standard_reduced_via_owithin_valleyA	651488	pss_mechanized	isabelle/pss_mechanized.thy	54967
1202	pss_mechanized.m_6_5_ST_PS_imp_RedCondA_via_owithin_valleyA	655652	pss_mechanized	isabelle/pss_mechanized.thy	55077
1203	pss_mechanized.operCA_tiling_sblk_via_spsy	656084	pss_mechanized	isabelle/pss_mechanized.thy	55194
1204	pss_mechanized.operCA_tiling_hpN_via_spsy	656752	pss_mechanized	isabelle/pss_mechanized.thy	55363
1205	pss_mechanized.m_6_7_standard_reduced_via_spsy_valley	660836	pss_mechanized	isabelle/pss_mechanized.thy	55405
1206	pss_mechanized.m_6_5_ST_PS_imp_RedCondA_via_spsy_valley	666114	pss_mechanized	isabelle/pss_mechanized.thy	55500
1207	pss_mechanized.spsy_keystone_strict_blockstart	666898	pss_mechanized	isabelle/pss_mechanized.thy	55603
1208	pss_mechanized.spsy_keystone_via_Q	667378	pss_mechanized	isabelle/pss_mechanized.thy	55727
1209	pss_mechanized.Qprime_diag	667592	pss_mechanized	isabelle/pss_mechanized.thy	55829
1210	pss_mechanized.Qprime_via_tree	667764	pss_mechanized	isabelle/pss_mechanized.thy	55896
1211	pss_mechanized.spsy_keystone_via_tree_bridge	669010	pss_mechanized	isabelle/pss_mechanized.thy	55974
1212	pss_mechanized.tree_wellformed_diag	669352	pss_mechanized	isabelle/pss_mechanized.thy	56062
1213	pss_mechanized.m_6_7_tree_wellformed	669590	pss_mechanized	isabelle/pss_mechanized.thy	56115
1214	pss_mechanized.brick_from_tail_affine	669854	pss_mechanized	isabelle/pss_mechanized.thy	56206
1215	pss_mechanized.tail_affine_diag	670088	pss_mechanized	isabelle/pss_mechanized.thy	56248
1216	pss_mechanized.m_6_7_tree_wellformed_via_affine	670504	pss_mechanized	isabelle/pss_mechanized.thy	56279
1217	pss_mechanized.brick_from_subramp	670756	pss_mechanized	isabelle/pss_mechanized.thy	56324
1218	pss_mechanized.m_6_7_tree_wellformed_via_subramp	671070	pss_mechanized	isabelle/pss_mechanized.thy	56375
1219	pss_mechanized.subramp_diag_base	671152	pss_mechanized	isabelle/pss_mechanized.thy	56408
1220	pss_mechanized.subramp_oper_core	671422	pss_mechanized	isabelle/pss_mechanized.thy	56439
1221	pss_mechanized.SkT_row0_step_le	671534	pss_mechanized	isabelle/pss_mechanized.thy	56563
1222	pss_mechanized.ST_row0_step_le	671600	pss_mechanized	isabelle/pss_mechanized.thy	56812
1223	pss_mechanized.subramp_from_Ep	671874	pss_mechanized	isabelle/pss_mechanized.thy	56836
1224	pss_mechanized.m_6_7_tree_wellformed_via_Ep	672102	pss_mechanized	isabelle/pss_mechanized.thy	56912
1225	pss_mechanized.Ep_from_le0_tail	672284	pss_mechanized	isabelle/pss_mechanized.thy	56963
1226	pss_mechanized.le0_step_consec	672368	pss_mechanized	isabelle/pss_mechanized.thy	57035
1227	pss_mechanized.tailReach_from_row0_strict	672512	pss_mechanized	isabelle/pss_mechanized.thy	57048
1228	pss_mechanized.le0_strict_entry0	672636	pss_mechanized	isabelle/pss_mechanized.thy	57098
1229	pss_mechanized.d0_pos_row1_parent	672726	pss_mechanized	isabelle/pss_mechanized.thy	57110
1230	pss_mechanized.oper_within_block_strict	673356	pss_mechanized	isabelle/pss_mechanized.thy	57131
1231	pss_mechanized.reach_from_z_tail	673446	pss_mechanized	isabelle/pss_mechanized.thy	57163
1232	pss_mechanized.m_6_7_tree_wellformed_via_z	673680	pss_mechanized	isabelle/pss_mechanized.thy	57188
1233	pss_mechanized.le0_z_j1_from_Ez	673918	pss_mechanized	isabelle/pss_mechanized.thy	57222
1234	pss_mechanized.m_6_7_tree_wellformed_via_Ez	674146	pss_mechanized	isabelle/pss_mechanized.thy	57257
1235	pss_mechanized.oper_parent1_readback_interior	674966	pss_mechanized	isabelle/pss_mechanized.thy	57279
1236	pss_mechanized.oper_parent1_readback	675540	pss_mechanized	isabelle/pss_mechanized.thy	57444
1237	pss_mechanized.oper_parent1_readback_boundary	676578	pss_mechanized	isabelle/pss_mechanized.thy	57584
1238	pss_mechanized.Ez_diag_base	676740	pss_mechanized	isabelle/pss_mechanized.thy	57744
1239	pss_mechanized.ez_inblock_lift	677578	pss_mechanized	isabelle/pss_mechanized.thy	57766
1240	pss_mechanized.Mtail_ramp_from_Ez	677676	pss_mechanized	isabelle/pss_mechanized.thy	57854
1241	pss_mechanized.ez_inblock_oper_step	678162	pss_mechanized	isabelle/pss_mechanized.thy	57951
1242	pss_mechanized.ez_prefix_lift	678342	pss_mechanized	isabelle/pss_mechanized.thy	57986
1243	pss_mechanized.segReach_from_row0_strict	678430	pss_mechanized	isabelle/pss_mechanized.thy	58105
1244	pss_mechanized.ez_inblock_oper_step_via_strict	678754	pss_mechanized	isabelle/pss_mechanized.thy	58155
1245	pss_mechanized.ez_prefix_oper_step_via_Ez	678914	pss_mechanized	isabelle/pss_mechanized.thy	58209
1246	pss_mechanized.ez_inblock_oper_step_via_fullramp	679224	pss_mechanized	isabelle/pss_mechanized.thy	58264
1247	pss_mechanized.ez_prefix_oper_step_via_ramp	679234	pss_mechanized	isabelle/pss_mechanized.thy	58341
1248	pss_mechanized.fullramp_diag	679242	pss_mechanized	isabelle/pss_mechanized.thy	58389
1249	pss_mechanized.Ez_from_fullramp	679256	pss_mechanized	isabelle/pss_mechanized.thy	58409
1250	pss_mechanized.tree_from_fullramp	679300	pss_mechanized	isabelle/pss_mechanized.thy	58449
1251	pss_mechanized.fr_width1_step	679312	pss_mechanized	isabelle/pss_mechanized.thy	58486
1252	pss_mechanized.fr_block_step	679378	pss_mechanized	isabelle/pss_mechanized.thy	58511
1253	pss_mechanized.fr_prefix_step	679514	pss_mechanized	isabelle/pss_mechanized.thy	58650
1254	pss_mechanized.fr_oper_step	680280	pss_mechanized	isabelle/pss_mechanized.thy	58700
1255	pss_mechanized.fr_global_oper	680596	pss_mechanized	isabelle/pss_mechanized.thy	58741
1256	pss_mechanized.fr_wid1_trivial	680732	pss_mechanized	isabelle/pss_mechanized.thy	58795
1257	pss_mechanized.fr_ramp_from_Ep_at_j0	680924	pss_mechanized	isabelle/pss_mechanized.thy	58822
1258	pss_mechanized.gs_tree_from_gstrict	681080	pss_mechanized	isabelle/pss_mechanized.thy	58841
1259	pss_mechanized.gs_tree_from_Ep	681490	pss_mechanized	isabelle/pss_mechanized.thy	58871
1260	pss_mechanized.gs_diag_gstrict	681582	pss_mechanized	isabelle/pss_mechanized.thy	58900
1261	pss_mechanized.gs_oper_gstrict_from_M	681866	pss_mechanized	isabelle/pss_mechanized.thy	58916
1262	pss_mechanized.gs_oper_gstrict_reduction	685920	pss_mechanized	isabelle/pss_mechanized.thy	58953
1263	pss_mechanized.f2_gstrict_from_D	685988	pss_mechanized	isabelle/pss_mechanized.thy	58995
1264	pss_mechanized.f2_D_diag	686070	pss_mechanized	isabelle/pss_mechanized.thy	59013
1265	pss_mechanized.f2_gstrict_oper_from_D_M	686100	pss_mechanized	isabelle/pss_mechanized.thy	59038
1266	pss_mechanized.cd_D_from_consec_strict	686132	pss_mechanized	isabelle/pss_mechanized.thy	59066
1267	pss_mechanized.cd_le0_first_step	686182	pss_mechanized	isabelle/pss_mechanized.thy	59110
1268	pss_mechanized.cd_D_from_reachend	686192	pss_mechanized	isabelle/pss_mechanized.thy	59149
1269	pss_mechanized.cd_oper_gstrict_via_reachend	686200	pss_mechanized	isabelle/pss_mechanized.thy	59171
1270	pss_mechanized.cd_tree_via_reachend	686206	pss_mechanized	isabelle/pss_mechanized.thy	59194
1271	pss_mechanized.cd_D_from_strictmono	686216	pss_mechanized	isabelle/pss_mechanized.thy	59234
1272	pss_mechanized.cd_tree_from_D	686284	pss_mechanized	isabelle/pss_mechanized.thy	59273
1273	pss_mechanized.fc_D_diag	686302	pss_mechanized	isabelle/pss_mechanized.thy	59301
1274	pss_mechanized.fc_flat_step_from_notD	686310	pss_mechanized	isabelle/pss_mechanized.thy	59318
1275	pss_mechanized.fc_D_oper	686414	pss_mechanized	isabelle/pss_mechanized.thy	59350
1276	pss_mechanized.fc_notD_M_from_notD_oper	686552	pss_mechanized	isabelle/pss_mechanized.thy	59456
1277	pss_mechanized.bf_roper_nonshift	686604	pss_mechanized	isabelle/pss_mechanized.thy	59513
1278	pss_mechanized.m_6_5_Red_oper	686800	pss_mechanized	isabelle/pss_mechanized.thy	59547
1279	pss_mechanized.m_6_6_red_preserved_by_oper	686988	pss_mechanized	isabelle/pss_mechanized.thy	59582
1280	pss_mechanized.m_6_7_standard_reduced_faithful	687168	pss_mechanized	isabelle/pss_mechanized.thy	59616
1281	pss_mechanized.bf_stdCA_faithful	687452	pss_mechanized	isabelle/pss_mechanized.thy	59653
1282	pss_mechanized.bf_diagSeq_reduced	687594	pss_mechanized	isabelle/pss_mechanized.thy	59709
1283	pss_mechanized.bf_predRdegen_reduced	687762	pss_mechanized	isabelle/pss_mechanized.thy	59726
1284	pss_mechanized.bf_red_preserved_by_oper_ST	688004	pss_mechanized	isabelle/pss_mechanized.thy	59751
1285	pss_mechanized.bf_m_6_7_standard_reduced_modulo_shift	688160	pss_mechanized	isabelle/pss_mechanized.thy	59788
1286	pss_mechanized.bf_stdCA_modulo_shift	688360	pss_mechanized	isabelle/pss_mechanized.thy	59815
1287	pss_mechanized.oper_nontile_eq_Pred	688476	pss_mechanized	isabelle/pss_mechanized.thy	59859
1288	pss_mechanized.bf_shift_resid_via_operCAB	689070	pss_mechanized	isabelle/pss_mechanized.thy	59892
1289	pss_mechanized.bf_m_6_7_standard_reduced_via_operCAB	689286	pss_mechanized	isabelle/pss_mechanized.thy	59938
1290	pss_mechanized.bf_stdCA_via_operCAB	689572	pss_mechanized	isabelle/pss_mechanized.thy	59955
1291	pss_mechanized.m_6_7_oper_gstrict	696400	pss_mechanized	isabelle/pss_mechanized.thy	60006
1292	pss_mechanized.wg_reflect_core	696564	pss_mechanized	isabelle/pss_mechanized.thy	60098
1293	pss_mechanized.oper_parent1_prefix_agree	696656	pss_mechanized	isabelle/pss_mechanized.thy	60165
1294	pss_mechanized.treewf_diag	696738	pss_mechanized	isabelle/pss_mechanized.thy	60247
1295	pss_mechanized.m_6_7_treewf	696818	pss_mechanized	isabelle/pss_mechanized.thy	60269
1296	pss_mechanized.treewf_oper_step	696960	pss_mechanized	isabelle/pss_mechanized.thy	60295
1297	pss_mechanized.gtw_diag	696970	pss_mechanized	isabelle/pss_mechanized.thy	60354
1298	pss_mechanized.m_6_7_globaltreewf	697024	pss_mechanized	isabelle/pss_mechanized.thy	60370
1299	pss_mechanized.treewf_of_gtw	697040	pss_mechanized	isabelle/pss_mechanized.thy	60389
1300	pss_mechanized.nextR1_pred_agree	697050	pss_mechanized	isabelle/pss_mechanized.thy	60398
1301	pss_mechanized.gtw_pred	697064	pss_mechanized	isabelle/pss_mechanized.thy	60436
1302	pss_mechanized.gtw_oper_step	697138	pss_mechanized	isabelle/pss_mechanized.thy	60493
1303	pss_mechanized.oper_d1pos_le0_prefix_back	697354	pss_mechanized	isabelle/pss_mechanized.thy	60546
1304	pss_mechanized.oper_boundary_valley	697742	pss_mechanized	isabelle/pss_mechanized.thy	60629
1305	pss_mechanized.oper_parent1_readback_boundary_uncond	698046	pss_mechanized	isabelle/pss_mechanized.thy	60744
1306	pss_mechanized.operCA_block_start_row1	698832	pss_mechanized	isabelle/pss_mechanized.thy	60767
1307	pss_mechanized.operCA_interior_row1	699394	pss_mechanized	isabelle/pss_mechanized.thy	60805
1308	pss_mechanized.oper_interior_parent_inblock	700032	pss_mechanized	isabelle/pss_mechanized.thy	60869
1309	pss_mechanized.oper_d1pos_parent1_readback_escape	700678	pss_mechanized	isabelle/pss_mechanized.thy	61025
1310	pss_mechanized.oper_interior_hasParent_base	701144	pss_mechanized	isabelle/pss_mechanized.thy	61217
1311	pss_mechanized.oper_blockstart_hasParent_j0	701394	pss_mechanized	isabelle/pss_mechanized.thy	61336
1312	pss_mechanized.oper_d0zero_interior_hasParent_base	701626	pss_mechanized	isabelle/pss_mechanized.thy	61433
1313	pss_mechanized.oper_d0zero_parent1_readback	702672	pss_mechanized	isabelle/pss_mechanized.thy	61501
1314	pss_mechanized.operCA_escape_row1	703546	pss_mechanized	isabelle/pss_mechanized.thy	61668
1315	pss_mechanized.operCA_d1pos	703728	pss_mechanized	isabelle/pss_mechanized.thy	61714
1316	pss_mechanized.operCA_d0zero	704098	pss_mechanized	isabelle/pss_mechanized.thy	61809
1317	pss_mechanized.operCA_tiling_full	704212	pss_mechanized	isabelle/pss_mechanized.thy	61914
1318	pss_mechanized.m_6_7_ST_PS_subseteq_RT_PS	704246	pss_mechanized	isabelle/pss_mechanized.thy	61955
1319	pss_mechanized.stdCA_ST_PS	704292	pss_mechanized	isabelle/pss_mechanized.thy	61961
1320	pss_mechanized.RedCondAB_ST_PS	704310	pss_mechanized	isabelle/pss_mechanized.thy	61966
1321	pss_mechanized.le0_adjacent_step	704334	pss_mechanized	isabelle/pss_mechanized.thy	61983
1322	pss_mechanized.RedCondA_shiftRow0	704372	pss_mechanized	isabelle/pss_mechanized.thy	62006
1323	pss_mechanized.trunk_entries_offset	704412	pss_mechanized	isabelle/pss_mechanized.thy	62061
1324	pss_mechanized.trunk_entries_diag	704468	pss_mechanized	isabelle/pss_mechanized.thy	62148
1325	pss_mechanized.monoT_condA_trunkwhole_eq_diagSeq	704526	pss_mechanized	isabelle/pss_mechanized.thy	62156
1326	pss_mechanized.NJ_eq_BrJ	704670	pss_mechanized	isabelle/pss_mechanized.thy	62195
1327	pss_mechanized.RedCondA_seg	704732	pss_mechanized	isabelle/pss_mechanized.thy	62286
1328	pss_mechanized.RedCondA_BrJ	704792	pss_mechanized	isabelle/pss_mechanized.thy	62347
1329	pss_mechanized.BrJ_head0	704926	pss_mechanized	isabelle/pss_mechanized.thy	62397
1330	pss_mechanized.BrJ_head1	705090	pss_mechanized	isabelle/pss_mechanized.thy	62405
1331	pss_mechanized.BrJ_block_identity	705232	pss_mechanized	isabelle/pss_mechanized.thy	62420
1332	pss_mechanized.map_entry_id	705304	pss_mechanized	isabelle/pss_mechanized.thy	62498
1333	pss_mechanized.trunk_take_eq_diagSeq	705448	pss_mechanized	isabelle/pss_mechanized.thy	62510
1334	pss_mechanized.Red_rebase_core	705686	pss_mechanized	isabelle/pss_mechanized.thy	62543
1335	pss_mechanized.nextrel0_funpow_IncrFirst_eq	705738	pss_mechanized	isabelle/pss_mechanized.thy	62630
1336	pss_mechanized.nextrel1_funpow_IncrFirst_eq	705766	pss_mechanized	isabelle/pss_mechanized.thy	62633
1337	pss_mechanized.nextR_funpow_IncrFirst_eq	705782	pss_mechanized	isabelle/pss_mechanized.thy	62636
1338	pss_mechanized.RedCondA_funpow_IncrFirst	705842	pss_mechanized	isabelle/pss_mechanized.thy	62643
1339	pss_mechanized.TrMax_bound_set	705872	pss_mechanized	isabelle/pss_mechanized.thy	62699
1340	pss_mechanized.TrMax_eqI_endpoint	705956	pss_mechanized	isabelle/pss_mechanized.thy	62716
1341	pss_mechanized.TrMax_stop_uncond	706036	pss_mechanized	isabelle/pss_mechanized.thy	62749
1342	pss_mechanized.TrMax_coreReduce	706260	pss_mechanized	isabelle/pss_mechanized.thy	62775
1343	pss_mechanized.funpow_IncrFirst_drop	706340	pss_mechanized	isabelle/pss_mechanized.thy	62933
1344	pss_mechanized.length_funpow_IncrFirst	706382	pss_mechanized	isabelle/pss_mechanized.thy	62937
1345	pss_mechanized.IdxSum_map_funpow_IncrFirst	706460	pss_mechanized	isabelle/pss_mechanized.thy	62940
1346	pss_mechanized.Br_coreReduce	706594	pss_mechanized	isabelle/pss_mechanized.thy	62967
1347	pss_mechanized.FirstNodes_coreReduce	706650	pss_mechanized	isabelle/pss_mechanized.thy	63014
1348	pss_mechanized.coreReduce_nextrel0_transfer	706806	pss_mechanized	isabelle/pss_mechanized.thy	63040
1349	pss_mechanized.Joints_coreReduce	706990	pss_mechanized	isabelle/pss_mechanized.thy	63067
1350	pss_mechanized.coreReduce_le0_back	707268	pss_mechanized	isabelle/pss_mechanized.thy	63115
1351	pss_mechanized.coreReduce_le0_fwd	707412	pss_mechanized	isabelle/pss_mechanized.thy	63173
1352	pss_mechanized.coreReduce_trunk_e1	707492	pss_mechanized	isabelle/pss_mechanized.thy	63207
1353	pss_mechanized.coreReduce_nextrel1_transfer	707572	pss_mechanized	isabelle/pss_mechanized.thy	63251
1354	pss_mechanized.npJ_coreReduce	707750	pss_mechanized	isabelle/pss_mechanized.thy	63278
1355	pss_mechanized.mono_tail_row0_strict	707784	pss_mechanized	isabelle/pss_mechanized.thy	63534
1356	pss_mechanized.congR_head0_lower	707874	pss_mechanized	isabelle/pss_mechanized.thy	63585
1357	pss_mechanized.BrJ_head0_gen	707964	pss_mechanized	isabelle/pss_mechanized.thy	63673
1358	pss_mechanized.funpow_IncrFirst_as_map	708016	pss_mechanized	isabelle/pss_mechanized.thy	63708
1359	pss_mechanized.multiT_funpow_IncrFirst	708078	pss_mechanized	isabelle/pss_mechanized.thy	63717
1360	pss_mechanized.rebase_as_pair_map	708140	pss_mechanized	isabelle/pss_mechanized.thy	63720
1361	pss_mechanized.coreReduce_block_value	708568	pss_mechanized	isabelle/pss_mechanized.thy	63734
1362	pss_mechanized.drop_diagSeq	708688	pss_mechanized	isabelle/pss_mechanized.thy	63920
1363	pss_mechanized.Red_coreReduce_eq	709118	pss_mechanized	isabelle/pss_mechanized.thy	63929
1364	pss_mechanized.m_6_5_Red_rebase	709262	pss_mechanized	isabelle/pss_mechanized.thy	64037
1365	pss_mechanized.congR_self_funpow_IncrFirst	709282	pss_mechanized	isabelle/pss_mechanized.thy	64298
1366	pss_mechanized.m_6_5_congR_self_Red_monoT	709300	pss_mechanized	isabelle/pss_mechanized.thy	64312
1367	pss_mechanized.m_6_5_Red_le_final	709314	pss_mechanized	isabelle/pss_mechanized.thy	64339
1368	pss_mechanized.m_6_5_Red_monoT_final	709334	pss_mechanized	isabelle/pss_mechanized.thy	64361
1369	pss_mechanized.m_6_5_Red_not_multiT	709344	pss_mechanized	isabelle/pss_mechanized.thy	64383
1370	pss_mechanized.m_6_5_P_Red_final	709400	pss_mechanized	isabelle/pss_mechanized.thy	64401
1371	pss_mechanized.m_6_5_congR_self_Red_anchored	709446	pss_mechanized	isabelle/pss_mechanized.thy	64422
1372	pss_mechanized.m_6_5_adm_Red_eq	709516	pss_mechanized	isabelle/pss_mechanized.thy	64446
1373	pss_mechanized.m_6_5_Red_adm_final	709548	pss_mechanized	isabelle/pss_mechanized.thy	64456
1374	pss_mechanized.m_6_5_admof_Red_final	709580	pss_mechanized	isabelle/pss_mechanized.thy	64461
1375	pss_mechanized.m_6_5_Red_marked_final	709672	pss_mechanized	isabelle/pss_mechanized.thy	64466
1376	pss_mechanized.Red_singleton	709824	pss_mechanized	isabelle/pss_mechanized.thy	64495
1377	pss_mechanized.m_6_6_oneColumn	709954	pss_mechanized	isabelle/pss_mechanized.thy	64530
1378	pss_mechanized.reduced_mono_head_diag	710044	pss_mechanized	isabelle/pss_mechanized.thy	64551
1379	pss_mechanized.reduced_nonmulti_coeff_set	710184	pss_mechanized	isabelle/pss_mechanized.thy	64577
1380	pss_mechanized.m_6_6_reduced_coeff_set	710254	pss_mechanized	isabelle/pss_mechanized.thy	64651
1381	pss_mechanized.m_6_6_ancestor_slice_Red_IncrFirst	710538	pss_mechanized	isabelle/pss_mechanized.thy	64688
1382	pss_mechanized.oper_T_PS	710704	pss_mechanized	isabelle/pss_mechanized.thy	64783
1383	pss_mechanized.operCA_tiling_T	710828	pss_mechanized	isabelle/pss_mechanized.thy	64826
1384	pss_mechanized.m_6_6_reduced_oper	710870	pss_mechanized	isabelle/pss_mechanized.thy	64868
1385	pss_mechanized.congR_rebaseRow0	710968	pss_mechanized	isabelle/pss_mechanized.thy	64910
1386	pss_mechanized.oper_row0_floor	711084	pss_mechanized	isabelle/pss_mechanized.thy	64930
1387	pss_mechanized.oper_rebase_commute	711206	pss_mechanized	isabelle/pss_mechanized.thy	65002
1388	pss_mechanized.m_6_5_Red_oper_final	711224	pss_mechanized	isabelle/pss_mechanized.thy	65153
1389	pss_mechanized.flatBP_nonempty	711240	pss_mechanized	isabelle/pss_mechanized.thy	65229
1390	pss_mechanized.flatBP_hd	711252	pss_mechanized	isabelle/pss_mechanized.thy	65231
1391	pss_mechanized.gs_pwsum_Nil	712016	pss_mechanized	isabelle/pss_mechanized.thy	65249
1392	pss_mechanized.gs_pwsum_Cons	712084	pss_mechanized	isabelle/pss_mechanized.thy	65251
1393	pss_mechanized.gs_pwsum_append	712102	pss_mechanized	isabelle/pss_mechanized.thy	65253
1394	pss_mechanized.gs_pwsum_concat_CM	712138	pss_mechanized	isabelle/pss_mechanized.thy	65256
1395	pss_mechanized.gs_pwsum_flatBT	712160	pss_mechanized	isabelle/pss_mechanized.thy	65261
1396	pss_mechanized.gs_pwsum_prefix_concat	712200	pss_mechanized	isabelle/pss_mechanized.thy	65281
1397	pss_mechanized.gs_pwsum_prefix_nonneg_BT	712320	pss_mechanized	isabelle/pss_mechanized.thy	65335
1398	pss_mechanized.gs_pwsum_prefix_body	712444	pss_mechanized	isabelle/pss_mechanized.thy	65426
1399	pss_mechanized.gensurg_concat	712682	pss_mechanized	isabelle/pss_mechanized.thy	65464
1400	pss_mechanized.gensurg_pbody	712904	pss_mechanized	isabelle/pss_mechanized.thy	65612
1401	pss_mechanized.gensurg_main	713098	pss_mechanized	isabelle/pss_mechanized.thy	65706
1402	pss_mechanized.gensurg_image_BT	713146	pss_mechanized	isabelle/pss_mechanized.thy	65835
1403	pss_mechanized.gensurg_addBT_TB	713172	pss_mechanized	isabelle/pss_mechanized.thy	65848
1404	pss_mechanized.m_7_2_add_scb_conj3_image	713234	pss_mechanized	isabelle/pss_mechanized.thy	65864
1405	pss_mechanized.scbrepl_image_principal	713280	pss_mechanized	isabelle/pss_mechanized.thy	65896
1406	pss_wip.Pred_RT_PS	1507868	pss_wip	isabelle/layerB/pss_wip.thy	19
1407	pss_wip.trans_multiT_prefix_RT_PS	1507876	pss_wip	isabelle/layerB/pss_wip.thy	47
1408	pss_wip.trans_multiT_last_component	1507898	pss_wip	isabelle/layerB/pss_wip.thy	84
1409	pss_wip.Trans_Mark_dom_RT_PS_aux	1507932	pss_wip	isabelle/layerB/pss_wip.thy	117
1410	pss_wip.m_7_3_Trans_welldef	1507942	pss_wip	isabelle/layerB/pss_wip.thy	258
1411	pss_wip.m_7_3_Mark_welldef	1507958	pss_wip	isabelle/layerB/pss_wip.thy	263
1412	pss_wip.Trans_singleton	1507986	pss_wip	isabelle/layerB/pss_wip.thy	273
1413	pss_wip.Mark_singleton	1508006	pss_wip	isabelle/layerB/pss_wip.thy	286
1414	pss_wip.unflatBT_flat	1508022	pss_wip	isabelle/layerB/pss_wip.thy	303
1415	pss_wip.isPTB_str_Dpt	1508068	pss_wip	isabelle/layerB/pss_wip.thy	312
1416	pss_wip.scb_decomp_self	1508078	pss_wip	isabelle/layerB/pss_wip.thy	321
1417	pss_wip.scb_SOME_self	1508106	pss_wip	isabelle/layerB/pss_wip.thy	326
1418	pss_wip.m_7_3_twoColumn_Trans	1508176	pss_wip	isabelle/layerB/pss_wip.thy	348
1419	pss_wip.m_7_3_twoColumn_Marked	1508264	pss_wip	isabelle/layerB/pss_wip.thy	484
1420	pss_wip.m_7_3_twoColumn_Mark	1508410	pss_wip	isabelle/layerB/pss_wip.thy	500
1421	pss_wip.m_7_3_Trans_Red	1508486	pss_wip	isabelle/layerB/pss_wip.thy	656
1422	pss_wip.m_7_3_Mark_Red	1508544	pss_wip	isabelle/layerB/pss_wip.thy	671
1423	pss_wip.m_7_3_Trans_IncrFirst	1508608	pss_wip	isabelle/layerB/pss_wip.thy	686
1424	pss_wip.m_7_3_Mark_IncrFirst	1508690	pss_wip	isabelle/layerB/pss_wip.thy	699
1425	pss_wip.scbimg_prefix_whole	1508816	pss_wip	isabelle/layerB/pss_wip.thy	721
1426	pss_wip.scbimg_principal_descend	1509008	pss_wip	isabelle/layerB/pss_wip.thy	744
1427	pss_wip.scbimg_join	1509318	pss_wip	isabelle/layerB/pss_wip.thy	761
1428	pss_wip.scbimg_image_BT	1509572	pss_wip	isabelle/layerB/pss_wip.thy	913
1429	pss_wip.scb_replace_principal	1509796	pss_wip	isabelle/layerB/pss_wip.thy	1066
1430	pss_wip.dfree_flat_BT	1509964	pss_wip	isabelle/layerB/pss_wip.thy	1085
1431	pss_wip.adm_Pred_transfer	1510082	pss_wip	isabelle/layerB/pss_wip.thy	1118
1432	pss_wip.Marked_Pred	1510150	pss_wip	isabelle/layerB/pss_wip.thy	1152
1433	pss_wip.Marked_Pred_Adm	1510276	pss_wip	isabelle/layerB/pss_wip.thy	1183
1434	pss_wip.multi_Marked_last_component	1510350	pss_wip	isabelle/layerB/pss_wip.thy	1220
1435	pss_wip.scbext_join	1510438	pss_wip	isabelle/layerB/pss_wip.thy	1317
1436	pss_wip.scb_to_last_component	1510542	pss_wip	isabelle/layerB/pss_wip.thy	1429
1437	pss_wip.scb_from_last_component	1510654	pss_wip	isabelle/layerB/pss_wip.thy	1548
1438	pss_wip.MarkedB_last_component_transfer	1510782	pss_wip	isabelle/layerB/pss_wip.thy	1610
1439	pss_wip.monoT_hasParent0_last	1510832	pss_wip	isabelle/layerB/pss_wip.thy	1642
1440	pss_wip.scb_Dpt_lift	1510882	pss_wip	isabelle/layerB/pss_wip.thy	1663
1441	pss_wip.MarkedB_addBT_right	1510892	pss_wip	isabelle/layerB/pss_wip.thy	1673
1442	pss_wip.scb_replace_principal_BP	1510964	pss_wip	isabelle/layerB/pss_wip.thy	1688
1443	pss_wip.MarkedB_Dpt_lift	1511026	pss_wip	isabelle/layerB/pss_wip.thy	1707
1444	pss_wip.trans_inv_B_hard	1511080	pss_wip	isabelle/layerB/pss_wip.thy	1722
1445	pss_wip.trans_inv_C	1511204	pss_wip	isabelle/layerB/pss_wip.thy	2051
1446	pss_wip.Trans_Mark_invariant_aux	1511226	pss_wip	isabelle/layerB/pss_wip.thy	2226
1447	pss_wip.m_7_3_Trans_in_T_B	1511242	pss_wip	isabelle/layerB/pss_wip.thy	2374
1448	pss_wip.m_7_3_Mark_in_T_B	1511256	pss_wip	isabelle/layerB/pss_wip.thy	2379
1449	pss_wip.m_7_3_Trans_Mark_MarkedB	1511264	pss_wip	isabelle/layerB/pss_wip.thy	2384
1450	pss_wip.m_7_3_Trans_zeroT	1511278	pss_wip	isabelle/layerB/pss_wip.thy	2400
1451	pss_wip.lessBT_addBT_self	1511288	pss_wip	isabelle/layerB/pss_wip.thy	2431
1452	pss_wip.lessBT_addBT_mono_right	1511300	pss_wip	isabelle/layerB/pss_wip.thy	2443
1453	pss_wip.scbjoin_lessBT	1511326	pss_wip	isabelle/layerB/pss_wip.thy	2467
1454	pss_wip.scbext_lessBT	1511348	pss_wip	isabelle/layerB/pss_wip.thy	2616
1455	pss_wip.Lng_PB_Dpt	1511370	pss_wip	isabelle/layerB/pss_wip.thy	2830
1456	pss_wip.transC2_single_principal	1511390	pss_wip	isabelle/layerB/pss_wip.thy	2833
1457	pss_wip.isPTB_str_imp_Lng_PB_1	1511400	pss_wip	isabelle/layerB/pss_wip.thy	2842
1458	pss_wip.transC1_single_principal	1511420	pss_wip	isabelle/layerB/pss_wip.thy	2861
1459	pss_wip.Mark_rightmost1_forward	1511454	pss_wip	isabelle/layerB/pss_wip.thy	2897
1460	pss_wip.lessBT_Dpt_same	1511466	pss_wip	isabelle/layerB/pss_wip.thy	3054
1461	pss_wip.principal_reconstruct	1511476	pss_wip	isabelle/layerB/pss_wip.thy	3057
1462	pss_wip.SigmaB_snoc	1511490	pss_wip	isabelle/layerB/pss_wip.thy	3067
1463	pss_wip.transC1_lessBT_transC2	1511502	pss_wip	isabelle/layerB/pss_wip.thy	3070
1464	pss_wip.lessBT_bpHeadV_lt	1511508	pss_wip	isabelle/layerB/pss_wip.thy	3228
1465	pss_wip.transC1_lessBT_transC2_modNA	1511540	pss_wip	isabelle/layerB/pss_wip.thy	3247
1466	pss_wip.flatIdx_zero	1511580	pss_wip	isabelle/layerB/pss_wip.thy	3339
1467	pss_wip.flatIdx_Trm	1511590	pss_wip	isabelle/layerB/pss_wip.thy	3344
1468	pss_wip.flatIdx_Dpt	1511596	pss_wip	isabelle/layerB/pss_wip.thy	3363
1469	pss_wip.flatIdx_addBT	1511610	pss_wip	isabelle/layerB/pss_wip.thy	3366
1470	pss_wip.flatIdx_SigmaB	1511628	pss_wip	isabelle/layerB/pss_wip.thy	3374
1471	pss_wip.bpHeadV_in_flatIdx	1511638	pss_wip	isabelle/layerB/pss_wip.thy	3391
1472	pss_wip.flatIdx_scb_sub	1511648	pss_wip	isabelle/layerB/pss_wip.thy	3408
1473	pss_wip.flatIdx_bpHeadT_sub	1511658	pss_wip	isabelle/layerB/pss_wip.thy	3425
1474	pss_wip.surg_parent_ge	1511666	pss_wip	isabelle/layerB/pss_wip.thy	3440
1475	pss_wip.surg_adm_ge	1511684	pss_wip	isabelle/layerB/pss_wip.thy	3453
1476	pss_wip.flatIdx_transC2_sub	1511696	pss_wip	isabelle/layerB/pss_wip.thy	3474
1477	pss_wip.dfree_transC2	1511702	pss_wip	isabelle/layerB/pss_wip.thy	3583
1478	pss_wip.Mark_flatIdx_bound	1511716	pss_wip	isabelle/layerB/pss_wip.thy	3678
1479	pss_wip.viB_suffix_max	1511728	pss_wip	isabelle/layerB/pss_wip.thy	4177
1480	pss_wip.NAbound_holds	1511740	pss_wip	isabelle/layerB/pss_wip.thy	4258
1481	pss_wip.transC1_lessBT_transC2_full	1511754	pss_wip	isabelle/layerB/pss_wip.thy	4340
1482	pss_wip.Trans_Pred_multi_last	1511768	pss_wip	isabelle/layerB/pss_wip.thy	4357
1483	pss_wip.m_7_3_Pred_Trans_descend	1511824	pss_wip	isabelle/layerB/pss_wip.thy	4474
1484	pss_wip.flatBT_principal_head	1511836	pss_wip	isabelle/layerB/pss_wip.thy	4803
1485	pss_wip.Mark_MarkedB_nest_surgery	1511878	pss_wip	isabelle/layerB/pss_wip.thy	4815
1486	pss_wip.Mark_MarkedB_nest	1511912	pss_wip	isabelle/layerB/pss_wip.thy	5194
1487	pss_wip.Mark_leftend_form	1511922	pss_wip	isabelle/layerB/pss_wip.thy	5368
1488	pss_wip.transC2_inner_nonzero	1512030	pss_wip	isabelle/layerB/pss_wip.thy	5786
1489	pss_wip.flatBT_nonempty	1512064	pss_wip	isabelle/layerB/pss_wip.thy	5842
1490	pss_wip.flatBT_len_ge2	1512076	pss_wip	isabelle/layerB/pss_wip.thy	5865
1491	pss_wip.Mark_tail_nonzero	1512154	pss_wip	isabelle/layerB/pss_wip.thy	5896
1492	pss_wip.m_7_3_Mark_rightmost1	1512228	pss_wip	isabelle/layerB/pss_wip.thy	6192
1493	pss_wip.m_7_3_Mark_rightmost2	1512242	pss_wip	isabelle/layerB/pss_wip.thy	6229
1494	pss_wip.find_append_local	1512252	pss_wip	isabelle/layerB/pss_wip.thy	6343
1495	pss_wip.bpHeadV_find_Dsym	1512290	pss_wip	isabelle/layerB/pss_wip.thy	6351
1496	pss_wip.reduced_e10_zero	1512298	pss_wip	isabelle/layerB/pss_wip.thy	6384
1497	pss_wip.m_7_3_Trans_leftend	1512348	pss_wip	isabelle/layerB/pss_wip.thy	6444
1498	pss_wip.Mark_Pred_multi_last	1512436	pss_wip	isabelle/layerB/pss_wip.thy	6847
1499	pss_wip.scb_addBT_left	1512478	pss_wip	isabelle/layerB/pss_wip.thy	6941
1500	pss_wip.Trans_PT_single	1512566	pss_wip	isabelle/layerB/pss_wip.thy	6984
1501	pss_wip.addBT_zero_left	1512590	pss_wip	isabelle/layerB/pss_wip.thy	7154
1502	pss_wip.m_7_4_Trans_Mark_Pred	1512768	pss_wip	isabelle/layerB/pss_wip.thy	7156
1503	pss_wip.m_7_4_Trans_Mark_seg	1512910	pss_wip	isabelle/layerB/pss_wip.thy	7761
1504	pss_wip.Pred_pow_RT_PS	1512924	pss_wip	isabelle/layerB/pss_wip.thy	7918
1505	pss_wip.seg_0_RT_PS	1512938	pss_wip	isabelle/layerB/pss_wip.thy	7937
1506	pss_wip.m_7_4_RightNodes_subexpr_gen	1512982	pss_wip	isabelle/layerB/pss_wip.thy	7966
1507	pss_wip.m_7_4_RightNodes_Mark	1513020	pss_wip	isabelle/layerB/pss_wip.thy	8022
1508	pss_wip.RightAnces_dom_RT	1513060	pss_wip	isabelle/layerB/pss_wip.thy	8142
1509	pss_wip.RA_probe	1513078	pss_wip	isabelle/layerB/pss_wip.thy	8240
1510	pss_wip.ra_Mark0_eq_Trans	1513134	pss_wip	isabelle/layerB/pss_wip.thy	8257
1511	pss_wip.ra_RightNodes_addBT_right	1513192	pss_wip	isabelle/layerB/pss_wip.thy	8386
1512	pss_wip.ra_RightNodes_Dpt_gen	1513240	pss_wip	isabelle/layerB/pss_wip.thy	8406
1513	pss_wip.ra_RightNodes_transC2_tail	1513290	pss_wip	isabelle/layerB/pss_wip.thy	8416
1514	pss_wip.ra_RightAnces_RightNodes_RT	1513444	pss_wip	isabelle/layerB/pss_wip.thy	8501
1515	pss_wip.ra_Red_block_within_min	1513502	pss_wip	isabelle/layerB/pss_wip.thy	8893
1516	pss_wip.ra_P_Red_blocks_row0_min	1513642	pss_wip	isabelle/layerB/pss_wip.thy	8914
1517	pss_wip.m_7_4_RightAnces_RightNodes	1513720	pss_wip	isabelle/layerB/pss_wip.thy	8951
1518	pss_wip.rnsub_RightNodes_empty_iff	1513760	pss_wip	isabelle/layerB/pss_wip.thy	8960
1519	pss_wip.m_7_4_RightAnces_zeroT	1513788	pss_wip	isabelle/layerB/pss_wip.thy	8988
1520	pss_wip.Trans_mono_RN_ge2	1513822	pss_wip	isabelle/layerB/pss_wip.thy	9011
1521	pss_wip.m_7_4_Trans_nextAdm	1513872	pss_wip	isabelle/layerB/pss_wip.thy	9186
1522	pss_wip.mark_marked_principal	1513964	pss_wip	isabelle/layerB/pss_wip.thy	9212
1523	pss_wip.Mark_nest_common_marked	1513994	pss_wip	isabelle/layerB/pss_wip.thy	9245
1524	pss_wip.m_7_4_Mark_nextAdm	1514032	pss_wip	isabelle/layerB/pss_wip.thy	9434
1525	pss_wip.MarkedB_antisym	1514072	pss_wip	isabelle/layerB/pss_wip.thy	9465
1526	pss_wip.RightNodes_seg_len_strict_mono	1514096	pss_wip	isabelle/layerB/pss_wip.thy	9491
1527	pss_wip.Mark_interior_RN_ge2	1514172	pss_wip	isabelle/layerB/pss_wip.thy	9556
1528	pss_wip.Mark_distinct	1514290	pss_wip	isabelle/layerB/pss_wip.thy	9586
1529	pss_wip.Mark0_ne_Mark	1514406	pss_wip	isabelle/layerB/pss_wip.thy	9636
1530	pss_wip.m_7_4_Mark_order	1514528	pss_wip	isabelle/layerB/pss_wip.thy	9708
1531	pss_wip.monoT_diagSeq_lt	1514582	pss_wip	isabelle/layerB/pss_wip.thy	9760
1532	pss_wip.nadm_diagSeq_interior	1514660	pss_wip	isabelle/layerB/pss_wip.thy	9780
1533	pss_wip.parent0_last_diagSeq	1514706	pss_wip	isabelle/layerB/pss_wip.thy	9797
1534	pss_wip.Adm_parent0_last_diagSeq	1514770	pss_wip	isabelle/layerB/pss_wip.thy	9850
1535	pss_wip.m_8_1_diagSeq_Trans	1514828	pss_wip	isabelle/layerB/pss_wip.thy	9903
1536	pss_wip.Lng_diagApp	1514846	pss_wip	isabelle/layerB/pss_wip.thy	10027
1537	pss_wip.entry_diagApp_lo	1514862	pss_wip	isabelle/layerB/pss_wip.thy	10032
1538	pss_wip.entry_diagApp_last0	1514882	pss_wip	isabelle/layerB/pss_wip.thy	10044
1539	pss_wip.entry_diagApp_last1	1514910	pss_wip	isabelle/layerB/pss_wip.thy	10055
1540	pss_wip.Pred_diagApp	1514948	pss_wip	isabelle/layerB/pss_wip.thy	10066
1541	pss_wip.nextrel0_diagApp_parent	1515034	pss_wip	isabelle/layerB/pss_wip.thy	10081
1542	pss_wip.nextR0_diagApp_last_unique	1515078	pss_wip	isabelle/layerB/pss_wip.thy	10109
1543	pss_wip.parent0_diagApp	1515130	pss_wip	isabelle/layerB/pss_wip.thy	10140
1544	pss_wip.nextrel0_diagApp_step	1515180	pss_wip	isabelle/layerB/pss_wip.thy	10162
1545	pss_wip.le0_diagApp_prefix	1515222	pss_wip	isabelle/layerB/pss_wip.thy	10178
1546	pss_wip.le0_diagApp_pred_confine	1515276	pss_wip	isabelle/layerB/pss_wip.thy	10207
1547	pss_wip.nextR_diagApp_prefix_parent	1515358	pss_wip	isabelle/layerB/pss_wip.thy	10242
1548	pss_wip.nextR1_diagApp_last	1515416	pss_wip	isabelle/layerB/pss_wip.thy	10294
1549	pss_wip.RedCondA_diagApp	1515486	pss_wip	isabelle/layerB/pss_wip.thy	10350
1550	pss_wip.RedCondB_diagApp	1515548	pss_wip	isabelle/layerB/pss_wip.thy	10406
1551	pss_wip.reduced_diagApp	1515596	pss_wip	isabelle/layerB/pss_wip.thy	10455
1552	pss_wip.adm_index0	1515612	pss_wip	isabelle/layerB/pss_wip.thy	10471
1553	pss_wip.adm_lastindex	1515638	pss_wip	isabelle/layerB/pss_wip.thy	10481
1554	pss_wip.monoT_diagApp	1515674	pss_wip	isabelle/layerB/pss_wip.thy	10490
1555	pss_wip.nextR1_diagApp_spine	1515724	pss_wip	isabelle/layerB/pss_wip.thy	10516
1556	pss_wip.nadm_diagApp_interior	1515784	pss_wip	isabelle/layerB/pss_wip.thy	10533
1557	pss_wip.Adm_diagApp_parent_lo	1515842	pss_wip	isabelle/layerB/pss_wip.thy	10548
1558	pss_wip.adm_diagApp_parent_hi	1515886	pss_wip	isabelle/layerB/pss_wip.thy	10592
1559	pss_wip.scb_decomp_Du_Dv	1515932	pss_wip	isabelle/layerB/pss_wip.thy	10618
1560	pss_wip.scb_SOME_Du_Dv	1516000	pss_wip	isabelle/layerB/pss_wip.thy	10628
1561	pss_wip.m_8_1_Pred_diagSeq_Trans	1516370	pss_wip	isabelle/layerB/pss_wip.thy	10650
1562	pss_wip.T_PS_funpow_IncrFirst	1516404	pss_wip	isabelle/layerB/pss_wip.thy	10981
1563	pss_wip.Trans_funpow_IncrFirst	1516430	pss_wip	isabelle/layerB/pss_wip.thy	10992
1564	pss_wip.Mark_funpow_IncrFirst	1516474	pss_wip	isabelle/layerB/pss_wip.thy	11009
1565	pss_wip.slice_Red_in_RT_PS	1516568	pss_wip	isabelle/layerB/pss_wip.thy	11026
1566	pss_wip.Trans_slice_eq_Red	1516630	pss_wip	isabelle/layerB/pss_wip.thy	11044
1567	pss_wip.Mark_slice_eq_Red	1516684	pss_wip	isabelle/layerB/pss_wip.thy	11060
1568	pss_wip.m_8_1_c1_around_part2	1516876	pss_wip	isabelle/layerB/pss_wip.thy	11085
1569	pss_wip.m_7_4_Mark0_slice_eq_Trans	1517032	pss_wip	isabelle/layerB/pss_wip.thy	11171
1570	pss_wip.m_8_1_c1_around_part1_noeq	1517270	pss_wip	isabelle/layerB/pss_wip.thy	11204
1571	pss_wip.m_7_4_repr_multiT_step	1517528	pss_wip	isabelle/layerB/pss_wip.thy	11273
1572	pss_wip.m_7_4_Mark_Trans_repr_m0	1517600	pss_wip	isabelle/layerB/pss_wip.thy	11369
1573	pss_wip.m_7_4_Trans_slice_2col	1517678	pss_wip	isabelle/layerB/pss_wip.thy	11399
1574	pss_wip.m_7_4_Mark_Pred_boundary	1517812	pss_wip	isabelle/layerB/pss_wip.thy	11467
1575	pss_wip.m_7_4_Mark_Trans_repr_monoT_boundary	1518024	pss_wip	isabelle/layerB/pss_wip.thy	11511
1576	pss_wip.m_7_4_Pred_Red_slice	1518116	pss_wip	isabelle/layerB/pss_wip.thy	11676
1577	pss_wip.m_7_4_Trans_PredN	1518250	pss_wip	isabelle/layerB/pss_wip.thy	11720
1578	pss_wip.m_7_4_seg_Pred_eq	1518328	pss_wip	isabelle/layerB/pss_wip.thy	11753
1579	pss_wip.m_7_4_interior_id1	1518470	pss_wip	isabelle/layerB/pss_wip.thy	11784
1580	pss_wip.parent_funpow_IncrFirst_eq	1518538	pss_wip	isabelle/layerB/pss_wip.thy	11827
1581	pss_wip.hasParent_funpow_IncrFirst_eq	1518592	pss_wip	isabelle/layerB/pss_wip.thy	11831
1582	pss_wip.nadm_funpow_IncrFirst_eq	1518636	pss_wip	isabelle/layerB/pss_wip.thy	11835
1583	pss_wip.adm_funpow_IncrFirst_eq	1518678	pss_wip	isabelle/layerB/pss_wip.thy	11840
1584	pss_wip.Adm_funpow_IncrFirst_eq	1518700	pss_wip	isabelle/layerB/pss_wip.thy	11844
1585	pss_wip.repr_parent_seg_to_M	1518784	pss_wip	isabelle/layerB/pss_wip.thy	11855
1586	pss_wip.repr_parent_M_to_seg	1518930	pss_wip	isabelle/layerB/pss_wip.thy	11899
1587	pss_wip.repr_transJ0_shift	1519066	pss_wip	isabelle/layerB/pss_wip.thy	11943
1588	pss_wip.repr_entry1_shift	1519198	pss_wip	isabelle/layerB/pss_wip.thy	11989
1589	pss_wip.repr_transJm1_shift	1519506	pss_wip	isabelle/layerB/pss_wip.thy	12019
1590	pss_wip.m_7_4_interior_id2	1519782	pss_wip	isabelle/layerB/pss_wip.thy	12076
1591	pss_wip.m_7_4_interior_id3	1519830	pss_wip	isabelle/layerB/pss_wip.thy	12121
1592	pss_wip.repr_adm_transJ0_shift	1520068	pss_wip	isabelle/layerB/pss_wip.thy	12156
1593	pss_wip.repr_transCond_atoms	1520590	pss_wip	isabelle/layerB/pss_wip.thy	12208
1594	pss_wip.repr_transCondI_eq	1520760	pss_wip	isabelle/layerB/pss_wip.thy	12282
1595	pss_wip.repr_transCondIII_eq	1520810	pss_wip	isabelle/layerB/pss_wip.thy	12301
1596	pss_wip.repr_transCondV_eq	1520930	pss_wip	isabelle/layerB/pss_wip.thy	12325
1597	pss_wip.repr_transCondVI_eq	1521030	pss_wip	isabelle/layerB/pss_wip.thy	12356
1598	pss_wip.m_7_4_monoT_interior_core	1521188	pss_wip	isabelle/layerB/pss_wip.thy	12405
1599	pss_wip.funpow_IncrFirst_map	1521262	pss_wip	isabelle/layerB/pss_wip.thy	12625
1600	pss_wip.seg_funpow_IncrFirst	1521312	pss_wip	isabelle/layerB/pss_wip.thy	12642
1601	pss_wip.m_7_4_Trans_PredN_shift	1521396	pss_wip	isabelle/layerB/pss_wip.thy	12677
1602	pss_wip.m_7_4_markShift_discharge_interior	1521590	pss_wip	isabelle/layerB/pss_wip.thy	12783
1603	pss_wip.repr_entry1_shift_gen	1521718	pss_wip	isabelle/layerB/pss_wip.thy	12828
1604	pss_wip.m_7_4_markShift_discharge_boundary	1521914	pss_wip	isabelle/layerB/pss_wip.thy	12857
1605	pss_wip.m_7_4_Mark_Trans_repr_aux	1521960	pss_wip	isabelle/layerB/pss_wip.thy	12961
1606	pss_wip.m_7_4_Mark_Trans_repr	1521996	pss_wip	isabelle/layerB/pss_wip.thy	13197
1607	pss_wip.m_8_1_c1_around_part1	1522150	pss_wip	isabelle/layerB/pss_wip.thy	13213
1608	pss_wip.m_8_1_c1_around_part3_2	1522252	pss_wip	isabelle/layerB/pss_wip.thy	13272
1609	pss_wip.nadm_Adm_lt	1522314	pss_wip	isabelle/layerB/pss_wip.thy	13323
1610	pss_wip.m_7_3_t2_nonzero_condIIorIV	1522510	pss_wip	isabelle/layerB/pss_wip.thy	13354
1611	pss_wip.m_7_3_Mark_leftmost1	1522616	pss_wip	isabelle/layerB/pss_wip.thy	13430
1612	pss_wip.Pred_PT_PS_t1ne	1522830	pss_wip	isabelle/layerB/pss_wip.thy	13467
1613	pss_wip.m_7_3_s1_b1_empty	1523008	pss_wip	isabelle/layerB/pss_wip.thy	13524
1614	pss_wip.m_7_3_sm1_bm1_empty	1523196	pss_wip	isabelle/layerB/pss_wip.thy	13595
1615	pss_wip.kind0_parent_facts	1523434	pss_wip	isabelle/layerB/pss_wip.thy	13671
1616	pss_wip.m_8_3_kind0_base_ineq	1523614	pss_wip	isabelle/layerB/pss_wip.thy	13700
1617	pss_wip.m_8_4_oper1_eq_Pred	1523650	pss_wip	isabelle/layerB/pss_wip.thy	13754
1618	pss_wip.m_8_4_oper1_funpow_take	1523734	pss_wip	isabelle/layerB/pss_wip.thy	13779
1619	pss_wip.m_8_4_oper_genform	1523934	pss_wip	isabelle/layerB/pss_wip.thy	13821
1620	pss_wip.m_8_4_oper_Suc_append	1524130	pss_wip	isabelle/layerB/pss_wip.thy	13866
1621	pss_wip.m_8_4_oper_basic_part1	1524322	pss_wip	isabelle/layerB/pss_wip.thy	13897
1622	pss_wip.Lng_rcseq	1524458	pss_wip	isabelle/layerB/pss_wip.thy	13957
1623	pss_wip.rcseq_nth	1524524	pss_wip	isabelle/layerB/pss_wip.thy	13960
1624	pss_wip.entry0_rcseq	1524584	pss_wip	isabelle/layerB/pss_wip.thy	13965
1625	pss_wip.entry1_rcseq	1524646	pss_wip	isabelle/layerB/pss_wip.thy	13970
1626	pss_wip.rcseq_Suc_snoc	1524734	pss_wip	isabelle/layerB/pss_wip.thy	13975
1627	pss_wip.Pred_rcseq_Suc	1524802	pss_wip	isabelle/layerB/pss_wip.thy	13979
1628	pss_wip.nextrel0_rcseq_step	1524822	pss_wip	isabelle/layerB/pss_wip.thy	13994
1629	pss_wip.nextrel0_rcseq_rtrancl	1524834	pss_wip	isabelle/layerB/pss_wip.thy	14009
1630	pss_wip.monoT_rcseq	1524844	pss_wip	isabelle/layerB/pss_wip.thy	14024
1631	pss_wip.adm_rcseq	1524850	pss_wip	isabelle/layerB/pss_wip.thy	14041
1632	pss_wip.not_hasParent1_rcseq	1524876	pss_wip	isabelle/layerB/pss_wip.thy	14061
1633	pss_wip.nextrel0_rcseq_iff	1524898	pss_wip	isabelle/layerB/pss_wip.thy	14078
1634	pss_wip.hasParent0_rcseq	1524972	pss_wip	isabelle/layerB/pss_wip.thy	14109
1635	pss_wip.not_hasParent0_rcseq_0	1525018	pss_wip	isabelle/layerB/pss_wip.thy	14130
1636	pss_wip.RedCondA_rcseq	1525046	pss_wip	isabelle/layerB/pss_wip.thy	14141
1637	pss_wip.RedCondB_rcseq	1525078	pss_wip	isabelle/layerB/pss_wip.thy	14168
1638	pss_wip.rcseq_RT_PS	1525106	pss_wip	isabelle/layerB/pss_wip.thy	14186
1639	pss_wip.Dpow_Suc	1525116	pss_wip	isabelle/layerB/pss_wip.thy	14195
1640	pss_wip.flat_Dpow	1525218	pss_wip	isabelle/layerB/pss_wip.thy	14198
1641	pss_wip.Dpow_dfree	1525284	pss_wip	isabelle/layerB/pss_wip.thy	14212
1642	pss_wip.scb_decomp_Dpow	1525342	pss_wip	isabelle/layerB/pss_wip.thy	14225
1643	pss_wip.scb_SOME_Dpow	1525386	pss_wip	isabelle/layerB/pss_wip.thy	14249
1644	pss_wip.Marked_rcseq_last	1525438	pss_wip	isabelle/layerB/pss_wip.thy	14268
1645	pss_wip.Mark_rcseq_last	1525490	pss_wip	isabelle/layerB/pss_wip.thy	14281
1646	pss_wip.m_8_6_rcseq_Trans	1525572	pss_wip	isabelle/layerB/pss_wip.thy	14299
1647	pss_wip.Lng_cseq	1525582	pss_wip	isabelle/layerB/pss_wip.thy	14435
1648	pss_wip.cseq_nth	1525588	pss_wip	isabelle/layerB/pss_wip.thy	14438
1649	pss_wip.entry0_cseq	1525598	pss_wip	isabelle/layerB/pss_wip.thy	14443
1650	pss_wip.entry1_cseq	1525604	pss_wip	isabelle/layerB/pss_wip.thy	14448
1651	pss_wip.nextrel0_cseq_iff	1525610	pss_wip	isabelle/layerB/pss_wip.thy	14453
1652	pss_wip.not_hasParent1_cseq	1525630	pss_wip	isabelle/layerB/pss_wip.thy	14490
1653	pss_wip.hasParent0_cseq	1525652	pss_wip	isabelle/layerB/pss_wip.thy	14503
1654	pss_wip.RedCondA_cseq	1525676	pss_wip	isabelle/layerB/pss_wip.thy	14524
1655	pss_wip.not_zeroT_cseq	1525682	pss_wip	isabelle/layerB/pss_wip.thy	14551
1656	pss_wip.monoT_cseq	1525710	pss_wip	isabelle/layerB/pss_wip.thy	14565
1657	pss_wip.not_multiT_cseq	1525736	pss_wip	isabelle/layerB/pss_wip.thy	14592
1658	pss_wip.Red_cseq	1525762	pss_wip	isabelle/layerB/pss_wip.thy	14625
1659	pss_wip.m_8_6_const2nd_Trans	1525860	pss_wip	isabelle/layerB/pss_wip.thy	14658
1660	pss_wip.lessBT_Zero_right	1525926	pss_wip	isabelle/layerB/pss_wip.thy	14679
1661	pss_wip.lessBT_Zero_left	1525974	pss_wip	isabelle/layerB/pss_wip.thy	14684
1662	pss_wip.GBT_Dpt	1526016	pss_wip	isabelle/layerB/pss_wip.thy	14691
1663	pss_wip.GBT_Zero	1526078	pss_wip	isabelle/layerB/pss_wip.thy	14695
1664	pss_wip.GBT_Dpt_Zero	1526100	pss_wip	isabelle/layerB/pss_wip.thy	14698
1665	pss_wip.isOT_BP_Dpt_Zero	1526118	pss_wip	isabelle/layerB/pss_wip.thy	14704
1666	pss_wip.isOT_BT_Dpt_Zero	1526140	pss_wip	isabelle/layerB/pss_wip.thy	14707
1667	pss_wip.isOT_BP_Dpt_Dpt_Zero	1526164	pss_wip	isabelle/layerB/pss_wip.thy	14713
1668	pss_wip.dfree_BT_Dpt_enat_Zero	1526188	pss_wip	isabelle/layerB/pss_wip.thy	14727
1669	pss_wip.dfree_BT_Dpt_enat_Dpt_enat_Zero	1526212	pss_wip	isabelle/layerB/pss_wip.thy	14730
1670	pss_wip.m_8_7_OT_ex1	1526242	pss_wip	isabelle/layerB/pss_wip.thy	14736
1671	pss_wip.m_8_7_OT_ex2	1526262	pss_wip	isabelle/layerB/pss_wip.thy	14741
1672	pss_wip.concat_replicate_comm	1526288	pss_wip	isabelle/layerB/pss_wip.thy	14746
1673	pss_wip.untrm_multBT	1526324	pss_wip	isabelle/layerB/pss_wip.thy	14750
1674	pss_wip.descP_replicate_general	1526394	pss_wip	isabelle/layerB/pss_wip.thy	14757
1675	pss_wip.m_8_7_OT_ex3	1526478	pss_wip	isabelle/layerB/pss_wip.thy	14778
1676	pss_wip.lessBT_funpow_step	1526658	pss_wip	isabelle/layerB/pss_wip.thy	14801
1677	pss_wip.isOT_BT_Dpt_funpow	1526706	pss_wip	isabelle/layerB/pss_wip.thy	14815
1678	pss_wip.m_8_7_OT_ex4	1526722	pss_wip	isabelle/layerB/pss_wip.thy	14872
1679	pss_wip.m_8_7_OT_examples	1526742	pss_wip	isabelle/layerB/pss_wip.thy	14882
1680	pss_wip.m_8_2_subexpr_leftend_unique	1526790	pss_wip	isabelle/layerB/pss_wip.thy	14900
1681	pss_wip.Br_funpow_IncrFirst	1526858	pss_wip	isabelle/layerB/pss_wip.thy	14933
1682	pss_wip.descending_funpow_IncrFirst_rev	1526946	pss_wip	isabelle/layerB/pss_wip.thy	14968
1683	pss_wip.m_8_2_standard_slice_Red_strongmono	1527016	pss_wip	isabelle/layerB/pss_wip.thy	15020
1684	pss_wip.m_8_6_const2nd_Trans_paper	1527030	pss_wip	isabelle/layerB/pss_wip.thy	15088
1685	pss_wip.Dtower_Suc	1527076	pss_wip	isabelle/layerB/pss_wip.thy	15113
1686	pss_wip.runseq_Suc_snoc	1527082	pss_wip	isabelle/layerB/pss_wip.thy	15118
1687	pss_wip.runseq_1_eq_diagSeq	1527114	pss_wip	isabelle/layerB/pss_wip.thy	15125
1688	pss_wip.Lng_runseq	1527148	pss_wip	isabelle/layerB/pss_wip.thy	15143
1689	pss_wip.runseq_nth_lo	1527174	pss_wip	isabelle/layerB/pss_wip.thy	15156
1690	pss_wip.runseq_nth_hi	1527188	pss_wip	isabelle/layerB/pss_wip.thy	15166
1691	pss_wip.entry_runseq_lo	1527222	pss_wip	isabelle/layerB/pss_wip.thy	15180
1692	pss_wip.entry_runseq_hi0	1527262	pss_wip	isabelle/layerB/pss_wip.thy	15185
1693	pss_wip.entry_runseq_hi1	1527308	pss_wip	isabelle/layerB/pss_wip.thy	15190
1694	pss_wip.entry0_runseq	1527328	pss_wip	isabelle/layerB/pss_wip.thy	15198
1695	pss_wip.nextrel0_runseq_step	1527350	pss_wip	isabelle/layerB/pss_wip.thy	15216
1696	pss_wip.nextrel0_runseq_iff	1527376	pss_wip	isabelle/layerB/pss_wip.thy	15232
1697	pss_wip.rtrancl0_runseq	1527416	pss_wip	isabelle/layerB/pss_wip.thy	15262
1698	pss_wip.monoT_runseq	1527486	pss_wip	isabelle/layerB/pss_wip.thy	15276
1699	pss_wip.idx1_diagSeq_last	1527520	pss_wip	isabelle/layerB/pss_wip.thy	15297
1700	pss_wip.hasParent1_diagSeq_last	1527624	pss_wip	isabelle/layerB/pss_wip.thy	15307
1701	pss_wip.oper_diagSeq_eq_runseq	1527682	pss_wip	isabelle/layerB/pss_wip.thy	15338
1702	pss_wip.runseq_RT_PS	1527688	pss_wip	isabelle/layerB/pss_wip.thy	15422
1703	pss_wip.flat_Dtower	1527696	pss_wip	isabelle/layerB/pss_wip.thy	15437
1704	pss_wip.Dtower_dfree	1527716	pss_wip	isabelle/layerB/pss_wip.thy	15449
1705	pss_wip.scb_decomp_Du_Dtower	1527806	pss_wip	isabelle/layerB/pss_wip.thy	15455
1706	pss_wip.scb_SOME_Du_Dtower	1527864	pss_wip	isabelle/layerB/pss_wip.thy	15480
1707	pss_wip.Marked_runseq_last	1527870	pss_wip	isabelle/layerB/pss_wip.thy	15502
1708	pss_wip.Mark_runseq_last	1527876	pss_wip	isabelle/layerB/pss_wip.thy	15520
1709	pss_wip.Trans_runseq	1527884	pss_wip	isabelle/layerB/pss_wip.thy	15549
1710	pss_wip.m_8_6_diagSeq_Trans_oper	1527890	pss_wip	isabelle/layerB/pss_wip.thy	15724
1711	pss_wip.m_8_6_diagSeq_Trans_oper_paper	1527900	pss_wip	isabelle/layerB/pss_wip.thy	15741
1712	pss_wip.Lng_cnst	1527906	pss_wip	isabelle/layerB/pss_wip.thy	15765
1713	pss_wip.nth_cnst	1527914	pss_wip	isabelle/layerB/pss_wip.thy	15768
1714	pss_wip.entry_cnst	1527920	pss_wip	isabelle/layerB/pss_wip.thy	15773
1715	pss_wip.cnst_T_PS	1527944	pss_wip	isabelle/layerB/pss_wip.thy	15778
1716	pss_wip.not_nextrel0_cnst	1527978	pss_wip	isabelle/layerB/pss_wip.thy	15784
1717	pss_wip.not_nextrel1_cnst	1528002	pss_wip	isabelle/layerB/pss_wip.thy	15795
1718	pss_wip.not_nextR_cnst	1528040	pss_wip	isabelle/layerB/pss_wip.thy	15806
1719	pss_wip.not_hasParent_cnst	1528070	pss_wip	isabelle/layerB/pss_wip.thy	15810
1720	pss_wip.RedCondA_cnst	1528092	pss_wip	isabelle/layerB/pss_wip.thy	15813
1721	pss_wip.RedCondB_cnst	1528122	pss_wip	isabelle/layerB/pss_wip.thy	15816
1722	pss_wip.cnst_RT_PS	1528138	pss_wip	isabelle/layerB/pss_wip.thy	15825
1723	pss_wip.zeroT_cnst_iff	1528186	pss_wip	isabelle/layerB/pss_wip.thy	15831
1724	pss_wip.not_monoT_cnst_pos	1528214	pss_wip	isabelle/layerB/pss_wip.thy	15834
1725	pss_wip.multiT_cnst_pos	1528220	pss_wip	isabelle/layerB/pss_wip.thy	15847
1726	pss_wip.le0_cnst_iff	1528254	pss_wip	isabelle/layerB/pss_wip.thy	15858
1727	pss_wip.Pcut_cnst	1528276	pss_wip	isabelle/layerB/pss_wip.thy	15871
1728	pss_wip.take_cnst	1528292	pss_wip	isabelle/layerB/pss_wip.thy	15886
1729	pss_wip.drop_cnst	1528312	pss_wip	isabelle/layerB/pss_wip.thy	15895
1730	pss_wip.P_cnst	1528332	pss_wip	isabelle/layerB/pss_wip.thy	15903
1731	pss_wip.seg_cnst	1528350	pss_wip	isabelle/layerB/pss_wip.thy	15928
1732	pss_wip.m_8_7_cnst_Trans	1528360	pss_wip	isabelle/layerB/pss_wip.thy	15947
1733	pss_wip.m_8_7_const00_Trans	1528366	pss_wip	isabelle/layerB/pss_wip.thy	16005
1734	pss_wip.PB0_addBT_left	1528372	pss_wip	isabelle/layerB/pss_wip.thy	16035
1735	pss_wip.PB0_principal	1528378	pss_wip	isabelle/layerB/pss_wip.thy	16048
1736	pss_wip.m_7_3_Trans_leftmost_pc	1528404	pss_wip	isabelle/layerB/pss_wip.thy	16067
1737	pss_wip.bpHeadT_transC2_nonzero	1528436	pss_wip	isabelle/layerB/pss_wip.thy	16203
1738	pss_wip.trans_monoT_inner_nonzero	1528490	pss_wip	isabelle/layerB/pss_wip.thy	16262
1739	pss_wip.trans_leftmost_pc_two_chars	1528546	pss_wip	isabelle/layerB/pss_wip.thy	16399
1740	pss_wip.reduced_P0_zero_e11	1528630	pss_wip	isabelle/layerB/pss_wip.thy	16511
1741	pss_wip.m_7_3_Trans_leftmost	1528748	pss_wip	isabelle/layerB/pss_wip.thy	16569
1742	pss_wip.Lng_PB_addBT	1528810	pss_wip	isabelle/layerB/pss_wip.thy	16650
1743	pss_wip.Lng_PB_eq0_iff	1528852	pss_wip	isabelle/layerB/pss_wip.thy	16659
1744	pss_wip.m_7_3_Trans_monoT	1528936	pss_wip	isabelle/layerB/pss_wip.thy	16684
1745	pss_wip.domB_dom_all	1528994	pss_wip	isabelle/layerB/pss_wip.thy	16855
1746	pss_wip.domB_unfold	1529186	pss_wip	isabelle/layerB/pss_wip.thy	16885
1747	pss_wip.m_8_3_kind0_branch_rule	1529466	pss_wip	isabelle/layerB/pss_wip.thy	16920
1748	pss_wip.oper_d0zero_prefix_to_lastblock	1529724	pss_wip	isabelle/layerB/pss_wip.thy	17096
1749	pss_wip.oper_d0zero_lastblock_to_end	1529964	pss_wip	isabelle/layerB/pss_wip.thy	17188
1750	pss_wip.m_8_3_kind0_base_basepoint	1530096	pss_wip	isabelle/layerB/pss_wip.thy	17284
1751	pss_wip.m_7_2_add_scb_conj3	1530168	pss_wip	isabelle/layerB/pss_wip.thy	17547
1752	pss_wip.Lng_operI	1530218	pss_wip	isabelle/layerB/pss_wip.thy	17595
1753	pss_wip.operI_Suc_append	1530300	pss_wip	isabelle/layerB/pss_wip.thy	17621
1754	pss_wip.numBT_inj	1530324	pss_wip	isabelle/layerB/pss_wip.thy	17652
1755	pss_wip.numBT_Suc0_ne_zero	1530416	pss_wip	isabelle/layerB/pss_wip.thy	17655
1756	pss_wip.NatSet_neq_zero	1530466	pss_wip	isabelle/layerB/pss_wip.thy	17658
1757	pss_wip.NatSet_neq_TBv	1530508	pss_wip	isabelle/layerB/pss_wip.thy	17667
1758	pss_wip.domB_principal_NatSet	1530542	pss_wip	isabelle/layerB/pss_wip.thy	17689
1759	pss_wip.domB_last_component	1530560	pss_wip	isabelle/layerB/pss_wip.thy	17708
1760	pss_wip.domB_hereditary_aux	1530582	pss_wip	isabelle/layerB/pss_wip.thy	17734
1761	pss_wip.m_8_7_OT_dom_hereditary	1530604	pss_wip	isabelle/layerB/pss_wip.thy	17802
1762	pss_wip.isOT_BT_last	1530618	pss_wip	isabelle/layerB/pss_wip.thy	17852
1763	pss_wip.OT_hereditary_aux	1530650	pss_wip	isabelle/layerB/pss_wip.thy	17860
1764	pss_wip.m_8_7_OT_scb_recursive	1530672	pss_wip	isabelle/layerB/pss_wip.thy	17915
1765	pss_wip.nextrel1_adjacent	1530706	pss_wip	isabelle/layerB/pss_wip.thy	17972
1766	pss_wip.oper_d0zero_nadm_blockstart	1530722	pss_wip	isabelle/layerB/pss_wip.thy	18004
1767	pss_wip.parent_block_le0_pred	1530732	pss_wip	isabelle/layerB/pss_wip.thy	18088
1768	pss_wip.Adm_eq_of_adm_below	1530786	pss_wip	isabelle/layerB/pss_wip.thy	18109
1769	pss_wip.adm_prefix_agree_eq	1530852	pss_wip	isabelle/layerB/pss_wip.thy	18128
1770	pss_wip.m_8_1_c1_around_part5	1531088	pss_wip	isabelle/layerB/pss_wip.thy	18176
1771	pss_wip.Mark_marked_isPTB	1531188	pss_wip	isabelle/layerB/pss_wip.thy	18410
1772	pss_wip.Trans_front_peel	1531250	pss_wip	isabelle/layerB/pss_wip.thy	18435
1773	pss_wip.Mark_rightmost_adjacent_peel	1531320	pss_wip	isabelle/layerB/pss_wip.thy	18558
1774	pss_wip.Mark_adjacent_form_aux	1531394	pss_wip	isabelle/layerB/pss_wip.thy	18616
1775	pss_wip.Mark_adjacent_form	1531496	pss_wip	isabelle/layerB/pss_wip.thy	18719
1776	pss_wip.Dpt_addBT_right_cancel	1531598	pss_wip	isabelle/layerB/pss_wip.thy	18733
1777	pss_wip.ex1_Dpt_addBT	1531632	pss_wip	isabelle/layerB/pss_wip.thy	18750
1778	pss_wip.ex1_Dpt_addBT_two	1531700	pss_wip	isabelle/layerB/pss_wip.thy	18769
1779	pss_wip.Mark_monoT_via_Pred	1531766	pss_wip	isabelle/layerB/pss_wip.thy	18807
1780	pss_wip.Mark_nadm_const	1531920	pss_wip	isabelle/layerB/pss_wip.thy	18901
1781	pss_wip.m_8_2_subexpr_component_Pred_setup	1532064	pss_wip	isabelle/layerB/pss_wip.thy	19256
1782	pss_wip.Mark_nadm_telescope	1532206	pss_wip	isabelle/layerB/pss_wip.thy	19313
1783	pss_wip.Trans_eq_transC2_Adm0	1532292	pss_wip	isabelle/layerB/pss_wip.thy	19356
1784	pss_wip.m_8_2_subexpr_component_Pred_Adm0_clause1	1532404	pss_wip	isabelle/layerB/pss_wip.thy	19436
1785	pss_wip.Adm_eq_0_of_nadm_below	1532480	pss_wip	isabelle/layerB/pss_wip.thy	19508
1786	pss_wip.Trans_gap_2tower	1532504	pss_wip	isabelle/layerB/pss_wip.thy	19569
1787	pss_wip.Mark_gap_rightmost_peel	1532552	pss_wip	isabelle/layerB/pss_wip.thy	19789
1788	pss_wip.Mark_gap_peel	1532610	pss_wip	isabelle/layerB/pss_wip.thy	19922
1789	pss_wip.m_8_1_c1_around_part3_1	1532644	pss_wip	isabelle/layerB/pss_wip.thy	20058
1790	pss_wip.m_8_2_subexpr_component_Pred_Adm0_clause2_core	1532720	pss_wip	isabelle/layerB/pss_wip.thy	20167
1791	pss_wip.m_8_2_subexpr_component_Pred_Adm0_clause4_core	1532946	pss_wip	isabelle/layerB/pss_wip.thy	20290
1792	pss_wip.m_8_2_lastbranch_eq_j1	1533016	pss_wip	isabelle/layerB/pss_wip.thy	20470
1793	pss_wip.m_8_2_subexpr_component_Pred_Adm0_clause1_keystone	1533270	pss_wip	isabelle/layerB/pss_wip.thy	20532
1794	pss_wip.adm_TrMax_succ	1533290	pss_wip	isabelle/layerB/pss_wip.thy	20575
1795	pss_wip.m_8_2_parent_le_TrMax_Adm0	1533306	pss_wip	isabelle/layerB/pss_wip.thy	20615
1796	pss_wip.m_8_2_j1eq_Adm0	1533320	pss_wip	isabelle/layerB/pss_wip.thy	20639
1797	pss_wip.m_8_2_j0eq_Adm0	1533344	pss_wip	isabelle/layerB/pss_wip.thy	20657
1798	pss_wip.nextR1_TrMax_fail	1533362	pss_wip	isabelle/layerB/pss_wip.thy	20680
1799	pss_wip.adm_TrMax	1533372	pss_wip	isabelle/layerB/pss_wip.thy	20705
1800	pss_wip.m_8_2_gA_Adm0	1533442	pss_wip	isabelle/layerB/pss_wip.thy	20727
1801	pss_wip.m_8_2_notVI_Adm0	1533486	pss_wip	isabelle/layerB/pss_wip.thy	20763
1802	pss_wip.m_8_2_subexpr_component_Pred_Adm0	1533540	pss_wip	isabelle/layerB/pss_wip.thy	20828
1803	pss_wip.row0_valley_last	1533638	pss_wip	isabelle/layerB/pss_wip.thy	20973
1804	pss_wip.row1_last_bound	1533692	pss_wip	isabelle/layerB/pss_wip.thy	21016
1805	pss_wip.m_8_2_condII_or_condIV	1533746	pss_wip	isabelle/layerB/pss_wip.thy	21105
1806	pss_wip.m_8_2_nadmj0_notAVI	1533780	pss_wip	isabelle/layerB/pss_wip.thy	21198
1807	pss_wip.m_8_2_t2ne_notAVI	1533852	pss_wip	isabelle/layerB/pss_wip.thy	21217
1808	pss_wip.m_8_2_gB_condIorIII	1533892	pss_wip	isabelle/layerB/pss_wip.thy	21246
1809	pss_wip.m_8_2_e0gt_e1zero	1533936	pss_wip	isabelle/layerB/pss_wip.thy	21259
1810	pss_wip.m_8_2_e0gt_condIV	1533974	pss_wip	isabelle/layerB/pss_wip.thy	21282
1811	pss_wip.TBv_enat_inj	1534150	pss_wip	isabelle/layerB/pss_wip.thy	21344
1812	pss_wip.zero_set_neq_TBv	1534190	pss_wip	isabelle/layerB/pss_wip.thy	21369
1813	pss_wip.domB_classify_RN	1534354	pss_wip	isabelle/layerB/pss_wip.thy	21383
1814	pss_wip.rnNatShape_iff_natshape	1534422	pss_wip	isabelle/layerB/pss_wip.thy	21673
1815	pss_wip.domB_NatSet_iff_rnNatShape	1534470	pss_wip	isabelle/layerB/pss_wip.thy	21683
1816	pss_wip.scb_suffix_realized	1534602	pss_wip	isabelle/layerB/pss_wip.thy	21726
1817	pss_wip.scb_kind0_of_suffix	1534712	pss_wip	isabelle/layerB/pss_wip.thy	21799
1818	pss_wip.scb_kind1_of_suffix	1534750	pss_wip	isabelle/layerB/pss_wip.thy	21821
1819	pss_wip.rnNatShape_imp_kindable	1534786	pss_wip	isabelle/layerB/pss_wip.thy	21845
1820	pss_wip.m_7_2_scb_unique_domB	1534812	pss_wip	isabelle/layerB/pss_wip.thy	21969
1821	pss_wip.endsD00_addD00	1534886	pss_wip	isabelle/layerB/pss_wip.thy	22003
1822	pss_wip.domB_endsD00	1534894	pss_wip	isabelle/layerB/pss_wip.thy	22006
1823	pss_wip.size_last_lt_BP	1534962	pss_wip	isabelle/layerB/pss_wip.thy	22028
1824	pss_wip.d0succ_Trm	1535372	pss_wip	isabelle/layerB/pss_wip.thy	22057
1825	pss_wip.d0succ_last_eq	1535398	pss_wip	isabelle/layerB/pss_wip.thy	22062
1826	pss_wip.d0succ_D00	1535408	pss_wip	isabelle/layerB/pss_wip.thy	22067
1827	pss_wip.d0succ_single_nonzero	1535416	pss_wip	isabelle/layerB/pss_wip.thy	22072
1828	pss_wip.d0succ_last_D00	1535424	pss_wip	isabelle/layerB/pss_wip.thy	22085
1829	pss_wip.d0succ_addD00	1535436	pss_wip	isabelle/layerB/pss_wip.thy	22090
1830	pss_wip.operB_dom_d0succ	1535448	pss_wip	isabelle/layerB/pss_wip.thy	22106
1831	pss_wip.operB_d0succ_unfold	1535480	pss_wip	isabelle/layerB/pss_wip.thy	22239
1832	pss_wip.operB_d0succ_multi_peel	1535494	pss_wip	isabelle/layerB/pss_wip.thy	22263
1833	pss_wip.operB_dom_multi_peel	1535522	pss_wip	isabelle/layerB/pss_wip.thy	22279
1834	pss_wip.numNat_numBT	1535532	pss_wip	isabelle/layerB/pss_wip.thy	22291
1835	pss_wip.multBT_1	1535542	pss_wip	isabelle/layerB/pss_wip.thy	22294
1836	pss_wip.operB_strip_d0	1535552	pss_wip	isabelle/layerB/pss_wip.thy	22299
1837	pss_wip.operB_single_succ	1535574	pss_wip	isabelle/layerB/pss_wip.thy	22341
1838	pss_wip.m_7_2_scb_fseq_succ	1535592	pss_wip	isabelle/layerB/pss_wip.thy	22367
1839	pss_wip.domB_succ_inner_NatSet	1535612	pss_wip	isabelle/layerB/pss_wip.thy	22437
1840	pss_wip.succ_body_ne	1535628	pss_wip	isabelle/layerB/pss_wip.thy	22449
1841	pss_wip.domB_succ_body_NatSet	1535642	pss_wip	isabelle/layerB/pss_wip.thy	22452
1842	pss_wip.d0succ_succ_inner	1535656	pss_wip	isabelle/layerB/pss_wip.thy	22468
1843	pss_wip.d0succ_succ_body	1535670	pss_wip	isabelle/layerB/pss_wip.thy	22477
1844	pss_wip.operB_dom_NatSet_principal	1535676	pss_wip	isabelle/layerB/pss_wip.thy	22498
1845	pss_wip.operB_NatSet_principal_unfold	1535684	pss_wip	isabelle/layerB/pss_wip.thy	22596
1846	pss_wip.m_7_2_scb_fseq_inner	1535702	pss_wip	isabelle/layerB/pss_wip.thy	22619
1847	pss_wip.operB_dom_multi	1535772	pss_wip	isabelle/layerB/pss_wip.thy	22641
1848	pss_wip.operB_dom_spine_aux	1535888	pss_wip	isabelle/layerB/pss_wip.thy	22715
1849	pss_wip.flatBT_multi_last	1535920	pss_wip	isabelle/layerB/pss_wip.thy	22796
1850	pss_wip.operB_scb_spine	1536676	pss_wip	isabelle/layerB/pss_wip.thy	22815
1851	pss_wip.dfree_BT_addBT	1536704	pss_wip	isabelle/layerB/pss_wip.thy	23004
1852	pss_wip.dfree_BT_multBT	1536718	pss_wip	isabelle/layerB/pss_wip.thy	23008
1853	pss_wip.m_7_2_scb_fseq_scb	1536794	pss_wip	isabelle/layerB/pss_wip.thy	23015
1854	pss_wip.m_7_2_scb_unique_kind1	1536828	pss_wip	isabelle/layerB/pss_wip.thy	23085
1855	pss_wip.SigmaB_single	1536870	pss_wip	isabelle/layerB/pss_wip.thy	23115
1856	pss_wip.m_7_3_Trans_P_equivariance	1536984	pss_wip	isabelle/layerB/pss_wip.thy	23118
1857	pss_wip.m_7_3_Mark_P_invariance	1537026	pss_wip	isabelle/layerB/pss_wip.thy	23272
1858	pss_wip.m_8_1_diagApp_w0_Trans	1537084	pss_wip	isabelle/layerB/pss_wip.thy	23320
1859	pss_wip.m_7_2_add_scb_conj3_uncond	1537240	pss_wip	isabelle/layerB/pss_wip.thy	23427
1860	pss_wip.trans_surgery_value	1537384	pss_wip	isabelle/layerB/pss_wip.thy	23469
1861	pss_wip.trans_surgery_value_keystone	1537510	pss_wip	isabelle/layerB/pss_wip.thy	23553
1862	pss_wip.transC2_single_principal_head	1537624	pss_wip	isabelle/layerB/pss_wip.thy	23581
1863	pss_wip.trans_surgery_localized	1537746	pss_wip	isabelle/layerB/pss_wip.thy	23635
1864	pss_wip.m_8_2_gB_Adm0_condA	1537862	pss_wip	isabelle/layerB/pss_wip.thy	23704
1865	pss_wip.m_8_2_subexpr_component_Pred_Adm0_nogB	1538316	pss_wip	isabelle/layerB/pss_wip.thy	23780
1866	pss_wip.Trans_two_zero	1538432	pss_wip	isabelle/layerB/pss_wip.thy	23926
1867	pss_wip.Trans_take_lessBT	1538474	pss_wip	isabelle/layerB/pss_wip.thy	23943
1868	pss_wip.Trans_take_eq_imp_full	1538516	pss_wip	isabelle/layerB/pss_wip.thy	24014
1869	pss_wip.m_7_3_Trans_Dv0_iff	1538766	pss_wip	isabelle/layerB/pss_wip.thy	24033
1870	pss_wip.domB_single_TBv_struct	1538906	pss_wip	isabelle/layerB/pss_wip.thy	24342
1871	pss_wip.operB_dom_TBv_body	1538978	pss_wip	isabelle/layerB/pss_wip.thy	24381
1872	pss_wip.tbvIdx_TBv	1539002	pss_wip	isabelle/layerB/pss_wip.thy	24559
1873	pss_wip.xseq_dom_TBv_body	1539036	pss_wip	isabelle/layerB/pss_wip.thy	24570
1874	pss_wip.operB_dom_kind1	1539112	pss_wip	isabelle/layerB/pss_wip.thy	24600
1875	pss_wip.operB_kind1_unfold	1539182	pss_wip	isabelle/layerB/pss_wip.thy	24712
1876	pss_wip.operB_dom_Dv0	1539240	pss_wip	isabelle/layerB/pss_wip.thy	24751
1877	pss_wip.operB_Dv0_num0	1539292	pss_wip	isabelle/layerB/pss_wip.thy	24763
1878	pss_wip.operB_peel_trailing_Dv0	1539344	pss_wip	isabelle/layerB/pss_wip.thy	24785
1879	pss_wip.domB_Dw0	1539402	pss_wip	isabelle/layerB/pss_wip.thy	24830
1880	pss_wip.xseq_eval_0	1539446	pss_wip	isabelle/layerB/pss_wip.thy	24842
1881	pss_wip.xseq_single_TBv	1539520	pss_wip	isabelle/layerB/pss_wip.thy	24854
1882	pss_wip.operB_Dv0_id	1539598	pss_wip	isabelle/layerB/pss_wip.thy	24872
1883	pss_wip.operB_Du_Dw0_kind1	1539688	pss_wip	isabelle/layerB/pss_wip.thy	24891
1884	pss_wip.operB_Du_Dw0_base	1539758	pss_wip	isabelle/layerB/pss_wip.thy	24920
1885	pss_wip.operB_Du_D00	1539788	pss_wip	isabelle/layerB/pss_wip.thy	24979
1886	pss_wip.operB_iter_Du_Dw0	1539836	pss_wip	isabelle/layerB/pss_wip.thy	24997
1887	pss_wip.xseq_Dv0_tower	1540082	pss_wip	isabelle/layerB/pss_wip.thy	25067
1888	pss_wip.domB_Du_Dv0_NatSet	1540138	pss_wip	isabelle/layerB/pss_wip.thy	25097
1889	pss_wip.operB_Du_Dv0_kind1_eval	1540200	pss_wip	isabelle/layerB/pss_wip.thy	25124
1890	pss_wip.flatBT_Dprin_funpow_tower	1540310	pss_wip	isabelle/layerB/pss_wip.thy	25151
1891	pss_wip.m_7_2_scb_fseq_kind1_basic	1540618	pss_wip	isabelle/layerB/pss_wip.thy	25180
1892	pss_wip.ex1_Dpt_addBT_triple	1540812	pss_wip	isabelle/layerB/pss_wip.thy	25249
1893	pss_wip.trans_admpos_outer_principal	1540960	pss_wip	isabelle/layerB/pss_wip.thy	25320
1894	pss_wip.m_8_2_subexpr_component_Pred_clause34_of_witness	1541356	pss_wip	isabelle/layerB/pss_wip.thy	25365
1895	pss_wip.operB_dom_TBv_principal_aux	1541588	pss_wip	isabelle/layerB/pss_wip.thy	25456
1896	pss_wip.operB_TBv_principal_unfold	1541724	pss_wip	isabelle/layerB/pss_wip.thy	25561
1897	pss_wip.operB_dom_TBv_body_spine_aux	1542068	pss_wip	isabelle/layerB/pss_wip.thy	25607
1898	pss_wip.operB_TBv_body_spine	1544264	pss_wip	isabelle/layerB/pss_wip.thy	25712
1899	pss_wip.xseq_body_tower_flat	1544628	pss_wip	isabelle/layerB/pss_wip.thy	25928
1900	pss_wip.domB_Du_body_NatSet	1544830	pss_wip	isabelle/layerB/pss_wip.thy	26005
1901	pss_wip.operB_Du_body_kind1_eval	1544982	pss_wip	isabelle/layerB/pss_wip.thy	26030
1902	pss_wip.concat_replicate_shift	1545052	pss_wip	isabelle/layerB/pss_wip.thy	26048
1903	pss_wip.concat_replicate_append_comm	1545088	pss_wip	isabelle/layerB/pss_wip.thy	26068
1904	pss_wip.m_7_2_scb_fseq_kind1_general	1545352	pss_wip	isabelle/layerB/pss_wip.thy	26082
1905	pss_wip.domB_addBT_Dv0	1545488	pss_wip	isabelle/layerB/pss_wip.thy	26220
1906	pss_wip.operB_dom_addBT_Dv0	1545598	pss_wip	isabelle/layerB/pss_wip.thy	26240
1907	pss_wip.m_8_6_trailing_principal_peel	1545746	pss_wip	isabelle/layerB/pss_wip.thy	26273
1908	pss_wip.m_8_3_TransCondII_oper1_descend	1545864	pss_wip	isabelle/layerB/pss_wip.thy	26336
1909	pss_wip.BT_split_last_principal	1545960	pss_wip	isabelle/layerB/pss_wip.thy	26360
1910	pss_wip.flatBP_inj	1546030	pss_wip	isabelle/layerB/pss_wip.thy	26394
1911	pss_wip.scb_outer_surgery_split	1546292	pss_wip	isabelle/layerB/pss_wip.thy	26412
1912	pss_wip.trans_admpos_body_split	1546470	pss_wip	isabelle/layerB/pss_wip.thy	26573
1913	pss_wip.trans_admpos_body_split_wfin	1546706	pss_wip	isabelle/layerB/pss_wip.thy	26699
1914	pss_wip.operB_dist_trailing_single	1546930	pss_wip	isabelle/layerB/pss_wip.thy	26836
1915	pss_wip.operB_dom_Du_Dw0	1547072	pss_wip	isabelle/layerB/pss_wip.thy	26873
1916	pss_wip.operB_dom_Du_Dw0_any	1547118	pss_wip	isabelle/layerB/pss_wip.thy	26922
1917	pss_wip.m_8_7_toplevel_Dw0_annihilate	1547178	pss_wip	isabelle/layerB/pss_wip.thy	26950
1918	pss_wip.m_8_2_subexpr_component_Pred_Adm0_full	1547472	pss_wip	isabelle/layerB/pss_wip.thy	27019
1919	pss_wip.m_8_2_subexpr_component_Pred_Admpos_of_wid	1547900	pss_wip	isabelle/layerB/pss_wip.thy	27174
1920	pss_wip.m_8_7_toplevel_OT_tail_annihilate	1548026	pss_wip	isabelle/layerB/pss_wip.thy	27288
1921	pss_wip.m_8_7_toplevel_succ_peel	1548086	pss_wip	isabelle/layerB/pss_wip.thy	27337
1922	pss_wip.m_8_2_strongmono_slice_mono_reduced	1548112	pss_wip	isabelle/layerB/pss_wip.thy	27395
1923	pss_wip.P_take_at_boundary	1548178	pss_wip	isabelle/layerB/pss_wip.thy	27478
1924	pss_wip.P_take_prefix_eq	1548250	pss_wip	isabelle/layerB/pss_wip.thy	27594
1925	pss_wip.TrMax_seg_ancestor	1548316	pss_wip	isabelle/layerB/pss_wip.thy	27706
1926	pss_wip.m_8_2_strongmono_slice	1548600	pss_wip	isabelle/layerB/pss_wip.thy	27757
1927	pss_wip.leBT_trans	1548688	pss_wip	isabelle/layerB/pss_wip.thy	28017
1928	pss_wip.b1x_operB_dom_all	1548836	pss_wip	isabelle/layerB/pss_wip.thy	28021
1929	pss_wip.b1x_xseq_dom_all	1548954	pss_wip	isabelle/layerB/pss_wip.thy	28113
1930	pss_wip.b1x_operB_unfold	1549352	pss_wip	isabelle/layerB/pss_wip.thy	28133
1931	pss_wip.b1x_xseq_0	1549402	pss_wip	isabelle/layerB/pss_wip.thy	28152
1932	pss_wip.b1x_xseq_Suc	1549432	pss_wip	isabelle/layerB/pss_wip.thy	28155
1933	pss_wip.b1x_operB_zero	1549442	pss_wip	isabelle/layerB/pss_wip.thy	28160
1934	pss_wip.b1x_operB_D0	1549476	pss_wip	isabelle/layerB/pss_wip.thy	28163
1935	pss_wip.b1x_operB_Dinf	1549520	pss_wip	isabelle/layerB/pss_wip.thy	28166
1936	pss_wip.b1x_operB_Dsucc	1549538	pss_wip	isabelle/layerB/pss_wip.thy	28170
1937	pss_wip.b1x_operB_case_i	1549614	pss_wip	isabelle/layerB/pss_wip.thy	28179
1938	pss_wip.b1x_operB_case_iii	1549690	pss_wip	isabelle/layerB/pss_wip.thy	28185
1939	pss_wip.b1x_operB_multi	1549818	pss_wip	isabelle/layerB/pss_wip.thy	28196
1940	pss_wip.b1x_domB_case_iii	1549926	pss_wip	isabelle/layerB/pss_wip.thy	28205
1941	pss_wip.b1x_domB_Dsucc	1550054	pss_wip	isabelle/layerB/pss_wip.thy	28216
1942	pss_wip.b1x_mult_single	1550108	pss_wip	isabelle/layerB/pss_wip.thy	28225
1943	pss_wip.b1x_lessBT_replsnoc	1550180	pss_wip	isabelle/layerB/pss_wip.thy	28231
1944	pss_wip.b1x_leBT_head_replsnoc	1550264	pss_wip	isabelle/layerB/pss_wip.thy	28236
1945	pss_wip.b1x_GBT_replsnoc	1550332	pss_wip	isabelle/layerB/pss_wip.thy	28239
1946	pss_wip.b1x_lessBP_single	1550420	pss_wip	isabelle/layerB/pss_wip.thy	28244
1947	pss_wip.b1x_lessBP_asym	1550456	pss_wip	isabelle/layerB/pss_wip.thy	28247
1948	pss_wip.b1x_leBT_single_idx	1550568	pss_wip	isabelle/layerB/pss_wip.thy	28250
1949	pss_wip.b1x_zero_TBv	1550604	pss_wip	isabelle/layerB/pss_wip.thy	28255
1950	pss_wip.b1x_NatSet_TBv	1550660	pss_wip	isabelle/layerB/pss_wip.thy	28258
1951	pss_wip.b1x_Dpt_TBv	1550710	pss_wip	isabelle/layerB/pss_wip.thy	28261
1952	pss_wip.b1x_TBv_lt_head	1550750	pss_wip	isabelle/layerB/pss_wip.thy	28264
1953	pss_wip.b1x_descP_last_hd	1550824	pss_wip	isabelle/layerB/pss_wip.thy	28281
1954	pss_wip.b1x_TBv_head_gt	1550902	pss_wip	isabelle/layerB/pss_wip.thy	28300
1955	pss_wip.b1x_Dw0_lt	1550966	pss_wip	isabelle/layerB/pss_wip.thy	28327
1956	pss_wip.b1x_descent	1551076	pss_wip	isabelle/layerB/pss_wip.thy	28361
1957	pss_wip.m_buc1_3_2a_fseq_lt	1551108	pss_wip	isabelle/layerB/pss_wip.thy	28499
1958	pss_wip.m_8_1_Trans_fseq_condI_descent	1551252	pss_wip	isabelle/layerB/pss_wip.thy	28509
1959	pss_wip.m_8_3_TransCondII_oper_descend_engine	1551460	pss_wip	isabelle/layerB/pss_wip.thy	28563
1960	pss_wip.m_8_2_subexpr_component_Pred_of_wid	1552116	pss_wip	isabelle/layerB/pss_wip.thy	28627
1961	pss_wip.m_8_7_OT_zero	1552190	pss_wip	isabelle/layerB/pss_wip.thy	28715
1962	pss_wip.m_8_7_Trans_in_T_B_ST	1552238	pss_wip	isabelle/layerB/pss_wip.thy	28722
1963	pss_wip.m_8_7_Trans_preserves_OT_base	1552306	pss_wip	isabelle/layerB/pss_wip.thy	28738
1964	pss_wip.m_8_7_multBT_Dpt_OT	1552364	pss_wip	isabelle/layerB/pss_wip.thy	28777
1965	pss_wip.m_8_7_Trans_cnst_OT	1552420	pss_wip	isabelle/layerB/pss_wip.thy	28785
1966	pss_wip.m_8_7_Trans_rcseq_OT	1552474	pss_wip	isabelle/layerB/pss_wip.thy	28803
1967	pss_wip.m_8_2_wid_step	1552526	pss_wip	isabelle/layerB/pss_wip.thy	28837
1968	pss_wip.m_8_2_wid_of_predRN	1552680	pss_wip	isabelle/layerB/pss_wip.thy	28893
1969	pss_wip.rn1_outer_inner_trailing	1552730	pss_wip	isabelle/layerB/pss_wip.thy	28913
1970	pss_wip.m_8_2_keystone_imp_wid	1553074	pss_wip	isabelle/layerB/pss_wip.thy	28936
1971	pss_wip.m_8_2_wid_of_predwid	1553156	pss_wip	isabelle/layerB/pss_wip.thy	29038
1972	pss_wip.wid_Br_Pred	1553216	pss_wip	isabelle/layerB/pss_wip.thy	29093
1973	pss_wip.wid_JBr_Pred_imp	1553254	pss_wip	isabelle/layerB/pss_wip.thy	29168
1974	pss_wip.wid_FirstNodes_Pred	1553302	pss_wip	isabelle/layerB/pss_wip.thy	29203
1975	pss_wip.wid_Joints_Pred	1553418	pss_wip	isabelle/layerB/pss_wip.thy	29260
1976	pss_wip.wid_adm_trunk_interior_False	1553460	pss_wip	isabelle/layerB/pss_wip.thy	29340
1977	pss_wip.wid_transJ0_eq_TrMax	1553540	pss_wip	isabelle/layerB/pss_wip.thy	29359
1978	pss_wip.wid_entry1_Pred_agree	1553624	pss_wip	isabelle/layerB/pss_wip.thy	29380
1979	pss_wip.m_8_2_ft_transport	1553770	pss_wip	isabelle/layerB/pss_wip.thy	29392
1980	pss_wip.m_8_2_jt_transport	1553930	pss_wip	isabelle/layerB/pss_wip.thy	29460
1981	pss_wip.m_8_2_wid	1554250	pss_wip	isabelle/layerB/pss_wip.thy	29605
1982	pss_wip.m_8_2_subexpr_component_Pred	1554752	pss_wip	isabelle/layerB/pss_wip.thy	29702
1983	pss_wip.m_8_1_c1_around_part4_setup	1554864	pss_wip	isabelle/layerB/pss_wip.thy	29756
1984	pss_wip.m_8_1_c1_around_part4_head	1555016	pss_wip	isabelle/layerB/pss_wip.thy	29815
1985	pss_wip.m_8_2_j0_eq_TrMax	1555066	pss_wip	isabelle/layerB/pss_wip.thy	29887
1986	pss_wip.m_8_2_cpU_rhs_eq	1555088	pss_wip	isabelle/layerB/pss_wip.thy	29918
1987	pss_wip.m_8_2_cpU_of_widTrMaxM	1555126	pss_wip	isabelle/layerB/pss_wip.thy	29946
1988	pss_wip.baseU_Br_empty_TrMax	1555134	pss_wip	isabelle/layerB/pss_wip.thy	29985
1989	pss_wip.baseU_alltrunk_diag_entry	1555156	pss_wip	isabelle/layerB/pss_wip.thy	29995
1990	pss_wip.baseU_alltrunk_Trans_RN1	1555168	pss_wip	isabelle/layerB/pss_wip.thy	30086
1991	pss_wip.baseU_twoseg_monoT	1555174	pss_wip	isabelle/layerB/pss_wip.thy	30125
1992	pss_wip.baseU_caseI_geom	1555190	pss_wip	isabelle/layerB/pss_wip.thy	30141
1993	pss_wip.m_8_2_baseU	1555258	pss_wip	isabelle/layerB/pss_wip.thy	30199
1994	pss_wip.m_8_1_c1_around_part4_Nred	1555308	pss_wip	isabelle/layerB/pss_wip.thy	30389
1995	pss_wip.m_8_2_wid_uncond	1555348	pss_wip	isabelle/layerB/pss_wip.thy	30460
1996	pss_wip.m_8_2_wid_uncond_widTrM	1555386	pss_wip	isabelle/layerB/pss_wip.thy	30481
1997	pss_wip.m_8_2_subexpr_component_Pred_final	1555710	pss_wip	isabelle/layerB/pss_wip.thy	30517
1998	pss_wip.m_6_3_Adm_prefix_slice	1555790	pss_wip	isabelle/layerB/pss_wip.thy	30566
1999	pss_wip.m_8_1_c1_around_part4_Adm0	1555898	pss_wip	isabelle/layerB/pss_wip.thy	30590
2000	pss_wip.m_8_2_chainOK_imp_widTrM	1556512	pss_wip	isabelle/layerB/pss_wip.thy	30747
2001	pss_wip.m_8_2_cpU_of_chainOK	1556618	pss_wip	isabelle/layerB/pss_wip.thy	30841
2002	pss_wip.m_8_2_subexpr_component_Pred_via_chainOK	1556990	pss_wip	isabelle/layerB/pss_wip.thy	30864
2003	pss_wip.m_8_1_c1_around_part4_cond42	1557140	pss_wip	isabelle/layerB/pss_wip.thy	30932
2004	pss_wip.m_8_2_chainOK_of_descAdm	1557154	pss_wip	isabelle/layerB/pss_wip.thy	31113
2005	pss_wip.m_8_1_c1_around_part4_cond41	1557310	pss_wip	isabelle/layerB/pss_wip.thy	31225
2006	pss_wip.m_8_1_c1_around_part4_TransN_41	1557370	pss_wip	isabelle/layerB/pss_wip.thy	31445
2007	pss_wip.monoT_branch_hasParent	1557440	pss_wip	isabelle/layerB/pss_wip.thy	31628
2008	pss_wip.transJm1_seg0_eq_Adm	1557458	pss_wip	isabelle/layerB/pss_wip.thy	31652
2009	pss_wip.m_8_2_TrMax_ge_1	1557478	pss_wip	isabelle/layerB/pss_wip.thy	31683
2010	pss_wip.m_8_2_descAdm_of_premises	1557500	pss_wip	isabelle/layerB/pss_wip.thy	31725
2011	pss_wip.m_8_2_chainOK_of_branchPar	1557516	pss_wip	isabelle/layerB/pss_wip.thy	31764
2012	pss_wip.m_8_2_subexpr_component_Pred_done	1557576	pss_wip	isabelle/layerB/pss_wip.thy	31789
2013	pss_wip.flatBT_Trm_cons_cons	1557586	pss_wip	isabelle/layerB/pss_wip.thy	31849
2014	pss_wip.addBT_trailing_align	1557600	pss_wip	isabelle/layerB/pss_wip.thy	31857
2015	pss_wip.m_8_1_c1_around_part4_segpos	1557620	pss_wip	isabelle/layerB/pss_wip.thy	31903
2016	pss_wip.m_8_1_c1_around_part4_1	1557674	pss_wip	isabelle/layerB/pss_wip.thy	32085
2017	pss_wip.adm_trunk_interior_nadm	1557692	pss_wip	isabelle/layerB/pss_wip.thy	32280
2018	pss_wip.adm_le_TrMax_cases	1557700	pss_wip	isabelle/layerB/pss_wip.thy	32297
2019	pss_wip.m_8_2_transJ0_eq_TrMax	1557710	pss_wip	isabelle/layerB/pss_wip.thy	32316
2020	pss_wip.m_8_2_joints_all_TrMax	1557752	pss_wip	isabelle/layerB/pss_wip.thy	32350
2021	pss_wip.m_8_2_branchHigh	1557766	pss_wip	isabelle/layerB/pss_wip.thy	32391
2022	pss_wip.m_8_2_branchPar	1557810	pss_wip	isabelle/layerB/pss_wip.thy	32434
2023	pss_wip.m_8_2_keystone	1557830	pss_wip	isabelle/layerB/pss_wip.thy	32461
2024	pss_wip.transCondIIorIV_notAVI	1557836	pss_wip	isabelle/layerB/pss_wip.thy	32514
2025	pss_wip.transC2_Adm0_exposed	1557842	pss_wip	isabelle/layerB/pss_wip.thy	32548
2026	pss_wip.m_8_1_c1_around_part4_TransN_42	1557848	pss_wip	isabelle/layerB/pss_wip.thy	32629
2027	pss_wip.m_8_1_c1_around_part4_2	1557854	pss_wip	isabelle/layerB/pss_wip.thy	32827
2028	pss_wip.m_8_1_operB_numBT0_Pred	1557860	pss_wip	isabelle/layerB/pss_wip.thy	33088
2029	pss_wip.m_8_1_Trans_fseq_condI_n1	1557866	pss_wip	isabelle/layerB/pss_wip.thy	33271
2030	pss_wip.PB_Dpt_single	1557872	pss_wip	isabelle/layerB/pss_wip.thy	33302
2031	pss_wip.PB_addBT_app	1557878	pss_wip	isabelle/layerB/pss_wip.thy	33305
2032	pss_wip.leBT_Dpt0_iff	1557884	pss_wip	isabelle/layerB/pss_wip.thy	33308
2033	pss_wip.m_8_2_subexpr_component_strongmono_of_witness	1557890	pss_wip	isabelle/layerB/pss_wip.thy	33330
2034	pss_wip.m_8_1_Trans_fseq_condI_comm_append_reduce	1557896	pss_wip	isabelle/layerB/pss_wip.thy	33418
2035	pss_wip.wid_BrLen_Pred	1557902	pss_wip	isabelle/layerB/pss_wip.thy	33469
2036	pss_wip.wid_JPm1_map	1557908	pss_wip	isabelle/layerB/pss_wip.thy	33529
2037	pss_wip.wid_FNJ_Pred_at_JPm1	1557914	pss_wip	isabelle/layerB/pss_wip.thy	33544
2038	pss_wip.m_8_1_condI_B_eq_Pred_j0zero	1557920	pss_wip	isabelle/layerB/pss_wip.thy	33580
2039	pss_wip.m_8_1_condI_oper_pow_j0zero	1557926	pss_wip	isabelle/layerB/pss_wip.thy	33616
2040	pss_wip.m_8_1_operB_condI_c2_value	1557932	pss_wip	isabelle/layerB/pss_wip.thy	33646
2041	pss_wip.m_8_1_stepT_j0zero_of_additivity	1557938	pss_wip	isabelle/layerB/pss_wip.thy	33668
2042	pss_wip.wit_FirstNodes0	1557944	pss_wip	isabelle/layerB/pss_wip.thy	33707
2043	pss_wip.wit_J1pos	1557950	pss_wip	isabelle/layerB/pss_wip.thy	33723
2044	pss_wip.wit_PB_relax	1557956	pss_wip	isabelle/layerB/pss_wip.thy	33742
2045	pss_wip.wit_PB_tail_bound	1557962	pss_wip	isabelle/layerB/pss_wip.thy	33765
2046	pss_wip.wit_step_lift	1557968	pss_wip	isabelle/layerB/pss_wip.thy	33787
2047	pss_wip.descending_col0_cong	1557974	pss_wip	isabelle/layerB/pss_wip.thy	33808
2048	pss_wip.wid_Br_Pred_col0_agree	1557980	pss_wip	isabelle/layerB/pss_wip.thy	33851
2049	pss_wip.wid_Br_Pred_lenle	1557986	pss_wip	isabelle/layerB/pss_wip.thy	33918
2050	pss_wip.descending_Br_Pred	1557992	pss_wip	isabelle/layerB/pss_wip.thy	33958
2051	pss_wip.m_8_2_subexpr_component_strongmono_of_factAB	1557998	pss_wip	isabelle/layerB/pss_wip.thy	34014
2052	pss_wip.m_8_2_wit_step_thr	1558004	pss_wip	isabelle/layerB/pss_wip.thy	34088
2053	pss_wip.m_8_2_factA_step	1558010	pss_wip	isabelle/layerB/pss_wip.thy	34212
2054	pss_wip.m_8_2_joint_row1_eq	1558016	pss_wip	isabelle/layerB/pss_wip.thy	34346
2055	pss_wip.m_8_2_thrmono	1558022	pss_wip	isabelle/layerB/pss_wip.thy	34390
2056	pss_wip.m_8_2_joint_idx_mono	1558028	pss_wip	isabelle/layerB/pss_wip.thy	34417
2057	pss_wip.m_8_2_factA_base	1558034	pss_wip	isabelle/layerB/pss_wip.thy	34448
2058	pss_wip.m_8_2_factA	1558040	pss_wip	isabelle/layerB/pss_wip.thy	34540
2059	pss_wip.m_8_2_newdom	1558046	pss_wip	isabelle/layerB/pss_wip.thy	34670
2060	pss_wip.m_8_2_subexpr_component_strongmono	1558052	pss_wip	isabelle/layerB/pss_wip.thy	34924
2061	pss_wip.m_8_2_branch_row1_tiebreak	1558058	pss_wip	isabelle/layerB/pss_wip.thy	34984
2062	pss_wip.m_8_2_factB_base	1558064	pss_wip	isabelle/layerB/pss_wip.thy	35008
2063	pss_wip.m_8_2_factA_uncond	1558070	pss_wip	isabelle/layerB/pss_wip.thy	35084
2064	pss_wip.m_8_2_wid_full	1558078	pss_wip	isabelle/layerB/pss_wip.thy	35112
2065	pss_wip.m_8_2_factB_step	1558194	pss_wip	isabelle/layerB/pss_wip.thy	35130
2066	pss_wip.m_8_2_strict_coeff_no_row1	1558242	pss_wip	isabelle/layerB/pss_wip.thy	35161
2067	pss_wip.m_8_2_le0_above_parent	1558254	pss_wip	isabelle/layerB/pss_wip.thy	35208
2068	pss_wip.m_8_2_e1_le_e1par_of_notnextR1	1558272	pss_wip	isabelle/layerB/pss_wip.thy	35241
2069	pss_wip.m_8_2_branch_row1_le_TrMax_of_notnextR	1558330	pss_wip	isabelle/layerB/pss_wip.thy	35286
2070	pss_wip.m_8_2_branch_row1_le_TrMax_J0	1558342	pss_wip	isabelle/layerB/pss_wip.thy	35357
2071	pss_wip.m_8_2_branch_row1_le_TrMax_single	1558358	pss_wip	isabelle/layerB/pss_wip.thy	35377
2072	pss_wip.m_8_2_branch_col0_val	1558420	pss_wip	isabelle/layerB/pss_wip.thy	35397
2073	pss_wip.m_8_2_branch_row1_le_TrMax	1558486	pss_wip	isabelle/layerB/pss_wip.thy	35459
2074	pss_wip.m_8_2_det_imp_joint_lt_TrMax	1558522	pss_wip	isabelle/layerB/pss_wip.thy	35547
2075	pss_wip.m_8_2_det_imp_not_admpos_of_j1eq	1558548	pss_wip	isabelle/layerB/pss_wip.thy	35584
2076	pss_wip.m_8_2_det_of_case4excl	1558610	pss_wip	isabelle/layerB/pss_wip.thy	35616
2077	pss_wip.m_8_2_widH_admpos_j1ne_step	1558674	pss_wip	isabelle/layerB/pss_wip.thy	35717
2078	pss_wip.m_8_2_widH_of_j1side	1558680	pss_wip	isabelle/layerB/pss_wip.thy	35761
2079	pss_wip.m_8_2_widH_base2	1558686	pss_wip	isabelle/layerB/pss_wip.thy	35804
2080	pss_wip.m_8_2_widH	1558692	pss_wip	isabelle/layerB/pss_wip.thy	35857
2081	pss_wip.m_8_2_det	1558698	pss_wip	isabelle/layerB/pss_wip.thy	36051
2082	pss_wip.wid_entry_Pred_agree	1558704	pss_wip	isabelle/layerB/pss_wip.thy	36085
2083	pss_wip.wid_FN_Suc_lt	1558712	pss_wip	isabelle/layerB/pss_wip.thy	36099
2084	pss_wip.m_8_2_factB_base2	1558776	pss_wip	isabelle/layerB/pss_wip.thy	36142
2085	pss_wip.m_8_2_factB	1558810	pss_wip	isabelle/layerB/pss_wip.thy	36200
2086	pss_wip.m_8_2_subexpr_component_strongmono_uncond	1558816	pss_wip	isabelle/layerB/pss_wip.thy	36477
2087	pss_wip.m_8_7_isOT_BT_snoc	1558822	pss_wip	isabelle/layerB/pss_wip.thy	36523
2088	pss_wip.m_8_7_isOT_BT_Dpt	1558854	pss_wip	isabelle/layerB/pss_wip.thy	36528
2089	pss_wip.m_8_7_OT_wrap_snoc	1558924	pss_wip	isabelle/layerB/pss_wip.thy	36533
2090	pss_wip.m_8_7_OT_via_body	1558930	pss_wip	isabelle/layerB/pss_wip.thy	36561
2091	pss_wip.m_8_7_OT_B_of_isOT_BT	1558938	pss_wip	isabelle/layerB/pss_wip.thy	36575
2092	pss_wip.descP_snoc	1559018	pss_wip	isabelle/layerB/pss_wip.thy	36589
2093	pss_wip.m_8_7_isOT_BT_snoc_leBT	1559100	pss_wip	isabelle/layerB/pss_wip.thy	36604
2094	pss_wip.isOT_BT_Dpt_body	1559148	pss_wip	isabelle/layerB/pss_wip.thy	36618
2095	pss_wip.m_8_7_OT_step_uniform	1559256	pss_wip	isabelle/layerB/pss_wip.thy	36638
2096	pss_wip.m_8_2_wid_case2_excl	1559262	pss_wip	isabelle/layerB/pss_wip.thy	36669
2097	pss_wip.descP_append1	1559268	pss_wip	isabelle/layerB/pss_wip.thy	36682
2098	pss_wip.isOT_BT_addBT_left	1559274	pss_wip	isabelle/layerB/pss_wip.thy	36694
2099	pss_wip.m_8_7_Trans_preserves_OT_step	1559324	pss_wip	isabelle/layerB/pss_wip.thy	36715
2100	pss_wip.trans_multi_split	1559366	pss_wip	isabelle/layerB/pss_wip.thy	36762
2101	pss_wip.operI_j0zero_trans_step	1559374	pss_wip	isabelle/layerB/pss_wip.thy	36809
2102	pss_wip.operI_j0zero_trans_mult	1559414	pss_wip	isabelle/layerB/pss_wip.thy	36977
2103	pss_wip.m_8_1_operB_condI_value	1559432	pss_wip	isabelle/layerB/pss_wip.thy	37012
2104	pss_wip.m_8_1_Trans_replicate_pred_condI	1559440	pss_wip	isabelle/layerB/pss_wip.thy	37059
2105	pss_wip.operB_marked_scb_value	1559456	pss_wip	isabelle/layerB/pss_wip.thy	37100
2106	pss_wip.m_8_1_stepT_j0pos_of_lhs_closed	1559610	pss_wip	isabelle/layerB/pss_wip.thy	37137
2107	pss_wip.m_8_1_lhs_j0pos_of_step	1559632	pss_wip	isabelle/layerB/pss_wip.thy	37176
2108	pss_wip.m_8_1_stepT_j0pos_of_step	1559664	pss_wip	isabelle/layerB/pss_wip.thy	37218
2109	pss_wip.monoT_operI_j0pos	1559670	pss_wip	isabelle/layerB/pss_wip.thy	37259
2110	pss_wip.m_8_3_exch_of_lhs_closed	1559724	pss_wip	isabelle/layerB/pss_wip.thy	37371
2111	pss_wip.operB_marked_scb_value_kind1	1559904	pss_wip	isabelle/layerB/pss_wip.thy	37408
2112	pss_wip.m_8_5_exch_of_lhs_closed	1560096	pss_wip	isabelle/layerB/pss_wip.thy	37450
2113	pss_wip.m_8_5_TransCondV_oper_descend_engine	1560304	pss_wip	isabelle/layerB/pss_wip.thy	37496
2114	pss_wip.m_8_4_exch_of_lhs_closed	1560520	pss_wip	isabelle/layerB/pss_wip.thy	37550
2115	pss_wip.leBT_Dpt_mono	1560598	pss_wip	isabelle/layerB/pss_wip.thy	37591
2116	pss_wip.leBT_Zero_left_any	1560642	pss_wip	isabelle/layerB/pss_wip.thy	37605
2117	pss_wip.leBT_refl	1560674	pss_wip	isabelle/layerB/pss_wip.thy	37608
2118	pss_wip.leBT_funpow_mono	1560744	pss_wip	isabelle/layerB/pss_wip.thy	37611
2119	pss_wip.leBT_Dpt_funpow_mono	1560794	pss_wip	isabelle/layerB/pss_wip.thy	37623
2120	pss_wip.leBT_funpow_common	1560862	pss_wip	isabelle/layerB/pss_wip.thy	37634
2121	pss_wip.m_8_1_step_w1_nesting_condI	1561010	pss_wip	isabelle/layerB/pss_wip.thy	37652
2122	pss_wip.entry_operI_d0zero_last	1561080	pss_wip	isabelle/layerB/pss_wip.thy	37685
2123	pss_wip.m_8_1_step_w1_nesting	1561144	pss_wip	isabelle/layerB/pss_wip.thy	37735
2124	pss_wip.m_8_1_operI_Pred_w1	1561164	pss_wip	isabelle/layerB/pss_wip.thy	37772
2125	pss_wip.m_8_1_step_w1_Adm0_closed	1561338	pss_wip	isabelle/layerB/pss_wip.thy	37808
2126	pss_wip.m_8_45_lhs_of_flat_decomp	1561346	pss_wip	isabelle/layerB/pss_wip.thy	37877
2127	pss_wip.m_8_45_lhs_of_funpow_recurrence	1561420	pss_wip	isabelle/layerB/pss_wip.thy	37990
2128	pss_wip.m_8_45_lhs_of_funpow_recurrence_scb	1561632	pss_wip	isabelle/layerB/pss_wip.thy	38025
2129	pss_wip.funpow_closed_of_step	1561742	pss_wip	isabelle/layerB/pss_wip.thy	38176
2130	pss_wip.funpow_closed_of_step_from2	1561902	pss_wip	isabelle/layerB/pss_wip.thy	38225
2131	pss_wip.m_8_45_lhs_of_onestep_scb	1562004	pss_wip	isabelle/layerB/pss_wip.thy	38260
2132	pss_wip.m_8_45_lhs_of_step2_scb	1562306	pss_wip	isabelle/layerB/pss_wip.thy	38303
2133	pss_wip.m_8_5_TransCondV_descend_of_step2_residuals	1562836	pss_wip	isabelle/layerB/pss_wip.thy	38401
2134	pss_wip.Trans_unflat_transC2	1563062	pss_wip	isabelle/layerB/pss_wip.thy	38441
2135	pss_wip.m_8_5_condV_uv	1563168	pss_wip	isabelle/layerB/pss_wip.thy	38509
2136	pss_wip.m_8_5_caseA_kind1_of_uv	1563606	pss_wip	isabelle/layerB/pss_wip.thy	38563
2137	pss_wip.m_8_5_TransCondV_producer	1563974	pss_wip	isabelle/layerB/pss_wip.thy	38761
2138	pss_wip.m_8_5_base_scb	1564208	pss_wip	isabelle/layerB/pss_wip.thy	38796
2139	pss_wip.m_8_5_base_jm1_0	1564418	pss_wip	isabelle/layerB/pss_wip.thy	38887
2140	pss_wip.m_8_5_anchor_OW	1564498	pss_wip	isabelle/layerB/pss_wip.thy	38940
2141	pss_wip.addBT_scb_C_eq	1564566	pss_wip	isabelle/layerB/pss_wip.thy	38970
2142	pss_wip.m_8_5_botU_of_inner	1564678	pss_wip	isabelle/layerB/pss_wip.thy	39009
2143	pss_wip.m_8_7_OT_step_prefix	1564856	pss_wip	isabelle/layerB/pss_wip.thy	39041
2144	pss_wip.m_8_7_OT_keystone_step	1565246	pss_wip	isabelle/layerB/pss_wip.thy	39076
2145	pss_wip.m_8_7_Pred_ST_PS	1565422	pss_wip	isabelle/layerB/pss_wip.thy	39191
2146	pss_wip.m_8_7_GBT_addBT	1565456	pss_wip	isabelle/layerB/pss_wip.thy	39211
2147	pss_wip.m_8_7_gbt_outer_reduce	1565546	pss_wip	isabelle/layerB/pss_wip.thy	39230
2148	pss_wip.m_8_7_Trans_OT_step_keystone	1565974	pss_wip	isabelle/layerB/pss_wip.thy	39265
2149	pss_wip.descP_last_le	1566222	pss_wip	isabelle/layerB/pss_wip.thy	39298
2150	pss_wip.m_8_7_pred_spine_bound	1566428	pss_wip	isabelle/layerB/pss_wip.thy	39335
2151	pss_wip.m_8_7_dstep_assemble	1566554	pss_wip	isabelle/layerB/pss_wip.thy	39364
2152	pss_wip.m_8_7_dstep_case1	1566692	pss_wip	isabelle/layerB/pss_wip.thy	39399
2153	pss_wip.seg_to_last_append	1566808	pss_wip	isabelle/layerB/pss_wip.thy	39464
2154	pss_wip.oper_ST_RT_T	1566932	pss_wip	isabelle/layerB/pss_wip.thy	39486
2155	pss_wip.condV_oper_Suc_append	1566978	pss_wip	isabelle/layerB/pss_wip.thy	39503
2156	pss_wip.hasParent1_parent_lt	1566998	pss_wip	isabelle/layerB/pss_wip.thy	39520
2157	pss_wip.oper_d0pos_nth_prefix	1567040	pss_wip	isabelle/layerB/pss_wip.thy	39541
2158	pss_wip.oper_d0pos_entry_prefix	1567092	pss_wip	isabelle/layerB/pss_wip.thy	39563
2159	pss_wip.Pred_pow_append	1567110	pss_wip	isabelle/layerB/pss_wip.thy	39582
2160	pss_wip.Mark_iterate_slice_append	1567536	pss_wip	isabelle/layerB/pss_wip.thy	39633
2161	pss_wip.Pred_pow_append_full	1567582	pss_wip	isabelle/layerB/pss_wip.thy	39659
2162	pss_wip.Pred_append_single	1567610	pss_wip	isabelle/layerB/pss_wip.thy	39674
2163	pss_wip.Trans_append_col_keystone	1567968	pss_wip	isabelle/layerB/pss_wip.thy	39692
2164	pss_wip.oper_d0pos_seg_prefix	1568234	pss_wip	isabelle/layerB/pss_wip.thy	39736
2165	pss_wip.scb_context_eq_of_prefix	1568484	pss_wip	isabelle/layerB/pss_wip.thy	39775
2166	pss_wip.oper_d0pos_nth	1568880	pss_wip	isabelle/layerB/pss_wip.thy	39833
2167	pss_wip.oper_d0pos_entry0	1569162	pss_wip	isabelle/layerB/pss_wip.thy	39862
2168	pss_wip.oper_d0pos_nth_low	1569304	pss_wip	isabelle/layerB/pss_wip.thy	39877
2169	pss_wip.oper_d0pos_blockstart_step	1569728	pss_wip	isabelle/layerB/pss_wip.thy	39908
2170	pss_wip.oper_d0pos_j0_to_end	1570106	pss_wip	isabelle/layerB/pss_wip.thy	40001
2171	pss_wip.m_8_3_kind1_base_basepoint	1570362	pss_wip	isabelle/layerB/pss_wip.thy	40108
2172	pss_wip.m_8_6_TransCondVI_oper_descend_engine	1570578	pss_wip	isabelle/layerB/pss_wip.thy	40250
2173	pss_wip.m_8_6_diagSeq_condVI_commute	1570698	pss_wip	isabelle/layerB/pss_wip.thy	40305
2174	pss_wip.m_8_6_diagSeq_condVI_descent	1570850	pss_wip	isabelle/layerB/pss_wip.thy	40331
2175	pss_wip.m_8_6_exch_of_lhs_closed	1571334	pss_wip	isabelle/layerB/pss_wip.thy	40365
2176	pss_wip.m_8_5_Joints_FirstNodes_basic	1571800	pss_wip	isabelle/layerB/pss_wip.thy	40416
2177	pss_wip.m_8_4_rightmost_nonadm_ancestor	1572102	pss_wip	isabelle/layerB/pss_wip.thy	40628
2178	pss_wip.m_8_5_step2_of_wrap_body	1572674	pss_wip	isabelle/layerB/pss_wip.thy	40884
2179	pss_wip.m_8_5_base2_of_wrap_body	1572990	pss_wip	isabelle/layerB/pss_wip.thy	40914
2180	pss_wip.m_8_5_base_leaf	1573150	pss_wip	isabelle/layerB/pss_wip.thy	40936
2181	pss_wip.m_8_5_OW_inj_of_scb	1573308	pss_wip	isabelle/layerB/pss_wip.thy	40955
2182	pss_wip.m_8_5_markstep_of_surgery	1574082	pss_wip	isabelle/layerB/pss_wip.thy	41004
2183	pss_wip.m_8_5_wrap_of_iterscb	1574394	pss_wip	isabelle/layerB/pss_wip.thy	41044
2184	pss_wip.leBT_Dpt_head_le	1574506	pss_wip	isabelle/layerB/pss_wip.thy	41096
2185	pss_wip.m_8_7_dstep_properprefix_reduce	1574818	pss_wip	isabelle/layerB/pss_wip.thy	41129
2186	pss_wip.m_8_5_deepen_step	1575232	pss_wip	isabelle/layerB/pss_wip.thy	41177
2187	pss_wip.m_8_5_appended_col_j1ne	1575342	pss_wip	isabelle/layerB/pss_wip.thy	41267
2188	pss_wip.m_8_5_appended_col_deepen	1575570	pss_wip	isabelle/layerB/pss_wip.thy	41294
2189	pss_wip.m_8_5_transT2_readback	1575688	pss_wip	isabelle/layerB/pss_wip.thy	41357
2190	pss_wip.m_8_5_Mark_slice_block_readback	1575784	pss_wip	isabelle/layerB/pss_wip.thy	41388
2191	pss_wip.m_8_5_spineLeaf_Dpt_addBT	1575844	pss_wip	isabelle/layerB/pss_wip.thy	41433
2192	pss_wip.m_8_5_spine_step_glue	1575942	pss_wip	isabelle/layerB/pss_wip.thy	41456
2193	pss_wip.m_8_5_surgery_spine_step	1576250	pss_wip	isabelle/layerB/pss_wip.thy	41492
2194	pss_wip.m_8_5_surgery_spine_compose	1576406	pss_wip	isabelle/layerB/pss_wip.thy	41533
2195	pss_wip.m_8_5_surgery_of_geom_endpoint	1576538	pss_wip	isabelle/layerB/pss_wip.thy	41594
2196	pss_wip.m_8_5_base_of_surgery_pred	1576576	pss_wip	isabelle/layerB/pss_wip.thy	41648
2197	pss_wip.scb_SOME_eq	1576606	pss_wip	isabelle/layerB/pss_wip.thy	41691
2198	pss_wip.scbSubst_eq	1576640	pss_wip	isabelle/layerB/pss_wip.thy	41703
2199	pss_wip.flat_addBT_Dpt	1576714	pss_wip	isabelle/layerB/pss_wip.thy	41708
2200	pss_wip.m_8_5_scbSubst_addBT_commute	1576836	pss_wip	isabelle/layerB/pss_wip.thy	41737
2201	pss_wip.ST_PS_take	1576922	pss_wip	isabelle/layerB/pss_wip.thy	41790
2202	pss_wip.RT_PS_take	1576952	pss_wip	isabelle/layerB/pss_wip.thy	41809
2203	pss_wip.T_PS_take	1576980	pss_wip	isabelle/layerB/pss_wip.thy	41814
2204	pss_wip.m_8_5_Mark_scbSubst_step	1577124	pss_wip	isabelle/layerB/pss_wip.thy	41830
2205	pss_wip.m_8_5_Mark_spine_deepen	1577192	pss_wip	isabelle/layerB/pss_wip.thy	41911
2206	pss_wip.m_8_5_surgery_of_pred_geom_endpoint	1577248	pss_wip	isabelle/layerB/pss_wip.thy	41933
2207	pss_wip.m_8_7_dstep_wholebody	1577440	pss_wip	isabelle/layerB/pss_wip.thy	41972
2208	pss_wip.m_8_2_condV_rightmost_parent	1577564	pss_wip	isabelle/layerB/pss_wip.thy	42048
2209	pss_wip.fullprefix_take_eq	1577578	pss_wip	isabelle/layerB/pss_wip.thy	42218
2210	pss_wip.m_8_5_fullprefix_ST	1577600	pss_wip	isabelle/layerB/pss_wip.thy	42229
2211	pss_wip.m_8_5_fullprefix_RT	1577632	pss_wip	isabelle/layerB/pss_wip.thy	42239
2212	pss_wip.m_8_5_fullprefix_PT	1577674	pss_wip	isabelle/layerB/pss_wip.thy	42254
2213	pss_wip.m_8_5_surgery_fullprefix	1577906	pss_wip	isabelle/layerB/pss_wip.thy	42303
2214	pss_wip.m_8_5_gBrne_from_gpar	1578020	pss_wip	isabelle/layerB/pss_wip.thy	42377
2215	pss_wip.m_8_5_TrMax_append_Br	1578088	pss_wip	isabelle/layerB/pss_wip.thy	42412
2216	pss_wip.m_8_5_TrMax_host	1578212	pss_wip	isabelle/layerB/pss_wip.thy	42460
2217	pss_wip.m_8_5_parent0_take_prefix	1578298	pss_wip	isabelle/layerB/pss_wip.thy	42488
2218	pss_wip.m_8_5_parent_host	1578484	pss_wip	isabelle/layerB/pss_wip.thy	42536
2219	pss_wip.oper_gen_row0_boundary_index	1579296	pss_wip	isabelle/layerB/pss_wip.thy	42582
2220	pss_wip.m_8_5_gpar_m0	1579788	pss_wip	isabelle/layerB/pss_wip.thy	42805
2221	pss_wip.oper_gen_row0_interior_lower	1580766	pss_wip	isabelle/layerB/pss_wip.thy	42849
2222	pss_wip.m_8_5_gpar_interior	1581282	pss_wip	isabelle/layerB/pss_wip.thy	42907
2223	pss_wip.m_8_5_gpar_col	1581928	pss_wip	isabelle/layerB/pss_wip.thy	42989
2224	pss_wip.m_8_5_transC2_condV	1582092	pss_wip	isabelle/layerB/pss_wip.thy	43023
2225	pss_wip.m_8_5_Mark_RightNodes_split	1582336	pss_wip	isabelle/layerB/pss_wip.thy	43042
2226	pss_wip.m_8_5_Mark_whole_loc	1582518	pss_wip	isabelle/layerB/pss_wip.thy	43078
2227	pss_wip.m_8_5_Trans_scbSubst_whole	1582602	pss_wip	isabelle/layerB/pss_wip.thy	43103
2228	pss_wip.m_8_5_scbSubst_netfold	1582716	pss_wip	isabelle/layerB/pss_wip.thy	43136
2229	pss_wip.m_8_5_Trans_netfold_condV	1582966	pss_wip	isabelle/layerB/pss_wip.thy	43173
2230	pss_wip.m_8_5_Trans_netfold_surgery	1583172	pss_wip	isabelle/layerB/pss_wip.thy	43234
2231	pss_wip.m_8_5_gpar_fullprefix	1583796	pss_wip	isabelle/layerB/pss_wip.thy	43320
2232	pss_wip.m_8_5_cinv	1584308	pss_wip	isabelle/layerB/pss_wip.thy	43441
2233	pss_wip.m_8_5_basepoint	1584528	pss_wip	isabelle/layerB/pss_wip.thy	43530
2234	pss_wip.m_8_5_brickB	1584720	pss_wip	isabelle/layerB/pss_wip.thy	43562
2235	pss_wip.m_8_5_iterscb	1585048	pss_wip	isabelle/layerB/pss_wip.thy	43586
2236	pss_wip.red_slice_extend	1585256	pss_wip	isabelle/layerB/pss_wip.thy	43619
2237	pss_wip.m_8_5_slice_surgery_skeleton	1585434	pss_wip	isabelle/layerB/pss_wip.thy	43679
2238	pss_wip.seg_append_prefix	1585554	pss_wip	isabelle/layerB/pss_wip.thy	43707
2239	pss_wip.m_8_5_transC2_condI	1585734	pss_wip	isabelle/layerB/pss_wip.thy	43726
2240	pss_wip.m_8_5_condI_append_base	1585854	pss_wip	isabelle/layerB/pss_wip.thy	43752
2241	pss_wip.m_8_5_surgery_compose_to_endpoint	1585956	pss_wip	isabelle/layerB/pss_wip.thy	43797
2242	pss_wip.m_8_5_reduced_slice_surgery_condI	1586538	pss_wip	isabelle/layerB/pss_wip.thy	43851
2243	pss_wip.m_8_5_redslice_Adm0_condI	1586790	pss_wip	isabelle/layerB/pss_wip.thy	43902
2244	pss_wip.m_8_5_body_of_sliceY	1588002	pss_wip	isabelle/layerB/pss_wip.thy	43939
2245	pss_wip.m_8_5_step2_kernel	1589722	pss_wip	isabelle/layerB/pss_wip.thy	44001
2246	pss_wip.m_8_5_TransCondV_descend_kernel	1591906	pss_wip	isabelle/layerB/pss_wip.thy	44050
2247	pss_wip.m_8_5_B0_derivable	1592090	pss_wip	isabelle/layerB/pss_wip.thy	44117
2248	pss_wip.m_8_5_B0_uv	1592326	pss_wip	isabelle/layerB/pss_wip.thy	44153
2249	pss_wip.m_8_5_transC2_shared	1592392	pss_wip	isabelle/layerB/pss_wip.thy	44187
2250	pss_wip.m_8_5_shared_append_base	1592482	pss_wip	isabelle/layerB/pss_wip.thy	44201
2251	pss_wip.m_8_5_redslice_Adm0_shared	1592678	pss_wip	isabelle/layerB/pss_wip.thy	44245
2252	pss_wip.m_8_5_FeqC_bridge	1592792	pss_wip	isabelle/layerB/pss_wip.thy	44282
2253	pss_wip.m_8_5_surgC_of_skeleton	1592862	pss_wip	isabelle/layerB/pss_wip.thy	44315
2254	pss_wip.m_8_5_surgC_of_geom	1593084	pss_wip	isabelle/layerB/pss_wip.thy	44348
2255	pss_wip.m_8_5_C_body	1593212	pss_wip	isabelle/layerB/pss_wip.thy	44382
2256	pss_wip.m_8_5_endpoint_of_blockC	1593320	pss_wip	isabelle/layerB/pss_wip.thy	44416
2257	pss_wip.m_8_5_blockC_of_spinelaw	1593374	pss_wip	isabelle/layerB/pss_wip.thy	44454
2258	pss_wip.m_8_5_deepen_block_explicit	1593598	pss_wip	isabelle/layerB/pss_wip.thy	44483
2259	pss_wip.m_8_5_deepen_block_row0	1593756	pss_wip	isabelle/layerB/pss_wip.thy	44514
2260	pss_wip.m_8_5_Pcut_of_le0_cut	1593784	pss_wip	isabelle/layerB/pss_wip.thy	44533
2261	pss_wip.m_8_5_slice_concat	1593950	pss_wip	isabelle/layerB/pss_wip.thy	44561
2262	pss_wip.m_8_5_slice_entry0	1594070	pss_wip	isabelle/layerB/pss_wip.thy	44595
2263	pss_wip.m_8_5_Lng_slice	1594104	pss_wip	isabelle/layerB/pss_wip.thy	44630
2264	pss_wip.m_8_5_slice_nextrel0_blockstart	1594288	pss_wip	isabelle/layerB/pss_wip.thy	44658
2265	pss_wip.m_8_5_slice_nextrel0_shift	1594482	pss_wip	isabelle/layerB/pss_wip.thy	44724
2266	pss_wip.m_8_5_slice_le0_lastblock	1594806	pss_wip	isabelle/layerB/pss_wip.thy	44794
2267	pss_wip.m_8_5_slice_le0_cut	1595216	pss_wip	isabelle/layerB/pss_wip.thy	44867
2268	pss_wip.m_8_5_Pcut_append_block	1595534	pss_wip	isabelle/layerB/pss_wip.thy	44936
2269	pss_wip.m_8_5_slice_nextrel0_trap	1595772	pss_wip	isabelle/layerB/pss_wip.thy	44977
2270	pss_wip.m_8_5_slice_le0_trap	1595932	pss_wip	isabelle/layerB/pss_wip.thy	45033
2271	pss_wip.m_8_5_slice_interior_nocut	1596296	pss_wip	isabelle/layerB/pss_wip.thy	45066
2272	pss_wip.m_8_5_Pcut_append	1596410	pss_wip	isabelle/layerB/pss_wip.thy	45104
2273	pss_wip.m_8_5_le0M_of_parR	1596506	pss_wip	isabelle/layerB/pss_wip.thy	45124
2274	pss_wip.m_8_5_Pcut_append_T	1596818	pss_wip	isabelle/layerB/pss_wip.thy	45148
2275	pss_wip.m_8_5_Trans_scbSubst_Pred	1596904	pss_wip	isabelle/layerB/pss_wip.thy	45173
2276	pss_wip.m_8_7_Trans_preserves_OT	1597082	pss_wip	isabelle/layerB/pss_wip.thy	45218
2277	pss_wip.m_8_5_scbSubst_Dpt	1597132	pss_wip	isabelle/layerB/pss_wip.thy	45269
2278	pss_wip.m_8_5_spineLeaf_scbSubst	1597176	pss_wip	isabelle/layerB/pss_wip.thy	45319
2279	pss_wip.m_8_5_spineLeaf_fold	1597228	pss_wip	isabelle/layerB/pss_wip.thy	45363
2280	pss_wip.Trans_take_leBT	1597260	pss_wip	isabelle/layerB/pss_wip.thy	45391
2281	pss_wip.m_8_7_eqhead_tail_from_branch_prefix	1597348	pss_wip	isabelle/layerB/pss_wip.thy	45425
2282	pss_wip.descP_tl	1597394	pss_wip	isabelle/layerB/pss_wip.thy	45454
2283	pss_wip.descP_Cons_hd_le	1597520	pss_wip	isabelle/layerB/pss_wip.thy	45457
2284	pss_wip.descP_append	1597784	pss_wip	isabelle/layerB/pss_wip.thy	45461
2285	pss_wip.trans_multi_split_full	1597940	pss_wip	isabelle/layerB/pss_wip.thy	45489
2286	pss_wip.m_8_7_Trans_OT_nonkey	1598374	pss_wip	isabelle/layerB/pss_wip.thy	45546
2287	pss_wip.m_8_7_Trans_preserves_OT_modulo	1599184	pss_wip	isabelle/layerB/pss_wip.thy	45728
2288	pss_wip.m_8_5_surgC_of_blockC	1599572	pss_wip	isabelle/layerB/pss_wip.thy	45776
2289	pss_wip.m_8_5_endpoint_of_surgshape	1599676	pss_wip	isabelle/layerB/pss_wip.thy	45810
2290	pss_wip.m_8_7_multiD_junction	1599856	pss_wip	isabelle/layerB/pss_wip.thy	45836
2291	pss_wip.m_8_5_fold_of_colstep	1599906	pss_wip	isabelle/layerB/pss_wip.thy	46000
2292	pss_wip.m_8_5_fold_of_colstep_partial	1600014	pss_wip	isabelle/layerB/pss_wip.thy	46040
2293	pss_wip.m_8_5_Mark_netfold_condV	1600066	pss_wip	isabelle/layerB/pss_wip.thy	46095
2294	pss_wip.m_8_5_scbSubst_whole	1600168	pss_wip	isabelle/layerB/pss_wip.thy	46162
2295	pss_wip.m_8_5_spineLeaf_scbSubst_whole	1600220	pss_wip	isabelle/layerB/pss_wip.thy	46175
2296	pss_wip.m_8_5_Mark_bpHeadT_step_condV	1600296	pss_wip	isabelle/layerB/pss_wip.thy	46193
2297	pss_wip.m_8_5_Mark_bpHeadT_step_condVI	1600418	pss_wip	isabelle/layerB/pss_wip.thy	46225
2298	pss_wip.m_8_5_Mark_bpHeadT_step_tt2zero	1600484	pss_wip	isabelle/layerB/pss_wip.thy	46245
2299	pss_wip.m_8_5_Mark_bpHeadT_step_else	1600546	pss_wip	isabelle/layerB/pss_wip.thy	46273
2300	pss_wip.rspine_nonempty	1600628	pss_wip	isabelle/layerB/pss_wip.thy	46322
2301	pss_wip.rspine_scb_decomp	1600650	pss_wip	isabelle/layerB/pss_wip.thy	46334
2302	pss_wip.rspine_spineLeaf_nav	1600662	pss_wip	isabelle/layerB/pss_wip.thy	46371
2303	pss_wip.rspine_spineLeaf_scbSubst	1600674	pss_wip	isabelle/layerB/pss_wip.thy	46388
2304	pss_wip.rspine_funpow_scbSubst_commute	1600720	pss_wip	isabelle/layerB/pss_wip.thy	46435
2305	pss_wip.b3b_spineLeaf_fold_drive	1600760	pss_wip	isabelle/layerB/pss_wip.thy	46487
2306	pss_wip.b3_markstep_skeleton	1600790	pss_wip	isabelle/layerB/pss_wip.thy	46557
2307	pss_wip.rnav_addBT	1600812	pss_wip	isabelle/layerB/pss_wip.thy	46589
2308	pss_wip.rnav_Dpt	1600822	pss_wip	isabelle/layerB/pss_wip.thy	46595
2309	pss_wip.rspine_r_nonempty	1600874	pss_wip	isabelle/layerB/pss_wip.thy	46603
2310	pss_wip.rnav_scbSubst_step	1600910	pss_wip	isabelle/layerB/pss_wip.thy	46616
2311	pss_wip.rspine_r_scb_decomp	1600966	pss_wip	isabelle/layerB/pss_wip.thy	46633
2312	pss_wip.rspine_r_nav	1601006	pss_wip	isabelle/layerB/pss_wip.thy	46673
2313	pss_wip.rspine_r_scbSubst	1601080	pss_wip	isabelle/layerB/pss_wip.thy	46689
2314	pss_wip.rspine_r_funpow_scbSubst_commute	1601120	pss_wip	isabelle/layerB/pss_wip.thy	46715
2315	pss_wip.b3b_rnav_fold_drive	1601222	pss_wip	isabelle/layerB/pss_wip.thy	46743
2316	pss_wip.b3_markstep_skeleton_rnav	1601410	pss_wip	isabelle/layerB/pss_wip.thy	46804
2317	pss_wip.bpHeadT_eq_rnav	1601462	pss_wip	isabelle/layerB/pss_wip.thy	46827
2318	pss_wip.bpHeadT_rnav_Dpt	1601490	pss_wip	isabelle/layerB/pss_wip.thy	46838
2319	pss_wip.m_8_5_funpow_Inv	1601534	pss_wip	isabelle/layerB/pss_wip.thy	46869
2320	pss_wip.m_8_5_keystone_telescope	1601656	pss_wip	isabelle/layerB/pss_wip.thy	46879
2321	pss_wip.m_8_5_keystone_recursion	1601836	pss_wip	isabelle/layerB/pss_wip.thy	46911
2322	pss_wip.m_8_5_keystone_allq	1601924	pss_wip	isabelle/layerB/pss_wip.thy	46932
2323	pss_wip.m_8_5_anchor_col	1601962	pss_wip	isabelle/layerB/pss_wip.thy	46978
2324	pss_wip.m_8_5_anchor_fold	1602074	pss_wip	isabelle/layerB/pss_wip.thy	47006
2325	pss_wip.m_8_5_Mark_netfold_via_anchor	1602362	pss_wip	isabelle/layerB/pss_wip.thy	47054
2326	pss_wip.m_8_5_marked_adm_persist	1602482	pss_wip	isabelle/layerB/pss_wip.thy	47120
2327	pss_wip.m_8_5_marked_le0_step	1602582	pss_wip	isabelle/layerB/pss_wip.thy	47137
2328	pss_wip.m_8_5_monoT_le0_all	1602592	pss_wip	isabelle/layerB/pss_wip.thy	47180
2329	pss_wip.m_8_5_nextrel0_rtrancl_last_step	1602608	pss_wip	isabelle/layerB/pss_wip.thy	47244
2330	pss_wip.m_8_5_le0_ancestor_linear	1602620	pss_wip	isabelle/layerB/pss_wip.thy	47255
2331	pss_wip.m_8_5_marked_requires_last_component	1602628	pss_wip	isabelle/layerB/pss_wip.thy	47335
2332	pss_wip.m_8_5_Mark_multi_raw	1602640	pss_wip	isabelle/layerB/pss_wip.thy	47376
2333	pss_wip.m_8_5_PJ_marked0	1602646	pss_wip	isabelle/layerB/pss_wip.thy	47402
2334	pss_wip.m_8_5_anchor_col_trunkstuck	1602652	pss_wip	isabelle/layerB/pss_wip.thy	47435
2335	pss_wip.m_8_5_hasParent0_of_entry0_lt	1602658	pss_wip	isabelle/layerB/pss_wip.thy	47538
2336	pss_wip.m_8_5_R2b_of_hasParent0	1602664	pss_wip	isabelle/layerB/pss_wip.thy	47553
2337	pss_wip.m_8_5_trunkstuck_hyps_of_hasParent0	1602670	pss_wip	isabelle/layerB/pss_wip.thy	47571
2338	pss_wip.m_8_5_anchor_col_trunkstuck_regime	1602678	pss_wip	isabelle/layerB/pss_wip.thy	47586
2339	pss_wip.m_8_5_hasParent0_of_pcut_entry_lt	1602684	pss_wip	isabelle/layerB/pss_wip.thy	47657
2340	pss_wip.m_8_5_Pcut_cut_witness	1602690	pss_wip	isabelle/layerB/pss_wip.thy	47715
2341	pss_wip.m_8_5_Pcut_nocut_witness	1602696	pss_wip	isabelle/layerB/pss_wip.thy	47797
2342	pss_wip.m_8_5_Pcut_freezes	1602702	pss_wip	isabelle/layerB/pss_wip.thy	47938
2343	pss_wip.m_8_5_reset_Pcut_jump	1602708	pss_wip	isabelle/layerB/pss_wip.thy	47973
2344	pss_wip.m_8_5_Pcut_reset_freeze	1602714	pss_wip	isabelle/layerB/pss_wip.thy	48017
2345	pss_wip.m_8_5_Pcut_reset_witness	1602764	pss_wip	isabelle/layerB/pss_wip.thy	48072
2346	pss_wip.m_8_5_Pcut_nonreset_witness	1602874	pss_wip	isabelle/layerB/pss_wip.thy	48131
2347	pss_wip.m_8_5_Pcut_witness_of_smaller_at	1602934	pss_wip	isabelle/layerB/pss_wip.thy	48264
2348	pss_wip.m_8_5_Pcut_witness_of_entry0	1602988	pss_wip	isabelle/layerB/pss_wip.thy	48297
2349	pss_wip.m_8_5_anchor_col_trunkstuck_regime2	1603072	pss_wip	isabelle/layerB/pss_wip.thy	48310
2350	pss_wip.m_8_5_anchor_fold_mixed	1603174	pss_wip	isabelle/layerB/pss_wip.thy	48349
2351	pss_wip.m_8_5_dfree_transC1_std	1603182	pss_wip	isabelle/layerB/pss_wip.thy	48420
2352	pss_wip.m_8_5_isPTB_str_transC2_std	1603190	pss_wip	isabelle/layerB/pss_wip.thy	48444
2353	pss_wip.m_8_5_Mark_netfold_condV_partial	1603200	pss_wip	isabelle/layerB/pss_wip.thy	48487
2354	pss_wip.m_8_5_fold_C_commute	1603268	pss_wip	isabelle/layerB/pss_wip.thy	48561
2355	pss_wip.m_8_5_C_rnav	1603418	pss_wip	isabelle/layerB/pss_wip.thy	48619
2356	pss_wip.m_8_5_C_rnav_funpow	1603560	pss_wip	isabelle/layerB/pss_wip.thy	48638
2357	pss_wip.m_8_5_markstep_of_Trans_keystone	1604038	pss_wip	isabelle/layerB/pss_wip.thy	48674
2358	pss_wip.m_8_5_surgC_of_keystone	1604060	pss_wip	isabelle/layerB/pss_wip.thy	48710
2359	pss_wip.m_8_5_op_of_monoT	1604144	pss_wip	isabelle/layerB/pss_wip.thy	48730
2360	pss_wip.m_8_5_op_of_Marked	1604328	pss_wip	isabelle/layerB/pss_wip.thy	48751
2361	pss_wip.m_8_5_Mark_headform	1604442	pss_wip	isabelle/layerB/pss_wip.thy	48777
2362	pss_wip.m_8_5_Mark_nonzero	1604576	pss_wip	isabelle/layerB/pss_wip.thy	48796
2363	pss_wip.m_8_5_Mark_nonzero_fold	1604772	pss_wip	isabelle/layerB/pss_wip.thy	48820
2364	pss_wip.m_8_5_Mark_fold_C_commute	1605016	pss_wip	isabelle/layerB/pss_wip.thy	48852
2365	pss_wip.m_8_5_entry_append_prefix	1605028	pss_wip	isabelle/layerB/pss_wip.thy	48925
2366	pss_wip.m_8_5_entry_jm1_step	1605134	pss_wip	isabelle/layerB/pss_wip.thy	48935
2367	pss_wip.m_8_5_entry_jm1_const	1605254	pss_wip	isabelle/layerB/pss_wip.thy	48948
2368	pss_wip.m_8_5_Lng_iterate_mono	1605340	pss_wip	isabelle/layerB/pss_wip.thy	48973
2369	pss_wip.m_8_5_entry_jm1_const_regime	1605438	pss_wip	isabelle/layerB/pss_wip.thy	48997
2370	pss_wip.m_8_5_surgC_instance_of_keystone	1605884	pss_wip	isabelle/layerB/pss_wip.thy	49028
2371	pss_wip.Lng_Shift	1606022	pss_wip	isabelle/layerB/pss_wip.thy	49158
2372	pss_wip.entry_Shift	1606056	pss_wip	isabelle/layerB/pss_wip.thy	49161
2373	pss_wip.nextrel0_Shift	1606084	pss_wip	isabelle/layerB/pss_wip.thy	49166
2374	pss_wip.le0_Shift	1606102	pss_wip	isabelle/layerB/pss_wip.thy	49180
2375	pss_wip.nextrel1_Shift	1606142	pss_wip	isabelle/layerB/pss_wip.thy	49186
2376	pss_wip.le1_Shift	1606158	pss_wip	isabelle/layerB/pss_wip.thy	49208
2377	pss_wip.nextR_Shift	1606224	pss_wip	isabelle/layerB/pss_wip.thy	49214
2378	pss_wip.leR_Shift	1606312	pss_wip	isabelle/layerB/pss_wip.thy	49217
2379	pss_wip.hasParent_Shift	1606362	pss_wip	isabelle/layerB/pss_wip.thy	49220
2380	pss_wip.parent_Shift	1606420	pss_wip	isabelle/layerB/pss_wip.thy	49223
2381	pss_wip.Pred_Shift	1606458	pss_wip	isabelle/layerB/pss_wip.thy	49231
2382	pss_wip.idx1_Shift	1606508	pss_wip	isabelle/layerB/pss_wip.thy	49234
2383	pss_wip.nextR_parent_witness	1606546	pss_wip	isabelle/layerB/pss_wip.thy	49253
2384	pss_wip.oper_Shift	1606648	pss_wip	isabelle/layerB/pss_wip.thy	49258
2385	pss_wip.seg_Shift	1606706	pss_wip	isabelle/layerB/pss_wip.thy	49420
2386	pss_wip.append_Shift	1606734	pss_wip	isabelle/layerB/pss_wip.thy	49437
2387	pss_wip.take_Shift	1606750	pss_wip	isabelle/layerB/pss_wip.thy	49440
2388	pss_wip.entry00_lt_fstcol_Shift	1606782	pss_wip	isabelle/layerB/pss_wip.thy	49447
2389	pss_wip.m_8_5_oper_genform0	1606904	pss_wip	isabelle/layerB/pss_wip.thy	49515
2390	pss_wip.m_8_5_deepen_block_explicit0	1607018	pss_wip	isabelle/layerB/pss_wip.thy	49555
2391	pss_wip.m_8_5_Pcut_adm	1607100	pss_wip	isabelle/layerB/pss_wip.thy	49585
2392	pss_wip.m_8_5_Pcut_le_Adm_parent0	1607196	pss_wip	isabelle/layerB/pss_wip.thy	49631
2393	pss_wip.m_8_5_witness_of_small_prefix	1607282	pss_wip	isabelle/layerB/pss_wip.thy	49670
2394	pss_wip.m_8_5_basecut_small0	1607514	pss_wip	isabelle/layerB/pss_wip.thy	49690
2395	pss_wip.m_8_5_basecut_small1	1607682	pss_wip	isabelle/layerB/pss_wip.thy	49759
2396	pss_wip.m_8_5_basecut_residual	1607846	pss_wip	isabelle/layerB/pss_wip.thy	49823
2397	pss_wip.m_8_5_trunkstuck_basecut_witness	1608174	pss_wip	isabelle/layerB/pss_wip.thy	49878
2398	pss_wip.m_8_5_anchor_col_trunkstuck_basecut	1608772	pss_wip	isabelle/layerB/pss_wip.thy	49932
2399	pss_wip.m_8_5_colcase_trunkstuck_basecut	1617434	pss_wip	isabelle/layerB/pss_wip.thy	49964
2400	pss_wip.b1x_le_less_trans	1617614	pss_wip	isabelle/layerB/pss_wip.thy	50022
2401	pss_wip.b1x_less_le_trans	1617654	pss_wip	isabelle/layerB/pss_wip.thy	50033
2402	pss_wip.b1x_size_last_lt	1617730	pss_wip	isabelle/layerB/pss_wip.thy	50046
2403	pss_wip.b1x_mono	1617842	pss_wip	isabelle/layerB/pss_wip.thy	50059
2404	pss_wip.b1x_TBv_dom_hd_gt	1617944	pss_wip	isabelle/layerB/pss_wip.thy	50126
2405	pss_wip.b1x_lowerbound	1617996	pss_wip	isabelle/layerB/pss_wip.thy	50147
2406	pss_wip.b1x_GBT_size	1618004	pss_wip	isabelle/layerB/pss_wip.thy	50212
2407	pss_wip.b1x_GBT_trans	1618032	pss_wip	isabelle/layerB/pss_wip.thy	50234
2408	pss_wip.b1x_GBT_antitone	1618038	pss_wip	isabelle/layerB/pss_wip.thy	50257
2409	pss_wip.b1x_GBT_numBT	1618046	pss_wip	isabelle/layerB/pss_wip.thy	50285
2410	pss_wip.b1x_GBT_TBv_small_empty	1618058	pss_wip	isabelle/layerB/pss_wip.thy	50288
2411	pss_wip.b1x_setle_subset	1618172	pss_wip	isabelle/layerB/pss_wip.thy	50308
2412	pss_wip.b1x_setle_widen	1618204	pss_wip	isabelle/layerB/pss_wip.thy	50311
2413	pss_wip.b1x_setle_union	1618240	pss_wip	isabelle/layerB/pss_wip.thy	50314
2414	pss_wip.b1x_triG_I	1618364	pss_wip	isabelle/layerB/pss_wip.thy	50327
2415	pss_wip.b1x_triG_D	1618380	pss_wip	isabelle/layerB/pss_wip.thy	50333
2416	pss_wip.b1x_G_control	1618396	pss_wip	isabelle/layerB/pss_wip.thy	50342
2417	pss_wip.b1x_sandwich_prefix	1618458	pss_wip	isabelle/layerB/pss_wip.thy	50424
2418	pss_wip.b1x_sandwich_Dpt	1618542	pss_wip	isabelle/layerB/pss_wip.thy	50455
2419	pss_wip.b1x_triG_addBT	1618624	pss_wip	isabelle/layerB/pss_wip.thy	50486
2420	pss_wip.b1x_triG_Dpt	1618718	pss_wip	isabelle/layerB/pss_wip.thy	50515
2421	pss_wip.b1x_domB_shape	1618816	pss_wip	isabelle/layerB/pss_wip.thy	50545
2422	pss_wip.b1x_operB_NatSet_nonzero	1618872	pss_wip	isabelle/layerB/pss_wip.thy	50593
2423	pss_wip.b1x_domB_nonempty	1618904	pss_wip	isabelle/layerB/pss_wip.thy	50656
2424	pss_wip.b1x_descP_append	1619018	pss_wip	isabelle/layerB/pss_wip.thy	50706
2425	pss_wip.b1x_master	1619274	pss_wip	isabelle/layerB/pss_wip.thy	50744
2426	pss_wip.m_buc1_3_2_OT_B_closed	1619336	pss_wip	isabelle/layerB/pss_wip.thy	51232
2427	pss_wip.m_8_5_scbdec_c1_shape	1619402	pss_wip	isabelle/layerB/pss_wip.thy	51286
2428	pss_wip.m_8_5_scbdec_c2_condV	1619480	pss_wip	isabelle/layerB/pss_wip.thy	51357
2429	pss_wip.m_8_5_scbdec_c2_sb_subst	1619592	pss_wip	isabelle/layerB/pss_wip.thy	51411
2430	pss_wip.m_8_5_scbdec_fseq_condV	1619846	pss_wip	isabelle/layerB/pss_wip.thy	51466
2431	pss_wip.m_8_5_scbdec_oper1_core_condV	1620112	pss_wip	isabelle/layerB/pss_wip.thy	51633
2432	pss_wip.m_8_5_scbdec_exchange1_n1_condV	1620190	pss_wip	isabelle/layerB/pss_wip.thy	51728
2433	pss_wip.f7x_addBT_assoc	1620230	pss_wip	isabelle/layerB/pss_wip.thy	51787
2434	pss_wip.f7x_addBT_zero_right	1620260	pss_wip	isabelle/layerB/pss_wip.thy	51790
2435	pss_wip.f7x_multBT_single	1620310	pss_wip	isabelle/layerB/pss_wip.thy	51795
2436	pss_wip.f7x_multBT_lessBT_principal	1620352	pss_wip	isabelle/layerB/pss_wip.thy	51801
2437	pss_wip.f7x_Dpow_lessBT_Dpt	1620388	pss_wip	isabelle/layerB/pss_wip.thy	51815
2438	pss_wip.f7x_lessBT_D00_imp_zero	1620422	pss_wip	isabelle/layerB/pss_wip.thy	51828
2439	pss_wip.f7x_concat_replicate_single	1620472	pss_wip	isabelle/layerB/pss_wip.thy	51853
2440	pss_wip.f7x_concat_map_singleton	1620502	pss_wip	isabelle/layerB/pss_wip.thy	51856
2441	pss_wip.f7x_parent_one_zero	1620512	pss_wip	isabelle/layerB/pss_wip.thy	51861
2442	pss_wip.f7x_adm_zero	1620520	pss_wip	isabelle/layerB/pss_wip.thy	51875
2443	pss_wip.f7x_Trans_append_Pblocks	1620532	pss_wip	isabelle/layerB/pss_wip.thy	51888
2444	pss_wip.f7x_fseq_descend_mono	1620648	pss_wip	isabelle/layerB/pss_wip.thy	52051
2445	pss_wip.m_8_7_fseq_descend_dispatcher	1621058	pss_wip	isabelle/layerB/pss_wip.thy	52353
2446	pss_wip.m_8_7_fseq_descend_of_exchange	1621180	pss_wip	isabelle/layerB/pss_wip.thy	52573
2447	pss_wip.s84c1_nextR1_jm2	1621308	pss_wip	isabelle/layerB/pss_wip.thy	52670
2448	pss_wip.s84c1_jm2_basic	1621332	pss_wip	isabelle/layerB/pss_wip.thy	52675
2449	pss_wip.s84c1_jm2_univ	1621360	pss_wip	isabelle/layerB/pss_wip.thy	52692
2450	pss_wip.s84c1_hp0	1621372	pss_wip	isabelle/layerB/pss_wip.thy	52702
2451	pss_wip.s84c1_nextR0_j0	1621402	pss_wip	isabelle/layerB/pss_wip.thy	52711
2452	pss_wip.s84c1_le0_j0	1621412	pss_wip	isabelle/layerB/pss_wip.thy	52722
2453	pss_wip.s84c1_anc_le_j0	1621430	pss_wip	isabelle/layerB/pss_wip.thy	52735
2454	pss_wip.s84c1_jm2_le_j0	1621452	pss_wip	isabelle/layerB/pss_wip.thy	52746
2455	pss_wip.s84c1_e1_jm2_le_j0	1621464	pss_wip	isabelle/layerB/pss_wip.thy	52756
2456	pss_wip.s84c1_e1lt_imp_jm2_eq_j0	1621474	pss_wip	isabelle/layerB/pss_wip.thy	52773
2457	pss_wip.m_8_4_oper_props_1	1621504	pss_wip	isabelle/layerB/pss_wip.thy	52810
2458	pss_wip.s84c1_e1j1_pos	1621522	pss_wip	isabelle/layerB/pss_wip.thy	52835
2459	pss_wip.s84c1_e0_jm2_lt	1621536	pss_wip	isabelle/layerB/pss_wip.thy	52840
2460	pss_wip.s84c1_genform	1621596	pss_wip	isabelle/layerB/pss_wip.thy	52853
2461	pss_wip.s84c1_Lng_oper	1621616	pss_wip	isabelle/layerB/pss_wip.thy	52865
2462	pss_wip.s84c1_oper_Suc_eq_L_app	1621658	pss_wip	isabelle/layerB/pss_wip.thy	52886
2463	pss_wip.s84c1_Lng_L	1621672	pss_wip	isabelle/layerB/pss_wip.thy	52921
2464	pss_wip.s84c1_L_take	1621690	pss_wip	isabelle/layerB/pss_wip.thy	52925
2465	pss_wip.m_8_4_oper_props_2	1621718	pss_wip	isabelle/layerB/pss_wip.thy	52946
2466	pss_wip.s84c1_nextrel0_dir	1621754	pss_wip	isabelle/layerB/pss_wip.thy	53016
2467	pss_wip.s84c1_nextrel0_cong	1621766	pss_wip	isabelle/layerB/pss_wip.thy	53037
2468	pss_wip.s84c1_le0_cong	1621808	pss_wip	isabelle/layerB/pss_wip.thy	53050
2469	pss_wip.s84c1_nextrel1_dir	1621866	pss_wip	isabelle/layerB/pss_wip.thy	53060
2470	pss_wip.s84c1_nextrel1_cong	1621914	pss_wip	isabelle/layerB/pss_wip.thy	53089
2471	pss_wip.s84c1_nextrel1_chain_dir	1621980	pss_wip	isabelle/layerB/pss_wip.thy	53105
2472	pss_wip.s84c1_le1_cong	1622054	pss_wip	isabelle/layerB/pss_wip.thy	53125
2473	pss_wip.s84c1_L1_form	1622120	pss_wip	isabelle/layerB/pss_wip.thy	53150
2474	pss_wip.s84c1_L1_Lng	1622174	pss_wip	isabelle/layerB/pss_wip.thy	53162
2475	pss_wip.s84c1_L1_entry0	1622234	pss_wip	isabelle/layerB/pss_wip.thy	53172
2476	pss_wip.s84c1_L1_entry1_lt	1622278	pss_wip	isabelle/layerB/pss_wip.thy	53197
2477	pss_wip.s84c1_L1_entry1_j1	1622306	pss_wip	isabelle/layerB/pss_wip.thy	53211
2478	pss_wip.m_8_4_oper_props_3	1622378	pss_wip	isabelle/layerB/pss_wip.thy	53230
2479	pss_wip.m_8_4_oper_props_4	1622530	pss_wip	isabelle/layerB/pss_wip.thy	53257
2480	pss_wip.s84c1_mult_pred	1622590	pss_wip	isabelle/layerB/pss_wip.thy	53393
2481	pss_wip.s84c1_oper_lastblock	1622872	pss_wip	isabelle/layerB/pss_wip.thy	53401
2482	pss_wip.s84c1_Pred_Np	1622966	pss_wip	isabelle/layerB/pss_wip.thy	53440
2483	pss_wip.s84c1_Mn_tail	1623138	pss_wip	isabelle/layerB/pss_wip.thy	53466
2484	pss_wip.s84c1_L_tail	1623310	pss_wip	isabelle/layerB/pss_wip.thy	53485
2485	pss_wip.s84c1_Pred_L	1623470	pss_wip	isabelle/layerB/pss_wip.thy	53535
2486	pss_wip.s84c1_L_prefix	1623612	pss_wip	isabelle/layerB/pss_wip.thy	53549
2487	pss_wip.s84c1_Mn_entry_mstar	1623786	pss_wip	isabelle/layerB/pss_wip.thy	53597
2488	pss_wip.s84c1_Mn_entry_mstar_pred	1624156	pss_wip	isabelle/layerB/pss_wip.thy	53619
2489	pss_wip.s84c1_adm_L_mstar	1624350	pss_wip	isabelle/layerB/pss_wip.thy	53659
2490	pss_wip.s84c1_le0_L_mstar	1624420	pss_wip	isabelle/layerB/pss_wip.thy	53779
2491	pss_wip.s84c1_marked_L	1624434	pss_wip	isabelle/layerB/pss_wip.thy	53860
2492	pss_wip.s84c1_Mark_L_mstar	1624458	pss_wip	isabelle/layerB/pss_wip.thy	53883
2493	pss_wip.s84c1_Mark_Mn_mstar	1624574	pss_wip	isabelle/layerB/pss_wip.thy	53932
2494	pss_wip.m_8_4_oper_props_5	1624748	pss_wip	isabelle/layerB/pss_wip.thy	54005
2495	pss_wip.s84c2_funpow_IncrFirst_append	1624812	pss_wip	isabelle/layerB/pss_wip.thy	54208
2496	pss_wip.s84c2_funpow_IncrFirst_single	1624858	pss_wip	isabelle/layerB/pss_wip.thy	54212
2497	pss_wip.s84c2_seg_butlast	1624882	pss_wip	isabelle/layerB/pss_wip.thy	54216
2498	pss_wip.s84c2_scb_self	1624968	pss_wip	isabelle/layerB/pss_wip.thy	54231
2499	pss_wip.s84c2_R_base	1625190	pss_wip	isabelle/layerB/pss_wip.thy	54240
2500	pss_wip.s84c2_R_facts	1625714	pss_wip	isabelle/layerB/pss_wip.thy	54302
2501	pss_wip.s84c2_concat_map_single	1625810	pss_wip	isabelle/layerB/pss_wip.thy	54596
2502	pss_wip.s84c2_Trans_c2_decomp	1625988	pss_wip	isabelle/layerB/pss_wip.thy	54605
2503	pss_wip.m_8_4_rightend_Trans	1626314	pss_wip	isabelle/layerB/pss_wip.thy	54650
2504	pss_wip.s84c3_entry1_funpow_IncrFirst	1626348	pss_wip	isabelle/layerB/pss_wip.thy	55199
2505	pss_wip.s84c3_nextrel0_funpow_IncrFirst	1626398	pss_wip	isabelle/layerB/pss_wip.thy	55208
2506	pss_wip.s84c3_le0_funpow_IncrFirst	1626440	pss_wip	isabelle/layerB/pss_wip.thy	55219
2507	pss_wip.s84c3_winOK_singleton	1626496	pss_wip	isabelle/layerB/pss_wip.thy	55237
2508	pss_wip.s84c3_winOK_pair	1626502	pss_wip	isabelle/layerB/pss_wip.thy	55240
2509	pss_wip.s84c3_winOK_triple	1626512	pss_wip	isabelle/layerB/pss_wip.thy	55253
2510	pss_wip.s84c3_winOK_glue	1626540	pss_wip	isabelle/layerB/pss_wip.thy	55278
2511	pss_wip.s84c3_RightAnces_chain	1626650	pss_wip	isabelle/layerB/pss_wip.thy	55372
2512	pss_wip.m_8_4_Trans_scb	1626792	pss_wip	isabelle/layerB/pss_wip.thy	55783
2513	pss_wip.m_8_5_hasParent0_of_edge	1626822	pss_wip	isabelle/layerB/pss_wip.thy	56191
2514	pss_wip.m_8_5_Marked_Adm_edge	1626840	pss_wip	isabelle/layerB/pss_wip.thy	56208
2515	pss_wip.m_8_5_le0_cross_block	1626870	pss_wip	isabelle/layerB/pss_wip.thy	56235
2516	pss_wip.m_8_5_le0_block_climb	1626884	pss_wip	isabelle/layerB/pss_wip.thy	56280
2517	pss_wip.m_8_5_entry_block_at	1626898	pss_wip	isabelle/layerB/pss_wip.thy	56318
2518	pss_wip.m_8_5_block_base_min	1626962	pss_wip	isabelle/layerB/pss_wip.thy	56337
2519	pss_wip.m_8_5_fold_blocker	1627084	pss_wip	isabelle/layerB/pss_wip.thy	56408
2520	pss_wip.m_8_5_fold_parentwit	1627254	pss_wip	isabelle/layerB/pss_wip.thy	56441
2521	pss_wip.m_8_5_ok_of_ok1	1627394	pss_wip	isabelle/layerB/pss_wip.thy	56476
2522	pss_wip.m_8_5_R2a_of_ok1	1627572	pss_wip	isabelle/layerB/pss_wip.thy	56532
2523	pss_wip.m_8_5_stuck_suffix	1627634	pss_wip	isabelle/layerB/pss_wip.thy	56571
2524	pss_wip.m_8_5_colcase_cols_ge1	1628512	pss_wip	isabelle/layerB/pss_wip.thy	56671
2525	pss_wip.m_8_5_colcase_full	1647468	pss_wip	isabelle/layerB/pss_wip.thy	56724
2526	pss_wip.m_8_5_anchor_fold_kernel	1648166	pss_wip	isabelle/layerB/pss_wip.thy	56915
2527	pss_wip.s85b_crep_snoc	1648198	pss_wip	isabelle/layerB/pss_wip.thy	57006
2528	pss_wip.s85b_crep_comm	1648258	pss_wip	isabelle/layerB/pss_wip.thy	57009
2529	pss_wip.s85b_rot	1648298	pss_wip	isabelle/layerB/pss_wip.thy	57012
2530	pss_wip.s85b_rot_cons	1648334	pss_wip	isabelle/layerB/pss_wip.thy	57029
2531	pss_wip.s85b_crep_comm_cons	1648364	pss_wip	isabelle/layerB/pss_wip.thy	57045
2532	pss_wip.s85b_crep_comm_snoc0	1648376	pss_wip	isabelle/layerB/pss_wip.thy	57056
2533	pss_wip.s85b_crep_comm_snoc	1648414	pss_wip	isabelle/layerB/pss_wip.thy	57060
2534	pss_wip.s85b_condV_bridge	1648496	pss_wip	isabelle/layerB/pss_wip.thy	57072
2535	pss_wip.s85b_condV_setup	1648584	pss_wip	isabelle/layerB/pss_wip.thy	57120
2536	pss_wip.s85b_jm1_adm	1648624	pss_wip	isabelle/layerB/pss_wip.thy	57138
2537	pss_wip.m_8_5_scbdec_t2_nonzero_condV	1648664	pss_wip	isabelle/layerB/pss_wip.thy	57150
2538	pss_wip.m_8_5_scbdec_Np_condV_adm	1648708	pss_wip	isabelle/layerB/pss_wip.thy	57191
2539	pss_wip.s85b_seg_butlast_host	1648776	pss_wip	isabelle/layerB/pss_wip.thy	57233
2540	pss_wip.m_8_5_scbdec_PredNp_condV_adm	1648876	pss_wip	isabelle/layerB/pss_wip.thy	57249
2541	pss_wip.m_8_5_scbdec_Lp_condV_adm	1648948	pss_wip	isabelle/layerB/pss_wip.thy	57315
2542	pss_wip.s85b_L1_decomp_adm	1649028	pss_wip	isabelle/layerB/pss_wip.thy	57387
2543	pss_wip.m_8_5_scbdec_adm_forms	1649492	pss_wip	isabelle/layerB/pss_wip.thy	57556
2544	pss_wip.m_8_5_scbdec_oper_general_condV_adm	1649922	pss_wip	isabelle/layerB/pss_wip.thy	57769
2545	pss_wip.m_8_5_scbdec_exchange1_condV_adm	1650170	pss_wip	isabelle/layerB/pss_wip.thy	57964
2546	pss_wip.s85b_W_principal	1651000	pss_wip	isabelle/layerB/pss_wip.thy	58006
2547	pss_wip.s85b_W_dfree	1651052	pss_wip	isabelle/layerB/pss_wip.thy	58009
2548	pss_wip.s85b_W_flat	1651118	pss_wip	isabelle/layerB/pss_wip.thy	58014
2549	pss_wip.s85b_W_mono_seed	1651150	pss_wip	isabelle/layerB/pss_wip.thy	58048
2550	pss_wip.s85b_W_lt_top	1651198	pss_wip	isabelle/layerB/pss_wip.thy	58060
2551	pss_wip.m_8_5_scbdec_exchange2_condV_adm	1651236	pss_wip	isabelle/layerB/pss_wip.thy	58086
2552	pss_wip.m_8_5_scbdec_prev_lt_M_condV_adm	1651314	pss_wip	isabelle/layerB/pss_wip.thy	58168
2553	pss_wip.m_8_5_scbdec_exchange3_condV_adm	1651350	pss_wip	isabelle/layerB/pss_wip.thy	58270
2554	pss_wip.s85b_complb_lessBT	1651410	pss_wip	isabelle/layerB/pss_wip.thy	58289
2555	pss_wip.m_8_5_scbdec_exchange3_strict_condV_adm	1651518	pss_wip	isabelle/layerB/pss_wip.thy	58322
2556	pss_wip.m_8_5_Trans_oper_exchange_condV_adm	1651640	pss_wip	isabelle/layerB/pss_wip.thy	58346
2557	pss_wip.s84d_c2hole_at_j1	1651922	pss_wip	isabelle/layerB/pss_wip.thy	58436
2558	pss_wip.s84d_corepair_shared	1651964	pss_wip	isabelle/layerB/pss_wip.thy	58443
2559	pss_wip.s84d_corepair_nested	1652054	pss_wip	isabelle/layerB/pss_wip.thy	58463
2560	pss_wip.s84d_c2hole_scb	1652228	pss_wip	isabelle/layerB/pss_wip.thy	58511
2561	pss_wip.s84d_c2_rightmost_scb	1652290	pss_wip	isabelle/layerB/pss_wip.thy	58666
2562	pss_wip.s84d_L4_regime	1652318	pss_wip	isabelle/layerB/pss_wip.thy	58710
2563	pss_wip.m_8_4_slice_scb_part1	1652364	pss_wip	isabelle/layerB/pss_wip.thy	58762
2564	pss_wip.s84d_jm3_Marked	1652414	pss_wip	isabelle/layerB/pss_wip.thy	58783
2565	pss_wip.s84d_jm1_Marked	1652480	pss_wip	isabelle/layerB/pss_wip.thy	58808
2566	pss_wip.s84d_dec1_Trans_N_scb	1652524	pss_wip	isabelle/layerB/pss_wip.thy	58846
2567	pss_wip.s84d_Mark_neq	1652554	pss_wip	isabelle/layerB/pss_wip.thy	58887
2568	pss_wip.s84d_dec2_nest_scb	1652624	pss_wip	isabelle/layerB/pss_wip.thy	58991
2569	pss_wip.s84d_rep_shift	1652658	pss_wip	isabelle/layerB/pss_wip.thy	59172
2570	pss_wip.s84d_concat_rep_snoc	1652704	pss_wip	isabelle/layerB/pss_wip.thy	59186
2571	pss_wip.s84d_set_concat_rep	1652730	pss_wip	isabelle/layerB/pss_wip.thy	59196
2572	pss_wip.s84d_L5_branch	1652776	pss_wip	isabelle/layerB/pss_wip.thy	59206
2573	pss_wip.s84d_L5_rng	1652830	pss_wip	isabelle/layerB/pss_wip.thy	59256
2574	pss_wip.s84d_L1_data	1652898	pss_wip	isabelle/layerB/pss_wip.thy	59295
2575	pss_wip.s84d_c2hole_L1	1653082	pss_wip	isabelle/layerB/pss_wip.thy	59433
2576	pss_wip.m_8_4_various_scb_IIIV_from_slice	1653600	pss_wip	isabelle/layerB/pss_wip.thy	59601
2577	pss_wip.m_8_4_various_scb_IIIIV_from_slice	1654118	pss_wip	isabelle/layerB/pss_wip.thy	60034
2578	pss_wip.e1x_condV_nextR1	1654256	pss_wip	isabelle/layerB/pss_wip.thy	60614
2579	pss_wip.m_8_5_Joints_FirstNodes_basic_condV	1654354	pss_wip	isabelle/layerB/pss_wip.thy	60636
2580	pss_wip.m_8_5_condV_adm_t2_components	1654446	pss_wip	isabelle/layerB/pss_wip.thy	60690
2581	pss_wip.m_8_5_condV_adm_t2lb	1654460	pss_wip	isabelle/layerB/pss_wip.thy	60857
2582	pss_wip.m_8_5_Trans_oper_exchange_condV_adm_uncond	1654502	pss_wip	isabelle/layerB/pss_wip.thy	60884
2583	pss_wip.m_8_7_fseq_descend_dispatcher_admV	1655134	pss_wip	isabelle/layerB/pss_wip.thy	60919
2584	pss_wip.e2x_Trans_principal_head	1655372	pss_wip	isabelle/layerB/pss_wip.thy	60990
2585	pss_wip.e2x_terminal_slice_scaffold	1655620	pss_wip	isabelle/layerB/pss_wip.thy	61011
2586	pss_wip.m_8_2_condV_terminal_slice_Trans_modVE	1655828	pss_wip	isabelle/layerB/pss_wip.thy	61039
2587	pss_wip.e3x_H_dfree	1656754	pss_wip	isabelle/layerB/pss_wip.thy	61136
2588	pss_wip.e3x_H_TB	1656780	pss_wip	isabelle/layerB/pss_wip.thy	61141
2589	pss_wip.e3x_H_flat	1656854	pss_wip	isabelle/layerB/pss_wip.thy	61146
2590	pss_wip.e3x_H_lt_top	1656936	pss_wip	isabelle/layerB/pss_wip.thy	61179
2591	pss_wip.e3x_exchange2_condIII	1657118	pss_wip	isabelle/layerB/pss_wip.thy	61208
2592	pss_wip.e4x_Zero_OT_B	1657158	pss_wip	isabelle/layerB/pss_wip.thy	61382
2593	pss_wip.e4x_OT_B_operB_numBT	1657182	pss_wip	isabelle/layerB/pss_wip.thy	61390
2594	pss_wip.e4x_OT_B_op0_iter	1657224	pss_wip	isabelle/layerB/pss_wip.thy	61406
2595	pss_wip.m_8_7_OT_via_exchange_value	1657294	pss_wip	isabelle/layerB/pss_wip.thy	61430
2596	pss_wip.m_8_7_Trans_OT_step_via_exchange	1657406	pss_wip	isabelle/layerB/pss_wip.thy	61448
2597	pss_wip.m_8_7_Trans_preserves_OT_via_closure	1657546	pss_wip	isabelle/layerB/pss_wip.thy	61476
2598	pss_wip.e5x_W_lt_Dpt	1658122	pss_wip	isabelle/layerB/pss_wip.thy	61547
2599	pss_wip.e5x_W_seed_shift	1658140	pss_wip	isabelle/layerB/pss_wip.thy	61562
2600	pss_wip.e5x_W_height_mono0	1658184	pss_wip	isabelle/layerB/pss_wip.thy	61580
2601	pss_wip.e5x_bodyM_lt_c2	1658226	pss_wip	isabelle/layerB/pss_wip.thy	61597
2602	pss_wip.e5x_bodyM_lt_bodyO	1658326	pss_wip	isabelle/layerB/pss_wip.thy	61615
2603	pss_wip.m_8_5_Trans_oper_exchange_condV_nonadm	1658644	pss_wip	isabelle/layerB/pss_wip.thy	61656
2604	pss_wip.m_8_7_fseq_descend_dispatcher_condV	1659058	pss_wip	isabelle/layerB/pss_wip.thy	61753
2605	pss_wip.fpx_seg0_self	1659138	pss_wip	isabelle/layerB/pss_wip.thy	61846
2606	pss_wip.fpx_slice_principal	1659172	pss_wip	isabelle/layerB/pss_wip.thy	61864
2607	pss_wip.fpx_VE_reduction	1659188	pss_wip	isabelle/layerB/pss_wip.thy	61913
2608	pss_wip.fpx_terminal_slice_Trans_modStep	1659280	pss_wip	isabelle/layerB/pss_wip.thy	61947
2609	pss_wip.d2x_multBT_replicate	1659328	pss_wip	isabelle/layerB/pss_wip.thy	62007
2610	pss_wip.d2x_multBT_lt_top	1659356	pss_wip	isabelle/layerB/pss_wip.thy	62017
2611	pss_wip.d2x_exchange2_condII	1659472	pss_wip	isabelle/layerB/pss_wip.thy	62054
2612	pss_wip.d6x_Dtower_lt_Dpt	1659504	pss_wip	isabelle/layerB/pss_wip.thy	62161
2613	pss_wip.d6x_exchange2_condVI	1659634	pss_wip	isabelle/layerB/pss_wip.thy	62178
2614	pss_wip.d6x_exchange2_condVI_tower	1659794	pss_wip	isabelle/layerB/pss_wip.thy	62245
2615	pss_wip.d13x_T_dfree	1660400	pss_wip	isabelle/layerB/pss_wip.thy	62332
2616	pss_wip.d13x_T_TB	1660418	pss_wip	isabelle/layerB/pss_wip.thy	62337
2617	pss_wip.d13x_T_flat	1660464	pss_wip	isabelle/layerB/pss_wip.thy	62342
2618	pss_wip.d13x_T_interleave	1660542	pss_wip	isabelle/layerB/pss_wip.thy	62379
2619	pss_wip.d13x_T_mono_base	1660562	pss_wip	isabelle/layerB/pss_wip.thy	62424
2620	pss_wip.d13x_T_compose	1660586	pss_wip	isabelle/layerB/pss_wip.thy	62440
2621	pss_wip.d13x_Lbase	1660644	pss_wip	isabelle/layerB/pss_wip.thy	62449
2622	pss_wip.d13x_fseq_condIII	1660710	pss_wip	isabelle/layerB/pss_wip.thy	62471
2623	pss_wip.d13x_exchange13_condIII	1660840	pss_wip	isabelle/layerB/pss_wip.thy	62514
2624	pss_wip.m_8_4_Trans_oper_exchange_corrected_condIII	1661198	pss_wip	isabelle/layerB/pss_wip.thy	62656
2625	pss_wip.m_8_cf_descent_of_CF	1661278	pss_wip	isabelle/layerB/pss_wip.thy	62766
2626	pss_wip.m_8_3_lhs_of_CF	1661400	pss_wip	isabelle/layerB/pss_wip.thy	62783
2627	pss_wip.m_8_6_cf_of_CF	1661514	pss_wip	isabelle/layerB/pss_wip.thy	62810
2628	pss_wip.m_8_termination_modulo_CF	1661938	pss_wip	isabelle/layerB/pss_wip.thy	62834
2629	pss_wip.cfax_crep_rot	1662016	pss_wip	isabelle/layerB/pss_wip.thy	62917
2630	pss_wip.cfax_CF_kind1_concat	1662124	pss_wip	isabelle/layerB/pss_wip.thy	62928
2631	pss_wip.cfax_CF_kind1_mnform	1662396	pss_wip	isabelle/layerB/pss_wip.thy	63064
2632	pss_wip.cfax_condIII_exchange13_of_CFvalues	1662766	pss_wip	isabelle/layerB/pss_wip.thy	63126
2633	pss_wip.cfbx_VE_backpeel	1662932	pss_wip	isabelle/layerB/pss_wip.thy	63230
2634	pss_wip.cfbx_VE_iff_Mark	1662994	pss_wip	isabelle/layerB/pss_wip.thy	63283
2635	pss_wip.cfbx_Mark0_Trans	1663018	pss_wip	isabelle/layerB/pss_wip.thy	63298
2636	pss_wip.cfbx_VE_iff_Mark0	1663096	pss_wip	isabelle/layerB/pss_wip.thy	63319
2637	pss_wip.cfbx_terminal_slice_Trans_modBackpeel	1663324	pss_wip	isabelle/layerB/pss_wip.thy	63338
2638	pss_wip.cfcx_scb_principal_peel	1663392	pss_wip	isabelle/layerB/pss_wip.thy	63400
2639	pss_wip.cfcx_surgery_bpHeadT_eq	1663514	pss_wip	isabelle/layerB/pss_wip.thy	63422
2640	pss_wip.cfcx_VE_step_abstract	1663702	pss_wip	isabelle/layerB/pss_wip.thy	63476
2641	pss_wip.cfcx_VE_step_concrete	1663882	pss_wip	isabelle/layerB/pss_wip.thy	63522
2642	pss_wip.d4vx_Trans_oper_exchange_corrected_condIV	1664578	pss_wip	isabelle/layerB/pss_wip.thy	63617
2643	pss_wip.d4vx_Trans_oper_exchange_corrected	1665028	pss_wip	isabelle/layerB/pss_wip.thy	63687
2644	pss_wip.d4vx_ins_flat	1665764	pss_wip	isabelle/layerB/pss_wip.thy	63767
2645	pss_wip.d4vx_core_flat	1665826	pss_wip	isabelle/layerB/pss_wip.thy	63783
2646	pss_wip.d4vx_core_lt_c2body	1665904	pss_wip	isabelle/layerB/pss_wip.thy	63815
2647	pss_wip.d4vx_exchange2_condIV	1666048	pss_wip	isabelle/layerB/pss_wip.thy	63856
2648	pss_wip.d4vx_Trans_oper_exchange_corrected_otfree	1666738	pss_wip	isabelle/layerB/pss_wip.thy	64013
2649	pss_wip.c1x_condI_j0pos_exchange	1666818	pss_wip	isabelle/layerB/pss_wip.thy	64124
2650	pss_wip.nfx_rot_s0	1666888	pss_wip	isabelle/layerB/pss_wip.thy	64198
2651	pss_wip.nfx_bodyO_flat	1667028	pss_wip	isabelle/layerB/pss_wip.thy	64207
2652	pss_wip.nfx_operB_form	1667198	pss_wip	isabelle/layerB/pss_wip.thy	64249
2653	pss_wip.nfx_bodyM_flat	1667342	pss_wip	isabelle/layerB/pss_wip.thy	64305
2654	pss_wip.nfx_M_tower	1667764	pss_wip	isabelle/layerB/pss_wip.thy	64348
2655	pss_wip.nfx_NFall	1668288	pss_wip	isabelle/layerB/pss_wip.thy	64558
2656	pss_wip.wfox_goal_eq_RTrel	1668538	pss_wip	isabelle/layerB/pss_wip.thy	64634
2657	pss_wip.wfox_RTrel_irrefl	1668558	pss_wip	isabelle/layerB/pss_wip.thy	64640
2658	pss_wip.wfox_RTrel_trans	1668596	pss_wip	isabelle/layerB/pss_wip.thy	64643
2659	pss_wip.wfox_wf_iff_nochain	1668664	pss_wip	isabelle/layerB/pss_wip.thy	64649
2660	pss_wip.wfox_RPrel_into_RTrel	1668768	pss_wip	isabelle/layerB/pss_wip.thy	64674
2661	pss_wip.wfox_RPrel_of_RTrel	1668802	pss_wip	isabelle/layerB/pss_wip.thy	64678
2662	pss_wip.wfox_RPrel_subterm	1668872	pss_wip	isabelle/layerB/pss_wip.thy	64687
2663	pss_wip.wfox_Trm_untrm	1668896	pss_wip	isabelle/layerB/pss_wip.thy	64703
2664	pss_wip.wfox_hd_guarded	1668930	pss_wip	isabelle/layerB/pss_wip.thy	64706
2665	pss_wip.wfox_tl_guarded	1668960	pss_wip	isabelle/layerB/pss_wip.thy	64710
2666	pss_wip.wfox_chain_nonempty	1668974	pss_wip	isabelle/layerB/pss_wip.thy	64714
2667	pss_wip.wfox_head_step	1668994	pss_wip	isabelle/layerB/pss_wip.thy	64724
2668	pss_wip.wfox_tail_step	1669024	pss_wip	isabelle/layerB/pss_wip.thy	64739
2669	pss_wip.wfox_head_bound	1669154	pss_wip	isabelle/layerB/pss_wip.thy	64755
2670	pss_wip.wfox_tail_step'	1669252	pss_wip	isabelle/layerB/pss_wip.thy	64789
2671	pss_wip.wfox_NoBad	1669518	pss_wip	isabelle/layerB/pss_wip.thy	64810
2672	pss_wip.wfox_tuple_lift	1669644	pss_wip	isabelle/layerB/pss_wip.thy	64949
2673	pss_wip.wfox_wf_RPrel_iff_RTrel	1669686	pss_wip	isabelle/layerB/pss_wip.thy	64998
2674	pss_wip.m_buc1_2_2_OT_B_wf_via_principal	1669750	pss_wip	isabelle/layerB/pss_wip.thy	65006
2675	pss_wip.m_buc1_2_2_OT_B_wf	1669958	pss_wip	isabelle/layerB/pss_wip.thy	65016
2676	pss_wip.ctx_transJm1_shift	1670394	pss_wip	isabelle/layerB/pss_wip.thy	65072
2677	pss_wip.ctx_adm_transJ0_shift	1670632	pss_wip	isabelle/layerB/pss_wip.thy	65112
2678	pss_wip.ctx_transCond_atoms	1671248	pss_wip	isabelle/layerB/pss_wip.thy	65164
2679	pss_wip.ctx_transCondI_eq	1671462	pss_wip	isabelle/layerB/pss_wip.thy	65227
2680	pss_wip.ctx_transCondIII_eq	1671596	pss_wip	isabelle/layerB/pss_wip.thy	65247
2681	pss_wip.ctx_transCondV_eq	1671744	pss_wip	isabelle/layerB/pss_wip.thy	65272
2682	pss_wip.ctx_transCondVI_eq	1671960	pss_wip	isabelle/layerB/pss_wip.thy	65302
2683	pss_wip.ctx_interior_id2	1672160	pss_wip	isabelle/layerB/pss_wip.thy	65336
2684	pss_wip.ctx_interior_id3	1672368	pss_wip	isabelle/layerB/pss_wip.thy	65361
2685	pss_wip.ctx_markShift	1672596	pss_wip	isabelle/layerB/pss_wip.thy	65403
2686	pss_wip.ctx_interior_ids	1672800	pss_wip	isabelle/layerB/pss_wip.thy	65526
2687	pss_wip.ctx_VE_step_nonmarked	1673358	pss_wip	isabelle/layerB/pss_wip.thy	65557
2688	pss_wip.bpax_Trans_PredN_leR	1673610	pss_wip	isabelle/layerB/pss_wip.thy	65617
2689	pss_wip.bpax_VE_step	1674100	pss_wip	isabelle/layerB/pss_wip.thy	65663
2690	pss_wip.bpax_terminal_slice_modResidual	1674264	pss_wip	isabelle/layerB/pss_wip.thy	65808
2691	pss_wip.bpax_RPERS	1674288	pss_wip	isabelle/layerB/pss_wip.thy	65860
2692	pss_wip.bpax_terminal_slice_modResidual2	1674326	pss_wip	isabelle/layerB/pss_wip.thy	65981
2693	pss_wip.bpbx_descending_transfer	1674332	pss_wip	isabelle/layerB/pss_wip.thy	66050
2694	pss_wip.bpbx_RPERS	1674338	pss_wip	isabelle/layerB/pss_wip.thy	66077
2695	pss_wip.bpbx_Br_Pred_j1eq	1674344	pss_wip	isabelle/layerB/pss_wip.thy	66230
2696	pss_wip.bpbx_BASE	1674350	pss_wip	isabelle/layerB/pss_wip.thy	66283
2697	pss_wip.bpbx_cfbx_VE_modSTEP_PEEL	1674356	pss_wip	isabelle/layerB/pss_wip.thy	66308
2698	pss_wip.vfx_flat_head_bpHeadV	1674362	pss_wip	isabelle/layerB/pss_wip.thy	66339
2699	pss_wip.vfx_Np_head	1674368	pss_wip	isabelle/layerB/pss_wip.thy	66372
2700	pss_wip.vfx_fPN	1674404	pss_wip	isabelle/layerB/pss_wip.thy	66423
2701	pss_wip.vfx_fLp	1674510	pss_wip	isabelle/layerB/pss_wip.thy	66482
2702	pss_wip.nf2x_Lpv	1674564	pss_wip	isabelle/layerB/pss_wip.thy	66630
2703	pss_wip.nf2x_L1v	1674720	pss_wip	isabelle/layerB/pss_wip.thy	66709
2704	pss_wip.nf2x_NFall	1675070	pss_wip	isabelle/layerB/pss_wip.thy	66850
2705	pss_wip.svx_stepval_of_exchange_eq	1675184	pss_wip	isabelle/layerB/pss_wip.thy	66928
2706	pss_wip.svx_OT_step_of_exchange_eq	1675234	pss_wip	isabelle/layerB/pss_wip.thy	66940
2707	pss_wip.svx_stepval_condI	1675280	pss_wip	isabelle/layerB/pss_wip.thy	66960
2708	pss_wip.svx_OT_step_condI	1675290	pss_wip	isabelle/layerB/pss_wip.thy	66967
2709	pss_wip.svx_stepval_condII	1675296	pss_wip	isabelle/layerB/pss_wip.thy	66978
2710	pss_wip.svx_OT_step_condII	1675306	pss_wip	isabelle/layerB/pss_wip.thy	66989
2711	pss_wip.svx_stepval_of_flat_eq	1675322	pss_wip	isabelle/layerB/pss_wip.thy	67010
2712	pss_wip.svx_OT_step_of_flat_eq	1675488	pss_wip	isabelle/layerB/pss_wip.thy	67023
2713	pss_wip.svx_flat_eq_of_wrapper_core	1675692	pss_wip	isabelle/layerB/pss_wip.thy	67045
2714	pss_wip.svx_stepval_condIIIVI_of_wrapper	1675888	pss_wip	isabelle/layerB/pss_wip.thy	67055
2715	pss_wip.svx_stepval_interleave_n2	1675990	pss_wip	isabelle/layerB/pss_wip.thy	67076
2716	pss_wip.svx_OT_preserved_stepval_split	1676058	pss_wip	isabelle/layerB/pss_wip.thy	67095
2717	pss_wip.svx_OT_preserved_condI_vs_flat	1676192	pss_wip	isabelle/layerB/pss_wip.thy	67150
2718	pss_wip.c1vx_condI_j0pos_exchange_step	1676364	pss_wip	isabelle/layerB/pss_wip.thy	67222
2719	pss_wip.c4vx_condIV_exchange_of_CFvalues	1676622	pss_wip	isabelle/layerB/pss_wip.thy	67332
2720	pss_wip.c6vx_diag_predMarked0	1676652	pss_wip	isabelle/layerB/pss_wip.thy	67451
2721	pss_wip.c6vx_diag_condVI	1676664	pss_wip	isabelle/layerB/pss_wip.thy	67469
2722	pss_wip.c6vx_diag_transV	1676676	pss_wip	isabelle/layerB/pss_wip.thy	67502
2723	pss_wip.c6vx_diag_transC2	1676716	pss_wip	isabelle/layerB/pss_wip.thy	67541
2724	pss_wip.c6vx_diag_transJ0entry	1676792	pss_wip	isabelle/layerB/pss_wip.thy	67576
2725	pss_wip.c6vx_diagSeq_CF_VI_flat	1676814	pss_wip	isabelle/layerB/pss_wip.thy	67600
2726	pss_wip.c6vx_diagSeq_condVI_cf	1676832	pss_wip	isabelle/layerB/pss_wip.thy	67619
2727	pss_wip.c6vx_diagSeq_condVI_descent_free	1676840	pss_wip	isabelle/layerB/pss_wip.thy	67658
2728	pss_wip.wfpx_nrmP_pos	1676878	pss_wip	isabelle/layerB/pss_wip.thy	67736
2729	pss_wip.wfpx_length_le_sum	1676884	pss_wip	isabelle/layerB/pss_wip.thy	67739
2730	pss_wip.wfpx_nrmP_le_sum	1676890	pss_wip	isabelle/layerB/pss_wip.thy	67751
2731	pss_wip.wfpx_finite_norm_le	1676898	pss_wip	isabelle/layerB/pss_wip.thy	67774
2732	pss_wip.wfpx_finite_BT_norm	1676918	pss_wip	isabelle/layerB/pss_wip.thy	67875
2733	pss_wip.wfpx_finite_BP_norm	1676924	pss_wip	isabelle/layerB/pss_wip.thy	67878
2734	pss_wip.wfpx_RPrel_trans	1676958	pss_wip	isabelle/layerB/pss_wip.thy	67886
2735	pss_wip.wfpx_RPrel_irrefl	1676964	pss_wip	isabelle/layerB/pss_wip.thy	67889
2736	pss_wip.wfpx_RPrel_acyclic	1676970	pss_wip	isabelle/layerB/pss_wip.thy	67892
2737	pss_wip.wfpx_finite_RPrel_bnd	1676976	pss_wip	isabelle/layerB/pss_wip.thy	67895
2738	pss_wip.wfpx_RPrel_bnd_acyclic	1676982	pss_wip	isabelle/layerB/pss_wip.thy	67905
2739	pss_wip.wfpx_wf_RPrel_bnd	1676988	pss_wip	isabelle/layerB/pss_wip.thy	67908
2740	pss_wip.wfpx_bounded_chain_impossible	1676994	pss_wip	isabelle/layerB/pss_wip.thy	67913
2741	pss_wip.wfpx_infinite_chain_unbounded_norm	1677004	pss_wip	isabelle/layerB/pss_wip.thy	67924
2742	pss_wip.wfpx_wf_RPrel_iff_no_unbounded_chain	1677038	pss_wip	isabelle/layerB/pss_wip.thy	67937
2743	pss_wip.wfpx_RTrel_acyclic	1677104	pss_wip	isabelle/layerB/pss_wip.thy	67966
2744	pss_wip.wfpx_finite_RTrel_bnd	1677154	pss_wip	isabelle/layerB/pss_wip.thy	67974
2745	pss_wip.wfpx_RTrel_bnd_acyclic	1677162	pss_wip	isabelle/layerB/pss_wip.thy	67984
2746	pss_wip.wfpx_wf_RTrel_bnd	1677178	pss_wip	isabelle/layerB/pss_wip.thy	67987
2747	pss_wip.wfpx_wf_goal_bnd	1677212	pss_wip	isabelle/layerB/pss_wip.thy	67993
2748	pss_wip.wfpx_bounded_Tchain_impossible	1677262	pss_wip	isabelle/layerB/pss_wip.thy	67998
2749	pss_wip.wfpx_infinite_Tchain_unbounded_norm	1677272	pss_wip	isabelle/layerB/pss_wip.thy	68009
2750	pss_wip.wfpx_wf_RTrel_iff_no_unbounded_chain	1677334	pss_wip	isabelle/layerB/pss_wip.thy	68022
2751	pss_wip.six_scb_prefix_ne	1677580	pss_wip	isabelle/layerB/pss_wip.thy	68081
2752	pss_wip.six_regime_core	1677692	pss_wip	isabelle/layerB/pss_wip.thy	68130
2753	pss_wip.six_tneR	1677898	pss_wip	isabelle/layerB/pss_wip.thy	68200
2754	pss_wip.six_intMR	1677988	pss_wip	isabelle/layerB/pss_wip.thy	68225
2755	pss_wip.six_intNR	1678108	pss_wip	isabelle/layerB/pss_wip.thy	68247
2756	pss_wip.bpax_terminal_slice_modResidual3	1678180	pss_wip	isabelle/layerB/pss_wip.thy	68340
2757	pss_wip.six_lerR	1678238	pss_wip	isabelle/layerB/pss_wip.thy	68371
2758	pss_wip.six_ids	1678290	pss_wip	isabelle/layerB/pss_wip.thy	68377
2759	pss_wip.six_id2R	1678384	pss_wip	isabelle/layerB/pss_wip.thy	68396
2760	pss_wip.six_id3R	1678496	pss_wip	isabelle/layerB/pss_wip.thy	68402
2761	pss_wip.bpax_terminal_slice_modBASE	1678742	pss_wip	isabelle/layerB/pss_wip.thy	68416
2762	pss_wip.wsx_j1p_le_parent0	1678954	pss_wip	isabelle/layerB/pss_wip.thy	68454
2763	pss_wip.wsx_regime_ancJm1	1679038	pss_wip	isabelle/layerB/pss_wip.thy	68507
2764	pss_wip.wsx_VE_step	1679292	pss_wip	isabelle/layerB/pss_wip.thy	68547
2765	pss_wip.wsx_terminal_slice_modResidual	1679656	pss_wip	isabelle/layerB/pss_wip.thy	68700
2766	pss_wip.lrx_lerR	1679734	pss_wip	isabelle/layerB/pss_wip.thy	68762
2767	pss_wip.lrx_terminal_slice_modResidual3	1679938	pss_wip	isabelle/layerB/pss_wip.thy	68794
2768	pss_wip.bpx2_BASE	1680108	pss_wip	isabelle/layerB/pss_wip.thy	68866
2769	pss_wip.bpx2_BASE_all	1680308	pss_wip	isabelle/layerB/pss_wip.thy	68985
2770	pss_wip.bpx2_terminal_slice_modResidual	1680484	pss_wip	isabelle/layerB/pss_wip.thy	69021
2771	pss_wip.vf2x_slice_principal	1680518	pss_wip	isabelle/layerB/pss_wip.thy	69116
2772	pss_wip.vf2x_baseML	1680648	pss_wip	isabelle/layerB/pss_wip.thy	69151
2773	pss_wip.vf2x_flat_head_bpHeadT	1680674	pss_wip	isabelle/layerB/pss_wip.thy	69403
2774	pss_wip.vf2x_condIII_baseML_cf	1680888	pss_wip	isabelle/layerB/pss_wip.thy	69439
2775	pss_wip.nf3x_slice_jm1_c2	1680942	pss_wip	isabelle/layerB/pss_wip.thy	69535
2776	pss_wip.nf3x_slice_jm1_c1	1680978	pss_wip	isabelle/layerB/pss_wip.thy	69568
2777	pss_wip.nf3x_NpVal	1681036	pss_wip	isabelle/layerB/pss_wip.thy	69619
2778	pss_wip.nf3x_PredNp	1681120	pss_wip	isabelle/layerB/pss_wip.thy	69652
2779	pss_wip.nf3x_NFall	1681492	pss_wip	isabelle/layerB/pss_wip.thy	69697
2780	pss_wip.nf3x_NFall_kernel	1681824	pss_wip	isabelle/layerB/pss_wip.thy	69742
2781	pss_wip.c6gx_condVI_j0	1682018	pss_wip	isabelle/layerB/pss_wip.thy	69818
2782	pss_wip.c6gx_condVI_bridge	1682118	pss_wip	isabelle/layerB/pss_wip.thy	69828
2783	pss_wip.c6gx_condVI_setup	1682228	pss_wip	isabelle/layerB/pss_wip.thy	69867
2784	pss_wip.c6gx_condVI_transC2	1682312	pss_wip	isabelle/layerB/pss_wip.thy	69884
2785	pss_wip.c6gx_condVI_transC1_adm	1682404	pss_wip	isabelle/layerB/pss_wip.thy	69904
2786	pss_wip.c6gx_Trans_col	1682488	pss_wip	isabelle/layerB/pss_wip.thy	69942
2787	pss_wip.c6gx_seg_pair	1682532	pss_wip	isabelle/layerB/pss_wip.thy	69957
2788	pss_wip.c6gx_condVI_row0_step	1682588	pss_wip	isabelle/layerB/pss_wip.thy	69962
2789	pss_wip.c6gx_condVI_Np_form	1682664	pss_wip	isabelle/layerB/pss_wip.thy	69984
2790	pss_wip.c6gx_condVI_PredNp	1682836	pss_wip	isabelle/layerB/pss_wip.thy	69997
2791	pss_wip.c6gx_condVI_Lp	1682974	pss_wip	isabelle/layerB/pss_wip.thy	70020
2792	pss_wip.c6gx_condVI_Np_transC2	1683006	pss_wip	isabelle/layerB/pss_wip.thy	70058
2793	pss_wip.c6gx_concat_rep_single	1683048	pss_wip	isabelle/layerB/pss_wip.thy	70086
2794	pss_wip.c6gx_concat_rep_nil	1683072	pss_wip	isabelle/layerB/pss_wip.thy	70089
2795	pss_wip.c6gx_condVI_descent_adm	1683244	pss_wip	isabelle/layerB/pss_wip.thy	70101
2796	pss_wip.c6gx_condVI_baseL	1683546	pss_wip	isabelle/layerB/pss_wip.thy	70220
2797	pss_wip.c6gx_condVI_descent_free_adm	1683748	pss_wip	isabelle/layerB/pss_wip.thy	70372
2798	pss_wip.c4cx_d4vx_ins_mono	1683844	pss_wip	isabelle/layerB/pss_wip.thy	70411
2799	pss_wip.c4cx_d4vx_core_interleave	1683954	pss_wip	isabelle/layerB/pss_wip.thy	70431
2800	pss_wip.c4cx_d4vx_core_mono_base	1684028	pss_wip	isabelle/layerB/pss_wip.thy	70481
2801	pss_wip.c4cx_d4vx_core_compose	1684104	pss_wip	isabelle/layerB/pss_wip.thy	70494
2802	pss_wip.c4cx_condIV_exchange13	1684674	pss_wip	isabelle/layerB/pss_wip.thy	70498
2803	pss_wip.c4cx_condIV_exchange_full	1685470	pss_wip	isabelle/layerB/pss_wip.thy	70642
2804	pss_wip.c2ex_exch_of_lhs_closed_ex	1685762	pss_wip	isabelle/layerB/pss_wip.thy	70717
2805	pss_wip.c2ex_exchange2_condII_ex	1686050	pss_wip	isabelle/layerB/pss_wip.thy	70763
2806	pss_wip.vmlx_veM_of_kernel	1686210	pss_wip	isabelle/layerB/pss_wip.thy	70844
2807	pss_wip.vmlx_veL_of_kernel	1686406	pss_wip	isabelle/layerB/pss_wip.thy	70912
2808	pss_wip.vmlx_baseML_of_kernel	1686560	pss_wip	isabelle/layerB/pss_wip.thy	71033
2809	pss_wip.dax_c2L1_of_notLD	1686616	pss_wip	isabelle/layerB/pss_wip.thy	71081
2810	pss_wip.dax_nf3x_NFall_kernel_notLD	1686916	pss_wip	isabelle/layerB/pss_wip.thy	71201
2811	pss_wip.bihx_base_m_lt_TrMax	1687050	pss_wip	isabelle/layerB/pss_wip.thy	71267
2812	pss_wip.bihx_base_mint	1687112	pss_wip	isabelle/layerB/pss_wip.thy	71334
2813	pss_wip.bihx_base_lerB	1687212	pss_wip	isabelle/layerB/pss_wip.thy	71358
2814	pss_wip.bihx_base_tneB	1687328	pss_wip	isabelle/layerB/pss_wip.thy	71384
2815	pss_wip.bihx_base_VE_modResidual	1687692	pss_wip	isabelle/layerB/pss_wip.thy	71422
2816	pss_wip.dkbx_deadm_of_wrap	1688012	pss_wip	isabelle/layerB/pss_wip.thy	71475
2817	pss_wip.dkbx_ker_of_wrap	1688186	pss_wip	isabelle/layerB/pss_wip.thy	71559
2818	pss_wip.dkbx_baseML_of_wrap	1688458	pss_wip	isabelle/layerB/pss_wip.thy	71590
2819	pss_wip.dkbx_nf3x_of_wrap	1688772	pss_wip	isabelle/layerB/pss_wip.thy	71613
2820	pss_wip.dkbx_nf3x_of_wrap_notLD	1688884	pss_wip	isabelle/layerB/pss_wip.thy	71667
2821	pss_wip.dkbx_wrap_of_w1w2	1688954	pss_wip	isabelle/layerB/pss_wip.thy	71718
2822	pss_wip.dkax_slice_principal_gen	1689102	pss_wip	isabelle/layerB/pss_wip.thy	71793
2823	pss_wip.dkax_DEADM_of_KER_principal	1689126	pss_wip	isabelle/layerB/pss_wip.thy	71838
2824	pss_wip.vbax_base_baseIH	1689136	pss_wip	isabelle/layerB/pss_wip.thy	71891
2825	pss_wip.vbax_base_VE_modResidual	1689226	pss_wip	isabelle/layerB/pss_wip.thy	71977
2826	pss_wip.vbax_reg_TrMax_lt	1689256	pss_wip	isabelle/layerB/pss_wip.thy	71995
2827	pss_wip.vbax_base_eq	1689268	pss_wip	isabelle/layerB/pss_wip.thy	72015
2828	pss_wip.vbax_VE_backpeel	1689380	pss_wip	isabelle/layerB/pss_wip.thy	72042
2829	pss_wip.vbax_terminal_slice_modResidualB	1689642	pss_wip	isabelle/layerB/pss_wip.thy	72095
2830	pss_wip.c6zx_L_tower	1689998	pss_wip	isabelle/layerB/pss_wip.thy	72166
2831	pss_wip.c6zx_condVI_oper_L	1690076	pss_wip	isabelle/layerB/pss_wip.thy	72257
2832	pss_wip.c6zx_condVI_baseL_free	1690324	pss_wip	isabelle/layerB/pss_wip.thy	72286
2833	pss_wip.c6zx_condVI_descent_adm	1690354	pss_wip	isabelle/layerB/pss_wip.thy	72441
2834	pss_wip.c6zx_condVI_u0_adm	1690396	pss_wip	isabelle/layerB/pss_wip.thy	72537
2835	pss_wip.c6zx_condVI_descent_u0	1690436	pss_wip	isabelle/layerB/pss_wip.thy	72557
2836	pss_wip.c6zx_condVI_baseL_gen	1690522	pss_wip	isabelle/layerB/pss_wip.thy	72602
2837	pss_wip.c6zx_condVI_descent_nadm	1690602	pss_wip	isabelle/layerB/pss_wip.thy	72762
2838	pss_wip.c6zx_condVI_descent_modt2	1690630	pss_wip	isabelle/layerB/pss_wip.thy	72872
2839	pss_wip.nldx_notLD_of_lph	1690678	pss_wip	isabelle/layerB/pss_wip.thy	72932
2840	pss_wip.nldx_dax_c2L1_of_lph	1690758	pss_wip	isabelle/layerB/pss_wip.thy	72954
2841	pss_wip.wf2x_p_isOT	1690792	pss_wip	isabelle/layerB/pss_wip.thy	73029
2842	pss_wip.wf2x_p_dfree	1690810	pss_wip	isabelle/layerB/pss_wip.thy	73032
2843	pss_wip.wf2x_nrmP_p	1690840	pss_wip	isabelle/layerB/pss_wip.thy	73035
2844	pss_wip.wf2x_nrmP_D0num	1690876	pss_wip	isabelle/layerB/pss_wip.thy	73041
2845	pss_wip.wf2x_D0num_isOT	1690898	pss_wip	isabelle/layerB/pss_wip.thy	73044
2846	pss_wip.wf2x_D0num_dfree	1690906	pss_wip	isabelle/layerB/pss_wip.thy	73061
2847	pss_wip.wf2x_D0num_lessBP	1690924	pss_wip	isabelle/layerB/pss_wip.thy	73064
2848	pss_wip.wf2x_D0num_in_RPrel	1690940	pss_wip	isabelle/layerB/pss_wip.thy	73067
2849	pss_wip.wf2x_pred_norm_unbounded	1690986	pss_wip	isabelle/layerB/pss_wip.thy	73082
2850	pss_wip.wf2x_no_stepwise_norm_bound	1691018	pss_wip	isabelle/layerB/pss_wip.thy	73099
2851	pss_wip.wf2x_no_predecessor_norm_bound	1691044	pss_wip	isabelle/layerB/pss_wip.thy	73117
2852	pss_wip.wf2x_pred_set_infinite	1691098	pss_wip	isabelle/layerB/pss_wip.thy	73138
2853	pss_wip.c613x_Dtower_mono	1691138	pss_wip	isabelle/layerB/pss_wip.thy	73203
2854	pss_wip.c613x_operB_fseq_value	1691188	pss_wip	isabelle/layerB/pss_wip.thy	73220
2855	pss_wip.c613x_tower_operB_eq	1691308	pss_wip	isabelle/layerB/pss_wip.thy	73266
2856	pss_wip.c613x_tower_operB_lt	1691428	pss_wip	isabelle/layerB/pss_wip.thy	73284
2857	pss_wip.c613x_condVI_exch_adm	1691810	pss_wip	isabelle/layerB/pss_wip.thy	73312
2858	pss_wip.c613x_condVI_exch_nadm	1692582	pss_wip	isabelle/layerB/pss_wip.thy	73514
2859	pss_wip.w2x_nadm_seg	1692802	pss_wip	isabelle/layerB/pss_wip.thy	73803
2860	pss_wip.w2x_seg_left_geom	1693038	pss_wip	isabelle/layerB/pss_wip.thy	73826
2861	pss_wip.w2x_W2_of_VE1	1693386	pss_wip	isabelle/layerB/pss_wip.thy	73859
2862	pss_wip.w1x_nadm_nextrel0_left	1693580	pss_wip	isabelle/layerB/pss_wip.thy	73965
2863	pss_wip.w1x_nadm_run_le0	1693702	pss_wip	isabelle/layerB/pss_wip.thy	73990
2864	pss_wip.w1x_nadm_run_reach_c	1693846	pss_wip	isabelle/layerB/pss_wip.thy	74041
2865	pss_wip.w1x_slice_principal_reach	1694110	pss_wip	isabelle/layerB/pss_wip.thy	74058
2866	pss_wip.w1x_wrap_reach_of_w1w2	1694430	pss_wip	isabelle/layerB/pss_wip.thy	74074
2867	pss_wip.vsx_VE_step_m0	1694578	pss_wip	isabelle/layerB/pss_wip.thy	74144
2868	pss_wip.vsx_VE_step	1694766	pss_wip	isabelle/layerB/pss_wip.thy	74162
2869	pss_wip.vsx_RPERS	1694984	pss_wip	isabelle/layerB/pss_wip.thy	74204
2870	pss_wip.vsx_terminal_slice_modResidualC	1695492	pss_wip	isabelle/layerB/pss_wip.thy	74239
2871	pss_wip.vbx_base_VE_strict	1695680	pss_wip	isabelle/layerB/pss_wip.thy	74300
2872	pss_wip.vbx_base_VE_m0	1695716	pss_wip	isabelle/layerB/pss_wip.thy	74419
2873	pss_wip.vbx_base_transJm1_zero_or_TrMax	1695762	pss_wip	isabelle/layerB/pss_wip.thy	74440
2874	pss_wip.vbx_base_VE_modAdm0	1695888	pss_wip	isabelle/layerB/pss_wip.thy	74476
2875	pss_wip.lpx_bpHeadV_PB_last	1695936	pss_wip	isabelle/layerB/pss_wip.thy	74520
2876	pss_wip.lpx_lph_reduce	1695996	pss_wip	isabelle/layerB/pss_wip.thy	74562
2877	pss_wip.lpx_lph_of_rn	1696094	pss_wip	isabelle/layerB/pss_wip.thy	74601
2878	pss_wip.lpx_c2L1_of_rn	1696176	pss_wip	isabelle/layerB/pss_wip.thy	74615
2879	pss_wip.lpx_transC1_eq_TransS	1696222	pss_wip	isabelle/layerB/pss_wip.thy	74642
2880	pss_wip.lpx_lph_of_slice	1696284	pss_wip	isabelle/layerB/pss_wip.thy	74685
2881	pss_wip.vjx_RPj1eq	1696438	pss_wip	isabelle/layerB/pss_wip.thy	74726
2882	pss_wip.vjx_VEj1eq_deepen	1696604	pss_wip	isabelle/layerB/pss_wip.thy	74938
2883	pss_wip.vjx_VEj1eq	1696788	pss_wip	isabelle/layerB/pss_wip.thy	75079
2884	pss_wip.vjx_terminal_slice_modResidualCollapse	1697176	pss_wip	isabelle/layerB/pss_wip.thy	75105
2885	pss_wip.a0x_bpHeadT_transC2_eq	1697382	pss_wip	isabelle/layerB/pss_wip.thy	75168
2886	pss_wip.a0x_nadm_below_of_Adm0	1697488	pss_wip	isabelle/layerB/pss_wip.thy	75188
2887	pss_wip.a0x_atoms	1697750	pss_wip	isabelle/layerB/pss_wip.thy	75230
2888	pss_wip.a0x_condV_eq	1697876	pss_wip	isabelle/layerB/pss_wip.thy	75286
2889	pss_wip.a0x_condVI_eq	1698016	pss_wip	isabelle/layerB/pss_wip.thy	75315
2890	pss_wip.a0x_bnd_condV	1698068	pss_wip	isabelle/layerB/pss_wip.thy	75352
2891	pss_wip.a0x_base_VE_Adm0	1698148	pss_wip	isabelle/layerB/pss_wip.thy	75453
2892	pss_wip.a0x_base_VE	1698158	pss_wip	isabelle/layerB/pss_wip.thy	75701
2893	pss_wip.v1x_W2reg_of_VE1regime	1698204	pss_wip	isabelle/layerB/pss_wip.thy	75795
2894	pss_wip.dkfx_deadm	1698320	pss_wip	isabelle/layerB/pss_wip.thy	75880
2895	pss_wip.dkfx_ker	1698442	pss_wip	isabelle/layerB/pss_wip.thy	75981
2896	pss_wip.dkfx_baseML	1698596	pss_wip	isabelle/layerB/pss_wip.thy	76011
2897	pss_wip.dkfx_nf3x	1698880	pss_wip	isabelle/layerB/pss_wip.thy	76037
2898	pss_wip.lp2x_bridge	1698910	pss_wip	isabelle/layerB/pss_wip.thy	76232
2899	pss_wip.lp2x_lph_of_sharp	1698978	pss_wip	isabelle/layerB/pss_wip.thy	76277
2900	pss_wip.lp2x_c2L1_of_sharp	1699048	pss_wip	isabelle/layerB/pss_wip.thy	76297
2901	pss_wip.c6nx_condVI_uv	1699070	pss_wip	isabelle/layerB/pss_wip.thy	76352
2902	pss_wip.c6nx_nadm_jp0	1699130	pss_wip	isabelle/layerB/pss_wip.thy	76396
2903	pss_wip.c6nx_predVI	1699246	pss_wip	isabelle/layerB/pss_wip.thy	76451
2904	pss_wip.c6nx_jm1eq	1699336	pss_wip	isabelle/layerB/pss_wip.thy	76542
2905	pss_wip.c6nx_t2eq	1699414	pss_wip	isabelle/layerB/pss_wip.thy	76619
2906	pss_wip.c6nx_condVI_exch_nadm_uncond	1699722	pss_wip	isabelle/layerB/pss_wip.thy	76705
2907	pss_wip.vcx_bnd_strict	1699860	pss_wip	isabelle/layerB/pss_wip.thy	76757
2908	pss_wip.vcx_collapse_VE	1700172	pss_wip	isabelle/layerB/pss_wip.thy	76819
2909	pss_wip.vcx_VEj1eq	1700332	pss_wip	isabelle/layerB/pss_wip.thy	77061
2910	pss_wip.vcx_VE_all	1700422	pss_wip	isabelle/layerB/pss_wip.thy	77076
2911	pss_wip.m_8_2_condV_terminal_slice_Trans	1700674	pss_wip	isabelle/layerB/pss_wip.thy	77102
2912	pss_wip.shx_rn_c1_eq_slice_RA	1700846	pss_wip	isabelle/layerB/pss_wip.thy	77151
2913	pss_wip.shx_rn_c1_bounds	1701050	pss_wip	isabelle/layerB/pss_wip.thy	77217
2914	pss_wip.shx_sharp_of_len2_redB	1701132	pss_wip	isabelle/layerB/pss_wip.thy	77365
2915	pss_wip.shx_lph_of_len2_redB	1701222	pss_wip	isabelle/layerB/pss_wip.thy	77389
2916	pss_wip.shx_c2L1_of_len2_redB	1701340	pss_wip	isabelle/layerB/pss_wip.thy	77410
2917	pss_wip.ncx_deadm_of_w2nostr	1701478	pss_wip	isabelle/layerB/pss_wip.thy	77489
2918	pss_wip.ncx_nf3x	1702204	pss_wip	isabelle/layerB/pss_wip.thy	77523
2919	pss_wip.ncx_deadm_regime	1702480	pss_wip	isabelle/layerB/pss_wip.thy	77627
2920	pss_wip.c3vx_KER_step	1702750	pss_wip	isabelle/layerB/pss_wip.thy	77733
2921	pss_wip.c3vx_veM_of_VEslice	1702980	pss_wip	isabelle/layerB/pss_wip.thy	77759
2922	pss_wip.c3vx_veL_of_VEslice	1703312	pss_wip	isabelle/layerB/pss_wip.thy	77811
2923	pss_wip.c3vx_baseML_of_VEslices	1703854	pss_wip	isabelle/layerB/pss_wip.thy	77908
2924	pss_wip.c3vx_condIII_baseML_cf_of_VEslices	1704242	pss_wip	isabelle/layerB/pss_wip.thy	77940
2925	pss_wip.maxl_ge	1704820	pss_wip	isabelle/layerB/pss_wip.thy	78029
2926	pss_wip.bdepthP_pos	1705154	pss_wip	isabelle/layerB/pss_wip.thy	78036
2927	pss_wip.bdepthP_head_le	1705160	pss_wip	isabelle/layerB/pss_wip.thy	78039
2928	pss_wip.bdepthT_tl_le	1705168	pss_wip	isabelle/layerB/pss_wip.thy	78046
2929	pss_wip.bdepthT_zero_nil	1705174	pss_wip	isabelle/layerB/pss_wip.thy	78057
2930	pss_wip.maxl_le_sum_list	1705182	pss_wip	isabelle/layerB/pss_wip.thy	78070
2931	pss_wip.bdepthT_le_nrmT	1705194	pss_wip	isabelle/layerB/pss_wip.thy	78073
2932	pss_wip.RPrel_bnd_subset_dep	1705274	pss_wip	isabelle/layerB/pss_wip.thy	78098
2933	pss_wip.wfpd_RPrel_dep_0	1705600	pss_wip	isabelle/layerB/pss_wip.thy	78111
2934	pss_wip.wfpd_wf_RPrel_dep_0	1705650	pss_wip	isabelle/layerB/pss_wip.thy	78119
2935	pss_wip.wfpd_RPrel_dep_lex	1705826	pss_wip	isabelle/layerB/pss_wip.thy	78133
2936	pss_wip.wfpd_NoBad_dep	1705918	pss_wip	isabelle/layerB/pss_wip.thy	78190
2937	pss_wip.wfpd_tuple_lift_dep	1705956	pss_wip	isabelle/layerB/pss_wip.thy	78353
2938	pss_wip.wfpd_wf_dep	1705972	pss_wip	isabelle/layerB/pss_wip.thy	78416
2939	pss_wip.wfpd_wf_RPrel_dep	1705984	pss_wip	isabelle/layerB/pss_wip.thy	78430
2940	pss_wip.wfpd_wf_RTrel_dep	1706000	pss_wip	isabelle/layerB/pss_wip.thy	78433
2941	pss_wip.wfpd_wf_goal_dep	1706016	pss_wip	isabelle/layerB/pss_wip.thy	78440
2942	pss_wip.wfpd_bounded_Rchain_impossible	1706042	pss_wip	isabelle/layerB/pss_wip.thy	78447
2943	pss_wip.wfpd_infinite_Rchain_unbounded_depth	1706076	pss_wip	isabelle/layerB/pss_wip.thy	78458
2944	pss_wip.wfpd_wf_RPrel_iff_no_unbounded_depth	1706116	pss_wip	isabelle/layerB/pss_wip.thy	78471
2945	pss_wip.wfpd_bounded_Tchain_impossible	1706156	pss_wip	isabelle/layerB/pss_wip.thy	78499
2946	pss_wip.wfpd_wf_RTrel_iff_no_unbounded_depth	1706204	pss_wip	isabelle/layerB/pss_wip.thy	78510
2947	pss_wip.c2lx_lhs_ex_of_step	1706398	pss_wip	isabelle/layerB/pss_wip.thy	78568
2948	pss_wip.c4cx2_condIV_mnform_of_slice	1706568	pss_wip	isabelle/layerB/pss_wip.thy	78663
2949	pss_wip.w84x_slice_value_of_reg	1706582	pss_wip	isabelle/layerB/pss_wip.thy	78815
2950	pss_wip.w84x_reg_mono	1706596	pss_wip	isabelle/layerB/pss_wip.thy	78842
2951	pss_wip.w84x_tail_share_of_reg	1706606	pss_wip	isabelle/layerB/pss_wip.thy	78864
2952	pss_wip.w84x_scb_unlift	1706614	pss_wip	isabelle/layerB/pss_wip.thy	78906
2953	pss_wip.w84x_subslice_value	1706630	pss_wip	isabelle/layerB/pss_wip.thy	78924
2954	pss_wip.w84x_sliceVE_of_hostreg	1706682	pss_wip	isabelle/layerB/pss_wip.thy	78954
2955	pss_wip.w84x_condIII_baseML_of_sliceregs	1706712	pss_wip	isabelle/layerB/pss_wip.thy	78997
2956	pss_wip.w84x_condIII_baseML_cf_of_sliceregs	1706836	pss_wip	isabelle/layerB/pss_wip.thy	79017
2957	pss_wip.w84x_d4b_of_regS	1706964	pss_wip	isabelle/layerB/pss_wip.thy	79063
2958	pss_wip.w84x_d4a_of_regSP	1707032	pss_wip	isabelle/layerB/pss_wip.thy	79116
2959	pss_wip.w84x_d4b_dispatch	1707042	pss_wip	isabelle/layerB/pss_wip.thy	79198
2960	pss_wip.w84x_d4a_dispatch	1707090	pss_wip	isabelle/layerB/pss_wip.thy	79221
2961	pss_wip.w84x_various_scb_IIIIV_of_sliceregs	1707286	pss_wip	isabelle/layerB/pss_wip.thy	79251
2962	pss_wip.w84x_TN_c2_of_admeq	1707400	pss_wip	isabelle/layerB/pss_wip.thy	79336
2963	pss_wip.w84x_PN_c1_of_admeq	1707428	pss_wip	isabelle/layerB/pss_wip.thy	79359
2964	pss_wip.w84x_d2_IIIV_dispatch	1707438	pss_wip	isabelle/layerB/pss_wip.thy	79420
2965	pss_wip.w84x_d3_IIIV_dispatch	1707474	pss_wip	isabelle/layerB/pss_wip.thy	79495
2966	pss_wip.w84x_various_scb_IIIV_of_sliceregs	1707658	pss_wip	isabelle/layerB/pss_wip.thy	79569
2967	pss_wip.w84x_VE_m0	1707746	pss_wip	isabelle/layerB/pss_wip.thy	79626
2968	pss_wip.w84x_condIII_baseML_cf_final	1708076	pss_wip	isabelle/layerB/pss_wip.thy	79635
2969	pss_wip.w84x_flat_head_Dpt	1708142	pss_wip	isabelle/layerB/pss_wip.thy	79726
2970	pss_wip.w84x_bpHeadT_TB	1708168	pss_wip	isabelle/layerB/pss_wip.thy	79757
2971	pss_wip.w84x_le1_entry_mono	1708206	pss_wip	isabelle/layerB/pss_wip.thy	79779
2972	pss_wip.w84x_exchange13_core	1708368	pss_wip	isabelle/layerB/pss_wip.thy	79789
2973	pss_wip.w84x_condIII_mnform_of_sliceregs	1708538	pss_wip	isabelle/layerB/pss_wip.thy	79926
2974	pss_wip.w84x_condIII_exchange13_of_sliceregs	1708726	pss_wip	isabelle/layerB/pss_wip.thy	80239
2975	pss_wip.w84x_condIII_descent_of_sliceregs	1708818	pss_wip	isabelle/layerB/pss_wip.thy	80363
2976	pss_wip.w84x_condIII_exchange_full_of_sliceregs	1709134	pss_wip	isabelle/layerB/pss_wip.thy	80448
2977	pss_wip.w84x_regPred_of_reg	1709210	pss_wip	isabelle/layerB/pss_wip.thy	80497
2978	pss_wip.wnx_le0_adjacent_step	1709282	pss_wip	isabelle/layerB/pss_wip.thy	80586
2979	pss_wip.wnx_adjacent_parent0	1709336	pss_wip	isabelle/layerB/pss_wip.thy	80601
2980	pss_wip.wnx_adjacent_parent1	1709430	pss_wip	isabelle/layerB/pss_wip.thy	80633
2981	pss_wip.wnx_no_parent0_col0	1709472	pss_wip	isabelle/layerB/pss_wip.thy	80667
2982	pss_wip.wnx_col0_diag	1709490	pss_wip	isabelle/layerB/pss_wip.thy	80674
2983	pss_wip.wnx_condA_step	1709544	pss_wip	isabelle/layerB/pss_wip.thy	80685
2984	pss_wip.wnx_run_nadm	1709614	pss_wip	isabelle/layerB/pss_wip.thy	80695
2985	pss_wip.wnx_run_step_entries	1709742	pss_wip	isabelle/layerB/pss_wip.thy	80710
2986	pss_wip.wnx_run_entries	1709898	pss_wip	isabelle/layerB/pss_wip.thy	80739
2987	pss_wip.wnx_seg_transport	1710026	pss_wip	isabelle/layerB/pss_wip.thy	80767
2988	pss_wip.wnx_transfer_of_reg	1710084	pss_wip	isabelle/layerB/pss_wip.thy	80867
2989	pss_wip.wnx_trunk_diagSeq	1710162	pss_wip	isabelle/layerB/pss_wip.thy	80890
2990	pss_wip.wnx_trunk_transfer	1710250	pss_wip	isabelle/layerB/pss_wip.thy	80956
2991	pss_wip.wnx_setup	1710400	pss_wip	isabelle/layerB/pss_wip.thy	81008
2992	pss_wip.wnx_reg_c1	1710564	pss_wip	isabelle/layerB/pss_wip.thy	81070
2993	pss_wip.wnx_W2nostr_c1	1710610	pss_wip	isabelle/layerB/pss_wip.thy	81279
2994	pss_wip.wnx_W2nostr_c2	1710686	pss_wip	isabelle/layerB/pss_wip.thy	81304
2995	pss_wip.wnx_nf3x	1710928	pss_wip	isabelle/layerB/pss_wip.thy	81434
2996	pss_wip.s2x_RA_mono_unfold	1711204	pss_wip	isabelle/layerB/pss_wip.thy	81573
2997	pss_wip.s2x_RA_single_col	1711294	pss_wip	isabelle/layerB/pss_wip.thy	81623
2998	pss_wip.s2x_chain	1711534	pss_wip	isabelle/layerB/pss_wip.thy	81649
2999	pss_wip.s2x_sharp_of_atoms	1711708	pss_wip	isabelle/layerB/pss_wip.thy	81955
3000	pss_wip.s2x_lph_of_atoms	1711992	pss_wip	isabelle/layerB/pss_wip.thy	82031
3001	pss_wip.s2x_c2L1_of_atoms	1712318	pss_wip	isabelle/layerB/pss_wip.thy	82056
3002	pss_wip.scx_addBT_assoc	1712344	pss_wip	isabelle/layerB/pss_wip.thy	82123
3003	pss_wip.scx_addBT_0left	1712378	pss_wip	isabelle/layerB/pss_wip.thy	82126
3004	pss_wip.scx_TB_zero	1712404	pss_wip	isabelle/layerB/pss_wip.thy	82129
3005	pss_wip.scx_TB_addBT	1712476	pss_wip	isabelle/layerB/pss_wip.thy	82132
3006	pss_wip.scx_TB_multBT	1712516	pss_wip	isabelle/layerB/pss_wip.thy	82135
3007	pss_wip.scx_TB_Dpt	1712544	pss_wip	isabelle/layerB/pss_wip.thy	82138
3008	pss_wip.scx_TB_Dpt_body	1712598	pss_wip	isabelle/layerB/pss_wip.thy	82141
3009	pss_wip.scx_TB_addBT_left	1712628	pss_wip	isabelle/layerB/pss_wip.thy	82144
3010	pss_wip.scx_TB_addBT_right	1712660	pss_wip	isabelle/layerB/pss_wip.thy	82147
3011	pss_wip.scx_scb_compose	1712694	pss_wip	isabelle/layerB/pss_wip.thy	82153
3012	pss_wip.scx_take_RT_PS	1712718	pss_wip	isabelle/layerB/pss_wip.thy	82171
3013	pss_wip.scx_seg0_RT_PS	1712752	pss_wip	isabelle/layerB/pss_wip.thy	82199
3014	pss_wip.scx_map_block_seg	1712808	pss_wip	isabelle/layerB/pss_wip.thy	82210
3015	pss_wip.scx_row1_bound	1712822	pss_wip	isabelle/layerB/pss_wip.thy	82228
3016	pss_wip.scx_le0_to_parent	1712840	pss_wip	isabelle/layerB/pss_wip.thy	82278
3017	pss_wip.scx_hasParent_of_le0	1712868	pss_wip	isabelle/layerB/pss_wip.thy	82297
3018	pss_wip.scx_host_basic	1713070	pss_wip	isabelle/layerB/pss_wip.thy	82322
3019	pss_wip.scx_operI_nth_le_j0	1713168	pss_wip	isabelle/layerB/pss_wip.thy	82361
3020	pss_wip.scx_N_facts	1713730	pss_wip	isabelle/layerB/pss_wip.thy	82405
3021	pss_wip.scx_mark_idx	1714148	pss_wip	isabelle/layerB/pss_wip.thy	82604
3022	pss_wip.scx_c1_w1	1714276	pss_wip	isabelle/layerB/pss_wip.thy	82645
3023	pss_wip.scx_marked_jm1p	1714440	pss_wip	isabelle/layerB/pss_wip.thy	82685
3024	pss_wip.scx_mark_pin	1714770	pss_wip	isabelle/layerB/pss_wip.thy	82771
3025	pss_wip.scx_stepA	1715316	pss_wip	isabelle/layerB/pss_wip.thy	82938
3026	pss_wip.scx_stepB	1716114	pss_wip	isabelle/layerB/pss_wip.thy	83254
3027	pss_wip.scx_condI_j0pos_masterCF	1716762	pss_wip	isabelle/layerB/pss_wip.thy	83639
3028	pss_wip.scx_condI_exchange1	1716982	pss_wip	isabelle/layerB/pss_wip.thy	84103
3029	pss_wip.scx_condI_descent	1717156	pss_wip	isabelle/layerB/pss_wip.thy	84167
3030	pss_wip.c4dx_concat_singleton	1717220	pss_wip	isabelle/layerB/pss_wip.thy	84315
3031	pss_wip.c4dx_lessBT_grow	1717278	pss_wip	isabelle/layerB/pss_wip.thy	84321
3032	pss_wip.c4dx_uv	1717392	pss_wip	isabelle/layerB/pss_wip.thy	84338
3033	pss_wip.c4dx_condIV_excl	1717436	pss_wip	isabelle/layerB/pss_wip.thy	84369
3034	pss_wip.c4dx_condIV_c2body_shape	1717552	pss_wip	isabelle/layerB/pss_wip.thy	84387
3035	pss_wip.c4dx_condIV_dbbody	1717572	pss_wip	isabelle/layerB/pss_wip.thy	84477
3036	pss_wip.c4dx_condIV_k1	1717740	pss_wip	isabelle/layerB/pss_wip.thy	84541
3037	pss_wip.c4dx_condIV_base1	1717948	pss_wip	isabelle/layerB/pss_wip.thy	84624
3038	pss_wip.c4dx_condIV_exchange_assembled	1718432	pss_wip	isabelle/layerB/pss_wip.thy	84743
3039	pss_wip.c4dx_d4vx_core_AX	1718488	pss_wip	isabelle/layerB/pss_wip.thy	84850
3040	pss_wip.c4dx_condIV_exchange1	1718812	pss_wip	isabelle/layerB/pss_wip.thy	84869
3041	pss_wip.c4dx_condIV_exchange12_assembled	1719102	pss_wip	isabelle/layerB/pss_wip.thy	84964
3042	pss_wip.otx_replicate_snoc	1719190	pss_wip	isabelle/layerB/pss_wip.thy	85104
3043	pss_wip.otx_op0_numBT	1719222	pss_wip	isabelle/layerB/pss_wip.thy	85107
3044	pss_wip.otx_op0_iter_numBT	1719250	pss_wip	isabelle/layerB/pss_wip.thy	85159
3045	pss_wip.otx_Dsucc_ne_numBT	1719292	pss_wip	isabelle/layerB/pss_wip.thy	85175
3046	pss_wip.otx_stepval_refuted	1719522	pss_wip	isabelle/layerB/pss_wip.thy	85203
3047	pss_wip.otx_condVI_adm_eq	1719620	pss_wip	isabelle/layerB/pss_wip.thy	85236
3048	pss_wip.otx_stepval_condVI_adm	1719666	pss_wip	isabelle/layerB/pss_wip.thy	85249
3049	pss_wip.otx_condVI_nadm_eq	1719680	pss_wip	isabelle/layerB/pss_wip.thy	85260
3050	pss_wip.otx_stepval_condVI_nadm	1719718	pss_wip	isabelle/layerB/pss_wip.thy	85273
3051	pss_wip.otx_condI_j0z_eq	1719728	pss_wip	isabelle/layerB/pss_wip.thy	85292
3052	pss_wip.otx_stepval_condI_j0z	1719820	pss_wip	isabelle/layerB/pss_wip.thy	85319
3053	pss_wip.otx_stepval_condI_n1	1719916	pss_wip	isabelle/layerB/pss_wip.thy	85329
3054	pss_wip.otx_le0_le	1719978	pss_wip	isabelle/layerB/pss_wip.thy	85350
3055	pss_wip.otx_nextrel0_zero_end	1720016	pss_wip	isabelle/layerB/pss_wip.thy	85362
3056	pss_wip.otx_zerocol_multi	1720054	pss_wip	isabelle/layerB/pss_wip.thy	85376
3057	pss_wip.otx_zerocol_Pcut	1720108	pss_wip	isabelle/layerB/pss_wip.thy	85394
3058	pss_wip.otx_zerocol_Trans	1720170	pss_wip	isabelle/layerB/pss_wip.thy	85420
3059	pss_wip.otx_operB_snoc_D00	1720180	pss_wip	isabelle/layerB/pss_wip.thy	85446
3060	pss_wip.otx_zerocol_predval	1720192	pss_wip	isabelle/layerB/pss_wip.thy	85474
3061	pss_wip.otx_zerocol_operval	1720222	pss_wip	isabelle/layerB/pss_wip.thy	85483
3062	pss_wip.otx_stepval_zerocol	1720298	pss_wip	isabelle/layerB/pss_wip.thy	85494
3063	pss_wip.otx_condI_j1eq1_eq	1720386	pss_wip	isabelle/layerB/pss_wip.thy	85516
3064	pss_wip.otx_condVI_j1eq1_eq	1720478	pss_wip	isabelle/layerB/pss_wip.thy	85582
3065	pss_wip.otx_OT_B_zero	1720520	pss_wip	isabelle/layerB/pss_wip.thy	85670
3066	pss_wip.otx_Trans_preserves_OT_dispatch	1721214	pss_wip	isabelle/layerB/pss_wip.thy	85710
3067	pss_wip.atx_condV_nadm_t2_components	1721346	pss_wip	isabelle/layerB/pss_wip.thy	86068
3068	pss_wip.atx_notLD	1721356	pss_wip	isabelle/layerB/pss_wip.thy	86198
3069	pss_wip.atx_c2L1	1721452	pss_wip	isabelle/layerB/pss_wip.thy	86248
3070	pss_wip.atx_nf3x	1721768	pss_wip	isabelle/layerB/pss_wip.thy	86273
3071	pss_wip.atx_Trans_oper_exchange_condV_nonadm_uncond	1721890	pss_wip	isabelle/layerB/pss_wip.thy	86315
3072	pss_wip.atx_fseq_descend_dispatcher_Vclosed	1722664	pss_wip	isabelle/layerB/pss_wip.thy	86332
3073	pss_wip.c2sx_addBT_0right	1723204	pss_wip	isabelle/layerB/pss_wip.thy	86455
3074	pss_wip.c2sx_multBT_one	1723242	pss_wip	isabelle/layerB/pss_wip.thy	86458
3075	pss_wip.c2sx_multBT_add	1723286	pss_wip	isabelle/layerB/pss_wip.thy	86461
3076	pss_wip.c2sx_host_basic	1723506	pss_wip	isabelle/layerB/pss_wip.thy	86474
3077	pss_wip.c2sx_c1_shape	1723662	pss_wip	isabelle/layerB/pss_wip.thy	86546
3078	pss_wip.c2sx_c2_val	1723742	pss_wip	isabelle/layerB/pss_wip.thy	86603
3079	pss_wip.c2sx_t2_split	1723816	pss_wip	isabelle/layerB/pss_wip.thy	86626
3080	pss_wip.c2sx_N_facts	1724254	pss_wip	isabelle/layerB/pss_wip.thy	86706
3081	pss_wip.c2sx_mark_idx	1724470	pss_wip	isabelle/layerB/pss_wip.thy	86987
3082	pss_wip.c2sx_marked_jm1	1724492	pss_wip	isabelle/layerB/pss_wip.thy	87021
3083	pss_wip.c2sx_mark_pin	1724576	pss_wip	isabelle/layerB/pss_wip.thy	87033
3084	pss_wip.c2sx_step	1725114	pss_wip	isabelle/layerB/pss_wip.thy	87202
3085	pss_wip.c2sx_condII_masterCF	1725316	pss_wip	isabelle/layerB/pss_wip.thy	87430
3086	pss_wip.c2sx_exchange_ex_condII_of_tailval	1725472	pss_wip	isabelle/layerB/pss_wip.thy	87577
3087	pss_wip.c2sx_exchange2_condII_of_tailval	1725502	pss_wip	isabelle/layerB/pss_wip.thy	87603
3088	pss_wip.c2sx_slice_jm1_c1	1725590	pss_wip	isabelle/layerB/pss_wip.thy	87633
3089	pss_wip.c2sx_reach	1725728	pss_wip	isabelle/layerB/pss_wip.thy	87666
3090	pss_wip.c2sx_tailval_trunk	1725836	pss_wip	isabelle/layerB/pss_wip.thy	87720
3091	pss_wip.c2sx_tailval_of_reg	1725930	pss_wip	isabelle/layerB/pss_wip.thy	87838
3092	pss_wip.c2sx_exchII_leg_of_tailval	1726116	pss_wip	isabelle/layerB/pss_wip.thy	87917
3093	pss_wip.crx_dbbodyH	1726230	pss_wip	isabelle/layerB/pss_wip.thy	87961
3094	pss_wip.crx_c2_shape_condIII	1726248	pss_wip	isabelle/layerB/pss_wip.thy	88353
3095	pss_wip.crx_A0lt_of_nest	1726338	pss_wip	isabelle/layerB/pss_wip.thy	88367
3096	pss_wip.crx_base1_of_nest	1726554	pss_wip	isabelle/layerB/pss_wip.thy	88419
3097	pss_wip.crx_run_of_guard	1726598	pss_wip	isabelle/layerB/pss_wip.thy	88536
3098	pss_wip.crx_base0_of_run	1726682	pss_wip	isabelle/layerB/pss_wip.thy	88555
3099	pss_wip.crx_slice_red_value	1726746	pss_wip	isabelle/layerB/pss_wip.thy	88803
3100	pss_wip.crx_slice_red_head	1726804	pss_wip	isabelle/layerB/pss_wip.thy	88896
3101	pss_wip.crx_d4b_of_redreg	1726858	pss_wip	isabelle/layerB/pss_wip.thy	88934
3102	pss_wip.crx_d4a_of_redreg	1726930	pss_wip	isabelle/layerB/pss_wip.thy	88991
3103	pss_wip.crx_d4b_dispatch	1727038	pss_wip	isabelle/layerB/pss_wip.thy	89109
3104	pss_wip.crx_d4a_dispatch	1727136	pss_wip	isabelle/layerB/pss_wip.thy	89133
3105	pss_wip.crx_various_scb_IIIIV	1727614	pss_wip	isabelle/layerB/pss_wip.thy	89161
3106	pss_wip.crx_condIII_mnform	1727930	pss_wip	isabelle/layerB/pss_wip.thy	89254
3107	pss_wip.crx_condIII_exchange13	1728134	pss_wip	isabelle/layerB/pss_wip.thy	89557
3108	pss_wip.crx_condIII_descent	1728298	pss_wip	isabelle/layerB/pss_wip.thy	89720
3109	pss_wip.crx_condIII_exchange_full	1728426	pss_wip	isabelle/layerB/pss_wip.thy	89824
3110	pss_wip.crx_trmax_run	1728448	pss_wip	isabelle/layerB/pss_wip.thy	89879
3111	pss_wip.crx_regS_red_of_mcond	1728626	pss_wip	isabelle/layerB/pss_wip.thy	89979
3112	pss_wip.cdx_addBT_left_cancel	1728666	pss_wip	isabelle/layerB/pss_wip.thy	90127
3113	pss_wip.cdx_Dpt_inj	1728682	pss_wip	isabelle/layerB/pss_wip.thy	90137
3114	pss_wip.cdx_condIIIV_scaffold	1728766	pss_wip	isabelle/layerB/pss_wip.thy	90145
3115	pss_wip.cdx_d_le_joints	1728968	pss_wip	isabelle/layerB/pss_wip.thy	90230
3116	pss_wip.cdx_tailval_notldj	1729414	pss_wip	isabelle/layerB/pss_wip.thy	90415
3117	pss_wip.crg_regS_of_jointGeTrMax	1729526	pss_wip	isabelle/layerB/pss_wip.thy	90510
3118	pss_wip.c4hx_leBT_lower_shift	1729620	pss_wip	isabelle/layerB/pss_wip.thy	90593
3119	pss_wip.HB_condIV_t2_components	1729734	pss_wip	isabelle/layerB/pss_wip.thy	90609
3120	pss_wip.c4hx_condIV_exchange_full_of_regimes	1730086	pss_wip	isabelle/layerB/pss_wip.thy	90884
3121	pss_wip.vgx_Br_last_head	1730194	pss_wip	isabelle/layerB/pss_wip.thy	90964
3122	pss_wip.vgx_LastStep_eqcase	1730268	pss_wip	isabelle/layerB/pss_wip.thy	90984
3123	pss_wip.vgx_LastStep_elsecase	1730454	pss_wip	isabelle/layerB/pss_wip.thy	90993
3124	pss_wip.vgx_LastStep_lt_Lng_Br	1730626	pss_wip	isabelle/layerB/pss_wip.thy	91009
3125	pss_wip.vgx_LastStep_lt_of_guard	1730730	pss_wip	isabelle/layerB/pss_wip.thy	91032
3126	pss_wip.vgx_geom_J1	1730790	pss_wip	isabelle/layerB/pss_wip.thy	91057
3127	pss_wip.vgx_m1_bounds	1730860	pss_wip	isabelle/layerB/pss_wip.thy	91077
3128	pss_wip.vgx_slice_Mp_mono	1730934	pss_wip	isabelle/layerB/pss_wip.thy	91098
3129	pss_wip.vgx_slice_Np_mono	1730996	pss_wip	isabelle/layerB/pss_wip.thy	91120
3130	pss_wip.vgx_slice_N_mono	1731070	pss_wip	isabelle/layerB/pss_wip.thy	91136
3131	pss_wip.vgx_slice_princ	1731150	pss_wip	isabelle/layerB/pss_wip.thy	91167
3132	pss_wip.vgx_condIIIV_of_VE	1731378	pss_wip	isabelle/layerB/pss_wip.thy	91228
3133	pss_wip.vgx_VE2_of_reg	1731446	pss_wip	isabelle/layerB/pss_wip.thy	91332
3134	pss_wip.crg_Br_empty_monoT	1731496	pss_wip	isabelle/layerB/pss_wip.thy	91380
3135	pss_wip.crg_slice_value_of_trunk	1731570	pss_wip	isabelle/layerB/pss_wip.thy	91399
3136	pss_wip.crg_slice_red_value_trunk	1731678	pss_wip	isabelle/layerB/pss_wip.thy	91461
3137	pss_wip.crg_d4a_trunk	1731866	pss_wip	isabelle/layerB/pss_wip.thy	91554
3138	pss_wip.crg_d4a_all	1731966	pss_wip	isabelle/layerB/pss_wip.thy	91688
3139	pss_wip.crg_various_scb_IIIIV	1732596	pss_wip	isabelle/layerB/pss_wip.thy	91725
3140	pss_wip.crg_condIII_mnform	1733182	pss_wip	isabelle/layerB/pss_wip.thy	91791
3141	pss_wip.crg_condIII_exchange13	1733622	pss_wip	isabelle/layerB/pss_wip.thy	92094
3142	pss_wip.crg_condIII_descent	1733926	pss_wip	isabelle/layerB/pss_wip.thy	92248
3143	pss_wip.crg_condIII_exchange_full	1734262	pss_wip	isabelle/layerB/pss_wip.thy	92351
3144	pss_wip.orx_OTint	1734934	pss_wip	isabelle/layerB/pss_wip.thy	92426
3145	pss_wip.orx_OTpred	1735332	pss_wip	isabelle/layerB/pss_wip.thy	92450
3146	pss_wip.orx_OTmulti	1735570	pss_wip	isabelle/layerB/pss_wip.thy	92475
3147	pss_wip.orx_Trans_preserves_OT	1736228	pss_wip	isabelle/layerB/pss_wip.thy	92506
3148	pss_wip.vg2x_prefix_geom	1736502	pss_wip	isabelle/layerB/pss_wip.thy	92559
3149	pss_wip.vg2x_prefix_TrMax	1736622	pss_wip	isabelle/layerB/pss_wip.thy	92663
3150	pss_wip.vg2x_prefix_Br	1736694	pss_wip	isabelle/layerB/pss_wip.thy	92668
3151	pss_wip.vg2x_prefix_LngBr	1736802	pss_wip	isabelle/layerB/pss_wip.thy	92673
3152	pss_wip.vg2x_prefix_bgt	1736860	pss_wip	isabelle/layerB/pss_wip.thy	92678
3153	pss_wip.vg2x_prefix_blt	1736882	pss_wip	isabelle/layerB/pss_wip.thy	92683
3154	pss_wip.vg2x_N_DT	1736916	pss_wip	isabelle/layerB/pss_wip.thy	92691
3155	pss_wip.vg2x_prefix_fn	1736962	pss_wip	isabelle/layerB/pss_wip.thy	92711
3156	pss_wip.vg2x_prefix_entry	1737058	pss_wip	isabelle/layerB/pss_wip.thy	92744
3157	pss_wip.vg2x_prefix_joints	1737200	pss_wip	isabelle/layerB/pss_wip.thy	92780
3158	pss_wip.vg2x_trunk_prefix	1737300	pss_wip	isabelle/layerB/pss_wip.thy	92832
3159	pss_wip.vg2x_eqdiag_M	1737620	pss_wip	isabelle/layerB/pss_wip.thy	92870
3160	pss_wip.vg2x_cfbx_reg	1737934	pss_wip	isabelle/layerB/pss_wip.thy	92971
3161	pss_wip.vg2x_VE2_reg	1738034	pss_wip	isabelle/layerB/pss_wip.thy	93037
3162	pss_wip.vg2x_VE2_trunk	1738086	pss_wip	isabelle/layerB/pss_wip.thy	93069
3163	pss_wip.vg2x_VE2	1738158	pss_wip	isabelle/layerB/pss_wip.thy	93126
3164	pss_wip.vg2x_VE34_backpeel	1738532	pss_wip	isabelle/layerB/pss_wip.thy	93197
3165	pss_wip.vg2x_VE34_of_reg	1738836	pss_wip	isabelle/layerB/pss_wip.thy	93247
3166	pss_wip.c3cx_nextrel0_adj_of_le0	1738920	pss_wip	isabelle/layerB/pss_wip.thy	93320
3167	pss_wip.c3cx_M0RUN_of_a	1739016	pss_wip	isabelle/layerB/pss_wip.thy	93354
3168	pss_wip.c4wx_d3_all	1739204	pss_wip	isabelle/layerB/pss_wip.thy	93453
3169	pss_wip.c4wx_condIV_exchange_full_of_regimes	1739580	pss_wip	isabelle/layerB/pss_wip.thy	93570
3170	pss_wip.mcx_d_le_last_joint	1739736	pss_wip	isabelle/layerB/pss_wip.thy	93647
3171	pss_wip.mcx_MCOND_RN	1740262	pss_wip	isabelle/layerB/pss_wip.thy	93796
3172	pss_wip.mcx_regS	1740366	pss_wip	isabelle/layerB/pss_wip.thy	94021
3173	pss_wip.mcx_regSP_of_diag	1740778	pss_wip	isabelle/layerB/pss_wip.thy	94051
3174	pss_wip.vg3x_le0_lt1	1740818	pss_wip	isabelle/layerB/pss_wip.thy	94242
3175	pss_wip.vg3x_le0_lt2	1740848	pss_wip	isabelle/layerB/pss_wip.thy	94243
3176	pss_wip.vg3x_le0_rtc	1740882	pss_wip	isabelle/layerB/pss_wip.thy	94244
3177	pss_wip.vg3x_nextrel0_imp_le0	1740910	pss_wip	isabelle/layerB/pss_wip.thy	94245
3178	pss_wip.vg3x_row1_parent_of_le0ances	1740986	pss_wip	isabelle/layerB/pss_wip.thy	94255
3179	pss_wip.vg3x_row1_le_row0	1741066	pss_wip	isabelle/layerB/pss_wip.thy	94312
3180	pss_wip.vg3x_ROW10	1741162	pss_wip	isabelle/layerB/pss_wip.thy	94397
3181	pss_wip.vg3x_VE2	1741526	pss_wip	isabelle/layerB/pss_wip.thy	94418
3182	pss_wip.vg3x_VE34_backpeel	1741892	pss_wip	isabelle/layerB/pss_wip.thy	94480
3183	pss_wip.vg3x_VE34_of_DT	1742200	pss_wip	isabelle/layerB/pss_wip.thy	94529
3184	pss_wip.otlx_OTint_of_operB_eq	1742328	pss_wip	isabelle/layerB/pss_wip.thy	94633
3185	pss_wip.otlx_OTint_of_op0tower	1742486	pss_wip	isabelle/layerB/pss_wip.thy	94646
3186	pss_wip.otlx_OTint_condVI	1742624	pss_wip	isabelle/layerB/pss_wip.thy	94663
3187	pss_wip.otlx_OTint_condI	1742740	pss_wip	isabelle/layerB/pss_wip.thy	94690
3188	pss_wip.otlx_OTint_condV_adm	1742920	pss_wip	isabelle/layerB/pss_wip.thy	94707
3189	pss_wip.otlx_OTint_local	1743582	pss_wip	isabelle/layerB/pss_wip.thy	94725
3190	pss_wip.otlx_Trans_preserves_OT_localOTint	1745366	pss_wip	isabelle/layerB/pss_wip.thy	94788
3191	pss_wip.dgx_regSP_diag_of_lt	1745960	pss_wip	isabelle/layerB/pss_wip.thy	94864
3192	pss_wip.dgx_regSP_of_lt	1746188	pss_wip	isabelle/layerB/pss_wip.thy	95014
3193	pss_wip.dgx_M0RUN_ineq_of_le0anc	1746274	pss_wip	isabelle/layerB/pss_wip.thy	95054
3194	pss_wip.dgx_M0RUN_of_le0anc	1746350	pss_wip	isabelle/layerB/pss_wip.thy	95072
3195	pss_wip.vg4x_VE34_backpeel	1746700	pss_wip	isabelle/layerB/pss_wip.thy	95133
3196	pss_wip.vg4x_RPERS	1746822	pss_wip	isabelle/layerB/pss_wip.thy	95186
3197	pss_wip.vg4x_VE34_of_DT	1747050	pss_wip	isabelle/layerB/pss_wip.thy	95296
3198	pss_wip.vg4x_base_transJ0	1747170	pss_wip	isabelle/layerB/pss_wip.thy	95326
3199	pss_wip.vg4x_base_nadm	1747224	pss_wip	isabelle/layerB/pss_wip.thy	95342
3200	pss_wip.vg4x_base_Adm0	1747280	pss_wip	isabelle/layerB/pss_wip.thy	95362
3201	pss_wip.vg4x_base_j1gt	1747344	pss_wip	isabelle/layerB/pss_wip.thy	95382
3202	pss_wip.vg4x_base_notCondA	1747456	pss_wip	isabelle/layerB/pss_wip.thy	95408
3203	pss_wip.c4rx_condIV_regS_of_noguard	1747534	pss_wip	isabelle/layerB/pss_wip.thy	95502
3204	pss_wip.c4rx_condIV_exchange_full	1747908	pss_wip	isabelle/layerB/pss_wip.thy	95512
3205	pss_wip.cfvx_OTint_condV_adm_split	1748184	pss_wip	isabelle/layerB/pss_wip.thy	95585
3206	pss_wip.cfvx_OTint_local_condVadm_corrected	1749058	pss_wip	isabelle/layerB/pss_wip.thy	95612
3207	pss_wip.lbx_nextrel0_jm2_succ	1749116	pss_wip	isabelle/layerB/pss_wip.thy	95716
3208	pss_wip.lbx_row0_diag_step	1749168	pss_wip	isabelle/layerB/pss_wip.thy	95730
3209	pss_wip.lbx_le0_jm2_j0	1749208	pss_wip	isabelle/layerB/pss_wip.thy	95750
3210	pss_wip.lbx_M0RUN_of_anc0	1749266	pss_wip	isabelle/layerB/pss_wip.thy	95780
3211	pss_wip.lbx_condIII_exchange_full_of_anc0	1749446	pss_wip	isabelle/layerB/pss_wip.thy	95803
3212	pss_wip.lbx_crg_condIII_exchange_full_reduced	1749672	pss_wip	isabelle/layerB/pss_wip.thy	95844
3213	pss_wip.vg5x_base_transM_form	1749774	pss_wip	isabelle/layerB/pss_wip.thy	95906
3214	pss_wip.vg5x_base_VE34_of_bridges	1749836	pss_wip	isabelle/layerB/pss_wip.thy	95982
3215	pss_wip.vg5x_base_VE34_modBridges	1749866	pss_wip	isabelle/layerB/pss_wip.thy	96028
3216	pss_wip.otx_otIII_of_keystone	1750212	pss_wip	isabelle/layerB/pss_wip.thy	96150
3217	pss_wip.otx_otIV_of_keystone	1750338	pss_wip	isabelle/layerB/pss_wip.thy	96173
3218	pss_wip.otx_otVnadm_of_keystone	1750844	pss_wip	isabelle/layerB/pss_wip.thy	96196
3219	pss_wip.otx_otVadmDeep_of_keystone	1751326	pss_wip	isabelle/layerB/pss_wip.thy	96220
3220	pss_wip.lb2x_nextrel0_condA	1751482	pss_wip	isabelle/layerB/pss_wip.thy	96275
3221	pss_wip.lb2x_le0_row0_bound	1751556	pss_wip	isabelle/layerB/pss_wip.thy	96308
3222	pss_wip.lb2x_le0_gap_consec	1751570	pss_wip	isabelle/layerB/pss_wip.thy	96331
3223	pss_wip.lb2x_anc0_of_wgap	1751580	pss_wip	isabelle/layerB/pss_wip.thy	96357
3224	pss_wip.lb2x_crg_condIII_exchange_full_wgap	1751642	pss_wip	isabelle/layerB/pss_wip.thy	96380
3225	pss_wip.lb2x_regSP_of_lt_eqd	1751664	pss_wip	isabelle/layerB/pss_wip.thy	96435
3226	pss_wip.vg6x_addBT_split_lastD	1751682	pss_wip	isabelle/layerB/pss_wip.thy	96501
3227	pss_wip.vg6x_bridges_of_VE34	1751716	pss_wip	isabelle/layerB/pss_wip.thy	96535
3228	pss_wip.vg6x_base_princMp	1751754	pss_wip	isabelle/layerB/pss_wip.thy	96593
3229	pss_wip.vg6x_base_princN	1751762	pss_wip	isabelle/layerB/pss_wip.thy	96622
3230	pss_wip.vg6x_base_bridges_of_VE34	1751822	pss_wip	isabelle/layerB/pss_wip.thy	96658
3231	pss_wip.vg6x_base_bridges_iff_VE34	1751848	pss_wip	isabelle/layerB/pss_wip.thy	96696
3232	pss_wip.vs2x_addBT_assoc	1751856	pss_wip	isabelle/layerB/pss_wip.thy	96759
3233	pss_wip.vs2x_addBT_ne0_left	1751866	pss_wip	isabelle/layerB/pss_wip.thy	96762
3234	pss_wip.vs2x_VE34_step	1751900	pss_wip	isabelle/layerB/pss_wip.thy	96800
3235	pss_wip.vs2x_VE34_step_of_residuals	1751938	pss_wip	isabelle/layerB/pss_wip.thy	96837
3236	pss_wip.wgx37_m0run_ineq_of_e1ge	1751944	pss_wip	isabelle/layerB/pss_wip.thy	96914
3237	pss_wip.wgx37_m0run_of_e1ge	1751950	pss_wip	isabelle/layerB/pss_wip.thy	96930
3238	pss_wip.wgx37_e1ge_of_anc	1751956	pss_wip	isabelle/layerB/pss_wip.thy	96942
3239	pss_wip.wgx37_condIII_exchange_full_of_ineq	1751984	pss_wip	isabelle/layerB/pss_wip.thy	96959
3240	pss_wip.wgx37_condIII_exchange_full_of_e1ge	1752084	pss_wip	isabelle/layerB/pss_wip.thy	96990
3241	pss_wip.slx37_strictlt_eqd	1752096	pss_wip	isabelle/layerB/pss_wip.thy	97052
3242	pss_wip.slx37_regSP_uncond	1752102	pss_wip	isabelle/layerB/pss_wip.thy	97329
3243	pss_wip.vg7x_reg4_DT	1752116	pss_wip	isabelle/layerB/pss_wip.thy	97389
3244	pss_wip.vg7x_VE34_backpeel	1752124	pss_wip	isabelle/layerB/pss_wip.thy	97408
3245	pss_wip.vg7x_RPERS	1752158	pss_wip	isabelle/layerB/pss_wip.thy	97463
3246	pss_wip.vg7x_VE34_of_DT	1752420	pss_wip	isabelle/layerB/pss_wip.thy	97503
3247	pss_wip.vg7x_condIIIV_of_DT	1752962	pss_wip	isabelle/layerB/pss_wip.thy	97539
3248	pss_wip.e1x_child_is_FN	1753146	pss_wip	isabelle/layerB/pss_wip.thy	97622
3249	pss_wip.e1x_ineq_nonanc	1753330	pss_wip	isabelle/layerB/pss_wip.thy	97657
3250	pss_wip.e1x_e1ge_uncond	1753438	pss_wip	isabelle/layerB/pss_wip.thy	97869
3251	pss_wip.e1x_condIII_exchange_full_uncond	1753636	pss_wip	isabelle/layerB/pss_wip.thy	97898
3252	pss_wip.e1x_condIII_exchange_full_crg_uncond	1753844	pss_wip	isabelle/layerB/pss_wip.thy	97927
3253	pss_wip.vg8x_base_transM_form	1753850	pss_wip	isabelle/layerB/pss_wip.thy	98001
3254	pss_wip.vg8x_base_VE34_modBridges	1753898	pss_wip	isabelle/layerB/pss_wip.thy	98015
3255	pss_wip.vg8x_BASE_of_bridgesR	1753948	pss_wip	isabelle/layerB/pss_wip.thy	98040
3256	pss_wip.vg8x_VE34_of_DT_modBridgesR	1754016	pss_wip	isabelle/layerB/pss_wip.thy	98073
3257	pss_wip.vg8x_terminal_slice_DT	1754044	pss_wip	isabelle/layerB/pss_wip.thy	98108
3258	pss_wip.vs3x_addBT_lastidx	1754084	pss_wip	isabelle/layerB/pss_wip.thy	98177
3259	pss_wip.vs3x_step_transM_form	1754090	pss_wip	isabelle/layerB/pss_wip.thy	98190
3260	pss_wip.vs3x_VE34_step_modBridges	1754124	pss_wip	isabelle/layerB/pss_wip.thy	98378
3261	pss_wip.vs3x_VE34_of_DT_modBridges	1754218	pss_wip	isabelle/layerB/pss_wip.thy	98421
3262	pss_wip.cpx_d4a_all	1754298	pss_wip	isabelle/layerB/pss_wip.thy	98511
3263	pss_wip.cpx_various_scb_IIIIV	1754982	pss_wip	isabelle/layerB/pss_wip.thy	98539
3264	pss_wip.cpx_condIII_mnform	1755452	pss_wip	isabelle/layerB/pss_wip.thy	98605
3265	pss_wip.cpx_condIII_exchange13	1755894	pss_wip	isabelle/layerB/pss_wip.thy	98908
3266	pss_wip.cpx_condIII_descent	1756054	pss_wip	isabelle/layerB/pss_wip.thy	99062
3267	pss_wip.cpx_condIII_exchange_full	1756224	pss_wip	isabelle/layerB/pss_wip.thy	99165
3268	pss_wip.cpx_condIII_exchange_uncond	1756246	pss_wip	isabelle/layerB/pss_wip.thy	99204
3269	pss_wip.cpx_exchIII_slot	1756370	pss_wip	isabelle/layerB/pss_wip.thy	99264
3270	pss_wip.bux_terminal_slice_ready	1756452	pss_wip	isabelle/layerB/pss_wip.thy	99317
3271	pss_wip.otkx_leBT_Trans_of_prefix	1756518	pss_wip	isabelle/layerB/pss_wip.thy	99437
3272	pss_wip.otkx_multiD_of_pcomp_prefix	1756640	pss_wip	isabelle/layerB/pss_wip.thy	99455
3273	pss_wip.kyx_terminal_slice_keystone	1756842	pss_wip	isabelle/layerB/pss_wip.thy	99548
3274	pss_wip.kyx_terminal_slice_leadform	1756914	pss_wip	isabelle/layerB/pss_wip.thy	99604
3275	pss_wip.kyx_bridgesU_of_readoff	1757046	pss_wip	isabelle/layerB/pss_wip.thy	99659
3276	pss_wip.kyx_VE34_of_DT_modReadoff	1757208	pss_wip	isabelle/layerB/pss_wip.thy	99693
3277	pss_wip.rgx_between_extends	1757284	pss_wip	isabelle/layerB/pss_wip.thy	99817
3278	pss_wip.rgx_size_Trm_append	1757314	pss_wip	isabelle/layerB/pss_wip.thy	99859
3279	pss_wip.rgx_gbt_prefix_restrict	1757368	pss_wip	isabelle/layerB/pss_wip.thy	99877
3280	pss_wip.rgx_gbt_of_appg	1757460	pss_wip	isabelle/layerB/pss_wip.thy	99906
3281	pss_wip.rgx_appg_split	1757536	pss_wip	isabelle/layerB/pss_wip.thy	99929
3282	pss_wip.rgx_dstep_wholebody_case	1757670	pss_wip	isabelle/layerB/pss_wip.thy	99958
3283	pss_wip.rgx_dstep_properprefix_case	1757762	pss_wip	isabelle/layerB/pss_wip.thy	100006
3284	pss_wip.rgx_resid_of_parts	1758084	pss_wip	isabelle/layerB/pss_wip.thy	100047
3285	pss_wip.rgx_Trans_preserves_OT_modIH	1758414	pss_wip	isabelle/layerB/pss_wip.thy	100209
3286	pss_wip.rgx_Trans_preserves_OT_of_slots	1758822	pss_wip	isabelle/layerB/pss_wip.thy	100272
3287	pss_wip.cpx_d2_condIV	1758864	pss_wip	isabelle/layerB/pss_wip.thy	100405
3288	pss_wip.cpx_d3_condIV	1758882	pss_wip	isabelle/layerB/pss_wip.thy	100491
3289	pss_wip.cpx_condIV_exchange_full	1758910	pss_wip	isabelle/layerB/pss_wip.thy	100623
3290	pss_wip.cpx_condIV_exchange_uncond	1758930	pss_wip	isabelle/layerB/pss_wip.thy	100673
3291	pss_wip.cnx_condIV_Trans_c2_decomp	1758948	pss_wip	isabelle/layerB/pss_wip.thy	100742
3292	pss_wip.cnx_condIV_exchange_alluncond	1759040	pss_wip	isabelle/layerB/pss_wip.thy	100788
3293	pss_wip.rdx_bridgesU_readoff	1759084	pss_wip	isabelle/layerB/pss_wip.thy	100874
3294	pss_wip.rdx_VE34_of_DT	1759198	pss_wip	isabelle/layerB/pss_wip.thy	100928
3295	pss_wip.snx_newOT_of_sliceTrans	1759472	pss_wip	isabelle/layerB/pss_wip.thy	101023
3296	pss_wip.snx_slotNewOT_modSlice	1759630	pss_wip	isabelle/layerB/pss_wip.thy	101042
3297	pss_wip.sax_slotAppg_modcore	1759802	pss_wip	isabelle/layerB/pss_wip.thy	101096
3298	pss_wip.stx_slotTail_properprefix_from_descent	1759896	pss_wip	isabelle/layerB/pss_wip.thy	101167
3299	pss_wip.npx_oper_noParent_Pred	1759986	pss_wip	isabelle/layerB/pss_wip.thy	101281
3300	pss_wip.npx_le0_last_entry_ge	1760052	pss_wip	isabelle/layerB/pss_wip.thy	101304
3301	pss_wip.npx_domB_TBv_head	1760124	pss_wip	isabelle/layerB/pss_wip.thy	101375
3302	pss_wip.npx_domB_Trans_TBv	1760236	pss_wip	isabelle/layerB/pss_wip.thy	101419
3303	pss_wip.npx_operB_numBT0_Pred_condIII	1760328	pss_wip	isabelle/layerB/pss_wip.thy	101500
3304	pss_wip.npx_noParentPred	1760402	pss_wip	isabelle/layerB/pss_wip.thy	101595
3305	pss_wip.npx_exchIII_slot_uncond	1760520	pss_wip	isabelle/layerB/pss_wip.thy	101624
3306	pss_wip.cnv_condIV_ltJ	1760592	pss_wip	isabelle/layerB/pss_wip.thy	101690
3307	pss_wip.cnv_c2_shape_condIV	1760698	pss_wip	isabelle/layerB/pss_wip.thy	101719
3308	pss_wip.cnv_body_grow	1760758	pss_wip	isabelle/layerB/pss_wip.thy	101757
3309	pss_wip.cnv_nested_hole_pair	1760812	pss_wip	isabelle/layerB/pss_wip.thy	101788
3310	pss_wip.cnv_A0lt_of_nest	1760922	pss_wip	isabelle/layerB/pss_wip.thy	101843
3311	pss_wip.cnv_base1_of_nest	1761058	pss_wip	isabelle/layerB/pss_wip.thy	101903
3312	pss_wip.cnv_base0_of_run	1761240	pss_wip	isabelle/layerB/pss_wip.thy	102029
3313	pss_wip.cnv_condIV_nonadmeq_exchange13	1761486	pss_wip	isabelle/layerB/pss_wip.thy	102242
3314	pss_wip.cnv_condIV_nonadmeq_descent	1761708	pss_wip	isabelle/layerB/pss_wip.thy	102393
3315	pss_wip.cnv_nonadmeq_exch	1761954	pss_wip	isabelle/layerB/pss_wip.thy	102500
3316	pss_wip.cnv_condIV_exchange_final	1762186	pss_wip	isabelle/layerB/pss_wip.thy	102553
3317	pss_wip.bpx_nth_overflow	1762380	pss_wip	isabelle/layerB/pss_wip.thy	102684
3318	pss_wip.bpx_growth_transport	1762510	pss_wip	isabelle/layerB/pss_wip.thy	102702
3319	pss_wip.bpx_step_setup	1762612	pss_wip	isabelle/layerB/pss_wip.thy	102730
3320	pss_wip.bpx_Br_head_entries_Pred	1762668	pss_wip	isabelle/layerB/pss_wip.thy	102808
3321	pss_wip.bpx_finset_Pred_eq	1762758	pss_wip	isabelle/layerB/pss_wip.thy	102840
3322	pss_wip.bpx_fin_Pred	1762832	pss_wip	isabelle/layerB/pss_wip.thy	102857
3323	pss_wip.bpx_LastStep_Pred	1762862	pss_wip	isabelle/layerB/pss_wip.thy	102872
3324	pss_wip.bpx_m1_Pred	1762908	pss_wip	isabelle/layerB/pss_wip.thy	102914
3325	pss_wip.bpx_front_Pred	1762928	pss_wip	isabelle/layerB/pss_wip.thy	102945
3326	pss_wip.bpx_term_Pred	1762942	pss_wip	isabelle/layerB/pss_wip.thy	102981
3327	pss_wip.bpx_VE3_step	1763072	pss_wip	isabelle/layerB/pss_wip.thy	103023
3328	pss_wip.bpx_step_form_pinned	1763174	pss_wip	isabelle/layerB/pss_wip.thy	103085
3329	pss_wip.bpx_VE34_step_modTSPIN	1763240	pss_wip	isabelle/layerB/pss_wip.thy	103234
3330	pss_wip.bpx_VE34_backpeel_fin	1763500	pss_wip	isabelle/layerB/pss_wip.thy	103271
3331	pss_wip.bpx_VE34_of_DT_modBASE_TSPIN	1763694	pss_wip	isabelle/layerB/pss_wip.thy	103347
3332	pss_wip.spx_slotTail_eqhead_of_deposit_hosts	1763726	pss_wip	isabelle/layerB/pss_wip.thy	103456
3333	pss_wip.spx_slotTail_modDevel	1763886	pss_wip	isabelle/layerB/pss_wip.thy	103484
3334	pss_wip.tsx_scb_Dpt_lift	1763968	pss_wip	isabelle/layerB/pss_wip.thy	103577
3335	pss_wip.tsx_jp_geom	1764252	pss_wip	isabelle/layerB/pss_wip.thy	103596
3336	pss_wip.tsx_Mp_facts	1764610	pss_wip	isabelle/layerB/pss_wip.thy	103645
3337	pss_wip.tsx_parent_slice	1764868	pss_wip	isabelle/layerB/pss_wip.thy	103685
3338	pss_wip.tsx_Adm_slice	1765052	pss_wip	isabelle/layerB/pss_wip.thy	103729
3339	pss_wip.tsx_c1_eq	1765200	pss_wip	isabelle/layerB/pss_wip.thy	103771
3340	pss_wip.tsx_entry_transport	1765346	pss_wip	isabelle/layerB/pss_wip.thy	103899
3341	pss_wip.tsx_cond_transport	1765374	pss_wip	isabelle/layerB/pss_wip.thy	103934
3342	pss_wip.tsx_c2_eq	1765388	pss_wip	isabelle/layerB/pss_wip.thy	103971
3343	pss_wip.tsx_t1_identified	1765426	pss_wip	isabelle/layerB/pss_wip.thy	104001
3344	pss_wip.tsx_assembly	1765648	pss_wip	isabelle/layerB/pss_wip.thy	104073
3345	pss_wip.tsx_TSPIN	1765848	pss_wip	isabelle/layerB/pss_wip.thy	104267
3346	pss_wip.tsx_VE34_step	1766116	pss_wip	isabelle/layerB/pss_wip.thy	104300
3347	pss_wip.tsx_VE34_of_DT_modBASE	1766424	pss_wip	isabelle/layerB/pss_wip.thy	104316
3348	pss_wip.bfx_base_setup	1766578	pss_wip	isabelle/layerB/pss_wip.thy	104483
3349	pss_wip.bfx_gtN	1766686	pss_wip	isabelle/layerB/pss_wip.thy	104527
3350	pss_wip.bfx_LastStep_le	1766828	pss_wip	isabelle/layerB/pss_wip.thy	104553
3351	pss_wip.bfx_run_prev	1767042	pss_wip	isabelle/layerB/pss_wip.thy	104581
3352	pss_wip.bfx_JEQ	1767200	pss_wip	isabelle/layerB/pss_wip.thy	104639
3353	pss_wip.bfx_BrLen_Pred_base	1767332	pss_wip	isabelle/layerB/pss_wip.thy	104718
3354	pss_wip.bfx_BrPne_base	1767398	pss_wip	isabelle/layerB/pss_wip.thy	104731
3355	pss_wip.bfx_TrMax_Pred_base	1767462	pss_wip	isabelle/layerB/pss_wip.thy	104744
3356	pss_wip.bfx_PredDT_base	1767508	pss_wip	isabelle/layerB/pss_wip.thy	104755
3357	pss_wip.bfx_head_Pred_base	1767600	pss_wip	isabelle/layerB/pss_wip.thy	104769
3358	pss_wip.bfx_tgt_Pred_base	1767674	pss_wip	isabelle/layerB/pss_wip.thy	104789
3359	pss_wip.bfx_gtP_base	1767684	pss_wip	isabelle/layerB/pss_wip.thy	104809
3360	pss_wip.bfx_finset_mem_lt_base	1767696	pss_wip	isabelle/layerB/pss_wip.thy	104834
3361	pss_wip.bfx_fin_Pred_base	1767702	pss_wip	isabelle/layerB/pss_wip.thy	104860
3362	pss_wip.bfx_LastStep_Pred_base	1767708	pss_wip	isabelle/layerB/pss_wip.thy	104893
3363	pss_wip.bfx_Joints_Pred_last	1767714	pss_wip	isabelle/layerB/pss_wip.thy	104946
3364	pss_wip.bfx_FN_Pred_LS_base	1767720	pss_wip	isabelle/layerB/pss_wip.thy	104970
3365	pss_wip.bfx_front_Pred_base	1767728	pss_wip	isabelle/layerB/pss_wip.thy	104988
3366	pss_wip.bfx_term_Pred_base	1767734	pss_wip	isabelle/layerB/pss_wip.thy	105021
3367	pss_wip.bfx_RPERS_base	1767742	pss_wip	isabelle/layerB/pss_wip.thy	105063
3368	pss_wip.bfx_VE3_base_step	1767750	pss_wip	isabelle/layerB/pss_wip.thy	105113
3369	pss_wip.bfx_VE34_base_step_modTSPIN	1767756	pss_wip	isabelle/layerB/pss_wip.thy	105174
3370	pss_wip.bfx_VE34_base_run0_modTSPIN	1767766	pss_wip	isabelle/layerB/pss_wip.thy	105212
3371	pss_wip.bfx_VE34_backpeel_fin3	1767772	pss_wip	isabelle/layerB/pss_wip.thy	105252
3372	pss_wip.bfx_VE34_of_reg_modTSPIN_PIN_SPLIT0	1767778	pss_wip	isabelle/layerB/pss_wip.thy	105353
3373	pss_wip.bfx_VE34_base_modTSPIN_PIN_SPLIT0	1767784	pss_wip	isabelle/layerB/pss_wip.thy	105438
3374	pss_wip.bfx_VE34_of_DT_modTSPIN_PIN_SPLIT0	1767790	pss_wip	isabelle/layerB/pss_wip.thy	105477
3375	pss_wip.dvx_standard_component	1767798	pss_wip	isabelle/layerB/pss_wip.thy	105605
3376	pss_wip.dvx_standard_last_component	1767804	pss_wip	isabelle/layerB/pss_wip.thy	105614
3377	pss_wip.dvx_multi_last_principal	1767812	pss_wip	isabelle/layerB/pss_wip.thy	105636
3378	pss_wip.dvx_slice_of_multi_host	1767832	pss_wip	isabelle/layerB/pss_wip.thy	105654
3379	pss_wip.dvx_devel_of_parts	1767838	pss_wip	isabelle/layerB/pss_wip.thy	105670
3380	pss_wip.dvx_devel_of_devpair	1767860	pss_wip	isabelle/layerB/pss_wip.thy	105705
3381	pss_wip.dvx_devpair_of_multi_host	1767880	pss_wip	isabelle/layerB/pss_wip.thy	105741
3382	pss_wip.dvx_slotTail_modDevpair	1768004	pss_wip	isabelle/layerB/pss_wip.thy	105765
3383	pss_wip.dvx_two_slots_of_devpair	1768162	pss_wip	isabelle/layerB/pss_wip.thy	105788
3384	pss_wip.dpx_condIV_noParent_operB0	1768254	pss_wip	isabelle/layerB/pss_wip.thy	105911
3385	pss_wip.dpx_exchIV_noParent	1768294	pss_wip	isabelle/layerB/pss_wip.thy	106063
3386	pss_wip.dpx_exchIV_slot_uncond	1768340	pss_wip	isabelle/layerB/pss_wip.thy	106085
3387	pss_wip.dpx_exchVI_slot_uncond	1768432	pss_wip	isabelle/layerB/pss_wip.thy	106114
3388	pss_wip.dpx_fseq_descend_census	1768500	pss_wip	isabelle/layerB/pss_wip.thy	106162
3389	pss_wip.bgx_base_core	1768540	pss_wip	isabelle/layerB/pss_wip.thy	106276
3390	pss_wip.bgx_base_form_notleft	1768610	pss_wip	isabelle/layerB/pss_wip.thy	106329
3391	pss_wip.bgx_base_form_left	1768660	pss_wip	isabelle/layerB/pss_wip.thy	106365
3392	pss_wip.bgx_Mp_form	1768680	pss_wip	isabelle/layerB/pss_wip.thy	106407
3393	pss_wip.bgx_VE34_base_step	1768694	pss_wip	isabelle/layerB/pss_wip.thy	106565
3394	pss_wip.bgx_front_run0	1768708	pss_wip	isabelle/layerB/pss_wip.thy	106648
3395	pss_wip.bgx_VE34_base_run0_mod	1768726	pss_wip	isabelle/layerB/pss_wip.thy	106689
3396	pss_wip.bgx_VE34_of_reg_modNOTLEFT_HEADEQ	1768748	pss_wip	isabelle/layerB/pss_wip.thy	106728
3397	pss_wip.bgx_headedge	1768790	pss_wip	isabelle/layerB/pss_wip.thy	106811
3398	pss_wip.bgx_leBT_headV	1768798	pss_wip	isabelle/layerB/pss_wip.thy	106842
3399	pss_wip.bgx_lastPB	1768822	pss_wip	isabelle/layerB/pss_wip.thy	106850
3400	pss_wip.bgx_trunk_Trans	1768856	pss_wip	isabelle/layerB/pss_wip.thy	106875
3401	pss_wip.bgx_notleft_run0	1768886	pss_wip	isabelle/layerB/pss_wip.thy	106972
3402	pss_wip.bgx_VE34_of_reg_modHEADEQ	1768912	pss_wip	isabelle/layerB/pss_wip.thy	107245
3403	pss_wip.bgx_VE34_of_DT_modHEADEQ	1768944	pss_wip	isabelle/layerB/pss_wip.thy	107275
3404	pss_wip.dpr_oper_d01	1768954	pss_wip	isabelle/layerB/pss_wip.thy	107362
3405	pss_wip.dpr_oper_d10	1768976	pss_wip	isabelle/layerB/pss_wip.thy	107383
3406	pss_wip.dpr_corner_host_ST	1768988	pss_wip	isabelle/layerB/pss_wip.thy	107410
3407	pss_wip.dpr_corner_Trans	1769002	pss_wip	isabelle/layerB/pss_wip.thy	107422
3408	pss_wip.dpr_corner_slice	1769046	pss_wip	isabelle/layerB/pss_wip.thy	107429
3409	pss_wip.dpr_devpair_of_eqdep	1769102	pss_wip	isabelle/layerB/pss_wip.thy	107444
3410	pss_wip.dpr_devpair_corner	1769256	pss_wip	isabelle/layerB/pss_wip.thy	107466
3411	pss_wip.dpr_dev_ST	1769442	pss_wip	isabelle/layerB/pss_wip.thy	107493
3412	pss_wip.dpr_dev_lessBT	1769478	pss_wip	isabelle/layerB/pss_wip.thy	107502
3413	pss_wip.dpr_devchain_of_devpair	1769560	pss_wip	isabelle/layerB/pss_wip.thy	107525
3414	pss_wip.dpr_devel_of_devchain	1769710	pss_wip	isabelle/layerB/pss_wip.thy	107556
3415	pss_wip.dpr_slotTail_modDevchain	1769734	pss_wip	isabelle/layerB/pss_wip.thy	107592
3416	pss_wip.dpr_two_slots_of_devchain	1769768	pss_wip	isabelle/layerB/pss_wip.thy	107616
3417	pss_wip.dpr_two_slots_corner	1769788	pss_wip	isabelle/layerB/pss_wip.thy	107653
3418	pss_wip.hgx_lessBT_single_cons	1769798	pss_wip	isabelle/layerB/pss_wip.thy	107724
3419	pss_wip.hgx_lessBT_leBT_trans	1769814	pss_wip	isabelle/layerB/pss_wip.thy	107743
3420	pss_wip.hgx_dom_lift	1769820	pss_wip	isabelle/layerB/pss_wip.thy	107753
3421	pss_wip.hgx_descP_ps_of_OT	1769826	pss_wip	isabelle/layerB/pss_wip.thy	107781
3422	pss_wip.hgx_qltdep_of_depOT_headgap	1769832	pss_wip	isabelle/layerB/pss_wip.thy	107796
3423	pss_wip.hgx_depdom_of_parts	1769840	pss_wip	isabelle/layerB/pss_wip.thy	107827
3424	pss_wip.hgx_depdom_of_sliceV0	1769874	pss_wip	isabelle/layerB/pss_wip.thy	107865
3425	pss_wip.hgx_qcore_of_depdom	1769972	pss_wip	isabelle/layerB/pss_wip.thy	107883
3426	pss_wip.hgx_Gcore_of_depdom	1770056	pss_wip	isabelle/layerB/pss_wip.thy	107899
3427	pss_wip.hgx_slotAppg_modDom	1770142	pss_wip	isabelle/layerB/pss_wip.thy	107923
3428	pss_wip.hgx_slotAppg_modSliceGaps	1770186	pss_wip	isabelle/layerB/pss_wip.thy	107958
3429	pss_wip.hgx_slotHeadWB_of_deple	1770278	pss_wip	isabelle/layerB/pss_wip.thy	108005
3430	pss_wip.mdx_P_allpairs_leBT_modFseq	1770352	pss_wip	isabelle/layerB/pss_wip.thy	108087
3431	pss_wip.mdx_comple_modFseq	1770404	pss_wip	isabelle/layerB/pss_wip.thy	108273
3432	pss_wip.mdx_multiD	1770448	pss_wip	isabelle/layerB/pss_wip.thy	108301
3433	pss_wip.mdx_Trans_preserves_OT_of_slots	1770698	pss_wip	isabelle/layerB/pss_wip.thy	108319
3434	pss_wip.hqx_Pred_seg	1770732	pss_wip	isabelle/layerB/pss_wip.thy	108411
3435	pss_wip.hqx_HEADEQ0	1770792	pss_wip	isabelle/layerB/pss_wip.thy	108441
3436	pss_wip.hqx_VE34_of_reg	1770864	pss_wip	isabelle/layerB/pss_wip.thy	108690
3437	pss_wip.hqx_VE34_of_DT	1770936	pss_wip	isabelle/layerB/pss_wip.thy	108701
3438	pss_wip.hqx_condIIIV_of_DT	1771066	pss_wip	isabelle/layerB/pss_wip.thy	108722
3439	pss_wip.dcx_Lng_funpow_IncrFirst	1771130	pss_wip	isabelle/layerB/pss_wip.thy	108858
3440	pss_wip.dcx_shift_standard_Trans	1771178	pss_wip	isabelle/layerB/pss_wip.thy	108861
3441	pss_wip.dcx_branch_Lng	1771208	pss_wip	isabelle/layerB/pss_wip.thy	108876
3442	pss_wip.dcx_branchwit_of_readoff	1771238	pss_wip	isabelle/layerB/pss_wip.thy	108897
3443	pss_wip.dcx_dev_two_step	1771272	pss_wip	isabelle/layerB/pss_wip.thy	108906
3444	pss_wip.dcx_devchain_of_branchwit	1771332	pss_wip	isabelle/layerB/pss_wip.thy	108923
3445	pss_wip.dcx_devchain	1771508	pss_wip	isabelle/layerB/pss_wip.thy	108963
3446	pss_wip.dcx_two_slots	1771716	pss_wip	isabelle/layerB/pss_wip.thy	108991
3447	pss_wip.dcx_slotTail	1771804	pss_wip	isabelle/layerB/pss_wip.thy	109022
3448	pss_wip.dcx_slotNewOT	1771866	pss_wip	isabelle/layerB/pss_wip.thy	109042
3449	pss_wip.ddx_lessBT_snoc	1771890	pss_wip	isabelle/layerB/pss_wip.thy	109110
3450	pss_wip.ddx_keystone_realign	1771916	pss_wip	isabelle/layerB/pss_wip.thy	109126
3451	pss_wip.ddx_preddom_of_predOT	1771922	pss_wip	isabelle/layerB/pss_wip.thy	109243
3452	pss_wip.ddx_transfer_append	1771928	pss_wip	isabelle/layerB/pss_wip.thy	109265
3453	pss_wip.ddx_transfer_of_append_shape	1771940	pss_wip	isabelle/layerB/pss_wip.thy	109372
3454	pss_wip.ddx_depdom_modResid	1771960	pss_wip	isabelle/layerB/pss_wip.thy	109397
3455	pss_wip.ddx_slotAppg	1771992	pss_wip	isabelle/layerB/pss_wip.thy	109452
3456	pss_wip.asx_comple_of_allpairs	1772066	pss_wip	isabelle/layerB/pss_wip.thy	109616
3457	pss_wip.asx_multiD_of_allpairs	1772216	pss_wip	isabelle/layerB/pss_wip.thy	109641
3458	pss_wip.asx_Trans_OT_of_slots_allpairs	1772266	pss_wip	isabelle/layerB/pss_wip.thy	109656
3459	pss_wip.asx_termination_census	1772334	pss_wip	isabelle/layerB/pss_wip.thy	109717
3460	pss_wip.asx_joint_induction	1772348	pss_wip	isabelle/layerB/pss_wip.thy	109790
3461	pss_wip.asx_fseqD_derived	1772354	pss_wip	isabelle/layerB/pss_wip.thy	109858
3462	pss_wip.asx_allpairs_of_fseqD	1772360	pss_wip	isabelle/layerB/pss_wip.thy	109871
3463	pss_wip.asx_devchain_takeover	1772384	pss_wip	isabelle/layerB/pss_wip.thy	109888
3464	pss_wip.apx_Trans_OT_all_of_step	1772432	pss_wip	isabelle/layerB/pss_wip.thy	109980
3465	pss_wip.apx_Trans_OT_all_of_otx_slots	1772526	pss_wip	isabelle/layerB/pss_wip.thy	110001
3466	pss_wip.apx_descent_of_otx_slots	1772684	pss_wip	isabelle/layerB/pss_wip.thy	110041
3467	pss_wip.apx_descent_of_step	1772776	pss_wip	isabelle/layerB/pss_wip.thy	110071
3468	pss_wip.apx_fseqD_grounded	1772956	pss_wip	isabelle/layerB/pss_wip.thy	110095
3469	pss_wip.apx_AP_grounded	1773090	pss_wip	isabelle/layerB/pss_wip.thy	110127
3470	pss_wip.apx_AP_grounded_of_step	1773162	pss_wip	isabelle/layerB/pss_wip.thy	110164
3471	pss_wip.apx_multiD_grounded	1773264	pss_wip	isabelle/layerB/pss_wip.thy	110199
3472	pss_wip.apx_termination_final	1773434	pss_wip	isabelle/layerB/pss_wip.thy	110241
3473	pss_wip.apx_termination_final_of_step	1773496	pss_wip	isabelle/layerB/pss_wip.thy	110278
3474	pss_wip.apx_OTstep_of_otx_slots	1773512	pss_wip	isabelle/layerB/pss_wip.thy	110311
3475	pss_wip.tvx_run_nadm_Rc	1773528	pss_wip	isabelle/layerB/pss_wip.thy	110390
3476	pss_wip.tvx_d_lt_TrMax	1773544	pss_wip	isabelle/layerB/pss_wip.thy	110442
3477	pss_wip.tvx_tailval_of_boundary	1773588	pss_wip	isabelle/layerB/pss_wip.thy	110527
3478	pss_wip.tvx_TVall_of_residuals	1773748	pss_wip	isabelle/layerB/pss_wip.thy	110706
3479	pss_wip.tvx_termination_modOT	1773978	pss_wip	isabelle/layerB/pss_wip.thy	110795
3480	pss_wip.tvx_fn_row_bound	1774002	pss_wip	isabelle/layerB/pss_wip.thy	110857
3481	pss_wip.tvx_TVall_of_LDJB_fin	1774014	pss_wip	isabelle/layerB/pss_wip.thy	110943
3482	pss_wip.tvx_termination_modOT_sharp	1774036	pss_wip	isabelle/layerB/pss_wip.thy	110958
3483	pss_wip.oix_lessBT_snoc_band	1774064	pss_wip	isabelle/layerB/pss_wip.thy	111068
3484	pss_wip.oix_G_prefix_lt	1774074	pss_wip	isabelle/layerB/pss_wip.thy	111110
3485	pss_wip.oix_concat_rep_snoc	1774280	pss_wip	isabelle/layerB/pss_wip.thy	111133
3486	pss_wip.oix_concat_rep_comm	1774288	pss_wip	isabelle/layerB/pss_wip.thy	111137
3487	pss_wip.oix_twr_shift	1774318	pss_wip	isabelle/layerB/pss_wip.thy	111141
3488	pss_wip.oix_twr_TB	1774328	pss_wip	isabelle/layerB/pss_wip.thy	111145
3489	pss_wip.oix_twr_flat	1774358	pss_wip	isabelle/layerB/pss_wip.thy	111165
3490	pss_wip.oix_twr_grow	1774384	pss_wip	isabelle/layerB/pss_wip.thy	111194
3491	pss_wip.oix_twr_base_mono	1774404	pss_wip	isabelle/layerB/pss_wip.thy	111211
3492	pss_wip.oix_twr_ord_lo	1774450	pss_wip	isabelle/layerB/pss_wip.thy	111241
3493	pss_wip.oix_twr_ord_hi	1774468	pss_wip	isabelle/layerB/pss_wip.thy	111246
3494	pss_wip.oix_condV_adm_newOT	1774550	pss_wip	isabelle/layerB/pss_wip.thy	111266
3495	pss_wip.oix_condV_adm_setle	1774576	pss_wip	isabelle/layerB/pss_wip.thy	111358
3496	pss_wip.oix_twr_ord_lo0	1774586	pss_wip	isabelle/layerB/pss_wip.thy	111454
3497	pss_wip.oix_twr_ord_hi0	1774598	pss_wip	isabelle/layerB/pss_wip.thy	111460
3498	pss_wip.oix_condV_adm_setle0	1774640	pss_wip	isabelle/layerB/pss_wip.thy	111470
3499	pss_wip.oix_transportD	1774750	pss_wip	isabelle/layerB/pss_wip.thy	111583
3500	pss_wip.oix_OTint_condV_adm	1774808	pss_wip	isabelle/layerB/pss_wip.thy	111599
3501	pss_wip.oix_OTint_slot	1775104	pss_wip	isabelle/layerB/pss_wip.thy	111742
3502	pss_wip.oix_census_modOPM	1775906	pss_wip	isabelle/layerB/pss_wip.thy	111784
3503	pss_wip.oix_W_twr_t2	1776076	pss_wip	isabelle/layerB/pss_wip.thy	111841
3504	pss_wip.oix_W_twr_D0	1776140	pss_wip	isabelle/layerB/pss_wip.thy	111845
3505	pss_wip.oix_bodyM_twr	1776204	pss_wip	isabelle/layerB/pss_wip.thy	111850
3506	pss_wip.oix_bodyO_twr	1776256	pss_wip	isabelle/layerB/pss_wip.thy	111858
3507	pss_wip.oix_leBT_trans	1776286	pss_wip	isabelle/layerB/pss_wip.thy	111876
3508	pss_wip.oix_descP_ge_last	1776360	pss_wip	isabelle/layerB/pss_wip.thy	111879
3509	pss_wip.oix_isOT_BP_head_antitone	1776400	pss_wip	isabelle/layerB/pss_wip.thy	111914
3510	pss_wip.oix_condV_G_guard_at	1776488	pss_wip	isabelle/layerB/pss_wip.thy	111929
3511	pss_wip.oix_condV_newOT_gen	1776626	pss_wip	isabelle/layerB/pss_wip.thy	111979
3512	pss_wip.oix_OTint_condV_nadm	1776900	pss_wip	isabelle/layerB/pss_wip.thy	112041
3513	pss_wip.oix_OTint_slot2	1777324	pss_wip	isabelle/layerB/pss_wip.thy	112196
3514	pss_wip.oix_census_modOPM2	1777576	pss_wip	isabelle/layerB/pss_wip.thy	112253
3515	pss_wip.wfs_max_eq0	1778556	pss_wip	isabelle/layerB/pss_wip.thy	112373
3516	pss_wip.wfs_max_fin	1778596	pss_wip	isabelle/layerB/pss_wip.thy	112376
3517	pss_wip.wfs_maxe_eq0	1778624	pss_wip	isabelle/layerB/pss_wip.thy	112379
3518	pss_wip.wfs_maxe_fin	1778684	pss_wip	isabelle/layerB/pss_wip.thy	112382
3519	pss_wip.wfs_lvT0_iff	1779650	pss_wip	isabelle/layerB/pss_wip.thy	112389
3520	pss_wip.wfs_lvP0_iff	1779700	pss_wip	isabelle/layerB/pss_wip.thy	112392
3521	pss_wip.wfs_lv_finT	1779746	pss_wip	isabelle/layerB/pss_wip.thy	112395
3522	pss_wip.wfs_szP_mem	1780306	pss_wip	isabelle/layerB/pss_wip.thy	112412
3523	pss_wip.wfs_szP_mem_lt	1780376	pss_wip	isabelle/layerB/pss_wip.thy	112415
3524	pss_wip.wfs_szT_arg_lt	1780418	pss_wip	isabelle/layerB/pss_wip.thy	112418
3525	pss_wip.wfs_szT_tl_lt	1780444	pss_wip	isabelle/layerB/pss_wip.thy	112425
3526	pss_wip.wfs_descP_le	1780494	pss_wip	isabelle/layerB/pss_wip.thy	112430
3527	pss_wip.wfs_enat_nlt0	1780526	pss_wip	isabelle/layerB/pss_wip.thy	112452
3528	pss_wip.wfs_strat0_aux	1780594	pss_wip	isabelle/layerB/pss_wip.thy	112461
3529	pss_wip.wfs_strat0_T	1780630	pss_wip	isabelle/layerB/pss_wip.thy	112567
3530	pss_wip.wfs_strat0_P	1780664	pss_wip	isabelle/layerB/pss_wip.thy	112574
3531	pss_wip.wfs_maxl_le	1780696	pss_wip	isabelle/layerB/pss_wip.thy	112600
3532	pss_wip.wfs_bdepthT_le	1780740	pss_wip	isabelle/layerB/pss_wip.thy	112603
3533	pss_wip.wfs_dmono_aux	1780854	pss_wip	isabelle/layerB/pss_wip.thy	112611
3534	pss_wip.wfs_dmono_T	1780912	pss_wip	isabelle/layerB/pss_wip.thy	112731
3535	pss_wip.wfs_dmono_P	1780942	pss_wip	isabelle/layerB/pss_wip.thy	112736
3536	pss_wip.wfs_closed_wf_acc	1780980	pss_wip	isabelle/layerB/pss_wip.thy	112759
3537	pss_wip.wfs_level0_acc	1780992	pss_wip	isabelle/layerB/pss_wip.thy	112790
3538	pss_wip.wfs_acc_levels_of_jump	1781074	pss_wip	isabelle/layerB/pss_wip.thy	112843
3539	pss_wip.wfs_wf_RPrel_of_level_jump	1781080	pss_wip	isabelle/layerB/pss_wip.thy	112868
3540	pss_wip.wfs_OT_B_wf_of_level_jump	1781146	pss_wip	isabelle/layerB/pss_wip.thy	112896
3541	pss_wip.wfs_wf_iff_all_acc	1781214	pss_wip	isabelle/layerB/pss_wip.thy	112901
3542	pss_wip.wfs_lessBP_total	1781254	pss_wip	isabelle/layerB/pss_wip.thy	112907
3543	pss_wip.wfs_acc_downclosed	1781314	pss_wip	isabelle/layerB/pss_wip.thy	112910
3544	pss_wip.wfs_Restr_acc_wf	1781494	pss_wip	isabelle/layerB/pss_wip.thy	112923
3545	pss_wip.wfs_accord_strict_sub	1781554	pss_wip	isabelle/layerB/pss_wip.thy	112951
3546	pss_wip.wfs_accord_wf_strict	1781638	pss_wip	isabelle/layerB/pss_wip.thy	112964
3547	pss_wip.wfs_accord_well_order	1781702	pss_wip	isabelle/layerB/pss_wip.thy	112967
3548	pss_wip.wfs_accord_Field	1781730	pss_wip	isabelle/layerB/pss_wip.thy	113001
3549	pss_wip.wfs_accord_Well_order	1781772	pss_wip	isabelle/layerB/pss_wip.thy	113012
3550	pss_wip.wfs_rk_Well_order	1781958	pss_wip	isabelle/layerB/pss_wip.thy	113031
3551	pss_wip.wfs_underS_accord	1781996	pss_wip	isabelle/layerB/pss_wip.thy	113034
3552	pss_wip.wfs_rk_ordLess	1782076	pss_wip	isabelle/layerB/pss_wip.thy	113061
3553	pss_wip.wfs_rank_semantic	1782110	pss_wip	isabelle/layerB/pss_wip.thy	113112
3554	pss_wip.wfj_hd_le	1782652	pss_wip	isabelle/layerB/pss_wip.thy	113173
3555	pss_wip.wfj_strat_hd	1782684	pss_wip	isabelle/layerB/pss_wip.thy	113184
3556	pss_wip.wfj_hd_le_lvP	1782690	pss_wip	isabelle/layerB/pss_wip.thy	113189
3557	pss_wip.wfj_enat_max0	1782698	pss_wip	isabelle/layerB/pss_wip.thy	113194
3558	pss_wip.wfj_enat_0max	1782710	pss_wip	isabelle/layerB/pss_wip.thy	113197
3559	pss_wip.wfj_cexq_OT	1782750	pss_wip	isabelle/layerB/pss_wip.thy	113206
3560	pss_wip.wfj_cexq_dfree	1782758	pss_wip	isabelle/layerB/pss_wip.thy	113209
3561	pss_wip.wfj_cexq_lv	1782766	pss_wip	isabelle/layerB/pss_wip.thy	113212
3562	pss_wip.wfj_cexq_hd	1782774	pss_wip	isabelle/layerB/pss_wip.thy	113215
3563	pss_wip.wfj_stratn_lvP_refuted	1782790	pss_wip	isabelle/layerB/pss_wip.thy	113218
3564	pss_wip.wfj_stratn_lvP_false	1782802	pss_wip	isabelle/layerB/pss_wip.thy	113234
3565	pss_wip.wfj_frag_downclosed	1782854	pss_wip	isabelle/layerB/pss_wip.thy	113244
3566	pss_wip.wfj_frag_mono	1782870	pss_wip	isabelle/layerB/pss_wip.thy	113255
3567	pss_wip.wfj_lv_in_frag	1782882	pss_wip	isabelle/layerB/pss_wip.thy	113265
3568	pss_wip.wfj_frag0_lv_unbounded	1782890	pss_wip	isabelle/layerB/pss_wip.thy	113280
3569	pss_wip.wfj_wf_RPrel_of_all_levels	1782912	pss_wip	isabelle/layerB/pss_wip.thy	113294
3570	pss_wip.wfj_all_levels_of_wf	1782918	pss_wip	isabelle/layerB/pss_wip.thy	113328
3571	pss_wip.wfj_wf_iff_all_levels	1782924	pss_wip	isabelle/layerB/pss_wip.thy	113332
3572	pss_wip.wfj_level_jump_of_wf	1782930	pss_wip	isabelle/layerB/pss_wip.thy	113335
3573	pss_wip.wfj_level_jump_of_all_levels	1782938	pss_wip	isabelle/layerB/pss_wip.thy	113342
3574	pss_wip.wfj_G_szT	1782946	pss_wip	isabelle/layerB/pss_wip.thy	113358
3575	pss_wip.wfj_G_OT_T	1782958	pss_wip	isabelle/layerB/pss_wip.thy	113397
3576	pss_wip.wfj_G_df_T	1782970	pss_wip	isabelle/layerB/pss_wip.thy	113426
3577	pss_wip.wfj_acc_of_collapse_core	1783110	pss_wip	isabelle/layerB/pss_wip.thy	113475
3578	pss_wip.wfj_wf_RPrel_of_collapse_core	1783116	pss_wip	isabelle/layerB/pss_wip.thy	113509
3579	pss_wip.wfj_collapse_core_of_wf	1783124	pss_wip	isabelle/layerB/pss_wip.thy	113532
3580	pss_wip.wfj_collapse_core_iff_wf	1783130	pss_wip	isabelle/layerB/pss_wip.thy	113539
3581	pss_wip.wfj_collapse_core_iff_level_jump	1783136	pss_wip	isabelle/layerB/pss_wip.thy	113542
3582	pss_wip.wfj_all_levels_of_collapse_core	1783146	pss_wip	isabelle/layerB/pss_wip.thy	113546
3583	pss_wip.wfj_OT_B_wf_of_collapse_core	1783170	pss_wip	isabelle/layerB/pss_wip.thy	113550
3584	pss_wip.wfj_NoBad_acc	1783250	pss_wip	isabelle/layerB/pss_wip.thy	113592
3585	pss_wip.wfj_tuple_acc	1783262	pss_wip	isabelle/layerB/pss_wip.thy	113724
3586	pss_wip.wfj_secT_tuple_acc	1783296	pss_wip	isabelle/layerB/pss_wip.thy	113807
3587	pss_wip.otx2_flatBP_len	1783330	pss_wip	isabelle/layerB/pss_wip.thy	113856
3588	pss_wip.otx2_BP_prefix	1783362	pss_wip	isabelle/layerB/pss_wip.thy	113863
3589	pss_wip.otx2_lessBT_snocsnoc	1783386	pss_wip	isabelle/layerB/pss_wip.thy	113874
3590	pss_wip.otx2_leBT_snocsnoc	1783400	pss_wip	isabelle/layerB/pss_wip.thy	113884
3591	pss_wip.otx2_descP_prefix	1783406	pss_wip	isabelle/layerB/pss_wip.thy	113896
3592	pss_wip.otx2_GBT_snoc	1783412	pss_wip	isabelle/layerB/pss_wip.thy	113908
3593	pss_wip.otx2_GBP_inf	1783418	pss_wip	isabelle/layerB/pss_wip.thy	113912
3594	pss_wip.otx2_join_no_core	1783424	pss_wip	isabelle/layerB/pss_wip.thy	113921
3595	pss_wip.otx2_peel	1783438	pss_wip	isabelle/layerB/pss_wip.thy	113936
3596	pss_wip.otx2_join3	1783476	pss_wip	isabelle/layerB/pss_wip.thy	114017
3597	pss_wip.otx2_top_shape	1783610	pss_wip	isabelle/layerB/pss_wip.thy	114214
3598	pss_wip.otx2_align3	1783680	pss_wip	isabelle/layerB/pss_wip.thy	114296
3599	pss_wip.ljx_nextrel0_star_le	1783688	pss_wip	isabelle/layerB/pss_wip.thy	114443
3600	pss_wip.ljx_le0_succ_step	1783698	pss_wip	isabelle/layerB/pss_wip.thy	114448
3601	pss_wip.ljx_nextrel0_unique	1783704	pss_wip	isabelle/layerB/pss_wip.thy	114461
3602	pss_wip.ljx_trunk_interior_nadm	1783710	pss_wip	isabelle/layerB/pss_wip.thy	114483
3603	pss_wip.ljx_lastblock_le0	1783716	pss_wip	isabelle/layerB/pss_wip.thy	114500
3604	pss_wip.ljx_RightNodes_pj_ldj	1783722	pss_wip	isabelle/layerB/pss_wip.thy	114535
3605	pss_wip.ljx_RightNodes_a0_trmax	1783760	pss_wip	isabelle/layerB/pss_wip.thy	114607
3606	pss_wip.ljx_nextrel0_star_last	1783766	pss_wip	isabelle/layerB/pss_wip.thy	114734
3607	pss_wip.ljx_nextrel0_succ_intro	1783772	pss_wip	isabelle/layerB/pss_wip.thy	114739
3608	pss_wip.ljx_nextrel0_seg0	1783782	pss_wip	isabelle/layerB/pss_wip.thy	114747
3609	pss_wip.ljx_adm_seg0	1783790	pss_wip	isabelle/layerB/pss_wip.thy	114780
3610	pss_wip.ljx_Adm_eq_0	1783818	pss_wip	isabelle/layerB/pss_wip.thy	114794
3611	pss_wip.ljx_RA_singleton	1783832	pss_wip	isabelle/layerB/pss_wip.thy	114817
3612	pss_wip.ljx_RA_unfold_mono	1783916	pss_wip	isabelle/layerB/pss_wip.thy	114823
3613	pss_wip.ljx_RightNodes_a0_lt_trmax	1784004	pss_wip	isabelle/layerB/pss_wip.thy	114847
3614	pss_wip.ljx_LDJB	1784066	pss_wip	isabelle/layerB/pss_wip.thy	115131
3615	pss_wip.ljx_TVall_of_fin	1784084	pss_wip	isabelle/layerB/pss_wip.thy	115242
3616	pss_wip.ljx_termination_modOT	1784132	pss_wip	isabelle/layerB/pss_wip.thy	115255
3617	pss_wip.opx_leBT_min	1784178	pss_wip	isabelle/layerB/pss_wip.thy	115345
3618	pss_wip.opx_lessBT_append_ext	1784196	pss_wip	isabelle/layerB/pss_wip.thy	115371
3619	pss_wip.opx_lessBT_append_cancel	1784204	pss_wip	isabelle/layerB/pss_wip.thy	115401
3620	pss_wip.opx_descP_snoc_intro	1784276	pss_wip	isabelle/layerB/pss_wip.thy	115414
3621	pss_wip.opx_descP_append_rep	1784314	pss_wip	isabelle/layerB/pss_wip.thy	115441
3622	pss_wip.opx_OT_append_rep	1784340	pss_wip	isabelle/layerB/pss_wip.thy	115476
3623	pss_wip.opx_operB_snoc_local	1784374	pss_wip	isabelle/layerB/pss_wip.thy	115508
3624	pss_wip.opx_mono_Trans_singleton	1784392	pss_wip	isabelle/layerB/pss_wip.thy	115540
3625	pss_wip.opx_OTmulti	1784440	pss_wip	isabelle/layerB/pss_wip.thy	115556
3626	pss_wip.opx_termination_census	1784666	pss_wip	isabelle/layerB/pss_wip.thy	116119
3627	pss_wip.opx_OT_removal	1784784	pss_wip	isabelle/layerB/pss_wip.thy	116164
3628	pss_wip.opx_OTpred_monoBr_of_DEEPOT	1784890	pss_wip	isabelle/layerB/pss_wip.thy	116197
3629	pss_wip.opx_OTpred_multi_of_mono	1784982	pss_wip	isabelle/layerB/pss_wip.thy	116306
3630	pss_wip.opx_OTpred_mono_of_residuals	1785008	pss_wip	isabelle/layerB/pss_wip.thy	116524
3631	pss_wip.opx_OTpred_of_residuals	1785162	pss_wip	isabelle/layerB/pss_wip.thy	116573
3632	pss_wip.opx_termination_census_v3	1785440	pss_wip	isabelle/layerB/pss_wip.thy	116617
3633	pss_wip.otx3_setle_triG	1785544	pss_wip	isabelle/layerB/pss_wip.thy	116708
3634	pss_wip.otx3_pOT	1785590	pss_wip	isabelle/layerB/pss_wip.thy	116725
3635	pss_wip.otx3_triG_lift	1785624	pss_wip	isabelle/layerB/pss_wip.thy	116765
3636	pss_wip.otx3_level	1785816	pss_wip	isabelle/layerB/pss_wip.thy	116828
3637	pss_wip.otx3_core	1785966	pss_wip	isabelle/layerB/pss_wip.thy	116869
3638	pss_wip.otx3_transport	1785986	pss_wip	isabelle/layerB/pss_wip.thy	116928
3639	pss_wip.otx3_OTint_condV	1786010	pss_wip	isabelle/layerB/pss_wip.thy	116957
3640	pss_wip.otx3_OTint_condV_nadm	1786120	pss_wip	isabelle/layerB/pss_wip.thy	116968
3641	pss_wip.otx3_OTint_slot	1786222	pss_wip	isabelle/layerB/pss_wip.thy	116991
3642	pss_wip.otx3_census	1786434	pss_wip	isabelle/layerB/pss_wip.thy	117028
3643	pss_wip.wfc_GBT_antitone	1786576	pss_wip	isabelle/layerB/pss_wip.thy	117115
3644	pss_wip.wfc_sec_component	1786594	pss_wip	isabelle/layerB/pss_wip.thy	117147
3645	pss_wip.wfc_principal_acc_of_body_aux	1786638	pss_wip	isabelle/layerB/pss_wip.thy	117180
3646	pss_wip.wfc_principal_acc_of_body	1786644	pss_wip	isabelle/layerB/pss_wip.thy	117216
3647	pss_wip.wfc_wf_of_pbody_hyp	1786666	pss_wip	isabelle/layerB/pss_wip.thy	117225
3648	pss_wip.wfc_wf_of_pbody	1786726	pss_wip	isabelle/layerB/pss_wip.thy	117294
3649	pss_wip.wfc_pbody_of_wf	1786760	pss_wip	isabelle/layerB/pss_wip.thy	117302
3650	pss_wip.wfc_pbody_iff_wf	1786806	pss_wip	isabelle/layerB/pss_wip.thy	117310
3651	pss_wip.wfc_pbody_iff_collapse_core	1786812	pss_wip	isabelle/layerB/pss_wip.thy	117313
3652	pss_wip.wfc_pbody_iff_level_jump	1786818	pss_wip	isabelle/layerB/pss_wip.thy	117316
3653	pss_wip.wfc_acc_singleton	1786852	pss_wip	isabelle/layerB/pss_wip.thy	117322
3654	pss_wip.wfc_tail_lessBT	1786902	pss_wip	isabelle/layerB/pss_wip.thy	117346
3655	pss_wip.wfc_member_leBT	1786916	pss_wip	isabelle/layerB/pss_wip.thy	117367
3656	pss_wip.wfc_acc_component	1786922	pss_wip	isabelle/layerB/pss_wip.thy	117408
3657	pss_wip.wfc_tuple_acc_iff	1786950	pss_wip	isabelle/layerB/pss_wip.thy	117436
3658	pss_wip.wfc_maxe_mem	1786972	pss_wip	isabelle/layerB/pss_wip.thy	117464
3659	pss_wip.wfc_G_lvT	1787026	pss_wip	isabelle/layerB/pss_wip.thy	117483
3660	pss_wip.wfc_acc_of_core_upto	1787118	pss_wip	isabelle/layerB/pss_wip.thy	117522
3661	pss_wip.wfc_acc_levels_of_jump_steps	1787248	pss_wip	isabelle/layerB/pss_wip.thy	117581
3662	pss_wip.wfc_wf_of_jump_steps	1787348	pss_wip	isabelle/layerB/pss_wip.thy	117608
3663	pss_wip.wfc_level_jump_of_jump_steps	1787438	pss_wip	isabelle/layerB/pss_wip.thy	117634
3664	pss_wip.wfc_collapse_core_of_jump_steps	1787534	pss_wip	isabelle/layerB/pss_wip.thy	117639
3665	pss_wip.wfc_core_upto_of_wf	1787584	pss_wip	isabelle/layerB/pss_wip.thy	117644
3666	pss_wip.wfc_jump_step_of_wf	1787624	pss_wip	isabelle/layerB/pss_wip.thy	117651
3667	pss_wip.wfc_wf_iff_jump_steps	1787714	pss_wip	isabelle/layerB/pss_wip.thy	117655
3668	pss_wip.wfc_core_upto_of_collapse_core	1787790	pss_wip	isabelle/layerB/pss_wip.thy	117658
3669	pss_wip.wfc_collapse_core_of_upto	1787840	pss_wip	isabelle/layerB/pss_wip.thy	117662
3670	pss_wip.oc4_ordIntC_strict	1788076	pss_wip	isabelle/layerB/pss_wip.thy	117769
3671	pss_wip.oc4_ordIntC	1788202	pss_wip	isabelle/layerB/pss_wip.thy	117854
3672	pss_wip.oc4_termination_census_master	1788696	pss_wip	isabelle/layerB/pss_wip.thy	117911
3673	pss_wip.oc4_OTmulti	1789206	pss_wip	isabelle/layerB/pss_wip.thy	117981
3674	pss_wip.oc4_L1v	1789316	pss_wip	isabelle/layerB/pss_wip.thy	118015
3675	pss_wip.oc4_termination_census_master_v2	1789472	pss_wip	isabelle/layerB/pss_wip.thy	118034
3676	pss_wip.oi4_DEADM1	1789670	pss_wip	isabelle/layerB/pss_wip.thy	118106
3677	pss_wip.oi4_DEADM2	1789772	pss_wip	isabelle/layerB/pss_wip.thy	118127
3678	pss_wip.oi4_PredNp	1789840	pss_wip	isabelle/layerB/pss_wip.thy	118150
3679	pss_wip.oi4_Lpv	1789912	pss_wip	isabelle/layerB/pss_wip.thy	118158
3680	pss_wip.oi4_L1v	1790190	pss_wip	isabelle/layerB/pss_wip.thy	118173
3681	pss_wip.oi4_OTint_condV_nadm	1790300	pss_wip	isabelle/layerB/pss_wip.thy	118188
3682	pss_wip.oi4_OTint_slot_IIIIV	1790518	pss_wip	isabelle/layerB/pss_wip.thy	118204
3683	pss_wip.oi4_census_IIIIV	1790858	pss_wip	isabelle/layerB/pss_wip.thy	118225
3684	pss_wip.wds_hullT_iff	1791098	pss_wip	isabelle/layerB/pss_wip.thy	118328
3685	pss_wip.wds_finite_GBT	1791110	pss_wip	isabelle/layerB/pss_wip.thy	118331
3686	pss_wip.wds_distD_frag	1791168	pss_wip	isabelle/layerB/pss_wip.thy	118367
3687	pss_wip.wds_distD_down	1791210	pss_wip	isabelle/layerB/pss_wip.thy	118370
3688	pss_wip.wds_distD_acc	1791236	pss_wip	isabelle/layerB/pss_wip.thy	118374
3689	pss_wip.wds_distD_prog	1791294	pss_wip	isabelle/layerB/pss_wip.thy	118378
3690	pss_wip.wds_distI	1791354	pss_wip	isabelle/layerB/pss_wip.thy	118385
3691	pss_wip.wds_acc_lift_aux	1791386	pss_wip	isabelle/layerB/pss_wip.thy	118398
3692	pss_wip.wds_acc_lift	1791396	pss_wip	isabelle/layerB/pss_wip.thy	118418
3693	pss_wip.wds_dist_comparable	1791452	pss_wip	isabelle/layerB/pss_wip.thy	118431
3694	pss_wip.wds_Mset_upper	1791520	pss_wip	isabelle/layerB/pss_wip.thy	118467
3695	pss_wip.wds_Mset_ex	1791552	pss_wip	isabelle/layerB/pss_wip.thy	118470
3696	pss_wip.wds_Mset_frag	1791604	pss_wip	isabelle/layerB/pss_wip.thy	118473
3697	pss_wip.wds_Mset_downclosed	1791668	pss_wip	isabelle/layerB/pss_wip.thy	118480
3698	pss_wip.wds_Mset_subset_acc	1791682	pss_wip	isabelle/layerB/pss_wip.thy	118490
3699	pss_wip.wds_Mset_relacc	1791696	pss_wip	isabelle/layerB/pss_wip.thy	118497
3700	pss_wip.wds_dist_finite_cover	1791718	pss_wip	isabelle/layerB/pss_wip.thy	118512
3701	pss_wip.wds_Mset_distinguished	1791746	pss_wip	isabelle/layerB/pss_wip.thy	118540
3702	pss_wip.wds_hauptlemma_aux	1791924	pss_wip	isabelle/layerB/pss_wip.thy	118633
3703	pss_wip.wds_hauptlemma	1791976	pss_wip	isabelle/layerB/pss_wip.thy	118682
3704	pss_wip.wds_pbody_of_collapse	1791982	pss_wip	isabelle/layerB/pss_wip.thy	118693
3705	pss_wip.wds_wf_RPrel_of_collapse	1792050	pss_wip	isabelle/layerB/pss_wip.thy	118721
3706	pss_wip.wds_wf_RTrel_of_collapse	1792100	pss_wip	isabelle/layerB/pss_wip.thy	118725
3707	pss_wip.wds_buc1_2_2_of_collapse	1792126	pss_wip	isabelle/layerB/pss_wip.thy	118729
3708	pss_wip.wds_collapse_core_of_collapse	1792154	pss_wip	isabelle/layerB/pss_wip.thy	118735
3709	pss_wip.wds_jump_steps_of_collapse	1792172	pss_wip	isabelle/layerB/pss_wip.thy	118739
3710	pss_wip.wds_frag_distinguished_of_wf	1792180	pss_wip	isabelle/layerB/pss_wip.thy	118745
3711	pss_wip.wds_collapse_of_wf	1792188	pss_wip	isabelle/layerB/pss_wip.thy	118768
3712	pss_wip.wds_collapse_iff_wf	1792194	pss_wip	isabelle/layerB/pss_wip.thy	118783
3713	pss_wip.wds_collapse_iff_pbody	1792230	pss_wip	isabelle/layerB/pss_wip.thy	118786
3714	pss_wip.wds_Mset_eq_frag_of_collapse	1792252	pss_wip	isabelle/layerB/pss_wip.thy	118789
3715	pss_wip.opf_hd_pin	1792320	pss_wip	isabelle/layerB/pss_wip.thy	118860
3716	pss_wip.opf_hdV_eq	1792398	pss_wip	isabelle/layerB/pss_wip.thy	118914
3717	pss_wip.opf_lastIx_gt	1792528	pss_wip	isabelle/layerB/pss_wip.thy	118924
3718	pss_wip.opf_head_ge_of_domB	1792604	pss_wip	isabelle/layerB/pss_wip.thy	118972
3719	pss_wip.opf_Lbase_of_domB	1792622	pss_wip	isabelle/layerB/pss_wip.thy	119002
3720	pss_scratch.od4_sz_pos	2322816	pss_scratch	isabelle/layerC/pss_scratch.thy	54
3721	pss_scratch.od4_szP_ge2	2322824	pss_scratch	isabelle/layerC/pss_scratch.thy	57
3722	pss_scratch.od4_szP_mem_le	2322832	pss_scratch	isabelle/layerC/pss_scratch.thy	63
3723	pss_scratch.od4_GBT_sz	2322842	pss_scratch	isabelle/layerC/pss_scratch.thy	72
3724	pss_scratch.od4_R_lessBT	2322858	pss_scratch	isabelle/layerC/pss_scratch.thy	98
3725	pss_scratch.od4_peel_less	2322872	pss_scratch	isabelle/layerC/pss_scratch.thy	121
3726	pss_scratch.od4_transfer_all	2322900	pss_scratch	isabelle/layerC/pss_scratch.thy	155
3727	pss_scratch.od4_transfer	2322912	pss_scratch	isabelle/layerC/pss_scratch.thy	241
3728	pss_scratch.od4_R_GBT	2322922	pss_scratch	isabelle/layerC/pss_scratch.thy	248
3729	pss_scratch.od4_leBT_trans	2322934	pss_scratch	isabelle/layerC/pss_scratch.thy	304
3730	pss_scratch.od4_descP_snoc	2322960	pss_scratch	isabelle/layerC/pss_scratch.thy	307
3731	pss_scratch.od4_site_G	2322992	pss_scratch	isabelle/layerC/pss_scratch.thy	327
3732	pss_scratch.od4_R_isOT	2323012	pss_scratch	isabelle/layerC/pss_scratch.thy	359
3733	pss_scratch.od4_R_OT_B	2323042	pss_scratch	isabelle/layerC/pss_scratch.thy	394
3734	pss_scratch.od4_scbext_R	2323084	pss_scratch	isabelle/layerC/pss_scratch.thy	414
3735	pss_scratch.od4_condVI_nadm_c1	2323162	pss_scratch	isabelle/layerC/pss_scratch.thy	479
3736	pss_scratch.od4_concat_sing	2323196	pss_scratch	isabelle/layerC/pss_scratch.thy	625
3737	pss_scratch.od4_site_c2	2323230	pss_scratch	isabelle/layerC/pss_scratch.thy	634
3738	pss_scratch.od4_master_R	2323246	pss_scratch	isabelle/layerC/pss_scratch.thy	760
3739	pss_scratch.od4_OTpred_mono	2323296	pss_scratch	isabelle/layerC/pss_scratch.thy	803
3740	pss_scratch.od4_DEEPOT	2323380	pss_scratch	isabelle/layerC/pss_scratch.thy	849
3741	pss_scratch.od4_NOBR	2323432	pss_scratch	isabelle/layerC/pss_scratch.thy	861
3742	pss_scratch.od4_OTpred_final	2323484	pss_scratch	isabelle/layerC/pss_scratch.thy	874
3743	pss_scratch.oi5_set_crep	2323520	pss_scratch	isabelle/layerC/pss_scratch.thy	920
3744	pss_scratch.oi5_crep_RP	2323554	pss_scratch	isabelle/layerC/pss_scratch.thy	923
3745	pss_scratch.oi5_d4vx_ins_TB	2323620	pss_scratch	isabelle/layerC/pss_scratch.thy	932
3746	pss_scratch.oi5_d4vx_core_TB	2323706	pss_scratch	isabelle/layerC/pss_scratch.thy	960
3747	pss_scratch.oy1_base1Y_condIII	2323964	pss_scratch	isabelle/layerC/pss_scratch.thy	979
3748	pss_scratch.oy1_base1Y_condIV	2324014	pss_scratch	isabelle/layerC/pss_scratch.thy	1086
3749	pss_scratch.oi5_IIIIV_pkg	2324208	pss_scratch	isabelle/layerC/pss_scratch.thy	1213
3750	pss_scratch.oi5_regime	2324344	pss_scratch	isabelle/layerC/pss_scratch.thy	1374
3751	pss_scratch.oi5_ltJ_or_IVadmeq	2324472	pss_scratch	isabelle/layerC/pss_scratch.thy	1453
3752	pss_scratch.oi5_bodyOT	2324566	pss_scratch	isabelle/layerC/pss_scratch.thy	1502
3753	pss_scratch.oi5_LbaseU	2324684	pss_scratch	isabelle/layerC/pss_scratch.thy	1568
3754	pss_scratch.oy1_core_mono	2324736	pss_scratch	isabelle/layerC/pss_scratch.thy	1591
3755	pss_scratch.oy1_core_add	2324778	pss_scratch	isabelle/layerC/pss_scratch.thy	1606
3756	pss_scratch.oy1_ins_le_mono	2324840	pss_scratch	isabelle/layerC/pss_scratch.thy	1610
3757	pss_scratch.oy1_triG_antitone	2324916	pss_scratch	isabelle/layerC/pss_scratch.thy	1628
3758	pss_scratch.oy1_base1Y	2325040	pss_scratch	isabelle/layerC/pss_scratch.thy	1652
3759	pss_scratch.oy1_base1Y_t2	2325170	pss_scratch	isabelle/layerC/pss_scratch.thy	1718
3760	pss_scratch.od4_termination_census_v4	2325500	pss_scratch	isabelle/layerC/pss_scratch.thy	1821
3761	pss_scratch.oi5_OTint_IIIIV_hp	2325968	pss_scratch	isabelle/layerC/pss_scratch.thy	1858
3762	pss_scratch.oi5_OTint_condIII	2326392	pss_scratch	isabelle/layerC/pss_scratch.thy	2149
3763	pss_scratch.oi5_OTint_condIV	2326598	pss_scratch	isabelle/layerC/pss_scratch.thy	2218
3764	pss_scratch.oi5_termination_census	2326682	pss_scratch	isabelle/layerC/pss_scratch.thy	2291
3765	pss_scratch.oi5_OTint_slot	2326786	pss_scratch	isabelle/layerC/pss_scratch.thy	2353
3766	pss_scratch.oi5_OTmulti	2327148	pss_scratch	isabelle/layerC/pss_scratch.thy	2392
3767	pss_scratch.oi6_termination_census	2327272	pss_scratch	isabelle/layerC/pss_scratch.thy	2444
3768	pss_scratch.otx3_core_tri	2327298	pss_scratch	isabelle/layerC/pss_scratch.thy	2517
3769	pss_scratch.ot1_OTA1_from_bricks	2327312	pss_scratch	isabelle/layerC/pss_scratch.thy	2583
3770	pss_scratch.ot2_IVNP	2327320	pss_scratch	isabelle/layerC/pss_scratch.thy	2627
3771	pss_scratch.oi7_termination_census	2327362	pss_scratch	isabelle/layerC/pss_scratch.thy	2649
3772	pss_scratch.scbext_triG	2327400	pss_scratch	isabelle/layerC/pss_scratch.thy	2711
3773	pss_scratch.ot1_triG_grow	2327406	pss_scratch	isabelle/layerC/pss_scratch.thy	2759
3774	pss_scratch.crx_tri0_of_nest	2327416	pss_scratch	isabelle/layerC/pss_scratch.thy	2784
3775	pss_scratch.ot1_triG_add	2327424	pss_scratch	isabelle/layerC/pss_scratch.thy	2895
3776	pss_scratch.cnv_tri0_of_nest	2327432	pss_scratch	isabelle/layerC/pss_scratch.thy	2915
3777	pss_scratch.ot2_IVADMEQ_of_pkg	2327458	pss_scratch	isabelle/layerC/pss_scratch.thy	3084
3778	pss_scratch.ot2_IVADMEQ_mod	2327496	pss_scratch	isabelle/layerC/pss_scratch.thy	3232
3779	pss_scratch.ot2_dins_addBT_of_shape	2327502	pss_scratch	isabelle/layerC/pss_scratch.thy	3343
3780	pss_scratch.oi8_OTint_IIIIV_hp	2327516	pss_scratch	isabelle/layerC/pss_scratch.thy	3432
3781	pss_scratch.oi8_OTint_condIII	2327522	pss_scratch	isabelle/layerC/pss_scratch.thy	3716
3782	pss_scratch.oi8_OTint_condIV	2327532	pss_scratch	isabelle/layerC/pss_scratch.thy	3774
3783	pss_scratch.oi8_termination_census	2327538	pss_scratch	isabelle/layerC/pss_scratch.thy	3849
3784	pss_scratch.ot1_OTA1_reduce	2327548	pss_scratch	isabelle/layerC/pss_scratch.thy	3923
3785	pss_scratch.ot1_tri0_census	2327558	pss_scratch	isabelle/layerC/pss_scratch.thy	4081
3786	pss_scratch.oy1_tri0Y_census	2327570	pss_scratch	isabelle/layerC/pss_scratch.thy	4154
3787	pss_scratch.ot1_nub_from_A0OT	2327576	pss_scratch	isabelle/layerC/pss_scratch.thy	4188
3788	pss_scratch.ot1_OTA1_from_A0OT	2327582	pss_scratch	isabelle/layerC/pss_scratch.thy	4314
3789	pss_scratch.oi8_census_via_A0OT	2327588	pss_scratch	isabelle/layerC/pss_scratch.thy	4350
3790	pss_scratch.ot2_tower_newOT	2327596	pss_scratch	isabelle/layerC/pss_scratch.thy	4439
3791	pss_scratch.ot2_NEWOT_of_pkg	2327604	pss_scratch	isabelle/layerC/pss_scratch.thy	4511
3792	pss_scratch.ot2_tower_inv	2327610	pss_scratch	isabelle/layerC/pss_scratch.thy	4615
3793	pss_scratch.od4_OTpred_mono_RT	2327616	pss_scratch	isabelle/layerC/pss_scratch.thy	4692
3794	pss_scratch.otx_bpHeadT_OT	2327622	pss_scratch	isabelle/layerC/pss_scratch.thy	4732
3795	pss_scratch.ot1_A0OT	2327628	pss_scratch	isabelle/layerC/pss_scratch.thy	4762
3796	pss_scratch.oi8_census_final	2327634	pss_scratch	isabelle/layerC/pss_scratch.thy	4869
3797	pss_scratch.ox5_body_driver	2327642	pss_scratch	isabelle/layerC/pss_scratch.thy	4936
3798	pss_scratch.ox5_body_driver_census	2327650	pss_scratch	isabelle/layerC/pss_scratch.thy	4974
3799	pss_scratch.ox6_holeH	2327662	pss_scratch	isabelle/layerC/pss_scratch.thy	5081
3800	pss_scratch.ox6_setle_scbext	2327676	pss_scratch	isabelle/layerC/pss_scratch.thy	5108
3801	pss_scratch.ox6_setle_wrapped	2327682	pss_scratch	isabelle/layerC/pss_scratch.thy	5220
3802	pss_scratch.ox6_SETLE1_reduce	2327716	pss_scratch	isabelle/layerC/pss_scratch.thy	5251
3803	pss_scratch.ot2_transT2_OT	2327746	pss_scratch	isabelle/layerC/pss_scratch.thy	5339
3804	pss_scratch.cnv_tri0_transT2	2327776	pss_scratch	isabelle/layerC/pss_scratch.thy	5459
3805	pss_scratch.ot2_IVADMEQ_of_pkg_free	2327872	pss_scratch	isabelle/layerC/pss_scratch.thy	5520
3806	pss_scratch.ot2_IVADMEQ	2327936	pss_scratch	isabelle/layerC/pss_scratch.thy	5682
3807	pss_scratch.oi8_census_final_ivadmeq	2327980	pss_scratch	isabelle/layerC/pss_scratch.thy	5800
3808	pss_scratch.ox6_setle_scbext_restr	2328064	pss_scratch	isabelle/layerC/pss_scratch.thy	5863
3809	pss_scratch.ox6_setle_wrapped_restr	2328192	pss_scratch	isabelle/layerC/pss_scratch.thy	5982
3810	pss_scratch.ox6_SETLE1_reduce_restr	2328502	pss_scratch	isabelle/layerC/pss_scratch.thy	6017
3811	pss_scratch.ot_finRc_bounded	2328636	pss_scratch	isabelle/layerC/pss_scratch.thy	6123
3812	pss_scratch.ot_finRc_reduce	2328706	pss_scratch	isabelle/layerC/pss_scratch.thy	6131
3813	pss_scratch.ox7_scbext_leBT_hole	2328740	pss_scratch	isabelle/layerC/pss_scratch.thy	6180
3814	pss_scratch.ox7_align3_track	2328758	pss_scratch	isabelle/layerC/pss_scratch.thy	6218
3815	pss_scratch.ot_finRc_LastStep_bounded_lt	2328772	pss_scratch	isabelle/layerC/pss_scratch.thy	6305
3816	pss_scratch.ot_finRc_LastStep_guard_bounded_lt	2328794	pss_scratch	isabelle/layerC/pss_scratch.thy	6328
3817	pss_scratch.ox7_RightNodes_body_ge_v1	2328820	pss_scratch	isabelle/layerC/pss_scratch.thy	6382
3818	pss_scratch.wcl_min_bad_secured	2328840	pss_scratch	isabelle/layerC/pss_scratch.thy	6503
3819	pss_scratch.wcl_core_iff_no_bad_secured	2328846	pss_scratch	isabelle/layerC/pss_scratch.thy	6552
3820	pss_scratch.wcl_accfrag_downclosed	2328858	pss_scratch	isabelle/layerC/pss_scratch.thy	6581
3821	pss_scratch.wcl_accfrag_relacc	2328868	pss_scratch	isabelle/layerC/pss_scratch.thy	6592
3822	pss_scratch.wcl_accfrag_prog_of_core	2328898	pss_scratch	isabelle/layerC/pss_scratch.thy	6602
3823	pss_scratch.wcl_accfrag_distinguished_of_core	2328904	pss_scratch	isabelle/layerC/pss_scratch.thy	6631
3824	pss_scratch.wcl_Mset_distinguished_of_core	2328910	pss_scratch	isabelle/layerC/pss_scratch.thy	6654
3825	pss_scratch.wcl_Mset_eq_accfrag_of_core	2328918	pss_scratch	isabelle/layerC/pss_scratch.thy	6659
3826	pss_scratch.wcl_collapse_of_core	2328930	pss_scratch	isabelle/layerC/pss_scratch.thy	6676
3827	pss_scratch.wcl_min_bad_body_acc	2328946	pss_scratch	isabelle/layerC/pss_scratch.thy	6690
3828	pss_scratch.wcl_lower_head_bad_exists	2328980	pss_scratch	isabelle/layerC/pss_scratch.thy	6744
3829	pss_scratch.wcl_min_bad_lex	2329018	pss_scratch	isabelle/layerC/pss_scratch.thy	6798
3830	pss_scratch.wcl_wf_of_upper	2329058	pss_scratch	isabelle/layerC/pss_scratch.thy	6903
3831	pss_scratch.wcl_upper_of_wf	2329070	pss_scratch	isabelle/layerC/pss_scratch.thy	6985
3832	pss_scratch.wcl_upper_iff_wf	2329078	pss_scratch	isabelle/layerC/pss_scratch.thy	6992
3833	pss_scratch.wcl_collapse_of_upper	2329090	pss_scratch	isabelle/layerC/pss_scratch.thy	6995
3834	pss_scratch.wcl_buc1_2_2_of_upper	2329102	pss_scratch	isabelle/layerC/pss_scratch.thy	6999
3835	pss_scratch.ox7_slice_TransOT	2329118	pss_scratch	isabelle/layerC/pss_scratch.thy	7066
3836	pss_scratch.ox7_bpHeadV_body_ge_v1	2329142	pss_scratch	isabelle/layerC/pss_scratch.thy	7146
3837	pss_scratch.ox7_ub_lt_bpHeadV_body	2329154	pss_scratch	isabelle/layerC/pss_scratch.thy	7255
3838	pss_scratch.wtw_core_step	2329176	pss_scratch	isabelle/layerC/pss_scratch.thy	7307
3839	pss_scratch.wcl_high_comp_bad_pred	2329190	pss_scratch	isabelle/layerC/pss_scratch.thy	7360
3840	pss_scratch.wcl_high_comp_not_acc	2329198	pss_scratch	isabelle/layerC/pss_scratch.thy	7377
3841	pss_scratch.wcl_wf_of_upper_via_step	2329206	pss_scratch	isabelle/layerC/pss_scratch.thy	7399
3842	pss_scratch.ox7_headlt_lessBT	2329220	pss_scratch	isabelle/layerC/pss_scratch.thy	7542
3843	pss_scratch.ox7_bpHeadV_share	2329230	pss_scratch	isabelle/layerC/pss_scratch.thy	7576
3844	pss_scratch.ot7_SETLE1_ltJ_of_head	2329308	pss_scratch	isabelle/layerC/pss_scratch.thy	7617
3845	pss_scratch.bwo_all_OT_principal_acc_of_Wstar_total	2329424	pss_scratch	isabelle/layerC/pss_scratch.thy	7816
3846	pss_scratch.bwo_2_2_wf	2329438	pss_scratch	isabelle/layerC/pss_scratch.thy	7834
3847	pss_scratch.bwo_Wstar_total_of_wf	2329444	pss_scratch	isabelle/layerC/pss_scratch.thy	7862
3848	pss_scratch.bwo_2_2_wf_iff	2329452	pss_scratch	isabelle/layerC/pss_scratch.thy	7871
3849	pss_scratch.bwo_domB_Nil	2329466	pss_scratch	isabelle/layerC/pss_scratch.thy	7997
3850	pss_scratch.bwo_addBT_Nil_right	2329476	pss_scratch	isabelle/layerC/pss_scratch.thy	8002
3851	pss_scratch.bwo_addBT_Nil_left	2329484	pss_scratch	isabelle/layerC/pss_scratch.thy	8005
3852	pss_scratch.bwo_addBT_assoc	2329496	pss_scratch	isabelle/layerC/pss_scratch.thy	8008
3853	pss_scratch.bwo_addBT_domB	2329510	pss_scratch	isabelle/layerC/pss_scratch.thy	8014
3854	pss_scratch.bwo_operB_split	2329536	pss_scratch	isabelle/layerC/pss_scratch.thy	8032
3855	pss_scratch.bwo_addBT_operB	2329550	pss_scratch	isabelle/layerC/pss_scratch.thy	8048
3856	pss_scratch.bwo_Aop_mono_nv	2329562	pss_scratch	isabelle/layerC/pss_scratch.thy	8080
3857	pss_scratch.bwo_2_4a_shift_closure	2329572	pss_scratch	isabelle/layerC/pss_scratch.thy	8108
3858	pss_scratch.bwo_domB_Dsucc0	2329582	pss_scratch	isabelle/layerC/pss_scratch.thy	8181
3859	pss_scratch.bwo_operB_Dsucc0	2329592	pss_scratch	isabelle/layerC/pss_scratch.thy	8184
3860	pss_scratch.bwo_2_5_sub1	2329606	pss_scratch	isabelle/layerC/pss_scratch.thy	8201
3861	pss_scratch.ox8_lastT_GBT	2330116	pss_scratch	isabelle/layerC/pss_scratch.thy	8323
3862	pss_scratch.ox8_rsub_GBT	2330124	pss_scratch	isabelle/layerC/pss_scratch.thy	8344
3863	pss_scratch.ox8_rsub_lessBT_of_OTP	2330138	pss_scratch	isabelle/layerC/pss_scratch.thy	8391
3864	pss_scratch.ox8_RightNodes_cons	2330154	pss_scratch	isabelle/layerC/pss_scratch.thy	8404
3865	pss_scratch.ox8_rsub_head_RN	2330168	pss_scratch	isabelle/layerC/pss_scratch.thy	8425
3866	pss_scratch.ox8_dfree_lastT	2330176	pss_scratch	isabelle/layerC/pss_scratch.thy	8453
3867	pss_scratch.ox8_dfree_rsub	2330190	pss_scratch	isabelle/layerC/pss_scratch.thy	8471
3868	pss_scratch.ox8_dfree_lastV	2330200	pss_scratch	isabelle/layerC/pss_scratch.thy	8480
3869	pss_scratch.ox8_OTP_e3_body	2330220	pss_scratch	isabelle/layerC/pss_scratch.thy	8503
3870	pss_scratch.ox8_body_rspine_lessBT	2330256	pss_scratch	isabelle/layerC/pss_scratch.thy	8539
3871	pss_scratch.bwl_Aop_mono_X	2330374	pss_scratch	isabelle/layerC/pss_scratch.thy	8704
3872	pss_scratch.bwl_Aset_mono	2330414	pss_scratch	isabelle/layerC/pss_scratch.thy	8709
3873	pss_scratch.bwl_Aop_mono_nv	2330430	pss_scratch	isabelle/layerC/pss_scratch.thy	8719
3874	pss_scratch.bwl_Aop_cong	2330454	pss_scratch	isabelle/layerC/pss_scratch.thy	8726
3875	pss_scratch.bwl_Wf_coh	2330586	pss_scratch	isabelle/layerC/pss_scratch.thy	8753
3876	pss_scratch.bwl_Wf_eq_W	2330596	pss_scratch	isabelle/layerC/pss_scratch.thy	8770
3877	pss_scratch.bwl_W_unfold	2330608	pss_scratch	isabelle/layerC/pss_scratch.thy	8776
3878	pss_scratch.bwl_A1	2330616	pss_scratch	isabelle/layerC/pss_scratch.thy	8800
3879	pss_scratch.bwl_A2	2330648	pss_scratch	isabelle/layerC/pss_scratch.thy	8807
3880	pss_scratch.bwl_A1_intro	2330688	pss_scratch	isabelle/layerC/pss_scratch.thy	8818
3881	pss_scratch.bwl_A1_dest	2330710	pss_scratch	isabelle/layerC/pss_scratch.thy	8827
3882	pss_scratch.bwl_A2'	2330736	pss_scratch	isabelle/layerC/pss_scratch.thy	8835
3883	pss_scratch.bwl_W_zero	2330748	pss_scratch	isabelle/layerC/pss_scratch.thy	8846
3884	pss_scratch.bwl_W2	2330770	pss_scratch	isabelle/layerC/pss_scratch.thy	8851
3885	pss_scratch.bwl_W3	2330804	pss_scratch	isabelle/layerC/pss_scratch.thy	8860
3886	pss_scratch.bwl_W_level_mono	2330838	pss_scratch	isabelle/layerC/pss_scratch.thy	8874
3887	pss_scratch.bwl_2_4a_shift	2330876	pss_scratch	isabelle/layerC/pss_scratch.thy	8892
3888	pss_scratch.bwl_2_4b_add	2330918	pss_scratch	isabelle/layerC/pss_scratch.thy	8965
3889	pss_scratch.bwl_2_4b_mult	2330942	pss_scratch	isabelle/layerC/pss_scratch.thy	8981
3890	pss_scratch.bwl_domB_one	2330952	pss_scratch	isabelle/layerC/pss_scratch.thy	8993
3891	pss_scratch.bwl_one_W	2330962	pss_scratch	isabelle/layerC/pss_scratch.thy	8996
3892	pss_scratch.bwl_numBT_W	2330972	pss_scratch	isabelle/layerC/pss_scratch.thy	9006
3893	pss_scratch.bwl_2_5_sub1	2330992	pss_scratch	isabelle/layerC/pss_scratch.thy	9014
3894	pss_scratch.bwl_domB_case_i	2331022	pss_scratch	isabelle/layerC/pss_scratch.thy	9056
3895	pss_scratch.bwl_TBv_neq_zero	2331034	pss_scratch	isabelle/layerC/pss_scratch.thy	9061
3896	pss_scratch.bwl_case_iii_guard_TBv	2331054	pss_scratch	isabelle/layerC/pss_scratch.thy	9072
3897	pss_scratch.bwl_D_zero_W	2331080	pss_scratch	isabelle/layerC/pss_scratch.thy	9086
3898	pss_scratch.bwl_key_collapse_sub	2331204	pss_scratch	isabelle/layerC/pss_scratch.thy	9115
3899	pss_scratch.bwl_key_collapse	2331280	pss_scratch	isabelle/layerC/pss_scratch.thy	9213
3900	pss_scratch.bwl_W_Dself	2331318	pss_scratch	isabelle/layerC/pss_scratch.thy	9221
3901	pss_scratch.bwl_numNat_numBT	2331326	pss_scratch	isabelle/layerC/pss_scratch.thy	9228
3902	pss_scratch.bwl_tbvIdx	2331332	pss_scratch	isabelle/layerC/pss_scratch.thy	9231
3903	pss_scratch.bwl_domB_case_ii	2331358	pss_scratch	isabelle/layerC/pss_scratch.thy	9241
3904	pss_scratch.bwl_operB_case_ii	2331462	pss_scratch	isabelle/layerC/pss_scratch.thy	9252
3905	pss_scratch.bwl_DC	2331488	pss_scratch	isabelle/layerC/pss_scratch.thy	9278
3906	pss_scratch.bwl_W_subset_star	2331502	pss_scratch	isabelle/layerC/pss_scratch.thy	9441
3907	pss_scratch.bwl_WstarI	2331620	pss_scratch	isabelle/layerC/pss_scratch.thy	9461
3908	pss_scratch.bwl_WstarD	2331688	pss_scratch	isabelle/layerC/pss_scratch.thy	9464
3909	pss_scratch.bwl_W_in_Wstar	2331716	pss_scratch	isabelle/layerC/pss_scratch.thy	9469
3910	pss_scratch.bwl_zero_Wstar	2331726	pss_scratch	isabelle/layerC/pss_scratch.thy	9472
3911	pss_scratch.bwl_2_6	2331786	pss_scratch	isabelle/layerC/pss_scratch.thy	9477
3912	pss_scratch.bwl_size_list_butlast	2331824	pss_scratch	isabelle/layerC/pss_scratch.thy	9629
3913	pss_scratch.bwl_size_butlast_lt	2331860	pss_scratch	isabelle/layerC/pss_scratch.thy	9633
3914	pss_scratch.bwl_2_7_aux	2331950	pss_scratch	isabelle/layerC/pss_scratch.thy	9647
3915	pss_scratch.bwl_2_8_dfree_Wstar	2332012	pss_scratch	isabelle/layerC/pss_scratch.thy	9724
3916	pss_scratch.bwl_2_8_principal	2332066	pss_scratch	isabelle/layerC/pss_scratch.thy	9733
3917	pss_scratch.bwl_not_lessBT_zero	2332270	pss_scratch	isabelle/layerC/pss_scratch.thy	9771
3918	pss_scratch.bwl_acc_BP_of_BT_aux	2332306	pss_scratch	isabelle/layerC/pss_scratch.thy	9779
3919	pss_scratch.bwl_acc_BP_of_BT	2332322	pss_scratch	isabelle/layerC/pss_scratch.thy	9800
3920	pss_scratch.bwl_acc_of_W	2332362	pss_scratch	isabelle/layerC/pss_scratch.thy	9808
3921	pss_scratch.bwl_Wstar_total_of_cof	2332386	pss_scratch	isabelle/layerC/pss_scratch.thy	9927
3922	pss_scratch.bwl_wf_RPrel_of_cof	2332400	pss_scratch	isabelle/layerC/pss_scratch.thy	9942
3923	pss_scratch.ot9_LastStep_A9_faithful	2332586	pss_scratch	isabelle/layerC/pss_scratch.thy	9986
3924	pss_scratch.ot9_FINRC	2332660	pss_scratch	isabelle/layerC/pss_scratch.thy	10032
3925	pss_scratch.oi8_census_FINRC	2332738	pss_scratch	isabelle/layerC/pss_scratch.thy	10041
3926	pss_scratch.ox9_ok_of_hge	2333962	pss_scratch	isabelle/layerC/pss_scratch.thy	10139
3927	pss_scratch.ox9_holeD_0E	2334208	pss_scratch	isabelle/layerC/pss_scratch.thy	10154
3928	pss_scratch.ox9_holeD_SucE	2334222	pss_scratch	isabelle/layerC/pss_scratch.thy	10159
3929	pss_scratch.ox9_holeD_ne	2334234	pss_scratch	isabelle/layerC/pss_scratch.thy	10165
3930	pss_scratch.ox9_lessBT_zero	2334242	pss_scratch	isabelle/layerC/pss_scratch.thy	10173
3931	pss_scratch.ox9_lessBP_iff	2334270	pss_scratch	isabelle/layerC/pss_scratch.thy	10178
3932	pss_scratch.ox9_lessBP_trans	2334284	pss_scratch	isabelle/layerC/pss_scratch.thy	10180
3933	pss_scratch.ox9_snoc_lessBT	2334294	pss_scratch	isabelle/layerC/pss_scratch.thy	10186
3934	pss_scratch.ox9_holeD_lessBT	2334312	pss_scratch	isabelle/layerC/pss_scratch.thy	10189
3935	pss_scratch.ox9_lexP	2334320	pss_scratch	isabelle/layerC/pss_scratch.thy	10210
3936	pss_scratch.ox9_TT_aux	2334348	pss_scratch	isabelle/layerC/pss_scratch.thy	10260
3937	pss_scratch.ox9_TT	2334380	pss_scratch	isabelle/layerC/pss_scratch.thy	10299
3938	pss_scratch.ox9_lexM	2334440	pss_scratch	isabelle/layerC/pss_scratch.thy	10317
3939	pss_scratch.ox9_MAIN	2334492	pss_scratch	isabelle/layerC/pss_scratch.thy	10381
3940	pss_scratch.ox9_holeD_of_flat3	2334516	pss_scratch	isabelle/layerC/pss_scratch.thy	10507
3941	pss_scratch.ox9_rsub_Suc	2334532	pss_scratch	isabelle/layerC/pss_scratch.thy	10542
3942	pss_scratch.ox9_holeD_lastT	2334558	pss_scratch	isabelle/layerC/pss_scratch.thy	10553
3943	pss_scratch.ox9_holeD_rsub	2334574	pss_scratch	isabelle/layerC/pss_scratch.thy	10565
3944	pss_scratch.ox9_ok_lastT	2334592	pss_scratch	isabelle/layerC/pss_scratch.thy	10585
3945	pss_scratch.ox9_ok_rsub	2334604	pss_scratch	isabelle/layerC/pss_scratch.thy	10604
3946	pss_scratch.ox9_engine	2334702	pss_scratch	isabelle/layerC/pss_scratch.thy	10624
3947	pss_scratch.ox10_cex_not_ok	2334880	pss_scratch	isabelle/layerC/pss_scratch.thy	10840
3948	pss_scratch.ox10_cex_not_hge	2334918	pss_scratch	isabelle/layerC/pss_scratch.thy	10843
3949	pss_scratch.ox10_engine	2334984	pss_scratch	isabelle/layerC/pss_scratch.thy	10863
3950	pss_scratch.ox10_SETLE1_ltJ	2335056	pss_scratch	isabelle/layerC/pss_scratch.thy	10995
3951	pss_scratch.oi10_census_KK	2335160	pss_scratch	isabelle/layerC/pss_scratch.thy	11096
3952	pss_scratch.ox10_lexP	2335210	pss_scratch	isabelle/layerC/pss_scratch.thy	11171
3953	pss_scratch.ox10_lexP_subsumes_ox9	2335244	pss_scratch	isabelle/layerC/pss_scratch.thy	11224
3954	pss_scratch.y3_W_mono	2335276	pss_scratch	isabelle/layerC/pss_scratch.thy	11280
3955	pss_scratch.y3_TBv_dfree_W_aux	2335308	pss_scratch	isabelle/layerC/pss_scratch.thy	11295
3956	pss_scratch.y3_TBv_dfree_W	2335328	pss_scratch	isabelle/layerC/pss_scratch.thy	11320
3957	pss_scratch.y3_dfree_ex_lev_aux	2335358	pss_scratch	isabelle/layerC/pss_scratch.thy	11333
3958	pss_scratch.y3_dfree_ex_lev	2335380	pss_scratch	isabelle/layerC/pss_scratch.thy	11370
3959	pss_scratch.y3_dfree_W_ex	2335386	pss_scratch	isabelle/layerC/pss_scratch.thy	11382
3960	pss_scratch.y3_Trans_dfree	2335396	pss_scratch	isabelle/layerC/pss_scratch.thy	11390
3961	pss_scratch.y3_Trans_W	2335408	pss_scratch	isabelle/layerC/pss_scratch.thy	11395
3962	pss_scratch.y3_one_in_TBv	2335424	pss_scratch	isabelle/layerC/pss_scratch.thy	11403
3963	pss_scratch.y3_D0one_not_NatSet	2335440	pss_scratch	isabelle/layerC/pss_scratch.thy	11406
3964	pss_scratch.y3_TBv_ne_zeroset	2335450	pss_scratch	isabelle/layerC/pss_scratch.thy	11416
3965	pss_scratch.y3_TBv_ne_NatSet	2335456	pss_scratch	isabelle/layerC/pss_scratch.thy	11424
3966	pss_scratch.y3_TBv_inj	2335478	pss_scratch	isabelle/layerC/pss_scratch.thy	11432
3967	pss_scratch.y3_cof0_imp_bwl_cof	2335526	pss_scratch	isabelle/layerC/pss_scratch.thy	11463
3968	pss_scratch.y3_wf_RPrel_of_cof0	2335540	pss_scratch	isabelle/layerC/pss_scratch.thy	11507
3969	pss_scratch.y3_W_acc	2335588	pss_scratch	isabelle/layerC/pss_scratch.thy	11528
3970	pss_scratch.y3_cofimg_of_bwl_cof	2335642	pss_scratch	isabelle/layerC/pss_scratch.thy	11620
3971	pss_scratch.y3_PSS_acc_of_cofimg	2335698	pss_scratch	isabelle/layerC/pss_scratch.thy	11653
3972	pss_scratch.y3_PSS_acc_of_KK_cofimg	2335750	pss_scratch	isabelle/layerC/pss_scratch.thy	11824
3973	pss_scratch.ox11_snoc_le	2335782	pss_scratch	isabelle/layerC/pss_scratch.thy	11890
3974	pss_scratch.ox11_TT	2336472	pss_scratch	isabelle/layerC/pss_scratch.thy	11950
3975	pss_scratch.ox11_safe_of_ok_aux	2336488	pss_scratch	isabelle/layerC/pss_scratch.thy	12001
3976	pss_scratch.ox11_safe_of_ok	2336500	pss_scratch	isabelle/layerC/pss_scratch.thy	12039
3977	pss_scratch.ox11_spge_of_rsub	2336826	pss_scratch	isabelle/layerC/pss_scratch.thy	12056
3978	pss_scratch.ox11_safe_of_set	2336866	pss_scratch	isabelle/layerC/pss_scratch.thy	12099
3979	pss_scratch.ox11_holeD_ne2	2336896	pss_scratch	isabelle/layerC/pss_scratch.thy	12158
3980	pss_scratch.ox11_KK_of_BG	2337044	pss_scratch	isabelle/layerC/pss_scratch.thy	12183
3981	pss_scratch.oi11_census_BG	2337160	pss_scratch	isabelle/layerC/pss_scratch.thy	12370
3982	pss_scratch.y4_xseq_Dpt	2337256	pss_scratch	isabelle/layerC/pss_scratch.thy	12493
3983	pss_scratch.y4_xseq_TBv	2337274	pss_scratch	isabelle/layerC/pss_scratch.thy	12502
3984	pss_scratch.y4_xseq_lt	2337302	pss_scratch	isabelle/layerC/pss_scratch.thy	12509
3985	pss_scratch.y4_xseq_mono	2337320	pss_scratch	isabelle/layerC/pss_scratch.thy	12538
3986	pss_scratch.y4_xseq_le_mono	2337332	pss_scratch	isabelle/layerC/pss_scratch.thy	12558
3987	pss_scratch.y4_leBT_addBT_self	2337350	pss_scratch	isabelle/layerC/pss_scratch.thy	12568
3988	pss_scratch.y4_leBT_addBT_mono_right	2337368	pss_scratch	isabelle/layerC/pss_scratch.thy	12578
3989	pss_scratch.y4_prefix_split	2337392	pss_scratch	isabelle/layerC/pss_scratch.thy	12587
3990	pss_scratch.y4_descP_suffix	2337406	pss_scratch	isabelle/layerC/pss_scratch.thy	12640
3991	pss_scratch.y4_OT_suffix	2337430	pss_scratch	isabelle/layerC/pss_scratch.thy	12643
3992	pss_scratch.y4_GBT_suffix	2337442	pss_scratch	isabelle/layerC/pss_scratch.thy	12647
3993	pss_scratch.y4_inner	2337554	pss_scratch	isabelle/layerC/pss_scratch.thy	12661
3994	pss_scratch.y4_xseq_cof	2337590	pss_scratch	isabelle/layerC/pss_scratch.thy	12883
3995	pss_scratch.y4_N_mono	2337602	pss_scratch	isabelle/layerC/pss_scratch.thy	12912
3996	pss_scratch.y4_N_mono_le	2337622	pss_scratch	isabelle/layerC/pss_scratch.thy	13034
3997	pss_scratch.y4_descP_all_le_hd	2337638	pss_scratch	isabelle/layerC/pss_scratch.thy	13060
3998	pss_scratch.y4_TBv_of_head	2337656	pss_scratch	isabelle/layerC/pss_scratch.thy	13084
3999	pss_scratch.y4_leBT_min	2337678	pss_scratch	isabelle/layerC/pss_scratch.thy	13102
4000	pss_scratch.y4_bump	2337806	pss_scratch	isabelle/layerC/pss_scratch.thy	13128
4001	pss_scratch.y4_operB_domzero_const	2337832	pss_scratch	isabelle/layerC/pss_scratch.thy	13154
4002	pss_scratch.y4_le_replicate	2337858	pss_scratch	isabelle/layerC/pss_scratch.thy	13221
4003	pss_scratch.y4_dfree_suffix	2337874	pss_scratch	isabelle/layerC/pss_scratch.thy	13242
4004	pss_scratch.y4_bachmann	2337932	pss_scratch	isabelle/layerC/pss_scratch.thy	13261
4005	pss_scratch.y4_cof0	2337962	pss_scratch	isabelle/layerC/pss_scratch.thy	13678
4006	pss_scratch.y4_wf_RPrel	2337976	pss_scratch	isabelle/layerC/pss_scratch.thy	13689
4007	pss_scratch.y4_bwl_cof	2337986	pss_scratch	isabelle/layerC/pss_scratch.thy	13692
4008	pss_scratch.y4_buc1_2_2_OT_B_wf	2338012	pss_scratch	isabelle/layerC/pss_scratch.thy	13700
4009	pss_scratch.y4_cofimg	2338038	pss_scratch	isabelle/layerC/pss_scratch.thy	13706
4010	pss_scratch.y4_PSS_acc_of_KK	2338118	pss_scratch	isabelle/layerC/pss_scratch.thy	13716
4011	pss_scratch.y4_PSS_wf_of_KK	2338220	pss_scratch	isabelle/layerC/pss_scratch.thy	13806
4012	pss_scratch.y4_PSS_acc_of_KK_wf	2338298	pss_scratch	isabelle/layerC/pss_scratch.thy	13847
4013	pss_scratch.ox12_szP_pos	2338774	pss_scratch	isabelle/layerC/pss_scratch.thy	13910
4014	pss_scratch.ox12_szT_zero	2338780	pss_scratch	isabelle/layerC/pss_scratch.thy	13913
4015	pss_scratch.ox12_szP_Dzero	2338796	pss_scratch	isabelle/layerC/pss_scratch.thy	13919
4016	pss_scratch.ox12_safe_of_size_aux	2338854	pss_scratch	isabelle/layerC/pss_scratch.thy	13931
4017	pss_scratch.ox12_safe_of_size	2338876	pss_scratch	isabelle/layerC/pss_scratch.thy	13980
4018	pss_scratch.ox12_sz_lastT_lt	2338892	pss_scratch	isabelle/layerC/pss_scratch.thy	13988
4019	pss_scratch.ox12_sz_rsub_le	2338924	pss_scratch	isabelle/layerC/pss_scratch.thy	14003
4020	pss_scratch.ox12_sz_rsub_lt	2338944	pss_scratch	isabelle/layerC/pss_scratch.thy	14024
4021	pss_scratch.ox12_KK	2339010	pss_scratch	isabelle/layerC/pss_scratch.thy	14046
4022	pss_scratch.oi12_census	2339050	pss_scratch	isabelle/layerC/pss_scratch.thy	14102
4023	pss_scratch.ox12_KK_free	2339110	pss_scratch	isabelle/layerC/pss_scratch.thy	14166
4024	pss_scratch.y5_PSS_wf	2339122	pss_scratch	isabelle/layerC/pss_scratch.thy	14197
4025	pss_scratch.y5_PSS_acc	2339134	pss_scratch	isabelle/layerC/pss_scratch.thy	14200
4026	pss_scratch.y5_Trans_OT_B	2339148	pss_scratch	isabelle/layerC/pss_scratch.thy	14205
4027	pss_scratch.y5_Trans_descend	2339198	pss_scratch	isabelle/layerC/pss_scratch.thy	14208
4028	pss_scratch.y5_take_concat_ne	2339264	pss_scratch	isabelle/layerC/pss_scratch.thy	14228
4029	pss_scratch.y5_Lng_Pred_pos	2339288	pss_scratch	isabelle/layerC/pss_scratch.thy	14252
4030	pss_scratch.y5_Lng_oper_pos	2339328	pss_scratch	isabelle/layerC/pss_scratch.thy	14266
4031	pss_scratch.y5_ST_PS_Lng_pos	2339390	pss_scratch	isabelle/layerC/pss_scratch.thy	14327
4032	pss_scratch.y5_Fdom	2339446	pss_scratch	isabelle/layerC/pss_scratch.thy	14344
4033	pss_scratch.y5_8_1_condI_OT	2339532	pss_scratch	isabelle/layerC/pss_scratch.thy	14410
4034	pss_scratch.y5_8_3_condII_OT	2339580	pss_scratch	isabelle/layerC/pss_scratch.thy	14420
4035	pss_scratch.y5_8_3_TransCondII_oper_descend	2339624	pss_scratch	isabelle/layerC/pss_scratch.thy	14432
4036	pss_scratch.y3_Br_last_head_coeff	2339648	pss_scratch	isabelle/layerC/pss_scratch.thy	14458
4037	pss_scratch.y3_LastStep_gt	2339670	pss_scratch	isabelle/layerC/pss_scratch.thy	14478
4038	pss_scratch.y3_LastStep_J1_mem	2339718	pss_scratch	isabelle/layerC/pss_scratch.thy	14486
4039	pss_scratch.y3_LastStep_set_nonempty	2339750	pss_scratch	isabelle/layerC/pss_scratch.thy	14500
4040	pss_scratch.y3_LastStep_bounded_lt_neq	2339798	pss_scratch	isabelle/layerC/pss_scratch.thy	14512
4041	pss_scratch.y3_LastStep_lt_Lng_Br	2339826	pss_scratch	isabelle/layerC/pss_scratch.thy	14526
4042	pss_scratch.y3_LastStep_lt_Lng_Br_DT	2339850	pss_scratch	isabelle/layerC/pss_scratch.thy	14550
4043	pss_scratch.y3_nextAdm_unique	2339872	pss_scratch	isabelle/layerC/pss_scratch.thy	14568
4044	pss_scratch.y3_nextAdm_ex	2339942	pss_scratch	isabelle/layerC/pss_scratch.thy	14594
4045	pss_scratch.y3_nextAdm_ex1	2339982	pss_scratch	isabelle/layerC/pss_scratch.thy	14626
4046	pss_scratch.y3_7_4_Trans_nextAdm	2340008	pss_scratch	isabelle/layerC/pss_scratch.thy	14634
4047	pss_scratch.y3_7_4_Mark_nextAdm	2340082	pss_scratch	isabelle/layerC/pss_scratch.thy	14643
4048	pss_scratch.y3g_condI_exchange1_rtps	2340144	pss_scratch	isabelle/layerC/pss_scratch.thy	14693
4049	pss_scratch.y3g_condI_descent_rtps	2340214	pss_scratch	isabelle/layerC/pss_scratch.thy	14740
4050	pss_scratch.y3g_p_8_1_Trans_fseq_condI	2340244	pss_scratch	isabelle/layerC/pss_scratch.thy	14826
4051	pss_scratch.y3h_W_seed_mono0	2340262	pss_scratch	isabelle/layerC/pss_scratch.thy	14877
4052	pss_scratch.y3h_bodyM_lt_bodyO_tight	2340284	pss_scratch	isabelle/layerC/pss_scratch.thy	14888
4053	pss_scratch.y3h_bodyO_lt_bodyM	2340316	pss_scratch	isabelle/layerC/pss_scratch.thy	14909
4054	pss_scratch.y3h_exchange_condV_nonadm	2340402	pss_scratch	isabelle/layerC/pss_scratch.thy	14926
4055	pss_scratch.y3h_M_lt_prev_condV_adm	2340460	pss_scratch	isabelle/layerC/pss_scratch.thy	14981
4056	pss_scratch.y3h_p_8_5_Trans_oper_exchange	2340588	pss_scratch	isabelle/layerC/pss_scratch.thy	15072
4057	pss_scratch.y3h_scbext_reflect	2340626	pss_scratch	isabelle/layerC/pss_scratch.thy	15157
4058	pss_scratch.y3h_core_TB_of_flat	2340650	pss_scratch	isabelle/layerC/pss_scratch.thy	15185
4059	pss_scratch.y3h_part3_of_forms	2340784	pss_scratch	isabelle/layerC/pss_scratch.thy	15206
4060	pss_scratch.y3h_part3_jm3anchor	2340870	pss_scratch	isabelle/layerC/pss_scratch.thy	15245
4061	pss_scratch.y3h_LbaseH_uncond	2340940	pss_scratch	isabelle/layerC/pss_scratch.thy	15342
4062	pss_scratch.y3h_p_8_4_oper_basic_part3_condIII	2340986	pss_scratch	isabelle/layerC/pss_scratch.thy	15354
4063	pss_scratch.y3h_p_8_4_oper_basic_part3_condIV_nonadmeq	2341044	pss_scratch	isabelle/layerC/pss_scratch.thy	15383
4064	pss_scratch.y3h_p_8_4_oper_basic_part3_condIV_admeq	2341116	pss_scratch	isabelle/layerC/pss_scratch.thy	15414
4065	pss_scratch.y3h_p_8_4_oper_basic	2341216	pss_scratch	isabelle/layerC/pss_scratch.thy	15527
4066	pss_scratch.y3s_Red_T_PS	2341260	pss_scratch	isabelle/layerC/pss_scratch.thy	15636
4067	pss_scratch.y3s_Red_funpow_T_PS	2341270	pss_scratch	isabelle/layerC/pss_scratch.thy	15645
4068	pss_scratch.y3s_Lng_funpow_Red	2341282	pss_scratch	isabelle/layerC/pss_scratch.thy	15649
4069	pss_scratch.y3s_zeroT_funpow_Red	2341294	pss_scratch	isabelle/layerC/pss_scratch.thy	15661
4070	pss_scratch.y3s_Pred_T_PS	2341308	pss_scratch	isabelle/layerC/pss_scratch.thy	15675
4071	pss_scratch.y3s_Pred_funpow_Red	2341334	pss_scratch	isabelle/layerC/pss_scratch.thy	15687
4072	pss_scratch.y3s_Pred_RT_PS	2341352	pss_scratch	isabelle/layerC/pss_scratch.thy	15703
4073	pss_scratch.y3s_RedStab_RT	2341380	pss_scratch	isabelle/layerC/pss_scratch.thy	15719
4074	pss_scratch.y3s_RedStab_nonmulti	2341400	pss_scratch	isabelle/layerC/pss_scratch.thy	15722
4075	pss_scratch.y3s_RedStab_of_Red2	2341428	pss_scratch	isabelle/layerC/pss_scratch.thy	15734
4076	pss_scratch.y3s_Trans_dom_iter	2341452	pss_scratch	isabelle/layerC/pss_scratch.thy	15738
4077	pss_scratch.y3s_Mark_dom_iter	2341460	pss_scratch	isabelle/layerC/pss_scratch.thy	15755
4078	pss_scratch.y3s_Trans_funpow_Red	2341484	pss_scratch	isabelle/layerC/pss_scratch.thy	15772
4079	pss_scratch.y3s_Mark_funpow_Red	2341566	pss_scratch	isabelle/layerC/pss_scratch.thy	15793
4080	pss_scratch.y3s_RightAnces_dom_iter	2341646	pss_scratch	isabelle/layerC/pss_scratch.thy	15814
4081	pss_scratch.y3s_RightAnces_funpow_Red	2341700	pss_scratch	isabelle/layerC/pss_scratch.thy	15831
4082	pss_scratch.y3s_7_3_Trans_zeroT_TPS	2341756	pss_scratch	isabelle/layerC/pss_scratch.thy	15858
4083	pss_scratch.y3s_7_3_Pred_Trans_descend_TPS	2341764	pss_scratch	isabelle/layerC/pss_scratch.thy	15875
4084	pss_scratch.y3s_7_4_RightAnces_RightNodes_TPS	2341772	pss_scratch	isabelle/layerC/pss_scratch.thy	15895
4085	pss_scratch.y3s_7_4_RightAnces_zeroT_TPS	2341782	pss_scratch	isabelle/layerC/pss_scratch.thy	15909
4086	pss_scratch.y3s_7_4_Mark_nextAdm_TPS_reduct	2341834	pss_scratch	isabelle/layerC/pss_scratch.thy	15931
4087	pss_scratch.y3i_transC2_branches	2341998	pss_scratch	isabelle/layerC/pss_scratch.thy	16009
4088	pss_scratch.y3i_Trans_s1_c2_b1	2342032	pss_scratch	isabelle/layerC/pss_scratch.thy	16033
4089	pss_scratch.y3i_branch_of_guard	2342050	pss_scratch	isabelle/layerC/pss_scratch.thy	16057
4090	pss_scratch.y3i_REGS	2342060	pss_scratch	isabelle/layerC/pss_scratch.thy	16085
4091	pss_scratch.y3i_REGSP	2342094	pss_scratch	isabelle/layerC/pss_scratch.thy	16098
4092	pss_scratch.y3i_L1_rightend_Trans	2342104	pss_scratch	isabelle/layerC/pss_scratch.thy	16123
4093	pss_scratch.y3i_L2_oper_props	2342154	pss_scratch	isabelle/layerC/pss_scratch.thy	16142
4094	pss_scratch.y3i_L3_Trans_scb	2342190	pss_scratch	isabelle/layerC/pss_scratch.thy	16179
4095	pss_scratch.y3i_L4_slice_scb	2342350	pss_scratch	isabelle/layerC/pss_scratch.thy	16198
4096	pss_scratch.y3i_L5_various_scb_IIIV	2342550	pss_scratch	isabelle/layerC/pss_scratch.thy	16270
4097	pss_scratch.y3i_L6_various_scb_IIIIV	2342780	pss_scratch	isabelle/layerC/pss_scratch.thy	16321
4098	pss_scratch.y3r_Red_TPS	2342812	pss_scratch	isabelle/layerC/pss_scratch.thy	16401
4099	pss_scratch.y3r_Red_nonmulti	2342828	pss_scratch	isabelle/layerC/pss_scratch.thy	16413
4100	pss_scratch.y3r_P_nonmulti	2342836	pss_scratch	isabelle/layerC/pss_scratch.thy	16428
4101	pss_scratch.y3r_nonmulti_lmin0	2342842	pss_scratch	isabelle/layerC/pss_scratch.thy	16443
4102	pss_scratch.y3r_Red_head	2342854	pss_scratch	isabelle/layerC/pss_scratch.thy	16461
4103	pss_scratch.y3r_Red_strict_min	2342868	pss_scratch	isabelle/layerC/pss_scratch.thy	16481
4104	pss_scratch.y3r_P_concat	2342886	pss_scratch	isabelle/layerC/pss_scratch.thy	16517
4105	pss_scratch.y3r_concat_lmin_diag	2342900	pss_scratch	isabelle/layerC/pss_scratch.thy	16618
4106	pss_scratch.y3r_comp_head	2342922	pss_scratch	isabelle/layerC/pss_scratch.thy	16694
4107	pss_scratch.y3r_Red_comp_diag	2342944	pss_scratch	isabelle/layerC/pss_scratch.thy	16719
4108	pss_scratch.y3r_Red_reduced_of_diag	2342954	pss_scratch	isabelle/layerC/pss_scratch.thy	16804
4109	pss_scratch.y3r_RED2	2342962	pss_scratch	isabelle/layerC/pss_scratch.thy	16879
4110	pss_scratch.y3r_Red3_eq_Red2	2342970	pss_scratch	isabelle/layerC/pss_scratch.thy	16884
4111	pss_scratch.y3r_RedStab_TPS	2342978	pss_scratch	isabelle/layerC/pss_scratch.thy	16892
4112	pss_scratch.y3r_7_3_Trans_zeroT_TPS	2342992	pss_scratch	isabelle/layerC/pss_scratch.thy	16899
4113	pss_scratch.y3r_7_3_Pred_Trans_descend_TPS	2343004	pss_scratch	isabelle/layerC/pss_scratch.thy	16904
4114	pss_scratch.y3r_7_4_RightAnces_RightNodes_TPS	2343012	pss_scratch	isabelle/layerC/pss_scratch.thy	16909
4115	pss_scratch.y3r_7_4_RightAnces_zeroT_TPS	2343022	pss_scratch	isabelle/layerC/pss_scratch.thy	16914
4116	pss_scratch.y3q_6_5_monoT_Red	2343036	pss_scratch	isabelle/layerC/pss_scratch.thy	16944
4117	pss_scratch.y3j_mn_unfold	2343080	pss_scratch	isabelle/layerC/pss_scratch.thy	17049
4118	pss_scratch.y3j_mnp1_Suc	2343092	pss_scratch	isabelle/layerC/pss_scratch.thy	17052
4119	pss_scratch.y3j_ldj_eq	2343098	pss_scratch	isabelle/layerC/pss_scratch.thy	17060
4120	pss_scratch.y3j_t3_eq	2343104	pss_scratch	isabelle/layerC/pss_scratch.thy	17063
4121	pss_scratch.y3j_t4_eq	2343114	pss_scratch	isabelle/layerC/pss_scratch.thy	17066
4122	pss_scratch.y3j_condII_tailval	2343120	pss_scratch	isabelle/layerC/pss_scratch.thy	17076
4123	pss_scratch.y3j_condII_INV	2343156	pss_scratch	isabelle/layerC/pss_scratch.thy	17089
4124	pss_scratch.y3j_condII_count	2343174	pss_scratch	isabelle/layerC/pss_scratch.thy	17177
4125	pss_scratch.y3j_condII_dM	2343266	pss_scratch	isabelle/layerC/pss_scratch.thy	17210
4126	pss_scratch.y3j_p_8_3_condII_exchange_1	2343306	pss_scratch	isabelle/layerC/pss_scratch.thy	17233
4127	pss_scratch.y3j_p_8_3_condII_exchange_2	2343320	pss_scratch	isabelle/layerC/pss_scratch.thy	17273
4128	pss_scratch.y3j_p_8_3_condII_exchange_3	2343396	pss_scratch	isabelle/layerC/pss_scratch.thy	17335
4129	pss_scratch.y3j_p_8_3_TransCondII_oper_exchange	2343414	pss_scratch	isabelle/layerC/pss_scratch.thy	17365
4130	pss_scratch.y3k_jm2_lt_Lm2	2343426	pss_scratch	isabelle/layerC/pss_scratch.thy	17436
4131	pss_scratch.y3k_d_le_last_joint	2343432	pss_scratch	isabelle/layerC/pss_scratch.thy	17477
4132	pss_scratch.y3k_MCOND_RN	2343442	pss_scratch	isabelle/layerC/pss_scratch.thy	17604
4133	pss_scratch.y3k_regS_red_of_mcond	2343448	pss_scratch	isabelle/layerC/pss_scratch.thy	17823
4134	pss_scratch.y3k_regS	2343454	pss_scratch	isabelle/layerC/pss_scratch.thy	17918
4135	pss_scratch.y3k_regSP_of_diag	2343464	pss_scratch	isabelle/layerC/pss_scratch.thy	17929
4136	pss_scratch.y3k_regSP_diag_of_lt	2343486	pss_scratch	isabelle/layerC/pss_scratch.thy	18089
4137	pss_scratch.y3k_regSP_of_lt_eqd	2343514	pss_scratch	isabelle/layerC/pss_scratch.thy	18230
4138	pss_scratch.y3k_strictlt_eqd	2343628	pss_scratch	isabelle/layerC/pss_scratch.thy	18274
4139	pss_scratch.y3k_regSP_uncond	2343674	pss_scratch	isabelle/layerC/pss_scratch.thy	18544
4140	pss_scratch.y3k_REGS	2343690	pss_scratch	isabelle/layerC/pss_scratch.thy	18558
4141	pss_scratch.y3k_REGSP	2343704	pss_scratch	isabelle/layerC/pss_scratch.thy	18569
4142	pss_scratch.y3k_L4_slice_scb	2343724	pss_scratch	isabelle/layerC/pss_scratch.thy	18590
4143	pss_scratch.y3l_nVI_of_branch	2343734	pss_scratch	isabelle/layerC/pss_scratch.thy	18674
4144	pss_scratch.y3l_op1pow_take	2343778	pss_scratch	isabelle/layerC/pss_scratch.thy	18682
4145	pss_scratch.y3l_L_eq_op1pow	2343802	pss_scratch	isabelle/layerC/pss_scratch.thy	18706
4146	pss_scratch.y3l_princN	2343814	pss_scratch	isabelle/layerC/pss_scratch.thy	18736
4147	pss_scratch.y3l_e2_eq_ub	2343820	pss_scratch	isabelle/layerC/pss_scratch.thy	18761
4148	pss_scratch.y3l_p_8_4_oper_basic_part2	2343836	pss_scratch	isabelle/layerC/pss_scratch.thy	18777
4149	pss_scratch.y3l_ltJ_of_condIII	2343854	pss_scratch	isabelle/layerC/pss_scratch.thy	18901
4150	pss_scratch.y3l_p_8_4_oper_basic_part2_condIII	2343882	pss_scratch	isabelle/layerC/pss_scratch.thy	18921
4151	pss_scratch.y3m_c2_principal	2343890	pss_scratch	isabelle/layerC/pss_scratch.thy	18965
4152	pss_scratch.y3m_N_eq_c2	2343898	pss_scratch	isabelle/layerC/pss_scratch.thy	18987
4153	pss_scratch.y3m_p_8_4_oper_basic_part2_condIV_admeq	2343924	pss_scratch	isabelle/layerC/pss_scratch.thy	19021
4154	pss_scratch.y3m_p_8_4_oper_basic_part2_full	2343936	pss_scratch	isabelle/layerC/pss_scratch.thy	19105
4155	pss_scratch.y3u_p_7_2_scb_replaceable	2343944	pss_scratch	isabelle/layerC/pss_scratch.thy	19166
4156	pss_scratch.y3t_toplevel_OT_tail_annihilate	2343988	pss_scratch	isabelle/layerC/pss_scratch.thy	19355
4157	pss_scratch.y3t_7_4_Mark_nextAdm_TPS_of_bricks	2344022	pss_scratch	isabelle/layerC/pss_scratch.thy	19413
4158	pss_scratch.y3w_le0_bounds	2344060	pss_scratch	isabelle/layerC/pss_scratch.thy	19519
4159	pss_scratch.y3w_le0_iff	2344086	pss_scratch	isabelle/layerC/pss_scratch.thy	19523
4160	pss_scratch.y3w_le0_window	2344100	pss_scratch	isabelle/layerC/pss_scratch.thy	19552
4161	pss_scratch.y3w_nonmulti_le0_from0	2344112	pss_scratch	isabelle/layerC/pss_scratch.thy	19592
4162	pss_scratch.y3w_concat_bound	2344118	pss_scratch	isabelle/layerC/pss_scratch.thy	19604
4163	pss_scratch.y3w_entry_concat	2344128	pss_scratch	isabelle/layerC/pss_scratch.thy	19619
4164	pss_scratch.y3w_maplen_eq	2344140	pss_scratch	isabelle/layerC/pss_scratch.thy	19628
4165	pss_scratch.y3w_Br_tne	2344158	pss_scratch	isabelle/layerC/pss_scratch.thy	19636
4166	pss_scratch.y3w_Br_concat	2344174	pss_scratch	isabelle/layerC/pss_scratch.thy	19644
4167	pss_scratch.y3w_entry_block	2344184	pss_scratch	isabelle/layerC/pss_scratch.thy	19649
4168	pss_scratch.y3w_block_locate	2344202	pss_scratch	isabelle/layerC/pss_scratch.thy	19674
4169	pss_scratch.y3w_block_leftmin	2344224	pss_scratch	isabelle/layerC/pss_scratch.thy	19695
4170	pss_scratch.y3w_entry_Red_block	2344232	pss_scratch	isabelle/layerC/pss_scratch.thy	19735
4171	pss_scratch.y3w_Red_le0	2344250	pss_scratch	isabelle/layerC/pss_scratch.thy	19812
4172	pss_scratch.y3w_Red2_le0	2344264	pss_scratch	isabelle/layerC/pss_scratch.thy	20289
4173	pss_scratch.y3w_Red2_leR0	2344284	pss_scratch	isabelle/layerC/pss_scratch.thy	20297
4174	pss_scratch.y3w_le0_adj	2344308	pss_scratch	isabelle/layerC/pss_scratch.thy	20310
4175	pss_scratch.y3w_nextrel1_adj	2344320	pss_scratch	isabelle/layerC/pss_scratch.thy	20334
4176	pss_scratch.y3w_nadm_local	2344326	pss_scratch	isabelle/layerC/pss_scratch.thy	20362
4177	pss_scratch.y3w_adm_0	2344332	pss_scratch	isabelle/layerC/pss_scratch.thy	20380
4178	pss_scratch.y3w_7_4_Mark_nextAdm_TPS_of_adm	2344348	pss_scratch	isabelle/layerC/pss_scratch.thy	20386
4179	pss_scratch.y3x_adm_last	2344358	pss_scratch	isabelle/layerC/pss_scratch.thy	20463
4180	pss_scratch.y3x_TrMax_le_of_adm	2344364	pss_scratch	isabelle/layerC/pss_scratch.thy	20472
4181	pss_scratch.y3x_entry_NJ_hi	2344380	pss_scratch	isabelle/layerC/pss_scratch.thy	20488
4182	pss_scratch.y3x_entry_Red_block	2344394	pss_scratch	isabelle/layerC/pss_scratch.thy	20497
4183	pss_scratch.y3x_npJ_parent	2344404	pss_scratch	isabelle/layerC/pss_scratch.thy	20556
4184	pss_scratch.cexM_Lng	2344464	pss_scratch	isabelle/layerC/pss_scratch.thy	20619
4185	pss_scratch.cexM_TPS	2344474	pss_scratch	isabelle/layerC/pss_scratch.thy	20621
4186	pss_scratch.cexM_row0	2344494	pss_scratch	isabelle/layerC/pss_scratch.thy	20623
4187	pss_scratch.cexM_row1	2344526	pss_scratch	isabelle/layerC/pss_scratch.thy	20630
4188	pss_scratch.cexM_le0I	2344554	pss_scratch	isabelle/layerC/pss_scratch.thy	20637
4189	pss_scratch.cexM_le0D	2344570	pss_scratch	isabelle/layerC/pss_scratch.thy	20651
4190	pss_scratch.cexM_nx1	2344612	pss_scratch	isabelle/layerC/pss_scratch.thy	20654
4191	pss_scratch.cexM_monoT	2344632	pss_scratch	isabelle/layerC/pss_scratch.thy	20662
4192	pss_scratch.cexM_nmulti	2344642	pss_scratch	isabelle/layerC/pss_scratch.thy	20668
4193	pss_scratch.cexM_nzero	2344660	pss_scratch	isabelle/layerC/pss_scratch.thy	20669
4194	pss_scratch.cexM_PT	2344674	pss_scratch	isabelle/layerC/pss_scratch.thy	20670
4195	pss_scratch.cexM_TrMax	2344694	pss_scratch	isabelle/layerC/pss_scratch.thy	20674
4196	pss_scratch.cexM_tail_monoT	2344718	pss_scratch	isabelle/layerC/pss_scratch.thy	20686
4197	pss_scratch.cexM_Br	2344738	pss_scratch	isabelle/layerC/pss_scratch.thy	20707
4198	pss_scratch.cexM_LngBr	2344758	pss_scratch	isabelle/layerC/pss_scratch.thy	20722
4199	pss_scratch.cexM_FirstNodes	2344776	pss_scratch	isabelle/layerC/pss_scratch.thy	20724
4200	pss_scratch.cexM_nx0_2	2344812	pss_scratch	isabelle/layerC/pss_scratch.thy	20732
4201	pss_scratch.cexM_Joints	2344830	pss_scratch	isabelle/layerC/pss_scratch.thy	20749
4202	pss_scratch.cexM_nx1_2	2344866	pss_scratch	isabelle/layerC/pss_scratch.thy	20759
4203	pss_scratch.cexM_npJ	2344882	pss_scratch	isabelle/layerC/pss_scratch.thy	20784
4204	pss_scratch.cexM_NJ	2344914	pss_scratch	isabelle/layerC/pss_scratch.thy	20795
4205	pss_scratch.cexM_redA	2344948	pss_scratch	isabelle/layerC/pss_scratch.thy	20803
4206	pss_scratch.cexM_redNJ	2345002	pss_scratch	isabelle/layerC/pss_scratch.thy	20859
4207	pss_scratch.cexM_Red	2345046	pss_scratch	isabelle/layerC/pss_scratch.thy	20931
4208	pss_scratch.cexM_Red2	2345068	pss_scratch	isabelle/layerC/pss_scratch.thy	20953
4209	pss_scratch.cexM_adm3	2345084	pss_scratch	isabelle/layerC/pss_scratch.thy	20964
4210	pss_scratch.cexM_marked3	2345104	pss_scratch	isabelle/layerC/pss_scratch.thy	20971
4211	pss_scratch.cexM_anc3	2345126	pss_scratch	isabelle/layerC/pss_scratch.thy	20977
4212	pss_scratch.cexM_Red2_nadm3	2345150	pss_scratch	isabelle/layerC/pss_scratch.thy	20983
4213	pss_scratch.y3z_C4_false	2345158	pss_scratch	isabelle/layerC/pss_scratch.thy	20994
4214	pss_scratch.cexM_adm	2345174	pss_scratch	isabelle/layerC/pss_scratch.thy	21002
4215	pss_scratch.cexM_nextAdm3	2345190	pss_scratch	isabelle/layerC/pss_scratch.thy	21026
4216	pss_scratch.cexM_nextAdm_only3	2345210	pss_scratch	isabelle/layerC/pss_scratch.thy	21045
4217	pss_scratch.cexM_nextAdm_ex1	2345228	pss_scratch	isabelle/layerC/pss_scratch.thy	21060
4218	pss_scratch.cexM_nextAdm_unique	2345250	pss_scratch	isabelle/layerC/pss_scratch.thy	21063
4219	pss_scratch.y3z_brickA_false	2345318	pss_scratch	isabelle/layerC/pss_scratch.thy	21066
4220	pss_scratch.y3y_Mark_princ_aux	2345508	pss_scratch	isabelle/layerC/pss_scratch.thy	21137
4221	pss_scratch.y3y_Mark_princ	2345540	pss_scratch	isabelle/layerC/pss_scratch.thy	21407
4222	pss_scratch.y3y_Mark_isPTB	2345562	pss_scratch	isabelle/layerC/pss_scratch.thy	21413
4223	pss_scratch.y4a_Mark_self_decomp	2345586	pss_scratch	isabelle/layerC/pss_scratch.thy	21460
4224	pss_scratch.y4a_MarkedB_self	2345614	pss_scratch	isabelle/layerC/pss_scratch.thy	21465
4225	pss_scratch.y4b_Mark_nest_free_aux	2345774	pss_scratch	isabelle/layerC/pss_scratch.thy	21493
4226	pss_scratch.y4b_Mark_nest_free	2345824	pss_scratch	isabelle/layerC/pss_scratch.thy	21941
4227	pss_scratch.y4c_Mark_nest_free_ex1	2345884	pss_scratch	isabelle/layerC/pss_scratch.thy	21955
4228	pss_scratch.y4d_Mark_nest_Pred_aux	2346098	pss_scratch	isabelle/layerC/pss_scratch.thy	22029
4229	pss_scratch.y4d_Mark_nest_Pred_joint	2346226	pss_scratch	isabelle/layerC/pss_scratch.thy	22417
4230	pss_scratch.y4e_Mark_nest_relaxed	2346258	pss_scratch	isabelle/layerC/pss_scratch.thy	22458
4231	pss_scratch.y4e_Mark_nest_relaxed_Pred	2346330	pss_scratch	isabelle/layerC/pss_scratch.thy	22464
4232	pss_scratch.y4f_surg_guard_of_jm1	2346372	pss_scratch	isabelle/layerC/pss_scratch.thy	22532
4233	pss_scratch.y4f_Mark_nest_Pred_joint_sharp_aux	2346510	pss_scratch	isabelle/layerC/pss_scratch.thy	22544
4234	pss_scratch.y4f_Mark_nest_Pred_joint_sharp	2346596	pss_scratch	isabelle/layerC/pss_scratch.thy	22796
4235	pss_scratch.y6_scb_self_unique	2346668	pss_scratch	isabelle/layerC/pss_scratch.thy	22883
4236	pss_scratch.y6_scb_self	2346700	pss_scratch	isabelle/layerC/pss_scratch.thy	22895
4237	pss_scratch.y6_Mark_selfnest_RT	2346816	pss_scratch	isabelle/layerC/pss_scratch.thy	22908
4238	pss_scratch.y6_Mark_selfnest_TPS	2347042	pss_scratch	isabelle/layerC/pss_scratch.thy	22940
4239	pss_scratch.y6_7_4_Mark_nextAdm_TPS	2347282	pss_scratch	isabelle/layerC/pss_scratch.thy	22982
4240	pss_scratch.y6z_no_common_position	2347328	pss_scratch	isabelle/layerC/pss_scratch.thy	23086
4241	pss_scratch.y6z_nest_false_at	2347346	pss_scratch	isabelle/layerC/pss_scratch.thy	23106
4242	pss_scratch.y6x_Trans_t1z	2347368	pss_scratch	isabelle/layerC/pss_scratch.thy	23208
4243	pss_scratch.y6x_Mark_t1z	2347382	pss_scratch	isabelle/layerC/pss_scratch.thy	23219
4244	pss_scratch.y6x_Mark_ge	2347390	pss_scratch	isabelle/layerC/pss_scratch.thy	23231
4245	pss_scratch.y6x_Mark_surg	2347438	pss_scratch	isabelle/layerC/pss_scratch.thy	23243
4246	pss_scratch.y6x_Trans_surg	2347454	pss_scratch	isabelle/layerC/pss_scratch.thy	23301
4247	pss_scratch.y6x_SOME_scb	2347470	pss_scratch	isabelle/layerC/pss_scratch.thy	23360
4248	pss_scratch.y6x_scb_I	2347488	pss_scratch	isabelle/layerC/pss_scratch.thy	23372
4249	pss_scratch.y6x_MarkedB_I	2347510	pss_scratch	isabelle/layerC/pss_scratch.thy	23379
4250	pss_scratch.y6x_MarkedB_len	2347520	pss_scratch	isabelle/layerC/pss_scratch.thy	23387
4251	pss_scratch.y6x_not_MarkedB	2347528	pss_scratch	isabelle/layerC/pss_scratch.thy	23396
4252	pss_scratch.y6x_Adm_pred	2347536	pss_scratch	isabelle/layerC/pss_scratch.thy	23402
4253	pss_scratch.y6x_Adm_self	2347542	pss_scratch	isabelle/layerC/pss_scratch.thy	23414
4254	pss_scratch.y6x_scb_right	2347548	pss_scratch	isabelle/layerC/pss_scratch.thy	23419
4255	pss_scratch.y6x_scb_self	2347554	pss_scratch	isabelle/layerC/pss_scratch.thy	23436
4256	pss_scratch.y6_Lng	2347634	pss_scratch	isabelle/layerC/pss_scratch.thy	23459
4257	pss_scratch.y6_TPS	2347652	pss_scratch	isabelle/layerC/pss_scratch.thy	23464
4258	pss_scratch.y6_Pred	2347670	pss_scratch	isabelle/layerC/pss_scratch.thy	23469
4259	pss_scratch.y6_L	2347684	pss_scratch	isabelle/layerC/pss_scratch.thy	23474
4260	pss_scratch.y6B2_le0	2347698	pss_scratch	isabelle/layerC/pss_scratch.thy	23481
4261	pss_scratch.y6B3_le0	2347704	pss_scratch	isabelle/layerC/pss_scratch.thy	23492
4262	pss_scratch.y6B4_le0	2347710	pss_scratch	isabelle/layerC/pss_scratch.thy	23503
4263	pss_scratch.y6B5_le0	2347720	pss_scratch	isabelle/layerC/pss_scratch.thy	23514
4264	pss_scratch.y6B6_le0	2347754	pss_scratch	isabelle/layerC/pss_scratch.thy	23525
4265	pss_scratch.y6_monoT	2347824	pss_scratch	isabelle/layerC/pss_scratch.thy	23536
4266	pss_scratch.y6B3_par	2347888	pss_scratch	isabelle/layerC/pss_scratch.thy	23543
4267	pss_scratch.y6B4_par	2347916	pss_scratch	isabelle/layerC/pss_scratch.thy	23572
4268	pss_scratch.y6B5_par	2347968	pss_scratch	isabelle/layerC/pss_scratch.thy	23597
4269	pss_scratch.y6B6_par	2348026	pss_scratch	isabelle/layerC/pss_scratch.thy	23622
4270	pss_scratch.y6B3_jp	2348086	pss_scratch	isabelle/layerC/pss_scratch.thy	23671
4271	pss_scratch.y6B4_jp	2348144	pss_scratch	isabelle/layerC/pss_scratch.thy	23672
4272	pss_scratch.y6B5_jp	2348200	pss_scratch	isabelle/layerC/pss_scratch.thy	23673
4273	pss_scratch.y6B6_jp	2348208	pss_scratch	isabelle/layerC/pss_scratch.thy	23674
4274	pss_scratch.y6B4_adm2	2348304	pss_scratch	isabelle/layerC/pss_scratch.thy	23680
4275	pss_scratch.y6B5_adm2	2348414	pss_scratch	isabelle/layerC/pss_scratch.thy	23687
4276	pss_scratch.y6B5_nadm3	2348596	pss_scratch	isabelle/layerC/pss_scratch.thy	23694
4277	pss_scratch.y6B6_adm2	2348634	pss_scratch	isabelle/layerC/pss_scratch.thy	23701
4278	pss_scratch.y6B6_nadm3	2348680	pss_scratch	isabelle/layerC/pss_scratch.thy	23708
4279	pss_scratch.y6B5_Adm3	2348712	pss_scratch	isabelle/layerC/pss_scratch.thy	23715
4280	pss_scratch.y6B6_Adm3	2348774	pss_scratch	isabelle/layerC/pss_scratch.thy	23722
4281	pss_scratch.y6B4_Adm2	2348880	pss_scratch	isabelle/layerC/pss_scratch.thy	23729
4282	pss_scratch.y6B3_Adm0	2348954	pss_scratch	isabelle/layerC/pss_scratch.thy	23730
4283	pss_scratch.y6M_le0_05	2349064	pss_scratch	isabelle/layerC/pss_scratch.thy	23735
4284	pss_scratch.y6M_le0_03	2349092	pss_scratch	isabelle/layerC/pss_scratch.thy	23746
4285	pss_scratch.y6M_le0_35	2349124	pss_scratch	isabelle/layerC/pss_scratch.thy	23757
4286	pss_scratch.y6M_le0_02	2349150	pss_scratch	isabelle/layerC/pss_scratch.thy	23768
4287	pss_scratch.y6M_nle0_45	2349186	pss_scratch	isabelle/layerC/pss_scratch.thy	23779
4288	pss_scratch.y6M_nle0_12	2349222	pss_scratch	isabelle/layerC/pss_scratch.thy	23788
4289	pss_scratch.y6M_monoT	2349284	pss_scratch	isabelle/layerC/pss_scratch.thy	23797
4290	pss_scratch.y6M_nmulti	2349366	pss_scratch	isabelle/layerC/pss_scratch.thy	23800
4291	pss_scratch.y6M_nzero	2349414	pss_scratch	isabelle/layerC/pss_scratch.thy	23801
4292	pss_scratch.y6M_adm	2349504	pss_scratch	isabelle/layerC/pss_scratch.thy	23806
4293	pss_scratch.y6M_adm3	2349574	pss_scratch	isabelle/layerC/pss_scratch.thy	23838
4294	pss_scratch.y6M_TrMax	2349640	pss_scratch	isabelle/layerC/pss_scratch.thy	23840
4295	pss_scratch.y6M_seg25	2349704	pss_scratch	isabelle/layerC/pss_scratch.thy	23853
4296	pss_scratch.y6M_branch_monoT	2349746	pss_scratch	isabelle/layerC/pss_scratch.thy	23856
4297	pss_scratch.y6M_Br	2349798	pss_scratch	isabelle/layerC/pss_scratch.thy	23874
4298	pss_scratch.y6M_LngBr	2349826	pss_scratch	isabelle/layerC/pss_scratch.thy	23891
4299	pss_scratch.y6M_FirstNodes	2349844	pss_scratch	isabelle/layerC/pss_scratch.thy	23893
4300	pss_scratch.y6M_nx0_2	2349880	pss_scratch	isabelle/layerC/pss_scratch.thy	23901
4301	pss_scratch.y6M_Joints	2349906	pss_scratch	isabelle/layerC/pss_scratch.thy	23923
4302	pss_scratch.y6M_nx1_2	2349920	pss_scratch	isabelle/layerC/pss_scratch.thy	23933
4303	pss_scratch.y6M_npJ	2349940	pss_scratch	isabelle/layerC/pss_scratch.thy	23956
4304	pss_scratch.y6M_NJ	2349954	pss_scratch	isabelle/layerC/pss_scratch.thy	23967
4305	pss_scratch.y6_redNarg	2350130	pss_scratch	isabelle/layerC/pss_scratch.thy	23973
4306	pss_scratch.y6_redNJ	2350316	pss_scratch	isabelle/layerC/pss_scratch.thy	24192
4307	pss_scratch.y6M_Red	2350390	pss_scratch	isabelle/layerC/pss_scratch.thy	24258
4308	pss_scratch.y6B6_RT	2350436	pss_scratch	isabelle/layerC/pss_scratch.thy	24276
4309	pss_scratch.y6B5_RT	2350476	pss_scratch	isabelle/layerC/pss_scratch.thy	24285
4310	pss_scratch.y6B4_RT	2350504	pss_scratch	isabelle/layerC/pss_scratch.thy	24286
4311	pss_scratch.y6B3_RT	2350542	pss_scratch	isabelle/layerC/pss_scratch.thy	24287
4312	pss_scratch.y6B2_RT	2350580	pss_scratch	isabelle/layerC/pss_scratch.thy	24288
4313	pss_scratch.y6_Trans_B1	2350644	pss_scratch	isabelle/layerC/pss_scratch.thy	24293
4314	pss_scratch.y6_Trans_B2	2350690	pss_scratch	isabelle/layerC/pss_scratch.thy	24296
4315	pss_scratch.y6_Mark_B2	2350756	pss_scratch	isabelle/layerC/pss_scratch.thy	24304
4316	pss_scratch.y6_Mark_B2_0	2350810	pss_scratch	isabelle/layerC/pss_scratch.thy	24314
4317	pss_scratch.y6B3_c1	2350874	pss_scratch	isabelle/layerC/pss_scratch.thy	24319
4318	pss_scratch.y6B3_condV	2350904	pss_scratch	isabelle/layerC/pss_scratch.thy	24329
4319	pss_scratch.y6B3_c2	2350974	pss_scratch	isabelle/layerC/pss_scratch.thy	24332
4320	pss_scratch.y6_Trans_B3	2351052	pss_scratch	isabelle/layerC/pss_scratch.thy	24342
4321	pss_scratch.y6_Mark_B3_0	2351142	pss_scratch	isabelle/layerC/pss_scratch.thy	24360
4322	pss_scratch.y6_Mark_B3_2	2351186	pss_scratch	isabelle/layerC/pss_scratch.thy	24382
4323	pss_scratch.y6B4_c1	2351228	pss_scratch	isabelle/layerC/pss_scratch.thy	24393
4324	pss_scratch.y6B4_conds	2351274	pss_scratch	isabelle/layerC/pss_scratch.thy	24403
4325	pss_scratch.y6B4_c2	2351348	pss_scratch	isabelle/layerC/pss_scratch.thy	24408
4326	pss_scratch.y6_Trans_B4	2351464	pss_scratch	isabelle/layerC/pss_scratch.thy	24418
4327	pss_scratch.y6_Mark_B4_0	2351598	pss_scratch	isabelle/layerC/pss_scratch.thy	24446
4328	pss_scratch.y6_Mark_B4_2	2351720	pss_scratch	isabelle/layerC/pss_scratch.thy	24477
4329	pss_scratch.y6_Mark_B4_3	2351782	pss_scratch	isabelle/layerC/pss_scratch.thy	24499
4330	pss_scratch.y6B5_c1	2351838	pss_scratch	isabelle/layerC/pss_scratch.thy	24513
4331	pss_scratch.y6B5_conds	2351916	pss_scratch	isabelle/layerC/pss_scratch.thy	24523
4332	pss_scratch.y6B5_c2	2352034	pss_scratch	isabelle/layerC/pss_scratch.thy	24528
4333	pss_scratch.y6_Trans_B5	2352190	pss_scratch	isabelle/layerC/pss_scratch.thy	24538
4334	pss_scratch.y6_Mark_B5_0	2352270	pss_scratch	isabelle/layerC/pss_scratch.thy	24567
4335	pss_scratch.y6_Mark_B5_2	2352322	pss_scratch	isabelle/layerC/pss_scratch.thy	24599
4336	pss_scratch.y6_Mark_B5_3	2352364	pss_scratch	isabelle/layerC/pss_scratch.thy	24622
4337	pss_scratch.y6B6_c1	2352434	pss_scratch	isabelle/layerC/pss_scratch.thy	24642
4338	pss_scratch.y6B6_condV	2352462	pss_scratch	isabelle/layerC/pss_scratch.thy	24652
4339	pss_scratch.y6B6_c2	2352512	pss_scratch	isabelle/layerC/pss_scratch.thy	24655
4340	pss_scratch.y6_Mark_B6_3	2352542	pss_scratch	isabelle/layerC/pss_scratch.thy	24665
4341	pss_scratch.y6_Mark_B6_0	2352608	pss_scratch	isabelle/layerC/pss_scratch.thy	24680
4342	pss_scratch.y6M_Red2	2352648	pss_scratch	isabelle/layerC/pss_scratch.thy	24717
4343	pss_scratch.y6M_Mark	2352700	pss_scratch	isabelle/layerC/pss_scratch.thy	24725
4344	pss_scratch.y6M_Pred_Mark	2352736	pss_scratch	isabelle/layerC/pss_scratch.thy	24731
4345	pss_scratch.y6M_nextAdm3	2352782	pss_scratch	isabelle/layerC/pss_scratch.thy	24743
4346	pss_scratch.y6M_nextAdm_only3	2352820	pss_scratch	isabelle/layerC/pss_scratch.thy	24760
4347	pss_scratch.y6M_nextAdm_ex1	2352868	pss_scratch	isabelle/layerC/pss_scratch.thy	24786
4348	pss_scratch.y6M_nextAdm_THE	2352924	pss_scratch	isabelle/layerC/pss_scratch.thy	24789
4349	pss_scratch.y6M_marked0	2352972	pss_scratch	isabelle/layerC/pss_scratch.thy	24792
4350	pss_scratch.y6M_leR_0_3	2353040	pss_scratch	isabelle/layerC/pss_scratch.thy	24798
4351	pss_scratch.y6M_cores_coincide	2353132	pss_scratch	isabelle/layerC/pss_scratch.thy	24804
4352	pss_scratch.y6M_marks_differ	2353208	pss_scratch	isabelle/layerC/pss_scratch.thy	24807
4353	pss_scratch.y6z_7_4_Mark_nextAdm_TPS_false	2353666	pss_scratch	isabelle/layerC/pss_scratch.thy	24810
